{
	"dataset": {
		"dataset.id": 176074,
		"dataset.name": "01_sou_035215_176074_wear_02top_01blouse_woman",
		"dataset.image_path": "./008.의류 통합 데이터(3-1)/원천데이터/상품/상의/blouse/01_sou_035215_176074_wear_02top_01blouse_woman.jpg",
		"dataset.label_path": "./008.의류 통합 데이터(3-1)/라벨링데이터/상품/상의/blouse/01_sou_035215_176074_wear_02top_01blouse_woman.json",
		"dataset.category": 5,
		"dataset.type": 1,
		"dataset.width": 2268,
		"dataset.height": 4032,
		"dataset.file_size": 1070949
	},
	"annotation": [
		{
			"annotation_type": "Polygon",
			"annotation_id": 31,
			"annotation_point_count": 80.0,
			"annotation_point": [
				961.0,
				1671.0,
				942.0,
				1766.0,
				939.0,
				1896.0,
				899.0,
				2172.0,
				883.0,
				2361.0,
				886.0,
				2415.0,
				892.2000000000007,
				2457.2000000000007,
				899.0,
				2555.0,
				909.1000000000022,
				2571.7999999999993,
				946.0,
				2573.0,
				1027.380859375,
				2590.326171875,
				1161.9374052415005,
				2605.488412388997,
				1307.8654970760253,
				2586.536712150748,
				1448.1080788390755,
				2571.3753519601487,
				1512.5438596491222,
				2558.1091617933744,
				1544.7617500541492,
				2541.0526315789466,
				1603.5120207927248,
				2535.367121507472,
				1620.568551007149,
				2266.2529781243247,
				1597.82651072125,
				1970.6064544076253,
				1573.189453125,
				1805.7265625,
				1550.4472601256239,
				1627.5806800952996,
				1540.9714100064994,
				1479.75741823695,
				1524.0755402961477,
				1390.867095575617,
				1522.2476371095872,
				1384.24094652434,
				1520.7243844541226,
				1378.6810743318856,
				1520.0389207591616,
				1373.197364772208,
				1518.2110175726011,
				1367.3328420486614,
				1516.0023012221754,
				1362.153783020076,
				1513.4127717078845,
				1357.0508866242635,
				1510.4424290297247,
				1352.252640759547,
				1508.6145258431643,
				1347.1497443637345,
				1503.8924426112208,
				1343.4939379906136,
				1499.0941967465005,
				1340.5235953124538,
				1494.2959508817803,
				1337.2486021032018,
				1490.2593313447942,
				1333.1358199334427,
				1486.603524971677,
				1328.4137367014991,
				1482.1860922708256,
				1324.7579303283783,
				1477.3878464061054,
				1321.4067744863532,
				1472.6657631741582,
				1318.8172449720587,
				1467.4867041455727,
				1315.923064926672,
				1462.002994585895,
				1313.333535412381,
				1456.4431223934444,
				1311.8864453896895,
				1451.340225997632,
				1309.6777290392602,
				1445.8565164379506,
				1307.8498258527034,
				1439.6111805505388,
				1306.021922666143,
				1434.4321215219534,
				1304.4986700106747,
				1430.470703125,
				1303.5078125,
				1391.2529781243247,
				1362.2568767598023,
				1372.3012778860757,
				1392.5795971410007,
				1357.1399176954728,
				1419.111977474553,
				1326.8171973142744,
				1421.007147498378,
				1292.7041368854225,
				1411.5312973792497,
				1264.276586528049,
				1384.998917045701,
				1207.4214858132982,
				1330.0389863547753,
				1175.2035954082749,
				1297.821095949752,
				1150.566385098551,
				1280.7645657353278,
				1137.3001949317731,
				1275.079055663853,
				1112.873046875,
				1266.951171875,
				1102.2107173647455,
				1267.712118381165,
				1090.7863224487483,
				1268.4737447088955,
				1079.361927532751,
				1271.5202500198284,
				1067.9375326167537,
				1273.0435026752966,
				1056.5131377007565,
				1275.3283816584953,
				1044.327116457025,
				1279.8981396248964,
				1033.664347868762,
				1285.229523919028,
				1025.2864582636976,
				1293.6074135240924,
				1014.6236896754308,
				1301.2236768014227,
				1004.7225474149018,
				1308.0783137510225,
				994.0597788266386,
				1313.409698045154,
				983.3970102383719,
				1318.7410823392856,
				972.7342416501087,
				1323.3108403056867,
				962.8330993895761,
				1330.165477255283,
				955.9784624399799,
				1340.0666195158155,
				952.170330801313,
				1351.4910144318128,
				951.4087044735788,
				1362.91540934781,
				952.170330801313,
				1374.3398042638073,
				955.2168361122458,
				1386.5258255075387,
				956.7400887677104,
				1397.950220423536,
				959.0249677509128,
				1410.1362416672673,
				964.3563520450443,
				1462.6884582808561
			]
		}
	],
	"metadata.model": {
		"metadata.model.gender": "FEMALE",
		"metadata.model.age": "20대",
		"metadata.model.job": "university student/graduate student",
		"metadata.model.type": "wear",
		"metadata.model.usually_size": "M",
		"metadata.model.body_height": "167",
		"metadata.model.waist_height": "93",
		"metadata.model.chest_size_male": "null",
		"metadata.model.breast_size_female": "86.0",
		"metadata.model.waist_size": "66",
		"metadata.model.hip_seize": "99",
		"metadata.model.back_length": "42",
		"metadata.model.shoulders_width": "43",
		"metadata.model.arm_length": "52",
		"metadata.model.weight": "57"
	},
	"metadata.clothes": {
		"metadata.clothes.type": "02top_01blouse",
		"metadata.clothes.season": "summer",
		"metadata.clothes.fiber_composition": "Cotton",
		"metadata.clothes.elasticity": "contain little",
		"metadata.clothes.transparency": "contain",
		"metadata.clothes.isfleece": "fleece_none",
		"metadata.clothes.color": "Black,Red,Yellow",
		"metadata.clothes.washing_method": "none",
		"metadata.clothes.bleach": "none",
		"metadata.clothes.ironing": "none",
		"metadata.clothes.drycleaning": "none",
		"metadata.clothes.wringing": "none",
		"metadata.clothes.drying": "none",
		"metadata.clothes.top_length_type": "long",
		"metadata.clothes.sleeve_length_type": "sleeveless",
		"metadata.clothes.topneck_color_design": "boat neck",
		"metadata.clothes.topsleeve_design": "null",
		"metadata.clothes.pants_silhouette": "null",
		"metadata.clothes.skirt_design": "null",
		"metadata.top.front_length": "67.0",
		"metadata.top.chest_size": "94.0",
		"metadata.top.waist_size": "96.0",
		"metadata.top.hem_size": "100.0",
		"metadata.top.shoulder_width": "41.0",
		"metadata.top.sleeve_length": "0.0",
		"metadata.top.sleeve_cuff_size": "0.0",
		"metadata.pants.pants_length": "null",
		"metadata.pants.waist_size": "null",
		"metadata.pants.hip_size": "null",
		"metadata.pants.front_rise_length": "null",
		"metadata.pants.back_rise_length": "null",
		"metadata.pants.inner_seam_length": "null",
		"metadata.pants.pants_waist_size": "null",
		"metadata.skirt.length": "null",
		"metadata.skirt.waist_size": "null",
		"metadata.skirt.hip_size": "null",
		"metadata.skirt.hem_size": "null",
		"metadata.dress.front_length": "null",
		"metadata.dress.chest_size": "null",
		"metadata.dress.waist_size": "null",
		"metadata.dress.hip_size": "null",
		"metadata.dress.hem_size": "null",
		"metadata.dress.shoulder_width": "null",
		"metadata.dress.sleeve_length": "null",
		"metadata.dress.cuff_size": "null",
		"metadata.jumpsuit.front_length": "null",
		"metadata.jumpsuit.inner_seam_length": "null",
		"metadata.jumpsuit.chest_size": "null",
		"metadata.jumpsuit.waist_size": "null",
		"metadata.jumpsuit.hip_size": "null",
		"metadata.jumpsuit.shoulder_width": "null",
		"metadata.jumpsuit.sleeve_length": "null",
		"metadata.jumpsuit.cuffs_size": "null",
		"metadata.jumpsuit.front_rise_length": "null",
		"metadata.jumpsuit.back_rise_length": "null",
		"metadata.jumpsuit.pants_waist_size": "null"
	}
}