{
	"dataset": {
		"dataset.id": 36415,
		"dataset.name": "01_sou_007283_036415_wear_02top_01blouse_woman",
		"dataset.image_path": "./008.의류 통합 데이터(3-1)/원천데이터/상품/상의/blouse/01_sou_007283_036415_wear_02top_01blouse_woman.jpg",
		"dataset.label_path": "./008.의류 통합 데이터(3-1)/라벨링데이터/상품/상의/blouse/01_sou_007283_036415_wear_02top_01blouse_woman.json",
		"dataset.category": 5,
		"dataset.type": 1,
		"dataset.width": 810,
		"dataset.height": 1080,
		"dataset.file_size": 66598
	},
	"annotation": [
		{
			"annotation_type": "Polygon",
			"annotation_id": 166,
			"annotation_point_count": 98.0,
			"annotation_point": [
				478.0,
				282.0,
				460.3996101364555,
				284.2300194931795,
				462.22709551657135,
				289.71247563353063,
				461.0087719298281,
				294.5857699805092,
				462.8362573099439,
				307.98732943469986,
				458.57212475633787,
				318.9522417154021,
				447.6072124756356,
				331.1354775828495,
				446.9980506822649,
				327.4805068226142,
				443.3430799220296,
				326.2621832358709,
				439.6881091617961,
				317.1247563352863,
				442.1247563352863,
				310.42397660819006,
				440.90625,
				296.4130859375,
				421.0,
				308.0,
				432.0,
				317.0,
				433.0,
				323.0,
				428.7890625,
				327.892578125,
				424.86586878364324,
				332.991948361052,
				419.3738325500126,
				336.91483138507465,
				413.88179631638195,
				338.8762728970851,
				407.9974717803507,
				340.8377144090955,
				405.25145366353536,
				343.97602082831327,
				402.1131472443176,
				349.86034536434636,
				399.7594174299047,
				352.21407517875923,
				395.83653440588205,
				355.352381597977,
				393.8750928938716,
				361.2367061340101,
				392.30593968426183,
				369.8670487868585,
				387.99076835783853,
				380.85112125411797,
				384.8525390625,
				390.265625,
				351.96875,
				460.88671875,
				337.9580896686184,
				485.2534113060465,
				322.7290448343101,
				504.7465886939608,
				323.9473684210552,
				509.61988304093757,
				341.6130604288519,
				517.5389863547789,
				356.23294346978764,
				525.4580896686202,
				362.3245614035113,
				528.5038986354812,
				374.5077972709587,
				510.22904483431194,
				386.0818713450317,
				481.5984405458112,
				393.39181286550047,
				469.4152046783656,
				397.0,
				477.0,
				400.0,
				568.0,
				405.0,
				590.0,
				400.90000000000146,
				643.3000000000011,
				411.10000000000036,
				644.9000000000015,
				411.5280665019691,
				640.1536891419637,
				417.0201027355997,
				639.3691125371588,
				422.9044272716328,
				638.9768242347564,
				429.18104011006835,
				638.9768242347564,
				435.8499412509045,
				638.9768242347564,
				441.7342657869376,
				638.1922476299533,
				448.01087862537315,
				638.1922476299533,
				454.2874914638087,
				637.7999593275508,
				461.3486809070473,
				637.7999593275508,
				467.2330054430804,
				637.7999593275508,
				473.1173299791135,
				638.9768242347564,
				479.00165451514476,
				640.1536891419637,
				494.5126705653056,
				639.980506822616,
				506.69590643275296,
				638.7621832358709,
				533.921875,
				638.9765625,
				539.0217647826794,
				639.7614008395612,
				545.2983776211149,
				639.3691125371588,
				551.9672787619529,
				638.9768242347564,
				557.4593149955817,
				638.9768242347564,
				564.1282161364197,
				638.5845359323539,
				570.4048289748553,
				638.5845359323539,
				577.0737301156914,
				638.5845359323539,
				583.3000000000011,
				637.4000000000015,
				582.1734780469196,
				625.2467336506797,
				581.8000000000011,
				609.2000000000007,
				580.6000000000004,
				586.8000000000011,
				570.7000000000007,
				526.2999999999993,
				560.7000000000007,
				409.2000000000007,
				565.0,
				413.0,
				591.0,
				446.0,
				613.298828125,
				489.517578125,
				623.6549707602353,
				491.34502923976834,
				632.79296875,
				486.4716796875,
				624.2641325536097,
				477.9434697855777,
				632.7923976608217,
				471.851851851854,
				649.2397660818751,
				461.4961013645261,
				660.2046783625774,
				458.45029239766336,
				652.8947368421068,
				445.65789473684526,
				630.9649122807059,
				411.5448343079952,
				609.0350877193014,
				387.7875243664748,
				605.3801169590661,
				375.60428849902746,
				591.5883973045729,
				348.29119215473656,
				584.1349195589319,
				335.34567817546485,
				577.8583067204963,
				321.61558759138825,
				571.5816938820608,
				309.45465021692144,
				565.6973693460277,
				299.6474426568657,
				559.420756507594,
				293.37082981843196,
				555.8901617859738,
				290.2325233992142,
				546.8675308307229,
				286.70192867759397,
				540.1986296898867,
				285.9173520727891,
				531.9605753394408,
				286.70192867759397,
				526.8603515625,
				287.87890625,
				511.5692007797297,
				289.71247563353063,
				500.60428849902746,
				279.3567251462009,
				494.5126953125,
				274.4833984375
			]
		}
	],
	"metadata.model": {
		"metadata.model.gender": "FEMALE",
		"metadata.model.age": "50대 이상",
		"metadata.model.job": "homemaker",
		"metadata.model.type": "wear",
		"metadata.model.usually_size": "M",
		"metadata.model.body_height": "150",
		"metadata.model.waist_height": "90",
		"metadata.model.chest_size_male": "null",
		"metadata.model.breast_size_female": "87.0",
		"metadata.model.waist_size": "72",
		"metadata.model.hip_seize": "87",
		"metadata.model.back_length": "36",
		"metadata.model.shoulders_width": "34",
		"metadata.model.arm_length": "49",
		"metadata.model.weight": "46"
	},
	"metadata.clothes": {
		"metadata.clothes.type": "02top_01blouse",
		"metadata.clothes.season": "summer",
		"metadata.clothes.fiber_composition": "Viscos rayon,Polyurethane",
		"metadata.clothes.elasticity": "contain",
		"metadata.clothes.transparency": "contain",
		"metadata.clothes.isfleece": "fleece_none",
		"metadata.clothes.color": "Red,White",
		"metadata.clothes.washing_method": "Hand Washing30",
		"metadata.clothes.bleach": "Do not chlorine bleach",
		"metadata.clothes.ironing": "Ironing 80~120℃ : Place a cloth between the iron and textile",
		"metadata.clothes.drycleaning": "none",
		"metadata.clothes.wringing": "Do not wringing",
		"metadata.clothes.drying": "Drip dry in shade",
		"metadata.clothes.top_length_type": "normal",
		"metadata.clothes.sleeve_length_type": "long sleeves",
		"metadata.clothes.topneck_color_design": "shirts collar",
		"metadata.clothes.topsleeve_design": "basic sleeve",
		"metadata.clothes.pants_silhouette": "null",
		"metadata.clothes.skirt_design": "null",
		"metadata.top.front_length": "67.0",
		"metadata.top.chest_size": "92.0",
		"metadata.top.waist_size": "104.0",
		"metadata.top.hem_size": "112.0",
		"metadata.top.shoulder_width": "35.0",
		"metadata.top.sleeve_length": "37.0",
		"metadata.top.sleeve_cuff_size": "24.0",
		"metadata.pants.pants_length": "null",
		"metadata.pants.waist_size": "null",
		"metadata.pants.hip_size": "null",
		"metadata.pants.front_rise_length": "null",
		"metadata.pants.back_rise_length": "null",
		"metadata.pants.inner_seam_length": "null",
		"metadata.pants.pants_waist_size": "null",
		"metadata.skirt.length": "null",
		"metadata.skirt.waist_size": "null",
		"metadata.skirt.hip_size": "null",
		"metadata.skirt.hem_size": "null",
		"metadata.dress.front_length": "null",
		"metadata.dress.chest_size": "null",
		"metadata.dress.waist_size": "null",
		"metadata.dress.hip_size": "null",
		"metadata.dress.hem_size": "null",
		"metadata.dress.shoulder_width": "null",
		"metadata.dress.sleeve_length": "null",
		"metadata.dress.cuff_size": "null",
		"metadata.jumpsuit.front_length": "null",
		"metadata.jumpsuit.inner_seam_length": "null",
		"metadata.jumpsuit.chest_size": "null",
		"metadata.jumpsuit.waist_size": "null",
		"metadata.jumpsuit.hip_size": "null",
		"metadata.jumpsuit.shoulder_width": "null",
		"metadata.jumpsuit.sleeve_length": "null",
		"metadata.jumpsuit.cuffs_size": "null",
		"metadata.jumpsuit.front_rise_length": "null",
		"metadata.jumpsuit.back_rise_length": "null",