{
	"dataset": {
		"dataset.id": 332032,
		"dataset.name": "01_sou_066407_332032_back_02top_01blouse_woman",
		"dataset.image_path": "./008.의류 통합 데이터(3-1)/원천데이터/상품/상의/blouse/01_sou_066407_332032_back_02top_01blouse_woman.jpg",
		"dataset.label_path": "./008.의류 통합 데이터(3-1)/라벨링데이터/상품/상의/blouse/01_sou_066407_332032_back_02top_01blouse_woman.json",
		"dataset.category": 5,
		"dataset.type": 1,
		"dataset.width": 2848,
		"dataset.height": 1314,
		"dataset.file_size": 283354
	},
	"annotation": [
		{
			"annotation_type": "Polygon",
			"annotation_id": 191,
			"annotation_point_count": 172.0,
			"annotation_point": [
				959.0,
				595.0,
				947.9013671875,
				1099.447265625,
				959.1509355466114,
				1162.1224704532306,
				967.1862298817905,
				1184.6212945917305,
				970.159288785806,
				1211.6198835579326,
				993.6223482445293,
				1213.3072953683186,
				1028.1741138857979,
				1210.5752952943585,
				1042.717996632471,
				1217.2445895925575,
				1084.5818801187543,
				1228.9761193219183,
				1158.5869409457518,
				1231.8688252825832,
				1253.4034141008615,
				1241.5111784847977,
				1332.9528280191334,
				1243.1182373518332,
				1416.5198891049931,
				1244.7252962188686,
				1500.8904796243714,
				1256.7782377216372,
				1591.6893056118934,
				1257.421061268451,
				1654.3646014262886,
				1263.8492967365946,
				1728.2893093099337,
				1264.6528261701133,
				1827.9269590661534,
				1265.45635560363,
				1905.0657846838694,
				1259.0281201354865,
				1948.697432923891,
				1255.894355344768,
				1952.0722565446667,
				1248.6625904431057,
				1952.0722565446667,
				1235.8061195068203,
				1969.9106099687633,
				1177.228823803367,
				1974.3300218531112,
				1094.063527434264,
				1959.3843743896796,
				944.6874057432888,
				1952.6347271481281,
				892.4579925646267,
				1941.706726852286,
				725.1310233288623,
				1933.9928442905148,
				634.4929032280434,
				1910.5619260091335,
				566.9964308125418,
				1930.618020669739,
				565.3572307681643,
				1949.255859375,
				576.056640625,
				1953.7194918833775,
				601.1674127833703,
				1961.5315835981346,
				621.813655172371,
				1984.409852191353,
				617.9076093149924,
				1995.5699832124337,
				627.9517272339672,
				2007.2881207845694,
				628.5097337850202,
				2019.006258356705,
				620.6976420702631,
				2022.3542976630306,
				612.3275438044511,
				2025.1443304183013,
				588.8912686601798,
				2060.856749685763,
				541.4607118205822,
				2053.71426583227,
				526.4503355972283,
				2068.2224361596764,
				515.7924104720951,
				2064.0373870267704,
				507.0875082756502,
				2087.2504595506216,
				486.7202691621769,
				2105.3298718047736,
				463.1723927076946,
				2114.3695779318496,
				457.64812785225877,
				2117.606015927964,
				443.75376473101096,
				2119.2242349260196,
				424.3909374094346,
				2119.5590388566525,
				404.6933061572254,
				2119.5590388566525,
				395.9884039607823,
				2108.5663098008863,
				388.9017207623947,
				2097.908384675755,
				377.9089917066285,
				2078.2107534235456,
				369.20408951018544,
				2039.1502948497582,
				347.553435329286,
				2032.3984155820035,
				343.36838619638,
				2038.5364876435997,
				343.64738947190745,
				2044.3397557745611,
				335.6120951367284,
				2047.2413898400428,
				326.5723890096524,
				2042.3867328458728,
				318.14649008873675,
				2046.9065859094098,
				310.1111957535577,
				2043.0563407071368,
				298.7836627671586,
				2034.2956378555882,
				294.5986136342526,
				2019.56426490776,
				302.5781073143262,
				2007.2881207845694,
				306.48415317170475,
				1989.9899177018924,
				299.2300680080025,
				1982.7358325381902,
				310.3901990290851,
				1947.0234132707283,
				279.14183217005484,
				1939.2113215559712,
				259.0535963321072,
				1932.515242943322,
				250.12549151524217,
				1921.9131184732942,
				257.37957667894625,
				1904.487243491738,
				235.20305712433583,
				1897.159055058055,
				224.50004506987716,
				1889.0594783681936,
				217.1718566361942,
				1881.7312899345106,
				210.5186329266653,
				1873.0531720525178,
				203.09402096095982,
				1864.9535953626582,
				196.44079725143274,
				1857.6254069289753,
				189.6911500098813,
				1846.2474301503607,
				178.98813795542264,
				1838.1478534605012,
				173.0098789700496,
				1831.4946297509723,
				164.91030228019008,
				1822.8165118689794,
				158.25707857066118,
				1816.7418293515839,
				149.5789606886683,
				1809.413640917901,
				141.47938399880877,
				1800.735523035908,
				133.47623084096995,
				1793.9858757943584,
				126.148042407287,
				1786.6576873606755,
				119.39839516573738,
				1778.5581106708141,
				112.07020673205443,
				1770.5549575129753,
				105.99552421465887,
				1761.587890625,
				102.2353515625,
				1721.5887666448762,
				71.56339517793458,
				1716.0087011343348,
				64.86731656528536,
				1694.2464456432263,
				77.70146723952894,
				1635.097751231493,
				122.8999978749107,
				1619.473567801977,
				133.50212234493847,
				1589.3412140450564,
				136.85016165126217,
				1553.0707882265415,
				132.9441157938836,
				1462.3947236802524,
				126.13643587102342,
				1378.75390625,
				129.66796875,
				1352.2375344235625,
				126.45338359202287,
				1318.4892982158108,
				110.38279492166475,
				1285.5445914415777,
				75.83102928039625,
				1268.6704733377028,
				58.87655823316891,
				1249.6268257633274,
				36.618792924722584,
				1235.6454136201173,
				43.52914605297701,
				1206.7987069568244,
				55.66244049909801,
				1173.773647239239,
				71.4919703393989,
				1150.3105877805174,
				89.65173553690329,
				1136.8112932974163,
				96.40138277845472,
				1123.3119988143153,
				103.15103002000433,
				1109.812704331216,
				110.86491258177557,
				1098.2418804885583,
				120.50726578399008,
				1085.706821325679,
				129.18538366598477,
				1074.1359974830211,
				138.82773686819928,
				1061.6009383201417,
				148.4700900704138,
				1048.1016438370407,
				155.2197373119634,
				1033.6381140337198,
				166.79056115462117,
				1021.1030548708404,
				174.50444371639242,
				1008.567995707961,
				181.25409095794384,
				991.1314070006229,
				186.7984440492164,
				970.4003476158614,
				209.61867996112414,
				944.9284645733442,
				230.3497393458856,
				917.5281108903855,
				243.76868088563424,
				907.4839929714108,
				237.01903364408463,
				899.9308162963425,
				231.71573938286747,
				894.3061102617175,
				234.04597474006914,
				888.761757170445,
				231.71573938286747,
				881.7710510988381,
				235.41197477704918,
				869.7181095960696,
				240.95632786832175,
				870.6019919729406,
				243.76868088563424,
				865.4594035984246,
				247.06315156305754,
				866.9057565787571,
				253.08962231444275,
				866.9057565787571,
				259.59821072593695,
				858.3623046875,
				258.0400390625,
				848.2868139904622,
				256.4898662336527,
				835.8866684114819,
				265.01496631920054,
				828.9115865233052,
				272.7650573060637,
				809.5363590561501,
				278.96513009555383,
				766.9108586284074,
				292.1402847732188,
				767.2983631777497,
				308.02797129628743,
				771.9484177698669,
				322.36563962198306,
				775.4359587139552,
				331.27824425687504,
				784.3485633488472,
				340.1908488917652,
				795.973699829141,
				349.49095807600133,
				798.2987271251986,
				357.24104906286266,
				798.2987271251986,
				368.09117644446997,
				792.873663434395,
				373.5162401352736,
				795.5861952797968,
				381.6538356714791,
				799.4612407732293,
				398.3165312932342,
				803.7237908160023,
				403.7415949840379,
				811.4738818028654,
				403.7415949840379,
				832.3991274673936,
				400.25405403994955,
				841.6992366516279,
				424.666840648566,
				852.5493640332352,
				454.5046909479861,
				864.5620050628731,
				470.77988202039705,
				867.1582855434717,
				473.99616977994447,
				865.2207627967564,
				479.1887307411416,
				872.3120960497345,
				486.2800639941215,
				879.4421797576488,
				495.30891999381674,
				882.6584675171962,
