{
	"dataset": {
		"dataset.id": 332812,
		"dataset.name": "01_sou_066563_332812_back_02top_01blouse_woman",
		"dataset.image_path": "./008.의류 통합 데이터(3-1)/원천데이터/상품/상의/blouse/01_sou_066563_332812_back_02top_01blouse_woman.jpg",
		"dataset.label_path": "./008.의류 통합 데이터(3-1)/라벨링데이터/상품/상의/blouse/01_sou_066563_332812_back_02top_01blouse_woman.json",
		"dataset.category": 5,
		"dataset.type": 1,
		"dataset.width": 3264,
		"dataset.height": 1836,
		"dataset.file_size": 589524
	},
	"annotation": [
		{
			"annotation_type": "Polygon",
			"annotation_id": 166,
			"annotation_point_count": 138.0,
			"annotation_point": [
				1638.6000000000022,
				374.90000000000146,
				1548.0,
				394.0,
				1436.0,
				391.0,
				1385.6000000000022,
				435.10000000000036,
				1335.5859375,
				448.5302734375,
				1332.2658865872254,
				451.019826887863,
				1328.1163728706597,
				451.84972963117616,
				1323.1369564107808,
				453.2329008700308,
				1318.9874426942151,
				454.06280361334393,
				1314.5612947298796,
				454.8927063566571,
				1309.8585125177742,
				456.2758775955117,
				1305.9856330489783,
				457.935683082138,
				1301.282850836873,
				459.0422200732228,
				1296.580068624764,
				460.14875706430576,
				1292.707189155968,
				461.5319283031622,
				1287.7277726960929,
				462.6384652942452,
				1283.5782589795272,
				463.4683680375583,
				1279.1521110151916,
				464.85153927641477,
				1275.2792315463957,
				465.95807626749774,
				1270.8530835820602,
				467.617881754124,
				1266.9802041132643,
				468.7244187452088,
				1262.277421901159,
				469.55432148852196,
				1257.29800544128,
				470.9374927273766,
				1253.4251259724842,
				472.3206639662312,
				1248.9989780081487,
				473.427200957316,
				1244.2961957960397,
				475.0870064439423,
				1240.4233163272474,
				475.91690918725544,
				1235.997168362912,
				477.0234461783384,
				1231.5710203985727,
				477.85334892165156,
				1227.1448724342372,
				478.1299831694232,
				1222.7187244699016,
				479.51315440827784,
				1218.569210753336,
				480.343057151591,
				1214.6963312845437,
				481.1729598949041,
				1210.2701833202045,
				482.2794968859889,
				1205.844035355869,
				483.3860338770719,
				1201.4178873915334,
				485.0458393636982,
				1197.821642170511,
				487.5355475936376,
				1193.9487627017152,
				489.7486215758054,
				1190.075883232923,
				492.2383298057448,
				1186.7562722596704,
				494.7280380356842,
				1183.4366612864178,
				498.0476490089368,
				1179.563781817622,
				501.0906257344177,
				1175.9675365965995,
				504.13360245990043,
				1152.7302597838352,
				531.2437587414606,
				869.0418386946512,
				880.9924381983583,
				869.0,
				899.0,
				776.0,
				1056.0,
				763.5,
				1107.2000000000007,
				697.4000000000015,
				1161.4000000000015,
				658.0,
				1218.0,
				683.0,
				1249.0,
				737.7000000000007,
				1259.2999999999993,
				782.0,
				1297.0,
				808.6000000000022,
				1329.2999999999993,
				872.7999999999993,
				1254.9000000000015,
				895.6000000000022,
				1195.9000000000015,
				1104.0,
				1039.5,
				1192.0,
				921.7000000000007,
				1172.7000000000007,
				1034.6000000000022,
				1138.7000000000007,
				1347.2999999999993,
				1161.5,
				1352.0,
				1190.4000000000015,
				1346.7000000000007,
				1268.0,
				1362.0,
				1367.0,
				1369.0,
				1651.1000000000022,
				1373.6000000000022,
				1904.5,
				1356.6000000000022,
				1901.6000000000022,
				1005.6000000000022,
				1884.0,
				906.0,
				2041.2000000000007,
				1073.2999999999993,
				2114.0,
				1129.0,
				2183.0,
				1156.0,
				2202.0,
				1204.0,
				2270.2999999999993,
				1281.2000000000007,
				2299.0,
				1273.0,
				2316.9000000000015,
				1248.4000000000015,
				2386.9000000000015,
				1213.6000000000022,
				2441.7999999999993,
				1130.9000000000015,
				2356.2000000000007,
				1084.0,
				2302.2000000000007,
				1081.6000000000022,
				2211.2000000000007,
				867.0,
				2222.600000000002,
				856.2000000000007,
				2176.9000000000015,
				818.9000000000015,
				1960.6129169743326,
				570.8024561727252,
				1954.8035977711406,
				564.4398684739899,
				1951.483986797888,
				560.5669890051977,
				1949.8841187316175,
				558.3446938814413,
				1946.8872477140976,
				556.5004655629673,
				1944.1209052363884,
				553.734123085258,
				1941.1240342188685,
				551.889894766784,
				1939.510334440205,
				548.8930237492641,
				1937.666106121731,
				545.6656241919336,
				1935.1302921838287,
				543.5908673336526,
				1931.9028926265019,
				541.5161104753715,
				1929.1365501487926,
				539.9024106967045,
				1926.8312647506973,
				536.6750111393776,
				1924.5259793526056,
				534.1391972014753,
				1921.7596368748964,
				531.1423261839554,
				1918.7627658573765,
				528.6065122460568,
				1915.9964233796672,
				526.3012268479652,
				1913.460609441765,
				523.7654129100629,
				1909.7721528048205,
				521.4601275119712,
				1906.0836961678724,
				520.3074848129254,
				1902.625768070735,
				518.2327279546407,
				1899.3983685134044,
				516.3884996361703,
				1896.8625545755058,
				514.5442713176963,
				1894.5572691774141,
				513.6221571584574,
				1891.7909266997049,
				511.777928839987,
				1888.794921875,
				510.1640625,
				1885.3684015806139,
				508.5597504242469,
				1881.2188878640482,
				505.793407946534,
				1877.8992768907992,
				503.8569682121379,
				1874.3030316697732,
				501.92052847774175,
				1869.8768837054376,
				499.43082024780233,
				1866.0040042366454,
				496.9411120178629,
				1861.5778562723062,
				495.2813065312366,
				1856.8750740602009,
				493.62150104461034,
				1853.002194591405,
				491.96169555798406,
				1849.1293151226128,
				489.47198732804463,
				1845.2564356538169,
				486.9822790981052,
				1841.9368246805643,
				485.0458393637091,
				1838.063945211772,
				482.55613113376967,
				1834.467699990746,
				480.06642290383024,
				1830.8714547697236,
				478.1299831694323,
				1826.1686725576183,
				476.7468119305777,
				1821.4658903455093,
				475.91690918726454,
				1816.2098396378606,
				474.25710370063825,
				1812.3369601690647,
				472.32066396624214,
				1808.4640807002725,
				470.66085847961585,
				1804.3145669837068,
				468.17115024967643,
				1799.8884190193712,
				465.95807626750866,
				1796.0155395505753,
				463.7450022853409,
				1791.5893915862398,
				462.6384652942561,
				1787.439877869674,
				461.5319283031713,
				1783.5669984008782,
				460.4253913120883,
				1779.1408504365427,
				458.76558582546204,
				1775.2679709677504,
				456.55251184329427,
				1771.671875,
				455.4462890625,
				1690.9000000000015,
				425.40000000000146
			]
		}
	],
	"metadata.model": {
		"metadata.model.gender": "FEMALE",
		"metadata.model.age": "20대",
		"metadata.model.job": "not employed",
		"metadata.model.type": "back",
		"metadata.model.usually_size": "S",
		"metadata.model.body_height": "155",
		"metadata.model.waist_height": "94",
		"metadata.model.chest_size_male": "null",
		"metadata.model.breast_size_female": "78.0",
		"metadata.model.waist_size": "71",
		"metadata.model.hip_seize": "93",
		"metadata.model.back_length": "38",
		"metadata.model.shoulders_width": "41",
		"metadata.model.arm_length": "50",
		"metadata.model.weight": "45"
	},
	"metadata.clothes": {
		"metadata.clothes.type": "02top_01blouse",
		"metadata.clothes.season": "spring&fall",
		"metadata.clothes.fiber_composition": "Polyester",
		"metadata.clothes.elasticity": "contain",
		"metadata.clothes.transparency": "contain a lot",
		"metadata.clothes.isfleece": "fleece_none",
		"metadata.clothes.color": "White",
		"metadata.clothes.washing_method": "none",
		"metadata.clothes.bleach": "none",
		"metadata.clothes.ironing": "none",
		"metadata.clothes.drycleaning": "none",
		"metadata.clothes.wringing": "none",
		"metadata.clothes.drying": "none",
		"metadata.clothes.top_length_type": "normal",
		"metadata.clothes.sleeve_length_type": "long sleeves",
		"metadata.clothes.topneck_color_design": "bow collar",