{
	"dataset": {
		"dataset.id": 408353,
		"dataset.name": "01_sou_081671_408353_wear_02top_01blouse_woman",
		"dataset.image_path": "./008.의류 통합 데이터(3-1)/원천데이터/상품/상의/blouse/01_sou_081671_408353_wear_02top_01blouse_woman.jpg",
		"dataset.label_path": "./008.의류 통합 데이터(3-1)/라벨링데이터/상품/상의/blouse/01_sou_081671_408353_wear_02top_01blouse_woman.json",
		"dataset.category": 5,
		"dataset.type": 1,
		"dataset.width": 3072,
		"dataset.height": 4096,
		"dataset.file_size": 562392
	},
	"annotation": [
		{
			"annotation_type": "Polygon",
			"annotation_id": 28,
			"annotation_point_count": 138.0,
			"annotation_point": [
				850.0,
				2361.0,
				846.7813348060354,
				2384.7952184989335,
				864.1507966199424,
				2402.1646803128388,
				923.5335720520998,
				2430.6684125202737,
				950.7011918123117,
				2404.6884482687055,
				986.9246848259281,
				2367.2772997464454,
				998.80123991236,
				2364.308160974837,
				1013.6469337704002,
				2361.3390222032285,
				1043.338321486479,
				2331.6476344871517,
				1147.2581784927552,
				2175.7678489777354,
				1224.4560546875,
				1994.650390625,
				1306.5,
				1803.9000000000015,
				1306.6000000000004,
				1825.0,
				1277.0,
				2040.4000000000015,
				1233.3887475432311,
				2428.0747689991804,
				1233.3887475432311,
				2442.9662828999935,
				1325.3868021708386,
				2520.1444174436183,
				1363.9758694426528,
				2537.9712778344947,
				1432.2763706992573,
				2566.179241665839,
				1472.3689081245193,
				2580.99916174982,
				1567.3739030590223,
				2592.8837353437375,
				1635.6744043156268,
				2595.8190818338007,
				1672.7600014339932,
				2595.8190818338007,
				1747.0027894875584,
				2591.380265190288,
				1784.1599804227553,
				2578.0638152597567,
				1837.5689677785485,
				2560.2369548688803,
				1855.395828169425,
				2546.8489111215167,
				1883.6037920007693,
				2521.647887597068,
				1904.3659988817071,
				2483.058820325252,
				1896.9918357481329,
				2402.8737454747315,
				1879.1649753572583,
				2342.01900116853,
				1880.0956949760584,
				2256.392796238866,
				1854.321920916962,
				2127.523925943384,
				1867.9247461148188,
				2026.5766442119238,
				1873.6522514612843,
				1884.1049487185846,
				1890.118829332374,
				1925.629362480462,
				1905.869469035155,
				1961.426270895874,
				1900.857421875,
				2000.0869140625,
				1917.3244797280859,
				2045.8353809394139,
				1943.814191955491,
				2101.7501518842873,
				1971.0198423512047,
				2169.0483397052612,
				1993.9298637370684,
				2216.300258813606,
				2051.205078125,
				2327.986328125,
				2070.535247746049,
				2374.451000192894,
				2090.5815164586784,
				2401.7282444054363,
				2106.332156161461,
				2399.580429900514,
				2122.0830078125,
				2419.626953125,
				2141.4250587113656,
				2462.463665683583,
				2157.474005984275,
				2487.223194004244,
				2172.329722976672,
				2484.7174104151636,
				2195.836359502793,
				2478.57227447052,
				2234.1987130213092,
				2468.668463142254,
				2251.500552088757,
				2460.01754360853,
				2225.5477934875835,
				2378.340930907365,
				2240.4035104799805,
				2364.738105709508,
				2261.404363417023,
				2346.183374847522,
				2261.404363417023,
				2296.7239797202274,
				2226.8006852821236,
				2255.855842612633,
				2214.9280439910126,
				2221.1925029637096,
				2144.7000000000007,
				2073.800000000001,
				2060.643368720588,
				1831.7221394040298,
				2001.2205007510038,
				1638.4188339608063,
				1975.4467266919073,
				1565.393140793367,
				1958.9801488208177,
				1526.0165415364136,
				1935.7121583507997,
				1503.1065201505498,
				1916.6204738625802,
				1484.0148356623304,
				1901.108480215902,
				1468.5028420156523,
				1893.9490985328193,
				1463.1333057533411,
				1884.4032562887096,
				1460.1502300520551,
				1874.2607989043445,
				1454.780693789744,
				1863.5217263797203,
				1450.6043878079454,
				1853.9758841356106,
				1447.6213121066612,
				1845.026657031758,
				1445.2348515456342,
				1834.287584507134,
				1442.25177584435,
				1826.531587683794,
				1439.2687001430659,
				1816.9857454396843,
				1436.882239582039,
				1808.0365183358317,
				1433.8991638807547,
				1798.490676091722,
				1430.9160881794705,
				1788.9448338476122,
				1425.5465519171576,
				1780.592221884017,
				1423.1600913561306,
				1766.8700736581086,
				1421.9668610756162,
				1757.920846554256,
				1418.3871702340748,
				1750.164849730916,
				1414.8074793925352,
				1738.2325469257794,
				1402.2785614471395,
				1722.7205532791013,
				1399.2954857458553,
				1714.3679413155041,
				1399.2954857458553,
				1732.8630106634682,
				1421.9668610756162,
				1731.6697803829538,
				1435.0923941612673,
				1723.3171684193585,
				1453.5874635092314,
				1699.4525628090832,
				1472.6791479974509,
				1658.2861181313601,
				1491.1742173454131,
				1632.631667100315,
				1494.7539081869545,
				1582.5159953187376,
				1491.1742173454131,
				1544.9292414825559,
				1479.2419145402764,
				1516.8883298904839,
				1458.9569997715425,
				1496.60341512175,
				1440.4619304235803,
				1480.4948063348147,
				1413.0176339717636,
				1484.6711123166133,
				1408.841327989965,
				1496.60341512175,
				1404.6650220081683,
				1500.1831059632914,
				1391.5394889225172,
				1494.8135697009802,
				1392.1361040627744,
				1484.074497176356,
				1394.5225646238014,
				1476.9151154932733,
				1398.1022554653428,
				1469.1591186699352,
				1404.6650220081683,
				1460.806506706338,
				1411.2277885509939,
				1452.4538947427427,
				1417.1939399535622,
				1444.1012827791455,
				1422.5634762158734,
				1434.5554405350358,
				1426.1431670574148,
				1425.009598290926,
				1429.7228578989561,
				1417.253601467588,
				1430.9160881794705,
				1408.9009895039908,
				1432.7059336002403,
				1380.8600779119188,
				1436.882239582039,
				1371.9108508080662,
				1438.6720850028087,
				1361.7683934236993,
				1440.4619304235803,
				1351.6259360393324,
				1442.8483909846072,
				1342.6767089354798,
				1445.2348515456342,
				1333.13086669137,
				1446.4280818261486,
				1324.7782547277748,
				1447.0246969664058,
				1315.8290276239204,
				1448.8145423871756,
				1306.8798005200679,
				1452.394233228717,
				1297.9305734162153,
				1456.5705392105156,
				1290.1745765928754,
				1461.3434603325695,
				1283.0151949097944,
				1467.3096117351379,
				1275.2591980864545,
				1474.4689934182206,
				1267.5032012631145,
				1480.435144820789,
				1260.3438195800336,
				1485.804681083102,
				1254.0976886244462,
				1487.4225104266334,
				1198.1789084258307,
				1591.837223894845,
				1166.0132384000772,
				1652.4571404818398,
				1123.9504391356331,
				1731.6341743913836,
				1036.113417142231,
				1902.3596537588382,
				997.7620413422956,
				1996.3823815264223,
				942.0906893746487,
				2101.539379687536,
				907.4507370392221,
				2138.6536143326357,
				887.6564785618357,
				2191.8506839906095,
				857.965090845757,
				2227.7277774808717,
				859.2022320005944,
				2268.553435590482,
				877.759765625,
				2304.4296875
			]
		}
	],
	"metadata.model": {
		"metadata.model.gender": "FEMALE",
		"metadata.model.age": "20대",
		"metadata.model.job": "university student/graduate student",
		"metadata.model.type": "wear",
		"metadata.model.usually_size": "XS",
		"metadata.model.body_height": "157",
		"metadata.model.waist_height": "96",
		"metadata.model.chest_size_male": "null",
		"metadata.model.breast_size_female": "82.0",
		"metadata.model.waist_size": "67",
		"metadata.model.hip_seize": "86",
		"metadata.model.back_length": "36",
		"metadata.model.shoulders_width": "36",
		"metadata.model.arm_length": "53",
		"metadata.model.weight": "56"
	},
	"metadata.clothes": {
		"metadata.clothes.type": "02top_01blouse",
		"metadata.clothes.season": "spring&fall",
		"metadata.clothes.fiber_composition": "Polyester,Polyurethane,Cotton",
		"metadata.clothes.elasticity": "contain",
		"metadata.clothes.transparency": "contain little",