{
	"dataset": {
		"dataset.id": 335910,
		"dataset.name": "01_sou_067182_335910_wear_02top_01blouse_woman",
		"dataset.image_path": "./008.의류 통합 데이터(3-1)/원천데이터/상품/상의/blouse/01_sou_067182_335910_wear_02top_01blouse_woman.jpg",
		"dataset.label_path": "./008.의류 통합 데이터(3-1)/라벨링데이터/상품/상의/blouse/01_sou_067182_335910_wear_02top_01blouse_woman.json",
		"dataset.category": 5,
		"dataset.type": 1,
		"dataset.width": 2268,
		"dataset.height": 4032,
		"dataset.file_size": 913703
	},
	"annotation": [
		{
			"annotation_type": "Polygon",
			"annotation_id": 49,
			"annotation_point_count": 195.0,
			"annotation_point": [
				806.6000000000022,
				1418.7000000000007,
				796.0,
				1465.0,
				769.0,
				1527.0,
				772.0,
				1624.0,
				761.0,
				1662.0,
				761.0,
				1678.0,
				775.0,
				1701.0,
				778.0,
				1717.0,
				784.0,
				1906.0,
				790.0,
				1949.0,
				790.0,
				1995.0,
				799.0,
				2050.0,
				804.2665529105179,
				2188.8524808192124,
				804.6950656656409,
				2192.3724070220014,
				813.9386979547126,
				2195.463820469671,
				820.550037605175,
				2194.5761869054913,
				829.3651571391238,
				2192.3724070220014,
				834.2318377151569,
				2194.5761869054913,
				844.363103568412,
				2199.8713802366474,
				846.9953962070213,
				2199.8713802366474,
				861.105709072126,
				2203.39130643944,
				862.4218553914325,
				2203.8198191945594,
				873.0122420537446,
				2206.0235990780493,
				880.5112152683869,
				2206.911232642229,
				899.4576006555908,
				2206.911232642229,
				965.9995099153275,
				2202.962793684317,
				982.7727234729791,
				2203.8198191945594,
				988.4964295592581,
				2204.707452758743,
				1003.0352551794858,
				2206.911232642229,
				1008.7589612657684,
				2207.3703534512897,
				1018.89022711902,
				2209.115012525719,
				1024.6445412592366,
				2209.115012525719,
				1037.408099751101,
				2209.115012525719,
				1087.6665243161806,
				2213.0940595375687,
				1089.8703041996705,
				2213.5225722926916,
				1105.725276139201,
				2215.726352176178,
				1116.3156628015167,
				2218.3892528687247,
				1121.6108561326728,
				2218.8177656238477,
				1170.522526324512,
				2219.705399188031,
				1231.3407294979697,
				2219.705399188031,
				1237.5235563933093,
				2218.3892528687247,
				1251.1747484493571,
				2213.981693101752,
				1253.3785283328434,
				2213.5225722926916,
				1259.9898679833059,
				2211.777913218266,
				1267.9173539530711,
				2210.431158845022,
				1275.875447976774,
				2208.686499770596,
				1284.6905675107228,
				2206.911232642229,
				1289.9551527879412,
				2205.1665735678034,
				1296.5664924384037,
				2200.2998929917703,
				1303.6369528979267,
				2193.688553341308,
				1309.3606589842057,
				2188.8524808192124,
				1316.859632198848,
				2180.465874040383,
				1332.2860913832592,
				2140.7978361376154,
				1326.9908980521031,
				2135.0741300513364,
				1323.4709718493104,
				2128.891303155997,
				1320.3795584016407,
				2122.739084314595,
				1316.859632198848,
				2116.1277446641325,
				1314.1967315063011,
				2109.5164050136736,
				1311.135926112569,
				2102.0174317990277,
				1308.0445126648992,
				2094.977579393446,
				1305.3816119723524,
				2089.2232652532293,
				1301.8616857695597,
				2081.754900092521,
				1297.9132468116477,
				2073.796806068818,
				1295.7094669281578,
				2068.5322207915997,
				1292.158932671431,
				2059.717101257651,
				1287.751372904455,
				2049.555227350458,
				1287.322860149332,
				2047.8105682760324,
				1284.6905675107228,
				2040.7401078165094,
				1283.3438131374824,
				2034.1287681660506,
				1281.1400332539924,
				2027.0889157604652,
				1278.5077406153832,
				2020.0490633548798,
				1276.303960731897,
				2014.2947492146632,
				1265.285061314462,
				1971.5659059181635,
				1255.5823082163297,
				1880.7518098861292,
				1254.8783229757719,
				1816.5973288335008,
				1253.2867041710306,
				1765.8185673514854,
				1252.2460303371627,
				1726.67086636565,
				1260.6938532238637,
				1721.375673034494,
				1279.6708466650016,
				1718.1312193171398,
				1271.5903204255483,
				1685.4418177120788,
				1280.7727366067447,
				1674.7902149418915,
				1281.8746265484879,
				1674.4229182946438,
				1287.751372904455,
				1670.749951822163,
				1292.158932671431,
				1666.3423920551904,
				1299.1375689691376,
				1661.5675356409665,
				1302.7799273876808,
				1658.6291624629848,
				1305.0143153251047,
				1644.6718898675645,
				1314.5640281535489,
				1622.2667943854467,
				1329.99048733796,
				1606.4730385537878,
				1353.497472761821,
				1596.556029078096,
				1367.4547453572413,
				1592.5157659583674,
				1370.7604151824708,
				1616.022751382232,
				1378.1063481274286,
				1628.5108373886578,
				1382.5139078944048,
				1635.489473686368,
				1382.8812045416526,
				1660.0983490519757,
				1384.7176877778911,
				1663.0367222299574,
				1384.3503911306434,
				1644.6718898675645,
				1382.1466112471571,
				1616.3900480294797,
				1381.381409898724,
				1605.003851964797,
				1382.8812045416526,
				1598.3925123143345,
				1386.186874366882,
				1593.6176559001142,
				1389.492544192115,
				1588.4755028386426,
				1390.9617307811059,
				1581.1295698936847,
				1390.9617307811059,
				1575.620120184969,
				1364.5163721792596,
				1498.4878242629165,
				1347.2534297586099,
				1410.336628923429,
				1336.8160833659822,
				1358.609017769355,
				1334.9796001297436,
				1349.732682127531,
				1334.6735195903711,
				1347.8961988912924,
				1333.143116893505,
				1342.386749182573,
				1331.3372417112005,
				1337.18338001323,
				1330.1129195537105,
				1334.1225746194978,
				1326.4093450272921,
				1326.7766416745399,
				1325.1850228697986,
				1320.6550308870756,
				1324.9095503843637,
				1316.0638227964773,
				1324.266781251681,
				1310.8604536271341,
				1324.266781251681,
				1305.6570844577873,
				1323.0424590941875,
				1300.7597958278166,
				1322.1242174760664,
				1294.9442655797247,
				1320.8998953185765,
				1290.046976949754,
				1319.3694926217104,
				1285.4557688591558,
				1318.481859057527,
				1280.558480229185,
				1316.9208483067232,
				1275.0490305204657,
				1315.6965261492296,
				1270.4578224298675,
				1312.6357207554975,
				1265.2544532605243,
				1310.187076440514,
				1261.5814867880435,
				1307.7690401794644,
				1257.2963592368214,
				1305.9019488892882,
				1253.6233927643407,
				1297.9438548655853,
				1244.1348960437717,
				1296.4134521687192,
				1241.6862517287846,
				1291.852852132055,
				1236.7889630988138,
				1289.0675192237613,
				1234.0342382444542,
				1286.3434024233393,
				1229.749110693232,
				1282.027666818176,
				1224.8518220632577,
				1278.0792278602603,
				1220.872775051408,
				1275.9366640846492,
				1217.811969657676,
				1271.3148479401134,
				1213.8329226458227,
				1267.0297203888877,
				1211.9964394095841,
				1260.2959485226784,
				1210.1599561733456,
				1256.6535901041352,
				1209.2417145552245,
				1253.2867041710306,
				1208.6295534764795,
				1247.7466464083773,
				1206.7930702402373,
				1242.573885292968,
				1204.9565870039987,
				1238.8703107665533,
				1203.7322648465051,
				1233.085388572399,
				1201.589701070894,
				1228.1574918884908,
				1200.059298374028,
				1222.3725696943366,
				1199.447137295283,
				1215.9448783674998,
				1199.447137295283,
				1210.0987400654703,
				1199.447137295283,
				1206.119140625,
				1199.75390625,
				1169.0,
				1198.0,
				1128.9873971315683,
				1155.6776201649118,
				1121.9781527799205,
				1159.0445060980164,
				1117.9684977141296,
				1162.1053114917486,
				1115.519853399146,
				1166.6965195823468,
				1112.4896560593515,
				1171.287727672945,
				1107.5617593754432,
				1175.2667746847983,
				1091.0640183032265,
				1186.2856741022333,
				1067.1591281781766,
				1210.1599561733456,
				1025.8382553627926,
				1258.214600854939,
				986.966026862392,
				1302.5962790640551,
				948.7059594407401,
				1342.386749182573,
				919.0161471215397,
