{
	"dataset": {
		"dataset.id": 334563,
		"dataset.name": "01_sou_066913_334563_wear_02top_01blouse_woman",
		"dataset.image_path": "./008.의류 통합 데이터(3-1)/원천데이터/상품/상의/blouse/01_sou_066913_334563_wear_02top_01blouse_woman.jpg",
		"dataset.label_path": "./008.의류 통합 데이터(3-1)/라벨링데이터/상품/상의/blouse/01_sou_066913_334563_wear_02top_01blouse_woman.json",
		"dataset.category": 5,
		"dataset.type": 1,
		"dataset.width": 2619,
		"dataset.height": 4032,
		"dataset.file_size": 657538
	},
	"annotation": [
		{
			"annotation_type": "Polygon",
			"annotation_id": 107,
			"annotation_point_count": 184.0,
			"annotation_point": [
				473.40000000000146,
				2084.2000000000007,
				503.60000000000036,
				2114.2000000000007,
				522.9000000000015,
				2130.0,
				538.1000000000022,
				2138.2999999999993,
				548.5,
				2132.2000000000007,
				560.109375,
				2141.8515625,
				614.7635207294588,
				2084.9932321990927,
				657.0760944924114,
				2056.7848496904553,
				728.9193186940938,
				1983.1786015819853,
				803.84783473266,
				1923.2357887511353,
				889.7952501886575,
				1854.4778563863329,
				943.1267233690487,
				1809.0799907864966,
				1016.7329714775187,
				1754.8670056527153,
				1039.6522822657862,
				1730.6254269343553,
				1057.7232773103824,
				1720.488039470314,
				1084.6093918889237,
				1805.9946989496166,
				1118.988358071325,
				1917.5059610540666,
				1113.2585303742599,
				1947.9181234461903,
				1111.4955064674687,
				2021.0836155779652,
				1114.5807983043487,
				2048.851242109904,
				1106.6471907237974,
				2095.130619663134,
				1103.1211429102186,
				2121.1352222882815,
				1101.7988749801261,
				2190.333910629779,
				1194.2999999999993,
				2202.5,
				1372.1000000000022,
				2217.0,
				1482.2999999999993,
				2224.4000000000015,
				1645.6000000000022,
				2187.2999999999993,
				1661.4000000000015,
				2089.9000000000015,
				1679.5,
				1879.6000000000022,
				1685.0,
				1822.7999999999993,
				1695.2999999999993,
				1725.5,
				1759.6000000000022,
				1811.4000000000015,
				1808.4000000000015,
				1853.2000000000007,
				1858.2000000000007,
				1940.1000000000022,
				1974.4000000000015,
				2048.4000000000015,
				2096.100000000002,
				2189.9000000000015,
				2128.600000000002,
				2182.7999999999993,
				2175.0396782383796,
				2156.3957004240765,
				2193.9921852363696,
				2138.765461356179,
				2195.755209143157,
				2130.391097798929,
				2162.698510890852,
				2076.6188686418427,
				2126.1157648249646,
				2002.571864556674,
				2074.98828125,
				1895.46875,
				1957.4000000000015,
				1707.7999999999993,
				1896.9226569422972,
				1631.0145762007342,
				1857.2546190395296,
				1594.8725861115454,
				1822.8756528571284,
				1563.1381557893292,
				1814.5012892998784,
				1550.356232465103,
				1795.5487823018884,
				1526.5554097234417,
				1778.80078125,
				1519.0625,
				1778.8000551873847,
				1519.5033140962842,
				1773.0702274903197,
				1504.076854911873,
				1757.6437683059085,
				1485.5651038905817,
				1752.7954525622372,
				1482.479812053698,
				1749.2694047486548,
				1476.3092283799342,
				1745.743356935076,
				1470.1386447061705,
				1740.454285214706,
				1465.731084939198,
				1734.2837015409423,
				1462.2050371256155,
				1730.7576537273635,
				1455.5936974751567,
				1728.994629820576,
				1448.9823578246942,
				1726.350093960391,
				1441.489506220838,
				1725.0278260302985,
				1439.2857263373517,
				1721.9425341934148,
				1433.9966546169817,
				1717.0942184497435,
				1428.7075828966117,
				1712.686658682771,
				1422.9777551995467,
				1709.1606108691885,
				1417.247927502478,
				1703.87109375,
				1413.28125,
				1700.7862473119385,
				1407.1105400384367,
				1693.734151684781,
				1404.0252482015567,
				1689.3265919178048,
				1399.1769324578854,
				1682.2999999999993,
				1395.7000000000007,
				1677.4000000000015,
				1393.0,
				1670.7999999999993,
				1389.9000000000015,
				1663.7999999999993,
				1387.7000000000007,
				1655.4000000000015,
				1383.7999999999993,
				1650.0993099917323,
				1381.546693389988,
				1644.369140625,
				1378.4609375,
				1639.961922527691,
				1374.4945977628267,
				1632.0283149471397,
				1372.2908178793405,
				1626.298487250071,
				1369.2055260424568,
				1620.1279035763073,
				1367.0017461589705,
				1613.5165639258448,
				1365.238722252183,
				1606.0237123219886,
				1363.034942368693,
				1599.8531286482248,
				1361.2719184619054,
				1593.241788997766,
				1360.390406508508,
				1587.0712053240022,
				1359.949650531813,
				1579.1375977434473,
				1359.5088945551142,
				1572.5262580929848,
				1356.8643586949293,
				1567.6779423493135,
				1354.2198228347443,
				1522.720703125,
				1338.79296875,
				1494.6000000000022,
				1304.7999999999993,
				1471.5546875,
				1280.62890625,
				1455.1026600566402,
				1316.2734130374374,
				1414.8887899523288,
				1373.8523634140656,
				1396.6097580867317,
				1363.7988958879869,
				1329.1601305026816,
				1306.9511067859858,
				1322.9452596683805,
				1271.3983898074002,
				1288.0323088050936,
				1272.4951317193372,
				1282.1830186081024,
				1290.865558744259,
				1275.6025671364878,
				1307.6822680606092,
				1252.0226160298698,
				1330.8966385299136,
				1250.1947128433094,
				1336.7459287269048,
				1252.3881966671797,
				1340.0361544627121,
				1241.4207775478208,
				1345.8854446597034,
				1228.1684794452667,
				1350.729388104086,
				1191.4276253954158,
				1359.137742762261,
				1187.0406577476751,
				1360.9656459488215,
				1181.5569481879938,
				1363.1591297726918,
				1176.4388192656297,
				1365.7181942338757,
				1170.1325532719966,
				1366.0837748711856,
				1164.648843712319,
				1367.1805167831226,
				1158.4339728780178,
				1367.5460974204361,
				1152.8588681590081,
				1368.7342344916979,
				1147.3751585993305,
				1370.9277183155718,
				1141.5258684023393,
				1373.1212021394422,
				1135.9507636833332,
				1375.3146859633125,
				1130.101473486342,
				1377.5081697871865,
				1124.2521832893508,
				1379.3360729737433,
				1118.4028930923596,
				1380.7983955229938,
				1112.4622077360436,
				1382.6262987095506,
				1107.7096594509858,
				1385.916524445358,
				1103.322691803245,
				1388.5669840658702,
				1097.0164258096156,
				1391.491629164364,
				1092.2638775245578,
				1394.7818549001713,
				1088.242490514127,
				1398.8032419106057,
				1084.5866841410098,
				1403.55579019566,
				1079.834135855952,
				1406.4804352941537,
				1076.0869343235063,
				1410.9587981012264,
				1074.6246117742594,
				1416.8080882982176,
				1072.4311279503854,
				1422.2917978578953,
				1069.5064828518916,
				1427.135741302278,
				1064.3883539295239,
				1429.3292251261482,
				1059.6358056444697,
				1431.1571283127087,
				1054.0607009254636,
				1433.7161927738925,
				1048.2114107284724,
				1436.6408378723863,
				1043.0932818061046,
				1440.2966442455072,
				1039.4374754329874,
				1443.952450618628,
				1035.3246932632283,
				1449.1619747003206,
				1033.1312094393543,
				1455.0112648973118,
				1031.3033062527975,
				1460.4949744569894,
				1029.475403066237,
				1464.5163614674202,
				1027.6474998796766,
				1467.897982362556,
				1026.1851773304297,
				1473.0161112849237,
				1025.0884354184927,
				1478.865401481915,
				1025.0884354184927,
				1484.714691678906,
				1024.7228547811828,
				1490.2897963979121,
				1023.6261128692458,
				1495.40792532028,
				1019.1477500621731,
				1500.1604736053341,
				1012.2017179532486,
				1500.5260542426477,
				1006.7180083935709,
				1503.085118703828,
				1002.6966213831402,
				1507.9290621482141,
				998.9494198506909,
				1511.950449158645,
				993.4657102910132,
				1514.1439329825153,
				988.3475813686455,
				1516.7029974436991,
				982.4982911716543,
				1519.627642542193,
				978.3855090018951,
				1524.0146101899372,
				974.3641219914643,
				1528.1273923596964,
				971.4394768929706,
				1533.2455212820641,
				969.2459930690966,
				1538.3636502044283,
