{
	"dataset": {
		"dataset.id": 103688,
		"dataset.name": "01_sou_020738_103688_wear_02top_01blouse_woman",
		"dataset.image_path": "./008.의류 통합 데이터(3-1)/원천데이터/상품/상의/blouse/01_sou_020738_103688_wear_02top_01blouse_woman.jpg",
		"dataset.label_path": "./008.의류 통합 데이터(3-1)/라벨링데이터/상품/상의/blouse/01_sou_020738_103688_wear_02top_01blouse_woman.json",
		"dataset.category": 5,
		"dataset.type": 1,
		"dataset.width": 607,
		"dataset.height": 1080,
		"dataset.file_size": 56280
	},
	"annotation": [
		{
			"annotation_type": "Polygon",
			"annotation_id": 76,
			"annotation_point_count": 155.0,
			"annotation_point": [
				342.52574432372603,
				325.0452314368831,
				336.13751702288573,
				305.0094276297041,
				328.3000000000011,
				304.60000000000036,
				328.8779296875,
				308.7841796875,
				301.0,
				327.0,
				277.5,
				310.8000000000011,
				271.0,
				327.0,
				257.8759765625,
				336.015625,
				255.96415601657645,
				336.2890578112274,
				253.91574811633836,
				336.83529991795695,
				252.41358232282982,
				337.1084209713208,
				250.2286138959098,
				337.6546630780522,
				247.7705244156259,
				337.92778413141605,
				245.44899546202214,
				338.4740262381474,
				243.5371480884678,
				338.88370781819503,
				241.21561913486403,
				339.4299499249246,
				239.030650707944,
				339.70307097828845,
				236.84568228102398,
				339.70307097828845,
				234.66071385410396,
				339.97619203165414,
				232.61230595386587,
				340.38587361170175,
				230.42733752694585,
				341.205236771797,
				228.5154901533915,
				341.6149183518446,
				226.46708225315342,
				342.0245999318922,
				224.14555329955147,
				342.0245999318922,
				221.96058487263144,
				342.7074025653037,
				220.18529802575904,
				343.52676572539895,
				218.27345065220288,
				344.7558104655418,
				216.2250427519666,
				345.98485520568465,
				214.31319537841046,
				347.35046047250944,
				212.81102958490374,
				348.9891867926999,
				211.71854537144281,
				350.90103416625425,
				210.76262168466565,
				352.94944206649234,
				209.9432585245704,
				354.72472891336474,
				208.8507743111113,
				357.59249997369807,
				208.30453220437994,
				359.64090787393616,
				207.62172957096845,
				361.5527552474905,
				206.66580588418947,
				363.7377236744105,
				205.98300325077798,
				365.64957104796486,
				205.16364009068275,
				367.97110000156863,
				204.3442769305875,
				370.0195079018067,
				203.52491377049228,
				372.067915802043,
				202.8421111370808,
				373.8432026489154,
				198.88185586328655,
				382.85619740996117,
				190.82478478901976,
				402.1112316721956,
				182.0,
				413.0,
				173.8291015625,
				431.8984375,
				166.97290248712852,
				442.9894911673473,
				165.158065185753,
				447.42576012626523,
				156.28552726791895,
				456.90324381122264,
				153.0,
				466.0,
				133.0,
				485.0,
				122.7646484375,
				503.52734375,
				122.93285064042902,
				503.69579889833767,
				122.93285064042902,
				503.69579889833767,
				122.93285064042902,
				526.7173461472594,
				100.0,
				555.0,
				107.30000000000109,
				560.0,
				122.70451991008667,
				570.3217994005608,
				126.46776653821871,
				574.9213230571659,
				131.9035672232967,
				570.3217994005608,
				147.3746922500577,
				554.4325358595634,
				155.31932402055645,
				543.9790730036439,
				164.3000000000011,
				543.9000000000015,
				174.5,
				548.4000000000015,
				185.0,
				548.2000000000007,
				196.10000000000036,
				541.5,
				217.60000000000036,
				511.1000000000022,
				223.3000000000011,
				490.40000000000146,
				230.9638671875,
				476.9345703125,
				235.07769695005663,
				452.97916226847155,
				234.10978372265527,
				492.42162628501865,
				229.75417419935548,
				535.251786597466,
				217.41328055000668,
				591.8747104003633,
				215.23547578835678,
				604.4575823565647,
				224.18867314180716,
				606.151430504513,
				239.0,
				605.7999999999993,
				248.90000000000146,
				603.7999999999993,
				259.51750594190526,
				599.6180162195633,
				266.5348768405547,
				600.1019728332649,
				283.0,
				602.6000000000022,
				296.78216519680245,
				602.5217559017619,
				306.7032757776524,
				603.2476908223143,
				315.41449482425196,
				601.3118643675152,
				324.8516487914021,
				600.8279077538136,
				331.3850630763518,
				601.7958209812132,
				350.5013493175011,
				602.7637342086127,
				358.97059005724986,
				599.3760379127125,
				374.6991800024989,
				599.1340596058653,
				391.6376953125,
				597.439453125,
				387.0,
				568.0,
				374.0,
				502.5,
				373.0,
				461.0,
				376.0,
				456.3000000000011,
				379.8000000000011,
				461.5,
				385.0,
				493.0,
				413.0,
				544.7000000000007,
				431.0,
				559.0,
				441.8000000000011,
				564.0,
				452.2000000000007,
				562.0,
				458.60000000000036,
				554.2999999999993,
				466.2000000000007,
				569.5,
				476.96889160958017,
				582.3165672797913,
				489.74534621125895,
				576.7994618836092,
				498.16619128963794,
				574.4764701378517,
				506.296875,
				572.443359375,
				490.9068420841395,
				540.7930898243321,
				491.77796398879946,
				535.5663583963724,
				492.06833795701823,
				528.3070091908739,
				488.00310240193903,
				513.4979368116547,
				478.4207614506795,
				498.97923840065414,
				477.25926557779894,
				487.6546536400747,
				467.09617669010004,
				471.3937114197561,
				456.3525390625,
				435.3876953125,
				442.0,
				414.0,
				422.9776801492826,
				389.9573447974526,
				420.38303014231496,
				382.5830763565973,
				417.51525908198164,
				371.6582342219954,
				416.83245644857016,
				369.6098263217591,
				416.14965381515685,
				367.1517368414734,
				415.6034117084273,
				365.376449994601,
				414.920609075014,
				363.3280420943629,
				414.10124591491876,
				361.00651314076094,
				413.5550038081892,
				359.23122629388854,
				413.00876170145966,
				357.18281839365045,
				412.1893985413644,
				354.9978499667304,
				411.7797169613168,
				352.94944206649234,
				411.3700353812692,
				350.7644736395723,
				410.55067222117395,
				348.5795052126523,
				409.86786958776247,
				346.39453678573227,
				408.6388248476196,
				344.7558104655418,
				407.27321958079483,
				342.9805236186694,
				405.4979327339206,
				341.75147887852654,
				403.7226458870482,
				340.5224341383837,
				401.9473590401758,
				339.29338939824083,
				400.03551166662146,
				338.33746571146366,
				398.1236642930653,
				337.51810255136843,
				395.6655748127814,
				337.24498149800456,
				393.6171669125433,
				336.83529991795695,
				390.74939585221,
				336.2890578112274,
				389.2472300587033,
				336.0159367578617,
				387.06226163178326,
				335.742815704496,
				384.87729320486324,
				335.1965735977665,
				382.82888530462515,
				335.06001307108454,
				380.37079582433944,
				334.9234525444008,
				378.4589484507851,
				334.78689201771886,
				375.5911773904518,
				334.6503314910369,
				373.2696484368498,
				334.2406499109893,
				371.35780106329366,
				333.557847277576,
				369.4459536897393,
				333.28472622421214,
				367.2609852628193,
				333.01160517084645,
				365.34913788926497,
				332.60192359079883,
				363.0276089356612,
				332.0556814840693,
				360.9792010354231,
				331.5094393773379,
				358.1114299750916,
				330.96319727060836,
				356.3359375,
				330.826171875
			]
		}
	],
	"metadata.model": {
		"metadata.model.gender": "FEMALE",
		"metadata.model.age": "40대",
		"metadata.model.job": "entertainment and sports",
		"metadata.model.type": "wear",
		"metadata.model.usually_size": "M",
		"metadata.model.body_height": "165",
		"metadata.model.waist_height": "97",
		"metadata.model.chest_size_male": "null",
		"metadata.model.breast_size_female": "80.0",
		"metadata.model.waist_size": "69",
		"metadata.model.hip_seize": "91",
		"metadata.model.back_length": "45",
		"metadata.model.shoulders_width": "44",
		"metadata.model.arm_length": "50",
		"metadata.model.weight": "53"
	},