{
	"dataset": {
		"dataset.id": 90117,
		"dataset.name": "01_sou_018024_090117_back_02top_01blouse_woman",
		"dataset.image_path": "./008.의류 통합 데이터(3-1)/원천데이터/상품/상의/blouse/01_sou_018024_090117_back_02top_01blouse_woman.jpg",
		"dataset.label_path": "./008.의류 통합 데이터(3-1)/라벨링데이터/상품/상의/blouse/01_sou_018024_090117_back_02top_01blouse_woman.json",
		"dataset.category": 5,
		"dataset.type": 1,
		"dataset.width": 1920,
		"dataset.height": 1080,
		"dataset.file_size": 235632
	},
	"annotation": [
		{
			"annotation_type": "Polygon",
			"annotation_id": 28,
			"annotation_point_count": 81.0,
			"annotation_point": [
				1314.0,
				123.0,
				1252.300000000001,
				101.10000000000036,
				1240.3087272355242,
				99.52706159197987,
				1225.9210660937206,
				97.92843257622371,
				1213.9313484755494,
				97.92843257622371,
				1201.9416308573782,
				97.12911806834563,
				1189.9519132392088,
				96.32980356046755,
				1177.1628811131595,
				96.32980356046755,
				1165.1731634949883,
				93.93186003683331,
				1154.7820748925733,
				89.13597298956665,
				1143.591671782282,
				81.94214241866393,
				1132.4012686719889,
				79.5441988950297,
				1076.44921875,
				56.3642578125,
				1023.9254889107397,
				97.78105539167518,
				973.6687424888023,
				114.16912487708942,
				946.3552933464453,
				120.72435267125547,
				924.5045340325578,
				124.00196656833941,
				867.7000000000007,
				115.30000000000109,
				822.0,
				102.0,
				765.7783203125,
				71.3720703125,
				712.587890625,
				95.1845703125,
				703.2626313007277,
				97.18240570220041,
				694.6033907987148,
				103.17726451128692,
				683.2797686037775,
				107.17383705067732,
				673.9544326785326,
				111.83650501329794,
				663.9630013300575,
				115.83307755268834,
				653.3054745583504,
				115.83307755268834,
				643.3140432098753,
				113.83479128299405,
				633.3226118613984,
				114.50088670622608,
				623.3311805129233,
				117.83136382238445,
				614.6719400109105,
				121.82793636177485,
				604.6805086624354,
				126.49060432439546,
				594.0229818907283,
				129.82108144055383,
				584.6976459654852,
				133.151558556714,
				576.0384054634724,
				138.48032194256666,
				566.0469741149973,
				142.47689448195706,
				557.3877336129844,
				147.1395624445795,
				527.6000000000004,
				166.5,
				452.50385423115586,
				242.34203721912672,
				239.8000000000011,
				481.3000000000011,
				185.5,
				557.0,
				109.30000000000109,
				682.6000000000004,
				106.23001565971026,
				701.5873362710463,
				112.2996710246789,
				713.7266470009836,
				57.30000000000109,
				776.0,
				82.0,
				814.0,
				138.623046875,
				872.8740234375,
				156.62466408953333,
				889.1193143627352,
				320.0,
				774.1000000000004,
				442.8000000000011,
				668.4000000000015,
				508.8759765625,
				604.017578125,
				603.7141435109315,
				490.9702951066447,
				591.5748327809943,
				525.1121065345906,
				581.5,
				566.1000000000004,
				565.8000000000011,
				883.1000000000004,
				558.9000000000015,
				961.0,
				824.3000000000011,
				989.5,
				1072.1000000000004,
				986.6000000000004,
				1340.800000000001,
				970.1000000000004,
				1327.300000000001,
				757.8000000000011,
				1304.1000000000004,
				629.3000000000011,
				1273.800000000001,
				525.9000000000015,
				1286.5,
				479.7000000000007,
				1395.0,
				581.0,
				1561.884765625,
				702.7255859375,
				1678.725979338893,
				764.1806572222831,
				1813.7758112094398,
				818.0488485863771,
				1820.0458984375,
				811.755859375,
				1825.8413587665382,
				814.9170750195917,
				1834.7983154683134,
				819.1321134674854,
				1846.3896712000242,
				811.2289163776841,
				1841.1208731401566,
				769.0785318987364,
				1859.0347865437088,
				756.4334165550517,
				1881.1637383951565,
				727.4550272257766,
				1870.0992624694318,
				716.9174311060397,
				1821.6000000000004,
				671.6000000000004,
				1830.4673634631017,
				638.2353083991893,
				1751.561843718513,
				535.0511671947261,
				1684.0369277832397,
				455.38694052951723,
				1583.12890625,
				343.857421875,
				1375.4000000000015,
				159.70000000000073
			]
		}
	],
	"metadata.model": {
		"metadata.model.gender": "FEMALE",
		"metadata.model.age": "40대",
		"metadata.model.job": "homemaker",
		"metadata.model.type": "back",
		"metadata.model.usually_size": "M",
		"metadata.model.body_height": "163",
		"metadata.model.waist_height": "97",
		"metadata.model.chest_size_male": "null",
		"metadata.model.breast_size_female": "88.0",
		"metadata.model.waist_size": "76",
		"metadata.model.hip_seize": "95",
		"metadata.model.back_length": "36",
		"metadata.model.shoulders_width": "44",
		"metadata.model.arm_length": "50",
		"metadata.model.weight": "58"
	},
	"metadata.clothes": {
		"metadata.clothes.type": "02top_01blouse",
		"metadata.clothes.season": "spring&fall",
		"metadata.clothes.fiber_composition": "Polyester,Nylon",
		"metadata.clothes.elasticity": "none",
		"metadata.clothes.transparency": "contain",
		"metadata.clothes.isfleece": "fleece_none",
		"metadata.clothes.color": "White",
		"metadata.clothes.washing_method": "none",
		"metadata.clothes.bleach": "none",
		"metadata.clothes.ironing": "none",
		"metadata.clothes.drycleaning": "none",
		"metadata.clothes.wringing": "none",
		"metadata.clothes.drying": "none",
		"metadata.clothes.top_length_type": "long",
		"metadata.clothes.sleeve_length_type": "long sleeves",
		"metadata.clothes.topneck_color_design": "round neck",
		"metadata.clothes.topsleeve_design": "puff sleeve",
		"metadata.clothes.pants_silhouette": "null",
		"metadata.clothes.skirt_design": "null",
		"metadata.top.front_length": "61.0",
		"metadata.top.chest_size": "102.0",
		"metadata.top.waist_size": "104.0",
		"metadata.top.hem_size": "104.0",
		"metadata.top.shoulder_width": "35.0",
		"metadata.top.sleeve_length": "62.0",
		"metadata.top.sleeve_cuff_size": "22.0",
		"metadata.pants.pants_length": "null",
		"metadata.pants.waist_size": "null",
		"metadata.pants.hip_size": "null",
		"metadata.pants.front_rise_length": "null",
		"metadata.pants.back_rise_length": "null",
		"metadata.pants.inner_seam_length": "null",
		"metadata.pants.pants_waist_size": "null",
		"metadata.skirt.length": "null",
		"metadata.skirt.waist_size": "null",
		"metadata.skirt.hip_size": "null",
		"metadata.skirt.hem_size": "null",
		"metadata.dress.front_length": "null",
		"metadata.dress.chest_size": "null",
		"metadata.dress.waist_size": "null",
		"metadata.dress.hip_size": "null",
		"metadata.dress.hem_size": "null",
		"metadata.dress.shoulder_width": "null",
		"metadata.dress.sleeve_length": "null",
		"metadata.dress.cuff_size": "null",
		"metadata.jumpsuit.front_length": "null",
		"metadata.jumpsuit.inner_seam_length": "null",
		"metadata.jumpsuit.chest_size": "null",
		"metadata.jumpsuit.waist_size": "null",
		"metadata.jumpsuit.hip_size": "null",
		"metadata.jumpsuit.shoulder_width": "null",
		"metadata.jumpsuit.sleeve_length": "null",
		"metadata.jumpsuit.cuffs_size": "null",
		"metadata.jumpsuit.front_rise_length": "null",
		"metadata.jumpsuit.back_rise_length": "null",
		"metadata.jumpsuit.pants_waist_size": "null"
	}
}