{
	"dataset": {
		"dataset.id": 133225,
		"dataset.name": "01_sou_026645_133225_wear_02top_01blouse_woman",
		"dataset.image_path": "./008.의류 통합 데이터(3-1)/원천데이터/상품/상의/blouse/01_sou_026645_133225_wear_02top_01blouse_woman.jpg",
		"dataset.label_path": "./008.의류 통합 데이터(3-1)/라벨링데이터/상품/상의/blouse/01_sou_026645_133225_wear_02top_01blouse_woman.json",
		"dataset.category": 5,
		"dataset.type": 1,
		"dataset.width": 607,
		"dataset.height": 1080,
		"dataset.file_size": 31635
	},
	"annotation": [
		{
			"annotation_type": "Polygon",
			"annotation_id": 14,
			"annotation_point_count": 200.0,
			"annotation_point": [
				251.95798137318525,
				378.3590534979412,
				244.3434589560311,
				399.93353367987766,
				238.8440816547536,
				417.70075265323794,
				229.53744314489813,
				438.85220381199906,
				224.8841238899713,
				454.9273066926562,
				217.6926304959925,
				468.8872644574403,
				210.924166125189,
				486.23145440762346,
				206.27084687026218,
				500.6144411955811,
				203.7326727312102,
				512.4592538444886,
				198.65632445310803,
				518.3816601689396,
				193.57997617500587,
				523.8810374702189,
				191.88786008230454,
				532.3416179337219,
				188.92665692007722,
				543.3403725362768,
				179.19698938704823,
				556.0312432315368,
				167.7752057613161,
				570.8372590426661,
				159.73765432098662,
				580.9899555988741,
				165.23703162226593,
				586.0663038769744,
				172.85155403941826,
				592.8347682477797,
				183.0042505956244,
				597.9111165258837,
				194.4260342213547,
				599.6032326185814,
				198.65632445310803,
				599.6032326185814,
				202.0,
				597.5,
				206.27084687026218,
				590.2965941087277,
				207.53993393978817,
				578.0287524366468,
				207.53993393978817,
				567.4530268572671,
				217.6926304959925,
				554.3391271388355,
				224.8841238899713,
				543.3403725362768,
				232.9216753303008,
				522.1889213775175,
				241.3000000000011,
				504.0,
				242.22831384015626,
				525.5731535629202,
				242.6513428633316,
				549.6858078839068,
				242.22831384015626,
				564.0687946718645,
				238.42105263157828,
				586.0663038769744,
				235.8828784925263,
				600.0262616417567,
				232.0,
				610.0,
				231.966796875,
				619.8359375,
				236.7271195160647,
				624.0855096366067,
				240.80726055749255,
				627.6556330478561,
				244.37738396874192,
				629.5256976918427,
				249.98757790070522,
				632.0757858427351,
				254.7477424490371,
				633.2658269798158,
				259.507906997369,
				634.6258739936275,
				261.88798927153584,
				635.135891623806,
				262.7000000000007,
				635.9000000000015,
				262.5680127784399,
				641.0860973092203,
				263.4180421620713,
				643.6361854601128,
				264.77808917587936,
				645.846261857554,
				267.1581714500462,
				647.5463206248132,
				269.53825372421306,
				648.7363617618976,
				272.258347751831,
				649.7563970222545,
				274.63843002599606,
				650.7764322826115,
				276.84850642343736,
				651.9664734196958,
				279.2285886976024,
				653.1565145567765,
				281.4386650950437,
				653.8365380636824,
				284.3000000000011,
				654.7999999999993,
				286.90000000000146,
				655.4000000000015,
				289.40000000000146,
				655.9000000000015,
				292.10000000000036,
				656.2000000000007,
				294.5,
				656.6000000000022,
				297.2492116305748,
				656.7266379680259,
				299.7992997814672,
				657.0666497214806,
				302.68939968581253,
				657.0666497214806,
				305.23948783670494,
				656.7266379680259,
				307.40000000000146,
				655.1000000000022,
				310.3000000000011,
				654.9000000000015,
				313.2000000000007,
				655.1000000000022,
				315.9498580704512,
				655.5365968309452,
				318.49994622134363,
				655.8766085843963,
				321.2200402489634,
				656.2166203378474,
				324.2801460300343,
				656.5566320913022,
				326.66022830419934,
				656.5566320913022,
				329.8903399619976,
				656.5566320913022,
				332.27042223616263,
				656.5566320913022,
				335.3305280172335,
				656.5566320913022,
				338.22062792157885,
				656.5566320913022,
				340.9407219491968,
				656.5566320913022,
				343.83082185354215,
				656.7266379680259,
				346.40000000000146,
				656.4000000000015,
				349.40000000000146,
				656.0,
				352.3000000000011,
				655.7000000000007,
				355.10000000000036,
				655.7999999999993,
				357.60000000000036,
				655.2999999999993,
				360.60000000000036,
				655.0,
				362.60000000000036,
				654.7999999999993,
				365.9315858279406,
				654.686567447312,
				368.481673978833,
				654.1765498171335,
				371.20176800645277,
				653.4965263102313,
				373.5,
				652.5,
				376.3000000000011,
				652.4000000000015,
				379.02203833585554,
				652.646496926598,
				381.57212648674795,
				651.6264616662411,
				383.6121970074619,
				649.7563970222545,
				384.97224402126994,
				647.5463206248132,
				385.82227340490135,
				644.9962324739208,
				386.5022969118054,
				642.4461443230284,
				387.18232041871124,
				639.896056172136,
				388.03234980234083,
				637.1759621445199,
				388.2023556790682,
				634.6258739936275,
				388.2023556790682,
				631.9057799660077,
				388.2023556790682,
				629.1856859383879,
				387.8623439256153,
				626.4655919107718,
				385.6522675281758,
				616.4352451839295,
				383.952208760913,
				603.5147985527401,
				381.91213824019906,
				590.2543401680996,
				377.8319971987712,
				579.033952304173,
				374.9560546875,
				568.197265625,
				378.5,
				553.1000000000022,
				379.6145070079965,
				541.3234565119965,
				381.047779327997,
				520.8993259519957,
				382.8393697279971,
				498.6836049919966,
				383.9143239679961,
				482.2009733119976,
				388.0,
				464.0,
				397.0,
				499.0,
				406.9326171875,
				545.859375,
				408.22262251519896,
				569.9387383807989,
				410.802512691198,
				599.1774937087976,
				413.38240286719883,
				618.0966883328001,
				421.12207339519955,
				640.8857182207976,
				427.57179883519893,
				662.8147847168002,
				434.8814876671986,
				685.6038146047977,
				440.4712497151995,
				680.874015948797,
				448.64090193919947,
				678.724107468799,
				455.5206090751981,
				677.0041806847985,
				466.2701514751989,
				677.4341623807995,
				477.01969387519966,
				677.4341623807995,
				486.0493094911981,
				677.4341623807995,
				489.05918136319815,
				677.0041806847985,
				486.90927288319835,
				654.2151507967974,
				481.31951083519925,
				635.7259378687995,
				479.16960235519946,
				608.6370910207988,
				477.44921875,
				590.578125,
				468.42005995519867,
				556.6093058047991,
				461.54035281919823,
				532.1003491327974,
				455.9501953125,
				510.6015625,
				451.2207921151985,
				482.6524540927985,
				448.64090193919947,
				460.7233875967995,
				446.0610117631986,
				442.66415636479906,
				434.0215242751983,
				400.525950156798,
				427.57179883519893,
				378.596883660799,
				420.6920916991985,
				353.6579452927981,
				414.76951404682404,
				332.2445813429076,
				413.3006632719098,
				330.28611364302196,
				412.07662095948217,
				327.1036036307087,
				409.3837278721403,
				323.6762851559106,
				406.6908347847984,
				320.9833920685669,
				403.75313323496994,
				318.290498981225,
				400.08100629768524,
				316.08722281885457,
				396.89849628537195,
				313.8839466564841,
				393.2263693480854,
				311.92547895659845,
				389.5542424108007,
				310.4566281816842,
				385.882115473516,
				308.98777740676996,
				381.9651800737465,
				308.00854355682714,
				378.0482446739752,
				306.7845012443995,
				374.6209261991753,
				306.0500758569433,
				371.193359375,
				305.8056640625,
				368.48602612928516,
				298.77436835186745,
				365.84209473444025,
				293.4865055621776,
				363.1981633395935,
				285.5547113776429,
				359.9666916347833,
				285.2609412226593,
				353.2099780701792,
				288.49241292746956,
				345.27818388564447,
				292.6051950972287,
				337.6401598560915,
				297.01174742197145,
				329.70836567155675,
				301.41829974671236,
				322.6578819519691,
				306.99993269138577,
