{
	"dataset": {
		"dataset.id": 409088,
		"dataset.name": "01_sou_081818_409088_wear_02top_01blouse_woman",
		"dataset.image_path": "./008.의류 통합 데이터(3-1)/원천데이터/상품/상의/blouse/01_sou_081818_409088_wear_02top_01blouse_woman.jpg",
		"dataset.label_path": "./008.의류 통합 데이터(3-1)/라벨링데이터/상품/상의/blouse/01_sou_081818_409088_wear_02top_01blouse_woman.json",
		"dataset.category": 5,
		"dataset.type": 1,
		"dataset.width": 3024,
		"dataset.height": 4032,
		"dataset.file_size": 833892
	},
	"annotation": [
		{
			"annotation_type": "Polygon",
			"annotation_id": 163,
			"annotation_point_count": 209.0,
			"annotation_point": [
				1091.0,
				1600.0,
				1024.0,
				1666.0,
				993.0,
				1758.0,
				879.9000000000015,
				1848.0,
				931.9314654752416,
				1895.872200648595,
				941.065458543846,
				1886.7382075799906,
				962.378109037254,
				1903.4838615390981,
				991.3024204211688,
				1936.9751694573133,
				1041.5390625,
				1964.376953125,
				1079.5976867510071,
				1984.1674669784334,
				1096.34375,
				1947.630859375,
				1140.4909738750357,
				1863.9032249084812,
				1193.7726001085575,
				1810.6215986749557,
				1244.0095619858803,
				1752.7729759071299,
				1244.0095619858803,
				1732.9826575918232,
				1244.009765625,
				1702.53515625,
				1270.0,
				1687.0,
				1300.3359375,
				1754.294921875,
				1300.3358525756084,
				1783.219619469146,
				1298.813520397507,
				1799.9652734282536,
				1306.4251812880102,
				1833.4565813464687,
				1326.2154996033169,
				1914.140186785804,
				1324.6931674252191,
				1933.9305051011106,
				1275.0,
				2035.0,
				1239.0,
				2201.0,
				1234.693359375,
				2270.9375,
				1230.4650343012872,
				2295.251818872821,
				1229.4078591776051,
				2339.6531740674254,
				1233.63655967233,
				2341.767524314786,
				1233.63655967233,
				2349.1677501805534,
				1252.6657118985895,
				2361.8538516647277,
				1312.9246939484074,
				2372.425602901538,
				1375.2980262455894,
				2376.6543033962625,
				1408.0704550796981,
				2371.3684277778557,
				1458.814861016388,
				2371.3684277778557,
				1529.6455943030196,
				2357.625151170003,
				1562.418023137132,
				2351.2821004279176,
				1576.1612997449847,
				2360.7966765410456,
				1593.0761017238801,
				2367.139727283131,
				1626.9057056816746,
				2366.0825521594525,
				1669.192710628915,
				2359.7395014173635,
				1715.70841607088,
				2361.8538516647277,
				1745.3093195339497,
				2366.0825521594525,
				1759.0525961418025,
				2361.8538516647277,
				1782.3104488627869,
				2360.7966765410456,
				1807.6826518311282,
				2360.7966765410456,
				1847.855306531008,
				2366.0825521594525,
				1862.6557582625428,
				2362.91102678841,
				1897.5425373440194,
				2354.4536257989603,
				1934.5436666728529,
				2343.88187456215,
				1952.5156437754304,
				2336.4816486963828,
				1952.5156437754304,
				2241.3358875650883,
				1953.5728188991125,
				2183.191255762631,
				1956.7443442701551,
				2149.36165180484,
				1956.7443442701551,
				2112.360522476003,
				1950.4012935280698,
				2086.988319507658,
				1940.8867174149418,
				2057.3874160445885,
				1934.5436666728529,
				2044.7013145604178,
				1927.1434408070854,
				2010.8717106026234,
				1915.5145144465969,
				1973.8705812737899,
				1893.3138368492946,
				1919.9546499660573,
				1891.1994866019304,
				1898.8111474924335,
				1897.5425373440194,
				1886.1250460082629,
				1901.7712378387405,
				1813.1799624742707,
				1894.371011972973,
				1784.6362341348831,
				1898.5997124676978,
				1721.2057267140226,
				1904.9427632097832,
				1736.0061784455575,
				1916.5716895702753,
				1748.692279929728,
				1929.2577910544496,
				1758.206856042856,
				1932.4293164254923,
				1773.007307774391,
				1936.658016920217,
				1788.864934629608,
				1940.8867174149418,
				1804.7225614848248,
				1949.3441184043877,
				1818.4658380926776,
				1962.030219888562,
				1827.9804142058056,
				1975.7734964964147,
				1837.4949903189336,
				1989.5167731042675,
				1847.0095664320652,
				2004.3172248358023,
				1855.466967421511,
				2013.8318009489303,
				1869.2102440293675,
				2015.9461511962945,
				1885.0678708845808,
				2017.003326319973,
				1900.9254977397977,
				2018.060501443655,
				1916.783124595011,
				2022.2892019383798,
				1932.640751450228,
				2028.6322526804652,
				1946.3840280580807,
				2037.0896536699147,
				1963.2988300369761,
				2049.7757551540853,
				1973.8705812737899,
				2064.57620688562,
				1975.9849315211504,
				2079.376658617155,
				1974.9277563974683,
				2095.234285472372,
				1970.6990559027436,
				2112.1490874512674,
				1964.3560051606582,
				2126.9495391828023,
				1956.9557792948908,
				2141.749990914337,
				1951.6699036764876,
				2156.550442645872,
				1943.212502687038,
				2170.2937192537247,
				1935.8122768212706,
				2185.0941709852596,
				1928.4120509555032,
				2197.78027246943,
				1917.8402997186931,
				2211.523549077283,
				1907.268548481883,
				2223.152475437775,
				1896.696797245073,
				2231.6098764272247,
				1892.4680967503482,
				2235.8385769219494,
				1885.0678708845808,
				2235.8385769219494,
				1870.267419153046,
				2232.667051550903,
				1860.752843039918,
				2225.2668256851393,
				1847.0095664320652,
				2206.2376734588797,
				1804.7225614848248,
				2187.20852123262,
				1773.007307774391,
				2160.779296875,
				1747.634765625,
				2168.0736514939927,
				1742.0320766505392,
				2169.8708492042533,
				1729.6631277034685,
				2172.513787013453,
				1714.7569584595658,
				2176.8482050205457,
				1700.5908118022417,
				2181.288340540006,
				1687.3761227562281,
				2176.8482050205457,
				1674.1614337102146,
				2163.633515974532,
				1673.3156936112719,
				2153.061764737722,
				1665.3868801836616,
				2146.0844089214297,
				1653.0179312365944,
				2139.001335592766,
				1638.9575020916382,
				2131.072522165159,
				1627.5400107558817,
				2122.297968638606,
				1616.9682595190716,
				2114.369155210996,
				1606.3965082822615,
				2105.4888841720785,
				1594.0275593351944,
				2099.3572684547253,
				1581.6586103881236,
				2096.7143306455255,
				1568.4439213421138,
				2098.5115283557825,
				1555.2292322961002,
				2106.440341783389,
				1543.8117409603437,
				2105.4888841720785,
				1530.5970519143302,
				2097.5600707444682,
				1520.8710407764665,
				2086.988319507658,
				1508.6078093417673,
				2081.702443889255,
				1495.3931202957538,
				2075.5708281719053,
				1483.0241713486867,
				2071.130692652445,
				1469.8094823026731,
				2065.844817034038,
				1457.4405333556024,
				2060.558941415631,
				1443.380104210646,
				2056.224523408542,
				1431.9626128748896,
				2049.987190178821,
				1417.7964662175655,
				2044.7013145604178,
				1405.5332347828662,
				2039.415438942011,
				1393.164285835799,
				2034.1295633236077,
				1380.7953368887283,
				2027.997947606258,
				1367.5806478427148,
				2023.5578120867976,
				1355.3174164080156,
				2007.7001852315807,
				1320.9592248883819,
				2002.4143096131775,
				1309.4360160402612,
				1995.4369537968814,
				1297.1727846055583,
				1986.5566827579605,
				1286.6010333687482,
				1976.9363891324647,
				1276.8750222308845,
				1967.2103779945974,
				1267.1490110930172,
				1955.7928866588409,
				1259.2201976654105,
				1942.578197612831,
				1253.088581948061,
				1932.006446376021,
				1246.005508619397,
				1919.6374974289502,
				1239.0281528031046,
				1906.4228083829366,
				1234.5880172836441,
				1895.0053170471838,
				1229.3021416652373,
				1880.839170389856,
				1224.0162660468304,
				1867.6244813438461,
				1221.3733282376306,
				1854.4097922978326,
				1219.5761305273736,
				1841.195103251819,
				1217.8846503294808,
				1827.9804142058056,
				1214.2902549089667,
				1814.765725159792,
				1210.8015770008205,
				1801.5510361137785,
				1207.3128990926707,
				1788.3363470677687,
				1205.5157013824137,
				1775.1216580217551,
				1204.669961283471,
				1774.2759179228087,
				1204.669961283471,
