{
	"dataset": {
		"dataset.id": 408007,
		"dataset.name": "01_sou_081602_408007_back_02top_01blouse_woman",
		"dataset.image_path": "./008.의류 통합 데이터(3-1)/원천데이터/상품/상의/blouse/01_sou_081602_408007_back_02top_01blouse_woman.jpg",
		"dataset.label_path": "./008.의류 통합 데이터(3-1)/라벨링데이터/상품/상의/blouse/01_sou_081602_408007_back_02top_01blouse_woman.json",
		"dataset.category": 5,
		"dataset.type": 1,
		"dataset.width": 2222,
		"dataset.height": 1645,
		"dataset.file_size": 251890
	},
	"annotation": [
		{
			"annotation_type": "Polygon",
			"annotation_id": 82,
			"annotation_point_count": 106.0,
			"annotation_point": [
				1118.017578125,
				93.6025390625,
				1090.4408864474753,
				86.59886324615763,
				1075.6000000000004,
				96.70000000000073,
				1008.5857177653816,
				89.22523229478065,
				985.3861245025419,
				92.72705769294589,
				975.3183764828191,
				89.66296046955176,
				958.7000000000007,
				98.30000000000109,
				909.1000000000004,
				159.0,
				779.111328125,
				206.7724609375,
				771.7572660875157,
				208.34857777683828,
				764.4034327513709,
				211.50022063518554,
				757.0495994152261,
				214.6518634935328,
				749.6957660790813,
				218.32878016160612,
				741.8166589332104,
				221.48042301995338,
				733.9375517873414,
				224.63206587830246,
				727.108992260919,
				229.35953016582425,
				719.7551589247742,
				233.03644683389757,
				712.4013255886293,
				235.6628158825206,
				705.5727660622088,
				239.86500636031815,
				699.2694803455124,
				244.59247064783995,
				691.9156470093676,
				249.31993493536174,
				685.087087482947,
				254.04739922288354,
				677.7332541468004,
				257.72431589095686,
				671.4299684301059,
				262.9770539882029,
				664.6014089036835,
				269.28033970489923,
				658.8233969967132,
				275.0583516118695,
				653.0453850897411,
				280.8363635188416,
				647.7926469924951,
				287.6649230452622,
				642.014635085523,
				292.9176611425082,
				635.7113493688285,
				298.1703992397561,
				628.882789842406,
				303.4231373370021,
				624.1553255548843,
				310.2516968634227,
				617.8520398381897,
				315.50443496067055,
				611.5487541214934,
				322.85826829681537,
				470.2000000000007,
				493.0,
				231.3000000000011,
				813.8000000000011,
				26.5,
				1101.300000000001,
				196.48789515325552,
				1210.6865669696454,
				260.781409463556,
				1142.6110812293282,
				376.13153807909293,
				1019.0666811820865,
				396.9323809441903,
				1008.9814240353735,
				430.97012381434797,
				976.2043383085547,
				495.2636381246484,
				918.2141097149506,
				516.6948095614134,
				879.1337382714355,
				541.908203125,
				852.66015625,
				617.5478515625,
				660.41015625,
				623.8506667452457,
				658.5187381870746,
				636.4572381786384,
				649.6941381837005,
				638.9785524653162,
				672.3859667638062,
				633.9359238919606,
				867.1574954097123,
				629.5236238902726,
				957.2944811584657,
				629.5236238902726,
				1027.2609526137912,
				598.4000000000015,
				1299.6000000000004,
				595.9000000000015,
				1386.0,
				607.0839267388346,
				1433.5707499120163,
				641.7519981806636,
				1456.8929070637914,
				700.3720703125,
				1477.693359375,
				946.0,
				1477.0,
				1101.800000000001,
				1465.800000000001,
				1571.1000000000004,
				1392.1000000000004,
				1722.4000000000015,
				1349.5,
				1772.5615234375,
				1313.80859375,
				1793.992627192696,
				1253.9271069861807,
				1797.1442700510433,
				1202.8704926809423,
				1790.2106557626776,
				1156.8565069490614,
				1751.1302843191625,
				1090.0416783520832,
				1702.6000000000004,
				960.8000000000011,
				1633.0,
				771.2000000000007,
				1612.2000000000007,
				705.4000000000015,
				1658.800000000001,
				752.8000000000011,
				1841.0,
				884.0,
				2063.2000000000007,
				1056.300000000001,
				2109.300000000001,
				1003.3000000000011,
				2206.2000000000007,
				894.2000000000007,
				2193.0,
				884.0,
				1981.5,
				709.0,
				1738.0,
				462.0,
				1511.3427901798495,
				262.9770539882029,
				1502.9384092242544,
				256.1484944617823,
				1496.1098496978339,
				251.42103017426052,
				1489.2812901714133,
				247.21883969646296,
				1482.4527306449927,
				243.0166492186654,
				1475.0988973088479,
				239.3397325505921,
				1468.2703377824273,
				235.13754207279635,
				1460.9165044462807,
				231.46062540472303,
				1454.08794491986,
				227.25843492692547,
				1446.7341115837153,
				223.58151825885216,
				1439.9055520572947,
				219.90460159078066,
				1432.0264449114238,
				216.22768492270734,
				1424.672611575279,
				212.55076825463402,
				1417.8440520488584,
				209.39912539628676,
				1411.0154925224379,
				205.1969349184892,
				1403.661659186293,
				200.99474444069165,
				1396.8330996598725,
				197.8431015823444,
				1388.9539925140016,
				195.7420063434456,
				1381.0748853681325,
				192.0650896753723,
				1373.721052031986,
				188.91344681702503,
				1365.8419448861168,
				188.3881730073008,
				1357.962837740246,
				186.81235157812625,
				1350.083730594377,
				184.18598252950324,
				1342.204623448506,
				182.6101611003287,
				1334.8507901123612,
				179.45851824198144,
				1326.9716829664903,
				177.8826968128069,
				1317.5167543914467,
				174.73105395445964,
				1308.0615234375,
				172.1044921875,
				1180.0,
				140.0
			]
		}
	],
	"metadata.model": {
		"metadata.model.gender": "FEMALE",
		"metadata.model.age": "20대",
		"metadata.model.job": "service job",
		"metadata.model.type": "back",
		"metadata.model.usually_size": "S",
		"metadata.model.body_height": "163",
		"metadata.model.waist_height": "98",
		"metadata.model.chest_size_male": "null",
		"metadata.model.breast_size_female": "84.0",
		"metadata.model.waist_size": "76",
		"metadata.model.hip_seize": "90",
		"metadata.model.back_length": "40",
		"metadata.model.shoulders_width": "40",
		"metadata.model.arm_length": "53",
		"metadata.model.weight": "45"
	},
	"metadata.clothes": {
		"metadata.clothes.type": "02top_01blouse",
		"metadata.clothes.season": "spring&fall",
		"metadata.clothes.fiber_composition": "Cotton",
		"metadata.clothes.elasticity": "none at all",
		"metadata.clothes.transparency": "none at all",
		"metadata.clothes.isfleece": "fleece_none",
		"metadata.clothes.color": "Pink",
		"metadata.clothes.washing_method": "none",
		"metadata.clothes.bleach": "none",
		"metadata.clothes.ironing": "Ironing 80~120℃ : Place a cloth between the iron and textile",
		"metadata.clothes.drycleaning": "DRYCLEAN",
		"metadata.clothes.wringing": "none",
		"metadata.clothes.drying": "none",
		"metadata.clothes.top_length_type": "long",
		"metadata.clothes.sleeve_length_type": "long sleeves",
		"metadata.clothes.topneck_color_design": "shirts collar",
		"metadata.clothes.topsleeve_design": "shirt sleeve",
		"metadata.clothes.pants_silhouette": "null",
		"metadata.clothes.skirt_design": "null",
		"metadata.top.front_length": "82.0",
		"metadata.top.chest_size": "88.0",
		"metadata.top.waist_size": "108.0",
		"metadata.top.hem_size": "126.0",
		"metadata.top.shoulder_width": "47.0",
		"metadata.top.sleeve_length": "72.0",
		"metadata.top.sleeve_cuff_size": "24.0",
		"metadata.pants.pants_length": "null",
		"metadata.pants.waist_size": "null",
		"metadata.pants.hip_size": "null",
		"metadata.pants.front_rise_length": "null",
		"metadata.pants.back_rise_length": "null",
		"metadata.pants.inner_seam_length": "null",
		"metadata.pants.pants_waist_size": "null",
		"metadata.skirt.length": "null",
		"metadata.skirt.waist_size": "null",
		"metadata.skirt.hip_size": "null",
		"metadata.skirt.hem_size": "null",
		"metadata.dress.front_length": "null",
		"metadata.dress.chest_size": "null",
		"metadata.dress.waist_size": "null",
		"metadata.dress.hip_size": "null",
		"metadata.dress.hem_size": "null",
		"metadata.dress.shoulder_width": "null",
		"metadata.dress.sleeve_length": "null",
		"metadata.dress.cuff_size": "null",
		"metadata.jumpsuit.front_length": "null",
		"metadata.jumpsuit.inner_seam_length": "null",