{
	"dataset": {
		"dataset.id": 62312,
		"dataset.name": "01_sou_012463_062312_back_02top_01blouse_woman",
		"dataset.image_path": "./008.의류 통합 데이터(3-1)/원천데이터/상품/상의/blouse/01_sou_012463_062312_back_02top_01blouse_woman.jpg",
		"dataset.label_path": "./008.의류 통합 데이터(3-1)/라벨링데이터/상품/상의/blouse/01_sou_012463_062312_back_02top_01blouse_woman.json",
		"dataset.category": 5,
		"dataset.type": 1,
		"dataset.width": 4032,
		"dataset.height": 2268,
		"dataset.file_size": 1138871
	},
	"annotation": [
		{
			"annotation_type": "Polygon",
			"annotation_id": 130,
			"annotation_point_count": 67.0,
			"annotation_point": [
				2467.7066666666688,
				205.3066666666673,
				2387.4400000000023,
				214.63999999999942,
				2325.84,
				220.2400000000016,
				2251.173333333336,
				216.50666666666802,
				2169.0390625,
				205.306640625,
				2122.0,
				193.0,
				2108.0,
				173.0,
				2018.5,
				205.70000000000073,
				1883.4400000000023,
				251.97333333333518,
				1866.6399999999994,
				266.9066666666695,
				1842.373333333333,
				283.70666666666875,
				1818.1066666666666,
				300.506666666668,
				1797.5733333333337,
				321.0400000000009,
				1771.4400000000023,
				334.10666666666657,
				1745.3066666666673,
				345.3066666666673,
				1719.173333333336,
				356.506666666668,
				1693.0400000000009,
				367.70666666666875,
				1670.6399999999994,
				384.506666666668,
				1646.373333333333,
				401.3066666666673,
				1629.5733333333337,
				425.5733333333337,
				1614.6399999999994,
				451.70666666666875,
				1597.83984375,
				474.107421875,
				1609.0,
				940.0,
				1602.0,
				1057.1000000000022,
				1582.0,
				1255.0,
				1573.5,
				1332.7000000000007,
				1568.0,
				1452.0,
				1550.9000000000015,
				1730.7000000000007,
				1540.0,
				1832.0,
				1568.0,
				1924.0,
				1949.0,
				1924.0,
				2246.0,
				1915.2000000000007,
				2593.0,
				1911.5,
				2780.0,
				1924.0,
				3071.0,
				1933.7000000000007,
				3098.5,
				1918.5,
				3128.300000000003,
				1824.1000000000022,
				3081.6288124594466,
				1238.2803374432224,
				3072.5438027255077,
				1072.9331602855345,
				3068.9097988319336,
				980.2660609993545,
				3076.1778066190855,
				878.5139519792392,
				3085.2628163530244,
				827.6378974691816,
				3094.34765625,
				774.9453125,
				3098.0,
				731.0,
				3107.300000000003,
				639.0,
				3117.3066666666673,
				457.3066666666673,
				3126.600000000002,
				420.0,
				3121.100000000002,
				401.3000000000029,
				3087.4400000000023,
				386.373333333333,
				3059.4400000000023,
				377.0400000000009,
				3035.173333333336,
				360.2400000000016,
				3012.7733333333344,
				343.4400000000023,
				2988.506666666668,
				328.506666666668,
				2966.1066666666666,
				311.70666666666875,
				2943.7066666666688,
				293.0400000000009,
				2919.4400000000023,
				276.2400000000016,
				2895.173333333336,
				261.3066666666673,
				2870.9066666666695,
				242.63999999999942,
				2846.6399999999994,
				229.57333333333372,
				2818.6399999999994,
				218.373333333333,
				2792.506666666668,
				209.04000000000087,
				2764.506666666668,
				203.44000000000233,
				2734.6399999999994,
				194.10666666666657,
				2708.505859375,
				188.505859375,
				2589.040000000001,
				143.70666666666875,
				2589.040000000001,
				147.44000000000233,
				2570.373046875,
				167.97265625
			]
		}
	],
	"metadata.model": {
		"metadata.model.gender": "FEMALE",
		"metadata.model.age": "20대",
		"metadata.model.job": "university student/graduate student",
		"metadata.model.type": "back",
		"metadata.model.usually_size": "M",
		"metadata.model.body_height": "166",
		"metadata.model.waist_height": "98",
		"metadata.model.chest_size_male": "null",
		"metadata.model.breast_size_female": "87.0",
		"metadata.model.waist_size": "63",
		"metadata.model.hip_seize": "93",
		"metadata.model.back_length": "42",
		"metadata.model.shoulders_width": "38",
		"metadata.model.arm_length": "52",
		"metadata.model.weight": "54"
	},
	"metadata.clothes": {
		"metadata.clothes.type": "02top_01blouse",
		"metadata.clothes.season": "summer",
		"metadata.clothes.fiber_composition": "Viscos rayon,Nylon",
		"metadata.clothes.elasticity": "contain",
		"metadata.clothes.transparency": "none at all",
		"metadata.clothes.isfleece": "fleece_none",
		"metadata.clothes.color": "Brown",
		"metadata.clothes.washing_method": "Hand Washing30",
		"metadata.clothes.bleach": "Do not Oxygen bleach",
		"metadata.clothes.ironing": "Ironing 80~120℃ : Place a cloth between the iron and textile",
		"metadata.clothes.drycleaning": "none",
		"metadata.clothes.wringing": "none",
		"metadata.clothes.drying": "Drip dry in shade",
		"metadata.clothes.top_length_type": "long",
		"metadata.clothes.sleeve_length_type": "short sleeves",
		"metadata.clothes.topneck_color_design": "V-neck",
		"metadata.clothes.topsleeve_design": "basic sleeve",
		"metadata.clothes.pants_silhouette": "null",
		"metadata.clothes.skirt_design": "null",
		"metadata.top.front_length": "58.0",
		"metadata.top.chest_size": "104.0",
		"metadata.top.waist_size": "104.0",
		"metadata.top.hem_size": "104.0",
		"metadata.top.shoulder_width": "50.0",
		"metadata.top.sleeve_length": "0.0",
		"metadata.top.sleeve_cuff_size": "0.0",
		"metadata.pants.pants_length": "null",
		"metadata.pants.waist_size": "null",
		"metadata.pants.hip_size": "null",
		"metadata.pants.front_rise_length": "null",
		"metadata.pants.back_rise_length": "null",
		"metadata.pants.inner_seam_length": "null",
		"metadata.pants.pants_waist_size": "null",
		"metadata.skirt.length": "null",
		"metadata.skirt.waist_size": "null",
		"metadata.skirt.hip_size": "null",
		"metadata.skirt.hem_size": "null",
		"metadata.dress.front_length": "null",
		"metadata.dress.chest_size": "null",
		"metadata.dress.waist_size": "null",
		"metadata.dress.hip_size": "null",
		"metadata.dress.hem_size": "null",
		"metadata.dress.shoulder_width": "null",
		"metadata.dress.sleeve_length": "null",
		"metadata.dress.cuff_size": "null",
		"metadata.jumpsuit.front_length": "null",
		"metadata.jumpsuit.inner_seam_length": "null",
		"metadata.jumpsuit.chest_size": "null",
		"metadata.jumpsuit.waist_size": "null",
		"metadata.jumpsuit.hip_size": "null",
		"metadata.jumpsuit.shoulder_width": "null",
		"metadata.jumpsuit.sleeve_length": "null",
		"metadata.jumpsuit.cuffs_size": "null",
		"metadata.jumpsuit.front_rise_length": "null",
		"metadata.jumpsuit.back_rise_length": "null",
		"metadata.jumpsuit.pants_waist_size": "null"
	}
}