{
	"dataset": {
		"dataset.id": 495890,
		"dataset.name": "01_sou_099178_495890_wear_02top_01blouse_woman",
		"dataset.image_path": "./008.의류 통합 데이터(3-1)/원천데이터/상품/상의/blouse/01_sou_099178_495890_wear_02top_01blouse_woman.jpg",
		"dataset.label_path": "./008.의류 통합 데이터(3-1)/라벨링데이터/상품/상의/blouse/01_sou_099178_495890_wear_02top_01blouse_woman.json",
		"dataset.category": 5,
		"dataset.type": 1,
		"dataset.width": 2268,
		"dataset.height": 4032,
		"dataset.file_size": 918338
	},
	"annotation": [
		{
			"annotation_type": "Polygon",
			"annotation_id": 15,
			"annotation_point_count": 89.0,
			"annotation_point": [
				1061.1000000000022,
				1131.4000000000015,
				1033.02734375,
				1112.3984375,
				994.3664717348947,
				1123.7686809616644,
				982.9954515919453,
				1128.3170890188449,
				951.1565951916855,
				1137.4139051332058,
				927.39453125,
				1136.916015625,
				912.9173284720746,
				1147.4446189204173,
				905.0207867061363,
				1151.3928898033846,
				894.4920643515543,
				1156.6572509806756,
				887.9116128799396,
				1161.9216121579702,
				876.0668002310304,
				1169.818153923905,
				865.5380778764484,
				1177.7146956898432,
				861.589806993481,
				1185.6112374557815,
				845.7967234616044,
				1200.0882306933345,
				839.2162719899898,
				1210.6169530479165,
				827.3714593410841,
				1222.461765696822,
				816.8427369865021,
				1235.6226686400514,
				808.9461952205638,
				1244.8353007003134,
				802.3657437489492,
				1252.731842466248,
				794.4692019830109,
				1265.8927454094774,
				733.2000000000007,
				1342.4000000000015,
				680.5263157894733,
				1412.5925925925949,
				655.5,
				1449.0,
				685.07421875,
				1499.01171875,
				703.2683560753758,
				1469.447693307342,
				719.1877842755057,
				1448.9798570500352,
				735.1072124756356,
				1458.0766731643926,
				760.1234567901229,
				1446.7056530214431,
				794.2365172189748,
				1453.528265107212,
				810.1559454191047,
				1467.1734892787536,
				832.8979857050035,
				1487.641325536064,
				832.8979857050035,
				1501.2865497076018,
				832.8979857050035,
				1514.9317738791433,
				853.3658219623139,
				1539.9480181936342,
				853.3658219623139,
				1553.593242365172,
				835.1721897335956,
				1564.964262508125,
				823.7999999999993,
				1587.7000000000007,
				844.2690058479529,
				1587.706302794024,
				857.9142300194944,
				1583.1578947368434,
				876.1000000000022,
				1571.7999999999993,
				876.2999999999993,
				1708.7000000000007,
				893.2999999999993,
				1749.2000000000007,
				867.6000000000022,
				1805.7000000000007,
				865.0,
				1876.0,
				823.0,
				1977.0,
				812.4000000000015,
				2128.2000000000007,
				867.0110461338554,
				2147.160493827163,
				948.8823911630934,
				2149.4346978557514,
				1012.5601039636131,
				2142.6120857699825,
				1089.5,
				2136.0,
				1157.1000000000022,
				2132.2000000000007,
				1199.0448343079916,
				2126.6926575698526,
				1267.2709551656917,
				2128.966861598441,
				1321.851851851854,
				2128.966861598441,
				1358.2391163092943,
				2131.241065627033,
				1383.2553606237816,
				2124.4184535412605,
				1405.997400909684,
				2138.063677712802,
				1433.2999999999993,
				2133.5,
				1423.7999999999993,
				1841.0,
				1428.739441195583,
				1769.642625081222,
				1433.2878492527634,
				1705.9649122807023,
				1441.7000000000007,
				1662.2000000000007,
				1465.1000000000022,
				1656.2999999999993,
				1494.7000000000007,
				1642.2999999999993,
				1517.43359375,
				1619.544921875,
				1505.0,
				1591.2999999999993,
				1509.0,
				1576.6000000000022,
				1487.0,
				1489.9000000000015,
				1456.9000000000015,
				1388.4000000000015,
				1444.6588693957128,
				1344.3664717348947,
				1435.5620532813518,
				1319.3502274204038,
				1426.4652371669945,
				1303.430799220274,
				1409.7999999999993,
				1279.4000000000015,
				1399.7999999999993,
				1251.0,
				1384.2000000000007,
				1246.2999999999993,
				1374.1585445094242,
				1237.4788823911658,
				1360.5133203378828,
				1230.6562703053933,
				1342.0,
				1223.7999999999993,
				1319.578125,
				1214.736328125,
				1299.1098115659515,
				1194.269005847953,
				1308.9000000000015,
				1229.7999999999993,
				1312.755035737493,
				1269.3177387914257,
				1294.5614035087747,
				1296.608187134505,
				1246.803118908385,
				1298.8823911630934,
				1224.0610786224825,
				1278.414554905783,
				1192.2222222222226,
				1253.3983105912957,
				1160.3833658219628,
				1226.1078622482128,
				1142.189453125,
				1205.640625,
				1110.7000000000007,
				1171.2999999999993
			]
		}
	],
	"metadata.model": {
		"metadata.model.gender": "FEMALE",
		"metadata.model.age": "30대",
		"metadata.model.job": "entertainment and sports",
		"metadata.model.type": "wear",
		"metadata.model.usually_size": "XL",
		"metadata.model.body_height": "165",
		"metadata.model.waist_height": "94",
		"metadata.model.chest_size_male": "null",
		"metadata.model.breast_size_female": "90.0",
		"metadata.model.waist_size": "89",
		"metadata.model.hip_seize": "105",
		"metadata.model.back_length": "44",
		"metadata.model.shoulders_width": "43",
		"metadata.model.arm_length": "53",
		"metadata.model.weight": "64"
	},
	"metadata.clothes": {
		"metadata.clothes.type": "02top_01blouse",
		"metadata.clothes.season": "summer",
		"metadata.clothes.fiber_composition": "Polyester",
		"metadata.clothes.elasticity": "contain",
		"metadata.clothes.transparency": "none at all",
		"metadata.clothes.isfleece": "fleece_none",
		"metadata.clothes.color": "Red,Beige,Black",
		"metadata.clothes.washing_method": "none",
		"metadata.clothes.bleach": "none",
		"metadata.clothes.ironing": "none",
		"metadata.clothes.drycleaning": "none",
		"metadata.clothes.wringing": "none",
		"metadata.clothes.drying": "none",
		"metadata.clothes.top_length_type": "normal",
		"metadata.clothes.sleeve_length_type": "short sleeves",
		"metadata.clothes.topneck_color_design": "U-neck",
		"metadata.clothes.topsleeve_design": "basic sleeve",
		"metadata.clothes.pants_silhouette": "null",
		"metadata.clothes.skirt_design": "null",
		"metadata.top.front_length": "55.0",
		"metadata.top.chest_size": "94.0",
		"metadata.top.waist_size": "96.0",
		"metadata.top.hem_size": "100.0",
		"metadata.top.shoulder_width": "42.0",
		"metadata.top.sleeve_length": "21.0",
		"metadata.top.sleeve_cuff_size": "24.0",
		"metadata.pants.pants_length": "null",
		"metadata.pants.waist_size": "null",
		"metadata.pants.hip_size": "null",
		"metadata.pants.front_rise_length": "null",
		"metadata.pants.back_rise_length": "null",
		"metadata.pants.inner_seam_length": "null",
		"metadata.pants.pants_waist_size": "null",
		"metadata.skirt.length": "null",
		"metadata.skirt.waist_size": "null",
		"metadata.skirt.hip_size": "null",
		"metadata.skirt.hem_size": "null",
		"metadata.dress.front_length": "null",
		"metadata.dress.chest_size": "null",
		"metadata.dress.waist_size": "null",
		"metadata.dress.hip_size": "null",
		"metadata.dress.hem_size": "null",
		"metadata.dress.shoulder_width": "null",
		"metadata.dress.sleeve_length": "null",
		"metadata.dress.cuff_size": "null",
		"metadata.jumpsuit.front_length": "null",
		"metadata.jumpsuit.inner_seam_length": "null",
		"metadata.jumpsuit.chest_size": "null",
		"metadata.jumpsuit.waist_size": "null",
		"metadata.jumpsuit.hip_size": "null",
		"metadata.jumpsuit.shoulder_width": "null",
		"metadata.jumpsuit.sleeve_length": "null",
		"metadata.jumpsuit.cuffs_size": "null",
		"metadata.jumpsuit.front_rise_length": "null",
		"metadata.jumpsuit.back_rise_length": "null",
		"metadata.jumpsuit.pants_waist_size": "null"
	}
}