{
	"dataset": {
		"dataset.id": 220405,
		"dataset.name": "01_sou_044081_220405_wear_02top_01blouse_woman",
		"dataset.image_path": "./008.의류 통합 데이터(3-1)/원천데이터/상품/상의/blouse/01_sou_044081_220405_wear_02top_01blouse_woman.jpg",
		"dataset.label_path": "./008.의류 통합 데이터(3-1)/라벨링데이터/상품/상의/blouse/01_sou_044081_220405_wear_02top_01blouse_woman.json",
		"dataset.category": 5,
		"dataset.type": 1,
		"dataset.width": 2250,
		"dataset.height": 2830,
		"dataset.file_size": 469075
	},
	"annotation": [
		{
			"annotation_type": "Polygon",
			"annotation_id": 72,
			"annotation_point_count": 62.0,
			"annotation_point": [
				997.0,
				982.0,
				937.0,
				1002.0,
				885.0,
				1052.0,
				843.0,
				1133.0,
				820.0,
				1202.0,
				817.0,
				1234.0,
				794.0,
				1270.0,
				790.111328125,
				1287.37109375,
				819.5578472077468,
				1311.69666950409,
				860.5267398026554,
				1333.4613936951355,
				885.0,
				1317.0,
				904.4000000000015,
				1284.9000000000015,
				890.0,
				1450.0,
				864.0,
				1498.0,
				895.0,
				1530.0,
				929.0,
				1554.0,
				958.0,
				1564.0,
				966.0,
				1526.0,
				976.0,
				1508.0,
				981.0,
				1510.0,
				991.115234375,
				1563.912109375,
				991.115234375,
				1563.912109375,
				1006.4784196720175,
				1563.911414541497,
				1025.6825880758806,
				1558.7903029671324,
				1044.8867564797438,
				1556.2297471799502,
				1064.090924883607,
				1553.669191392768,
				1084.5753711810612,
				1548.5480798184071,
				1103.779539584928,
				1548.5480798184071,
				1124.2639858823823,
				1549.8283577119983,
				1146.0287100734276,
				1549.8283577119983,
				1165.2328784772908,
				1548.5480798184071,
				1184.437046881154,
				1545.987524031225,
				1203.641215285017,
				1543.4269682440427,
				1222.8453836888802,
				1544.7072461376338,
				1239.4889963055612,
				1548.5480798184071,
				1276.6000000000022,
				1549.7999999999993,
				1272.0,
				1534.0,
				1257.0,
				1472.0,
				1244.4000000000015,
				1401.7000000000007,
				1228.0,
				1367.0,
				1228.0,
				1319.0,
				1239.0,
				1266.0,
				1283.0,
				1310.0,
				1304.783203125,
				1361.626953125,
				1372.6378972390157,
				1333.4613936951355,
				1409.765956153151,
				1310.416391610499,
				1379.0,
				1254.0,
				1382.0,
				1206.0,
				1363.0,
				1127.0,
				1340.0,
				1077.0,
				1283.0,
				1002.0,
				1249.0,
				992.0,
				1215.0,
				972.0,
				1184.4375,
				944.2578125,
				1184.4375,
				944.2578125,
				1174.194823732425,
				959.6202487665905,
				1147.3089879670188,
				980.1046950640448,
				1094.8175943297902,
				1040.2777560628165,
				1069.2120364579714,
				1076.1255370833642,
				1042.3262006925615,
				1076.1255370833642,
				1037.2050891182007,
				1010.831364510228,
				1038.4853670117918,
				960.9005266601816
			]
		}
	],
	"metadata.model": {
		"metadata.model.gender": "FEMALE",
		"metadata.model.age": "30대",
		"metadata.model.job": "not employed",
		"metadata.model.type": "wear",
		"metadata.model.usually_size": "S",
		"metadata.model.body_height": "157",
		"metadata.model.waist_height": "89",
		"metadata.model.chest_size_male": "null",
		"metadata.model.breast_size_female": "75.0",
		"metadata.model.waist_size": "63",
		"metadata.model.hip_seize": "78",
		"metadata.model.back_length": "36",
		"metadata.model.shoulders_width": "37",
		"metadata.model.arm_length": "51",
		"metadata.model.weight": "48"
	},
	"metadata.clothes": {
		"metadata.clothes.type": "02top_01blouse",
		"metadata.clothes.season": "summer",
		"metadata.clothes.fiber_composition": "synthetic fiber Others",
		"metadata.clothes.elasticity": "none",
		"metadata.clothes.transparency": "contain little",
		"metadata.clothes.isfleece": "fleece_none",
		"metadata.clothes.color": "White",
		"metadata.clothes.washing_method": "none",
		"metadata.clothes.bleach": "none",
		"metadata.clothes.ironing": "none",
		"metadata.clothes.drycleaning": "none",
		"metadata.clothes.wringing": "none",
		"metadata.clothes.drying": "none",
		"metadata.clothes.top_length_type": "normal",
		"metadata.clothes.sleeve_length_type": "short sleeves",
		"metadata.clothes.topneck_color_design": "Others",
		"metadata.clothes.topsleeve_design": "puff sleeve",
		"metadata.clothes.pants_silhouette": "null",
		"metadata.clothes.skirt_design": "null",
		"metadata.top.front_length": "48.0",
		"metadata.top.chest_size": "82.0",
		"metadata.top.waist_size": "82.0",
		"metadata.top.hem_size": "84.0",
		"metadata.top.shoulder_width": "36.0",
		"metadata.top.sleeve_length": "27.0",
		"metadata.top.sleeve_cuff_size": "26.0",
		"metadata.pants.pants_length": "null",
		"metadata.pants.waist_size": "null",
		"metadata.pants.hip_size": "null",
		"metadata.pants.front_rise_length": "null",
		"metadata.pants.back_rise_length": "null",
		"metadata.pants.inner_seam_length": "null",
		"metadata.pants.pants_waist_size": "null",
		"metadata.skirt.length": "null",
		"metadata.skirt.waist_size": "null",
		"metadata.skirt.hip_size": "null",
		"metadata.skirt.hem_size": "null",
		"metadata.dress.front_length": "null",
		"metadata.dress.chest_size": "null",
		"metadata.dress.waist_size": "null",
		"metadata.dress.hip_size": "null",
		"metadata.dress.hem_size": "null",
		"metadata.dress.shoulder_width": "null",
		"metadata.dress.sleeve_length": "null",
		"metadata.dress.cuff_size": "null",
		"metadata.jumpsuit.front_length": "null",
		"metadata.jumpsuit.inner_seam_length": "null",
		"metadata.jumpsuit.chest_size": "null",
		"metadata.jumpsuit.waist_size": "null",
		"metadata.jumpsuit.hip_size": "null",
		"metadata.jumpsuit.shoulder_width": "null",
		"metadata.jumpsuit.sleeve_length": "null",
		"metadata.jumpsuit.cuffs_size": "null",
		"metadata.jumpsuit.front_rise_length": "null",
		"metadata.jumpsuit.back_rise_length": "null",
		"metadata.jumpsuit.pants_waist_size": "null"
	}
}