{
	"dataset": {
		"dataset.id": 330657,
		"dataset.name": "01_sou_066132_330657_back_02top_01blouse_woman",
		"dataset.image_path": "./008.의류 통합 데이터(3-1)/원천데이터/상품/상의/blouse/01_sou_066132_330657_back_02top_01blouse_woman.jpg",
		"dataset.label_path": "./008.의류 통합 데이터(3-1)/라벨링데이터/상품/상의/blouse/01_sou_066132_330657_back_02top_01blouse_woman.json",
		"dataset.category": 5,
		"dataset.type": 1,
		"dataset.width": 4000,
		"dataset.height": 3000,
		"dataset.file_size": 1505442
	},
	"annotation": [
		{
			"annotation_type": "Polygon",
			"annotation_id": 21,
			"annotation_point_count": 85.0,
			"annotation_point": [
				1741.0,
				442.0,
				1684.0,
				518.0,
				1587.3843199999974,
				570.6982399999979,
				1572.8691199999957,
				574.8454399999973,
				1539.6915199999967,
				574.8454399999973,
				1506.5139199999976,
				574.8454399999973,
				1475.4099199999982,
				585.2134399999959,
				1444.3059199999952,
				593.5078399999984,
				1413.2019199999959,
				603.875839999997,
				1390.3923199999954,
				626.6854399999975,
				1365.5091199999952,
				647.4214399999983,
				1340.625919999995,
				668.1574399999954,
				1319.8899199999978,
				693.0406399999956,
				1295.0067199999976,
				715.8502399999961,
				1270.1235199999974,
				734.5126399999972,
				1243.1667199999974,
				746.9542399999955,
				1230.724609375,
				755.248046875,
				1112.0,
				837.0,
				986.0403199999964,
				908.6950399999951,
				855.4035199999962,
				1012.3750399999954,
				714.3987199999974,
				1095.3190399999985,
				718.5459199999968,
				1111.9078399999962,
				623.16015625,
				1163.748046875,
				490.90000000000146,
				1252.2999999999993,
				434.90000000000146,
				1281.6000000000022,
				482.0,
				1347.0,
				597.4000000000015,
				1628.7999999999993,
				643.0,
				1606.0,
				746.0,
				1568.0,
				894.0,
				1492.0,
				1158.0,
				1385.0,
				1261.0,
				1317.0,
				1282.4000000000015,
				1313.6000000000022,
				1203.0,
				1477.0,
				1158.1484375,
				1673.853515625,
				1164.3699199999974,
				1698.7366399999955,
				1164.3699199999974,
				1731.9142399999982,
				1160.222719999998,
				2005.629439999997,
				1149.8547199999957,
				2101.0150399999984,
				1147.781119999996,
				2275.1974399999963,
				1160.2000000000007,
				2347.7999999999993,
				1329.0,
				2519.0,
				1449.0,
				2596.7999999999993,
				1656.2000000000007,
				2641.2999999999993,
				1984.1000000000022,
				2641.2999999999993,
				2586.9000000000015,
				2555.2000000000007,
				2736.4000000000015,
				2506.100000000002,
				2950.7000000000007,
				2377.9000000000015,
				2936.100000000002,
				1844.4000000000015,
				2919.4000000000015,
				1519.7000000000007,
				2890.100000000002,
				1435.1000000000022,
				2943.0,
				1400.0,
				3005.7999999999993,
				1399.7000000000007,
				3092.0,
				1530.0,
				3138.0,
				1560.0,
				3275.0,
				1583.0,
				3390.0,
				1644.0,
				3533.2000000000007,
				1677.7000000000007,
				3646.469119999998,
				1460.2726399999956,
				3658.910719999996,
				1387.6966399999983,
				3669.278719999995,
				1364.8870399999978,
				3667.205078125,
				1346.224609375,
				3493.4000000000015,
				1266.9000000000015,
				3298.104319999995,
				1084.9510399999963,
				2964.2999999999993,
				898.2999999999993,
				2825.323519999998,
				773.9110399999954,
				2802.5139199999976,
				749.0278399999952,
				2777.6307199999974,
				728.291839999998,
				2754.821119999997,
				705.4822399999975,
				2729.9379199999967,
				682.672639999997,
				2705.0547199999965,
				664.010239999996,
				2688.465919999995,
				649.495039999998,
				2665.6563199999982,
				632.9062399999966,
				2632.4787199999955,
				614.2438399999955,
				2599.3011199999964,
				610.0966399999961,
				2568.197119999997,
				603.875839999997,
				2537.0931199999977,
				591.4342399999987,
				2508.062719999998,
				576.919039999997,
				2479.032319999995,
				566.5510399999985,
				2406.45703125,
				543.7421875,
				2328.5,
				459.10000000000036,
				2291.0,
				457.0,
				2199.0,
				510.0,
				1982.0,
				510.0,
				1799.0,
				442.0
			]
		}
	],
	"metadata.model": {
		"metadata.model.gender": "FEMALE",
		"metadata.model.age": "30대",
		"metadata.model.job": "Others",
		"metadata.model.type": "back",
		"metadata.model.usually_size": "S",
		"metadata.model.body_height": "158",
		"metadata.model.waist_height": "93",
		"metadata.model.chest_size_male": "null",
		"metadata.model.breast_size_female": "87.0",
		"metadata.model.waist_size": "69",
		"metadata.model.hip_seize": "87",
		"metadata.model.back_length": "38",
		"metadata.model.shoulders_width": "38",
		"metadata.model.arm_length": "51",
		"metadata.model.weight": "47"
	},
	"metadata.clothes": {
		"metadata.clothes.type": "02top_01blouse",
		"metadata.clothes.season": "summer",
		"metadata.clothes.fiber_composition": "Viscos rayon",
		"metadata.clothes.elasticity": "none at all",
		"metadata.clothes.transparency": "contain little",
		"metadata.clothes.isfleece": "fleece_none",
		"metadata.clothes.color": "Red",
		"metadata.clothes.washing_method": "none",
		"metadata.clothes.bleach": "none",
		"metadata.clothes.ironing": "none",
		"metadata.clothes.drycleaning": "none",
		"metadata.clothes.wringing": "none",
		"metadata.clothes.drying": "none",
		"metadata.clothes.top_length_type": "normal",
		"metadata.clothes.sleeve_length_type": "long sleeves",
		"metadata.clothes.topneck_color_design": "Chinese collar",
		"metadata.clothes.topsleeve_design": "shirt sleeve",
		"metadata.clothes.pants_silhouette": "null",
		"metadata.clothes.skirt_design": "null",
		"metadata.top.front_length": "68.0",
		"metadata.top.chest_size": "86.0",
		"metadata.top.waist_size": "88.0",
		"metadata.top.hem_size": "88.0",
		"metadata.top.shoulder_width": "42.0",
		"metadata.top.sleeve_length": "35.0",
		"metadata.top.sleeve_cuff_size": "20.0",
		"metadata.pants.pants_length": "null",
		"metadata.pants.waist_size": "null",
		"metadata.pants.hip_size": "null",
		"metadata.pants.front_rise_length": "null",
		"metadata.pants.back_rise_length": "null",
		"metadata.pants.inner_seam_length": "null",
		"metadata.pants.pants_waist_size": "null",
		"metadata.skirt.length": "null",
		"metadata.skirt.waist_size": "null",
		"metadata.skirt.hip_size": "null",
		"metadata.skirt.hem_size": "null",
		"metadata.dress.front_length": "null",
		"metadata.dress.chest_size": "null",
		"metadata.dress.waist_size": "null",
		"metadata.dress.hip_size": "null",
		"metadata.dress.hem_size": "null",
		"metadata.dress.shoulder_width": "null",
		"metadata.dress.sleeve_length": "null",
		"metadata.dress.cuff_size": "null",
		"metadata.jumpsuit.front_length": "null",
		"metadata.jumpsuit.inner_seam_length": "null",
		"metadata.jumpsuit.chest_size": "null",
		"metadata.jumpsuit.waist_size": "null",
		"metadata.jumpsuit.hip_size": "null",
		"metadata.jumpsuit.shoulder_width": "null",
		"metadata.jumpsuit.sleeve_length": "null",
		"metadata.jumpsuit.cuffs_size": "null",
		"metadata.jumpsuit.front_rise_length": "null",
		"metadata.jumpsuit.back_rise_length": "null",
		"metadata.jumpsuit.pants_waist_size": "null"
	}
}