{
	"dataset": {
		"dataset.id": 335956,
		"dataset.name": "01_sou_067192_335956_front_02top_01blouse_woman",
		"dataset.image_path": "./008.의류 통합 데이터(3-1)/원천데이터/상품/상의/blouse/01_sou_067192_335956_front_02top_01blouse_woman.jpg",
		"dataset.label_path": "./008.의류 통합 데이터(3-1)/라벨링데이터/상품/상의/blouse/01_sou_067192_335956_front_02top_01blouse_woman.json",
		"dataset.category": 5,
		"dataset.type": 1,
		"dataset.width": 4032,
		"dataset.height": 3024,
		"dataset.file_size": 1435143
	},
	"annotation": [
		{
			"annotation_type": "Polygon",
			"annotation_id": 95,
			"annotation_point_count": 134.0,
			"annotation_point": [
				886.0,
				1123.0,
				843.0,
				1232.0,
				727.0,
				1398.0,
				515.0,
				1797.0,
				441.0,
				2066.0,
				416.3779296875,
				2185.423828125,
				444.8050682261219,
				2257.9142300194944,
				510.18843404808285,
				2327.5617283950633,
				548.5656270305408,
				2377.309941520467,
				589.7855750487324,
				2395.7878492527634,
				642.3765432098771,
				2410.00162443145,
				702.0743989603652,
				2390.1023391812887,
				790.1998050682269,
				2307.6624431449018,
				842.7907732293716,
				2236.5935672514643,
				892.5389863547753,
				2121.461988304094,
				950.8154645873947,
				1936.6829109811588,
				1013.3560753736201,
				1743.3755685510077,
				1034.6767381416503,
				1649.5646523716714,
				1057.4187784275528,
				1527.3261858349579,
				1046.0477582845997,
				1487.527615334635,
				1068.9000000000015,
				1451.7999999999993,
				1179.7999999999993,
				1464.5,
				1191.59765625,
				1602.08984375,
				1229.9740090968153,
				1882.1020142949965,
				1247.030539311243,
				2071.1452241715415,
				1258.4015594541925,
				2302.829759584147,
				1268.3512020792732,
				2457.75990903184,
				1421.8599740090976,
				2463.4454191033146,
				1667.7582846003897,
				2469.1309291747893,
				1826.9525666016889,
				2481.9233268356074,
				1933.555880441847,
				2476.2378167641327,
				2152.448018193634,
				2476.2378167641327,
				2413.9814814814818,
				2474.816439246264,
				2628.600000000002,
				2472.0,
				2893.100000000002,
				2443.100000000002,
				2878.7999999999993,
				2157.2999999999993,
				2837.2000000000007,
				1960.2000000000007,
				2825.2074935423807,
				1641.4802387162163,
				2807.3854374734256,
				1493.4200806048902,
				2792.990234375,
				1443.380859375,
				2801.216796875,
				1420.076171875,
				2806.014510083507,
				1407.7371187349054,
				2840.287694831499,
				1390.6005263609113,
				2858.109750900454,
				1406.3661913449869,
				2851.940577645815,
				1433.0992754484214,
				2864.9643878500538,
				1452.2922589072987,
				2965.042087314192,
				1453.6631862972172,
				2986.9769255529063,
				1474.227097146013,
				2966.4130147041105,
				1507.1293545040862,
				2987.6623892478674,
				1651.7621941406142,
				3009.665773856079,
				1795.2297454957115,
				3059.4000000000015,
				1950.4000000000015,
				3231.0,
				2196.5,
				3343.65625,
				2315.171875,
				3439.6001191249743,
				2354.2599361057,
				3568.708576998055,
				2298.5893166558417,
				3617.27230885857,
				2255.9479911197777,
				3677.6808533679905,
				2233.442847086855,
				3683.603259692445,
				2176.5877463721044,
				3657.5,
				2083.0,
				3554.0,
				1838.1000000000022,
				3352.7000000000007,
				1497.7000000000007,
				3182.5,
				1243.2000000000007,
				3173.7999999999993,
				1135.5,
				3088.0,
				1145.0,
				2857.424287205493,
				955.3447893353041,
				2728.282927075059,
				869.7989202043136,
				2716.7671369997333,
				863.218468732699,
				2705.2513469244077,
				857.4605736950361,
				2694.558113283034,
				850.0575657894697,
				2683.0423232077083,
				845.1222271857587,
				2672.3490895663344,
				837.7192192801922,
				2660.833299491009,
				832.7838806764812,
				2650.140065849635,
				826.2034292048666,
				2639.446832208261,
				819.6229777332519,
				2627.9310421329355,
				815.5101955634927,
				2615.592695623658,
				808.9297440918817,
				2604.0769055483324,
				803.1718490542189,
				2592.561115473007,
				799.0590668844598,
				2579.4002125297775,
				793.3011718467969,
				2567.884422454452,
				790.0109461109896,
				2555.5460759451744,
				785.0756075072786,
				2542.385173001945,
				780.9628253375195,
				2530.8693829266194,
				777.6725996017121,
				2518.531036417342,
				773.559817431953,
				2503.725020606209,
				769.4470352621938,
				2490.5641176629833,
				762.8665837905792,
				2477.403214719754,
				757.1086887529164,
				2465.8874246444284,
				755.4635758850127,
				2451.9039652672473,
				752.9959065831572,
				2440.3881751919216,
				748.883124413398,
				2428.049828682644,
				745.5928986775907,
				2410.775390625,
				740.658203125,
				2410.775390625,
				740.658203125,
				2273.0,
				724.0,
				2207.9000000000015,
				645.2000000000007,
				2188.0,
				586.0,
				2050.0,
				630.0,
				1976.0,
				630.0,
				1891.0,
				586.0,
				1870.0,
				630.0,
				1825.939453125,
				655.93359375,
				1732.167085559402,
				683.0786096972515,
				1681.9911430883403,
				692.1267304707217,
				1669.6527965790665,
				695.416956206529,
				1658.1370065037408,
				700.35229481024,
				1645.7986599944634,
				702.8199641120955,
				1634.2828699191377,
				704.4650769799991,
				1621.1219669759084,
				707.7553027158065,
				1610.4287333345346,
				712.6906413195175,
				1597.2678303913053,
				717.6259799232284,
				1584.106927448076,
				718.4485363571803,
				1570.9460245048467,
				722.5613185269394,
				1559.430234429521,
				725.8515442627468,
				1547.0918879202436,
				731.6094393004096,
				1535.576097844918,
				738.1898907720242,
				1524.0603077695923,
				744.7703422436389,
				1511.7219612603149,
				749.7056808473499,
				1499.3836147510374,
				756.2861323189645,
				1487.04526824176,
				762.0440273566273,
				1474.7069217324824,
				766.9793659603383,
				1463.1911316571568,
				772.7372609980011,
				1453.3204544497348,
				777.6725996017121,
				1440.77734375,
				784.240234375,
				1431.8654407974936,
				788.3521239691872,
				1422.2689490680568,
				793.8358335288649,
				1412.6724573386164,
				797.263152003663,
				1403.0759656091795,
				802.7468615633443,
				1393.4794738797427,
				807.5451074280609,
				1383.882982150306,
				813.0288169877422,
				1374.9719541158265,
				817.8270628524588,
				1364.6899986914286,
				822.625308717179,
				1361.2626802166305,
				825.3671634970196,
				1214.7999999999993,
				905.2000000000007
			]
		}
	],
	"metadata.model": {
		"metadata.model.gender": "FEMALE",
		"metadata.model.age": "30대",
		"metadata.model.job": "homemaker",
		"metadata.model.type": "front",
		"metadata.model.usually_size": "M",
		"metadata.model.body_height": "163",
		"metadata.model.waist_height": "97",
		"metadata.model.chest_size_male": "null",
		"metadata.model.breast_size_female": "92.0",
		"metadata.model.waist_size": "74",
		"metadata.model.hip_seize": "92",
		"metadata.model.back_length": "41",
		"metadata.model.shoulders_width": "42",
		"metadata.model.arm_length": "54",
		"metadata.model.weight": "57"
	},
	"metadata.clothes": {
		"metadata.clothes.type": "02top_01blouse",
		"metadata.clothes.season": "summer",
		"metadata.clothes.fiber_composition": "Polyester",
		"metadata.clothes.elasticity": "none",
		"metadata.clothes.transparency": "none at all",
		"metadata.clothes.isfleece": "fleece_none",
		"metadata.clothes.color": "White,Blue,Orange",
		"metadata.clothes.washing_method": "none",
		"metadata.clothes.bleach": "none",
		"metadata.clothes.ironing": "none",
		"metadata.clothes.drycleaning": "none",
		"metadata.clothes.wringing": "none",
		"metadata.clothes.drying": "none",
		"metadata.clothes.top_length_type": "normal",
		"metadata.clothes.sleeve_length_type": "long sleeves",
		"metadata.clothes.topneck_color_design": "Chinese collar",
		"metadata.clothes.topsleeve_design": "puff sleeve",
		"metadata.clothes.pants_silhouette": "null",
		"metadata.clothes.skirt_design": "null",
		"metadata.top.front_length": "64.0",