{
	"dataset": {
		"dataset.id": 176122,
		"dataset.name": "01_sou_035225_176122_back_02top_01blouse_woman",
		"dataset.image_path": "./008.의류 통합 데이터(3-1)/원천데이터/상품/상의/blouse/01_sou_035225_176122_back_02top_01blouse_woman.jpg",
		"dataset.label_path": "./008.의류 통합 데이터(3-1)/라벨링데이터/상품/상의/blouse/01_sou_035225_176122_back_02top_01blouse_woman.json",
		"dataset.category": 5,
		"dataset.type": 1,
		"dataset.width": 4032,
		"dataset.height": 2268,
		"dataset.file_size": 637415
	},
	"annotation": [
		{
			"annotation_type": "Polygon",
			"annotation_id": 79,
			"annotation_point_count": 111.0,
			"annotation_point": [
				1861.0,
				360.0,
				1805.10546875,
				424.4228515625,
				1789.755116959066,
				435.935672514619,
				1771.8457602339186,
				444.89035087719276,
				1753.936403508771,
				452.5657894736851,
				1736.0270467836272,
				461.520467836257,
				1716.8384502923982,
				466.6374269005846,
				1705.3252923976615,
				469.1959064327493,
				1687.415935672514,
				474.3128654970751,
				1668.227339181285,
				478.15058479532127,
				1649.0387426900597,
				483.26754385964887,
				1629.8501461988308,
				485.8260233918136,
				1610.6615497076018,
				490.9429824561412,
				1591.4729532163728,
				496.05994152046696,
				1572.2843567251475,
				502.45614035087783,
				1532.6279239766081,
				526.7616959064326,
				1454.5942982456145,
				611.1915204678371,
				1416.2171052631566,
				634.2178362573104,
				1330.0,
				689.0,
				1291.0,
				734.0,
				1277.0,
				786.0,
				1220.2000000000007,
				840.0,
				1291.0,
				933.0,
				1390.0,
				1041.0,
				1407.4000000000015,
				1053.4000000000015,
				1478.9000000000015,
				1008.2999999999993,
				1483.0,
				1018.0,
				1496.0,
				1200.0,
				1456.0,
				1410.0,
				1411.2999999999993,
				1522.2000000000007,
				1392.6000000000022,
				1629.7999999999993,
				1569.6000000000022,
				1685.6000000000022,
				1612.7999999999993,
				1705.1000000000022,
				1448.9000000000015,
				1824.5,
				1430.0,
				1819.0,
				1324.0,
				1762.0,
				1165.0,
				1620.0,
				1065.0,
				1558.0,
				1012.0,
				1552.0,
				902.2000000000007,
				1632.4000000000015,
				1005.0,
				1666.0,
				1138.0,
				1740.0,
				1268.9000000000015,
				1790.5,
				1310.0,
				1847.0,
				1334.345703125,
				1869.962890625,
				1361.2097953216362,
				1886.5935672514606,
				1402.145467836257,
				1890.4312865497086,
				1501.9261695906425,
				1886.5935672514606,
				1544.1410818713448,
				1886.5935672514606,
				1629.8501461988308,
				1832.8654970760217,
				1751.3779239766081,
				1726.688596491229,
				1878.022660818715,
				1739.480994152047,
				1908.724415204677,
				1739.480994152047,
				1915.1206140350878,
				1789.371345029238,
				1920.23828125,
				1826.46875,
				1949.6600877192977,
				1845.6578947368434,
				1993.1542397660814,
				1868.6842105263167,
				2027.6937134502914,
				1876.3596491228054,
				2063.5124269005864,
				1868.6842105263167,
				2066.0709064327493,
				1841.8201754385955,
				2108.2858187134516,
				1825.190058479533,
				2145.3837719298244,
				1809.8391812865484,
				2145.3837719298244,
				1852.0540935672507,
				2137.708333333332,
				1899.3859649122824,
				2163.293128654972,
				2022.1929824561412,
				2259.2361111111095,
				1932.6461988304109,
				2233.6513157894733,
				1850.7748538011692,
				2195.274122807019,
				1758.669590643276,
				2201.0,
				1706.2999999999993,
				2204.228515625,
				1698.544921875,
				2273.3077485380127,
				1693.4283625731005,
				2342.3866959064326,
				1676.7982456140344,
				2402.5109649122824,
				1656.330409356724,
				2414.024122807019,
				1640.979532163743,
				2471.5899122807023,
				1630.7456140350878,
				2458.797514619884,
				1469.561403508771,
				2461.355994152047,
				1387.690058479533,
				2471.5899122807023,
				1263.6038011695891,
				2461.355994152047,
				1195.8040935672507,
				2466.5,
				1052.5,
				2478.100000000002,
				1002.7999999999993,
				2495.5,
				1008.7000000000007,
				2561.5,
				1074.2000000000007,
				2616.100000000002,
				1031.1000000000022,
				2702.2000000000007,
				940.5,
				2747.5,
				894.2999999999993,
				2730.0,
				875.2000000000007,
				2788.8413742690063,
				829.9415204678371,
				2696.7000000000007,
				769.7999999999993,
				2643.008040935674,
				707.1345029239783,
				2581.600000000002,
				643.2000000000007,
				2525.317982456141,
				622.7046783625738,
				2495.895467836257,
				586.8859649122824,
				2430.6542397660814,
				520.3654970760217,
				2414.024122807019,
				511.4108187134516,
				2394.83552631579,
				503.7353801169593,
				2376.9261695906425,
				494.7807017543855,
				2357.7375730994136,
				489.6637426900579,
				2338.5489766081882,
				480.709064327486,
				2320.6396198830407,
				474.3128654970751,
				2301.4510233918118,
				469.1959064327493,
				2280.9831871345013,
				465.35818713450317,
				2263.0738304093575,
				462.79970760233846,
				2242.605994152047,
				455.12426900584796,
				2222.1381578947367,
				453.8450292397665,
				2202.9495614035077,
				450.00730994152036,
				2168.4100877192977,
				443.6111111111113,
				2147.9422514619873,
				432.09795321637466,
				2126.1951754385955,
				412.9093567251457,
				2080.142578125,
				364.2978515625,
				2080.142578125,
				364.2978515625
			]
		}
	],
	"metadata.model": {
		"metadata.model.gender": "FEMALE",
		"metadata.model.age": "20대",
		"metadata.model.job": "university student/graduate student",
		"metadata.model.type": "back",
		"metadata.model.usually_size": "M",
		"metadata.model.body_height": "167",
		"metadata.model.waist_height": "93",
		"metadata.model.chest_size_male": "null",
		"metadata.model.breast_size_female": "86.0",
		"metadata.model.waist_size": "66",
		"metadata.model.hip_seize": "99",
		"metadata.model.back_length": "42",
		"metadata.model.shoulders_width": "43",
		"metadata.model.arm_length": "52",
		"metadata.model.weight": "57"
	},
	"metadata.clothes": {
		"metadata.clothes.type": "02top_01blouse",
		"metadata.clothes.season": "summer",
		"metadata.clothes.fiber_composition": "Polyester",
		"metadata.clothes.elasticity": "contain",
		"metadata.clothes.transparency": "none at all",
		"metadata.clothes.isfleece": "fleece_none",
		"metadata.clothes.color": "Black",
		"metadata.clothes.washing_method": "none",
		"metadata.clothes.bleach": "none",
		"metadata.clothes.ironing": "none",
		"metadata.clothes.drycleaning": "none",
		"metadata.clothes.wringing": "none",
		"metadata.clothes.drying": "none",
		"metadata.clothes.top_length_type": "normal",
		"metadata.clothes.sleeve_length_type": "short sleeves",
		"metadata.clothes.topneck_color_design": "shirts collar",
		"metadata.clothes.topsleeve_design": "shirt sleeve",
		"metadata.clothes.pants_silhouette": "null",
		"metadata.clothes.skirt_design": "null",
		"metadata.top.front_length": "43.0",
		"metadata.top.chest_size": "84.0",
		"metadata.top.waist_size": "86.0",
		"metadata.top.hem_size": "86.0",
		"metadata.top.shoulder_width": "41.0",
		"metadata.top.sleeve_length": "15.0",
		"metadata.top.sleeve_cuff_size": "24.0",
		"metadata.pants.pants_length": "null",
		"metadata.pants.waist_size": "null",
		"metadata.pants.hip_size": "null",
		"metadata.pants.front_rise_length": "null",
		"metadata.pants.back_rise_length": "null",
		"metadata.pants.inner_seam_length": "null",
		"metadata.pants.pants_waist_size": "null",
		"metadata.skirt.length": "null",
		"metadata.skirt.waist_size": "null",
		"metadata.skirt.hip_size": "null",
		"metadata.skirt.hem_size": "null",
		"metadata.dress.front_length": "null",
		"metadata.dress.chest_size": "null",
		"metadata.dress.waist_size": "null",
		"metadata.dress.hip_size": "null",
		"metadata.dress.hem_size": "null",
		"metadata.dress.shoulder_width": "null",
		"metadata.dress.sleeve_length": "null",
		"metadata.dress.cuff_size": "null",
		"metadata.jumpsuit.front_length": "null",
		"metadata.jumpsuit.inner_seam_length": "null",
		"metadata.jumpsuit.chest_size": "null",