{
	"dataset": {
		"dataset.id": 335476,
		"dataset.name": "01_sou_067096_335476_front_02top_01blouse_woman",
		"dataset.image_path": "./008.의류 통합 데이터(3-1)/원천데이터/상품/상의/blouse/01_sou_067096_335476_front_02top_01blouse_woman.jpg",
		"dataset.label_path": "./008.의류 통합 데이터(3-1)/라벨링데이터/상품/상의/blouse/01_sou_067096_335476_front_02top_01blouse_woman.json",
		"dataset.category": 5,
		"dataset.type": 1,
		"dataset.width": 3000,
		"dataset.height": 4000,
		"dataset.file_size": 757461
	},
	"annotation": [
		{
			"annotation_type": "Polygon",
			"annotation_id": 15,
			"annotation_point_count": 82.0,
			"annotation_point": [
				1542.300000000001,
				1365.7000000000007,
				1400.0,
				1380.0,
				1220.0,
				1380.0,
				1191.216796875,
				1468.703125,
				1167.783271744911,
				1484.3253243390227,
				1146.3029350482102,
				1509.7111767987608,
				1120.917082588472,
				1507.9536947053948,
				1087.7201986026612,
				1507.9536947053948,
				1058.4288303798876,
				1513.81196834995,
				1031.0902200386317,
				1527.4812735205778,
				1007.6571254604132,
				1546.813576547609,
				984.2240308821929,
				1560.6781575063887,
				956.885420540937,
				1581.9632184149377,
				933.4523259627185,
				1599.733315136753,
				906.1137156214627,
				1621.2136518334537,
				886.5861368062797,
				1640.545954860485,
				863.1530422280612,
				1664.174325226857,
				845.5782212943959,
				1689.5601776865933,
				824.0978845976952,
				1712.7979964766619,
				802.6175479009944,
				1734.4736089615144,
				781.1372112042936,
				1755.9539456582152,
				759.656874507591,
				1779.1917644482837,
				738.1765378108903,
				1800.6721011449845,
				718.6489589957073,
				1822.1524378416852,
				623.0,
				1923.7000000000007,
				295.0,
				2458.0,
				290.1357421875,
				2528.46484375,
				250.29950869236382,
				2631.5705797310075,
				180.00022495770645,
				2779.1990755737897,
				137.8206547169102,
				2865.9015255132017,
				180.00022495770645,
				2915.111024127462,
				301.8523167644453,
				2997.1268551512294,
				376.8382194147471,
				2894.0212390070647,
				529.1533341731738,
				2708.8997918391324,
				697.8716151363515,
				2444.105823105254,
				826.75390625,
				2244.9248046875,
				812.6937785696264,
				2561.27129599635,
				789.2606839914079,
				2833.0951931036943,
				761.140625,
				3161.158203125,
				986.0986784484503,
				3168.18844557223,
				1241.51940935104,
				3161.1585171987645,
				1485.2235929645194,
				3158.8152077409413,
				1801.5703697704812,
				3163.5018266565858,
				1951.5421750710848,
				3161.1585171987645,
				2136.4000000000015,
				3153.4000000000015,
				2084.7000000000007,
				2852.1000000000004,
				2045.2000000000007,
				2412.5,
				2019.0,
				2176.0,
				2271.0,
				2439.0,
				2610.5,
				2753.9000000000015,
				2741.2373046875,
				2861.21484375,
				2797.4768893448,
				2851.8416687662702,
				2853.7163163325276,
				2800.288860694187,
				2935.732147356295,
				2762.795909369035,
				2867.776173079459,
				2662.0336026826935,
				2881.8360298263906,
				2645.630436477939,
				2759.98393801965,
				2472.225536599117,
				2652.1917029598408,
				2343.3435164189104,
				2474.1001841653742,
				2162.9086881666226,
				2224.2252856462983,
				1900.2627531024154,
				2169.5480649637866,
				1839.9225345635004,
				2148.067728267086,
				1818.4421978667997,
				2124.6346336888655,
				1798.9146190516167,
				2101.201539110647,
				1775.2862486852464,
				2079.7212024139462,
				1752.0484298951797,
				2060.193623598763,
				1728.4200595288075,
				2038.7132869020625,
				1705.1822407387408,
				2017.2329502053599,
				1683.70190404204,
				1997.7053713901787,
				1664.174325226857,
				1982.0833083380312,
				1646.5995042931918,
				1960.6029716413304,
				1624.9238918083392,
				1941.0753928261474,
				1603.4435551116385,
				1919.5950561294467,
				1580.20573632157,
				1896.1619615512282,
				1560.6781575063887,
				1870.77610909149,
				1545.0560944542412,
				1843.4374987502342,
				1533.339547165133,
				1814.1461305274606,
				1519.4749662063532,
				1786.8075201862048,
				1511.8592104684303,
				1757.5161519634294,
				1507.9536947053948,
				1730.1775416221735,
				1502.0954210608397,
				1659.8779296875,
				1488.42578125,
				1604.0,
				1380.0
			]
		}
	],
	"metadata.model": {
		"metadata.model.gender": "FEMALE",
		"metadata.model.age": "30대",
		"metadata.model.job": "service job",
		"metadata.model.type": "front",
		"metadata.model.usually_size": "S",
		"metadata.model.body_height": "167",
		"metadata.model.waist_height": "105",
		"metadata.model.chest_size_male": "null",
		"metadata.model.breast_size_female": "88.0",
		"metadata.model.waist_size": "70",
		"metadata.model.hip_seize": "93",
		"metadata.model.back_length": "38",
		"metadata.model.shoulders_width": "40",
		"metadata.model.arm_length": "53",
		"metadata.model.weight": "57"
	},
	"metadata.clothes": {
		"metadata.clothes.type": "02top_01blouse",
		"metadata.clothes.season": "spring&fall",
		"metadata.clothes.fiber_composition": "Polyester",
		"metadata.clothes.elasticity": "contain little",
		"metadata.clothes.transparency": "none at all",
		"metadata.clothes.isfleece": "fleece_none",
		"metadata.clothes.color": "Black",
		"metadata.clothes.washing_method": "Hand Washing30",
		"metadata.clothes.bleach": "Do not chlorine bleach",
		"metadata.clothes.ironing": "Ironing 80~120℃ : Place a cloth between the iron and textile",
		"metadata.clothes.drycleaning": "none",
		"metadata.clothes.wringing": "none",
		"metadata.clothes.drying": "Do not tumble dry",
		"metadata.clothes.top_length_type": "long",
		"metadata.clothes.sleeve_length_type": "long sleeves",
		"metadata.clothes.topneck_color_design": "Peter Pan collar",
		"metadata.clothes.topsleeve_design": "shirt sleeve",
		"metadata.clothes.pants_silhouette": "null",
		"metadata.clothes.skirt_design": "null",
		"metadata.top.front_length": "70.0",
		"metadata.top.chest_size": "90.0",
		"metadata.top.waist_size": "94.0",
		"metadata.top.hem_size": "100.0",
		"metadata.top.shoulder_width": "36.0",
		"metadata.top.sleeve_length": "59.0",
		"metadata.top.sleeve_cuff_size": "22.0",
		"metadata.pants.pants_length": "null",
		"metadata.pants.waist_size": "null",
		"metadata.pants.hip_size": "null",
		"metadata.pants.front_rise_length": "null",
		"metadata.pants.back_rise_length": "null",
		"metadata.pants.inner_seam_length": "null",
		"metadata.pants.pants_waist_size": "null",
		"metadata.skirt.length": "null",
		"metadata.skirt.waist_size": "null",
		"metadata.skirt.hip_size": "null",
		"metadata.skirt.hem_size": "null",
		"metadata.dress.front_length": "null",
		"metadata.dress.chest_size": "null",
		"metadata.dress.waist_size": "null",
		"metadata.dress.hip_size": "null",
		"metadata.dress.hem_size": "null",
		"metadata.dress.shoulder_width": "null",
		"metadata.dress.sleeve_length": "null",
		"metadata.dress.cuff_size": "null",
		"metadata.jumpsuit.front_length": "null",
		"metadata.jumpsuit.inner_seam_length": "null",
		"metadata.jumpsuit.chest_size": "null",
		"metadata.jumpsuit.waist_size": "null",
		"metadata.jumpsuit.hip_size": "null",
		"metadata.jumpsuit.shoulder_width": "null",
		"metadata.jumpsuit.sleeve_length": "null",
		"metadata.jumpsuit.cuffs_size": "null",
		"metadata.jumpsuit.front_rise_length": "null",
		"metadata.jumpsuit.back_rise_length": "null",
		"metadata.jumpsuit.pants_waist_size": "null"
	}
}