{
	"dataset": {
		"dataset.id": 175444,
		"dataset.name": "01_sou_035089_175444_wear_02top_01blouse_woman",
		"dataset.image_path": "./008.의류 통합 데이터(3-1)/원천데이터/상품/상의/blouse/01_sou_035089_175444_wear_02top_01blouse_woman.jpg",
		"dataset.label_path": "./008.의류 통합 데이터(3-1)/라벨링데이터/상품/상의/blouse/01_sou_035089_175444_wear_02top_01blouse_woman.json",
		"dataset.category": 5,
		"dataset.type": 1,
		"dataset.width": 1816,
		"dataset.height": 4032,
		"dataset.file_size": 586940
	},
	"annotation": [
		{
			"annotation_type": "Polygon",
			"annotation_id": 1,
			"annotation_point_count": 177.0,
			"annotation_point": [
				871.436858367184,
				1326.543951718273,
				866.5238634767447,
				1327.5265506963606,
				861.2833355936091,
				1329.164215659841,
				856.0428077104734,
				1330.8018806233213,
				851.4573458127288,
				1334.4047435429766,
				846.8718839149842,
				1337.0250074845444,
				843.9240869807218,
				1339.9728044188087,
				839.0110920902807,
				1343.5756673384658,
				835.4082291706254,
				1344.8857993092497,
				830.1677012874898,
				1347.178530258121,
				823.2895084408738,
				1350.7813931777764,
				818.3765135504327,
				1351.7639921558657,
				812.1533866892096,
				1353.0741241266496,
				805.2751938425936,
				1354.3842560974335,
				799.0520669813686,
				1355.366855075521,
				793.811539098233,
				1356.676987046305,
				788.8985442077937,
				1358.3146520097853,
				783.3304833319617,
				1360.2798499659602,
				778.089955448826,
				1362.245047922137,
				772.8494275656903,
				1364.5377788710084,
				767.6088996825529,
				1365.8479108417923,
				763.3509707775065,
				1367.813108797969,
				759.7481078578494,
				1369.4507737614495,
				752.8699150112334,
				1372.0710377030173,
				747.3018541354013,
				1374.3637686518887,
				744.0265242084424,
				1375.6739006226726,
				737.8033973472175,
				1378.6216975569369,
				734.2005344275622,
				1381.8970274838975,
				730.597671507905,
				1384.84482441816,
				725.6846766174658,
				1387.4650883597278,
				720.7716817270266,
				1390.7404182866885,
				717.1688188073695,
				1394.3432812063438,
				711.9282909242338,
				1398.2736771186974,
				707.0152960337946,
				1401.5490070456563,
				702.1023011433535,
				1403.514205001833,
				696.5342402675215,
				1405.479402958008,
				690.9661793916894,
				1408.7547328849687,
				686.3807174939466,
				1412.0300628119276,
				682.7778545742894,
				1415.6329257315847,
				679.830057640027,
				1421.2009866074168,
				678.5199256692431,
				1426.7690474832489,
				671.9692658153217,
				1433.6799936291336,
				668.03886990297,
				1436.9553235560943,
				663.4534080052272,
				1439.5755874976621,
				658.8679461074826,
				1443.5059834100139,
				654.282484209738,
				1447.1088463296692,
				650.3520882973862,
				1451.6943082274138,
				648.0593573485148,
				1456.607303117853,
				646.094159392338,
				1462.175363993685,
				644.7840274215541,
				1466.4332928987333,
				643.1463624580738,
				1471.673820781869,
				540.3337560508007,
				1761.9990655076017,
				445.4927786329554,
				1954.1045024628347,
				432.3055142678313,
				2000.7976059015764,
				435.13539932472486,
				2030.0586173898537,
				449.7376062182957,
				2048.905651868765,
				480.41356023501976,
				2063.507858762334,
				514.8249625268436,
				2080.9965484139357,
				576.6296521693948,
				2098.4286403644,
				604.9285027383303,
				2103.1262495588417,
				626.6054222741332,
				2101.711307030395,
				644.5468935348381,
				2091.8067093312693,
				654.4514912339655,
				2078.6194449661452,
				658.2435372102027,
				2068.2620656579147,
				665.6012383581256,
				1999.6656518788186,
				680.3166406539713,
				1922.1268013199387,
				694.4660659384372,
				1864.9631231706917,
				710.3134222570407,
				1828.1746174310774,
				713.1433073139342,
				1799.3097898507658,
				731.8203125,
				1747.8056640625,
				738.0,
				1803.0,
				719.4000000000015,
				1887.0,
				706.0,
				2080.0,
				683.7125027222428,
				2178.5143874744826,
				684.2784797336208,
				2213.038985168583,
				683.1465257108648,
				2350.5713989336036,
				685.4104337563786,
				2368.682663297721,
				689.9382498474079,
				2382.8320885821886,
				697.2959509953307,
				2394.7176058211408,
				719.9350314504791,
				2414.5268012193956,
				755.5915831673356,
				2431.506111560753,
				791.248134884192,
				2447.9194448907365,
				883.5023877389176,
				2459.8049621296886,
				1004.6214681739566,
				2469.992548334503,
				1143.8518129731128,
				2474.5203644255344,
				1195.3557210085728,
				2468.2946173003693,
				1238.9359508847301,
				2456.975077072795,
				1266.6688244422858,
				2446.7874908679805,
				1285.9120428291608,
				2419.620594321801,
				1296.665606045357,
				2400.377375934928,
				1300.0615234375,
				2351.13671875,
				1285.4000000000015,
				2044.4000000000015,
				1268.4000000000015,
				1965.2000000000007,
				1277.7000000000007,
				1805.1000000000004,
				1299.0,
				1832.0,
				1348.03011603913,
				2126.6087929767855,
				1350.7813931777764,
				2137.253615239406,
				1357.03727333827,
				2137.9741878233363,
				1363.915466184886,
				2146.162512640736,
				1376.3617199073342,
				2153.3682384800486,
				1392.4108365494376,
				2156.9711013997057,
				1424.8366028263426,
				2155.3334364362254,
				1454.9696381543745,
				2149.7653755603933,
				1488.3780034093652,
				2142.559649721081,
				1515.5632418031328,
				2133.061192932897,
				1548.3165410727324,
				2120.9424722031454,
				1571.2438505614537,
				2107.51361950261,
				1582.379972313116,
				2095.689678466284,
				1591.5508961086052,
				2079.9680948168752,
				1605.6348147945318,
				2068.8647263644816,
				1622.0114644293317,
				2050.522878773505,
				1604.324682823748,
				2022.6498210950758,
				1553.557068955868,
				1893.2742889801575,
				1514.5806428250453,
				1841.5240761341902,
				1513.5980438469578,
				1833.0082183240938,
				1474.9491507088296,
				1757.6756300040142,
				1420.5786739212945,
				1625.679833947528,
				1388.4804406370858,
				1522.1794082555916,
				1387.170308666302,
				1517.2664133651524,
				1385.860176695518,
				1512.6809514674078,
				1384.550044724734,
				1507.4404235842721,
				1383.2399127539502,
				1502.527428693833,
				1381.2747147977734,
				1498.2694997887847,
				1377.3443188854217,
				1494.0115708837366,
				1373.7414559657664,
				1489.7536419786884,
				1369.4835270607182,
				1485.8232460663367,
				1366.2081971337593,
				1481.892850153985,
				1361.9502682287111,
				1477.3073882562403,
				1358.347405309054,
				1473.704525336585,
				1355.3996083747898,
				1469.7741294242333,
				1353.1068774259184,
				1465.1886675264886,
				1350.4866134843505,
				1458.9655406652655,
				1347.8663495427827,
				1454.0525457748245,
				1344.9185526085184,
				1449.7946168697763,
				1341.9707556742542,
				1445.5366879647281,
				1338.6954257472953,
				1441.6062920523764,
				1335.0925628276382,
				1437.0208301546336,
				1331.4896999079829,
				1433.745500227673,
				1326.2491720248472,
				1430.1426373080176,
				1322.64630910519,
				1427.5223733664498,
				1318.0608472074473,
				1423.591977454098,
				1313.1478523170063,
				1419.6615815417445,
				1308.234857426567,
				1416.3862516147856,
				1303.6493955288224,
				1413.1109216878249,
				1298.7364006383832,
				1411.14572373165,
				1294.1509387406386,
				1408.525459790082,
				1289.8930098355904,
				1406.2327288412089,
				1282.032218010887,
				1402.95739891425,
				1281.7046850181905,
				1402.6626192208223,
				1277.1192231204477,
				1399.3872892938634,
				1272.533761222703,
				1395.4241400822411,
				1268.275832317655,
				1392.5090964472474,
				1263.6903704199121,
				1389.2337665202867,
				1259.432441514864,
				1387.5961015568064,
				1253.8643806390319,
				1385.6309036006314,
				1249.2789187412873,
				1383.6657056444546,
				1244.0383908581516,
				1382.0280406809743,
				1238.797862975016,
				1378.0976447686226,
				1234.2124010772714,
				1374.8223148416637,
