{
	"dataset": {
		"dataset.id": 299597,
		"dataset.name": "01_sou_059920_299597_back_02top_01blouse_woman",
		"dataset.image_path": "./008.의류 통합 데이터(3-1)/원천데이터/상품/상의/blouse/01_sou_059920_299597_back_02top_01blouse_woman.jpg",
		"dataset.label_path": "./008.의류 통합 데이터(3-1)/라벨링데이터/상품/상의/blouse/01_sou_059920_299597_back_02top_01blouse_woman.json",
		"dataset.category": 5,
		"dataset.type": 1,
		"dataset.width": 2741,
		"dataset.height": 1726,
		"dataset.file_size": 715775
	},
	"annotation": [
		{
			"annotation_type": "Polygon",
			"annotation_id": 150,
			"annotation_point_count": 69.0,
			"annotation_point": [
				780.0,
				492.0,
				477.40000000000146,
				791.4000000000015,
				369.40000000000146,
				914.2000000000007,
				253.40000000000146,
				1090.4000000000015,
				216.0,
				1169.1000000000004,
				225.0,
				1187.0,
				331.2861328125,
				1278.7421875,
				364.63138686131606,
				1296.5269261962712,
				429.09935117599525,
				1258.7353609083548,
				493.56731549067445,
				1216.4977291159794,
				600.2729115977309,
				1127.576399026766,
				658.0717761557189,
				1065.3314679643172,
				791.4537712895399,
				927.5034063260355,
				815.907137064074,
				916.3882400648836,
				878.1520681265229,
				847.4742092457436,
				879.0,
				1125.0,
				860.7000000000007,
				1333.7000000000007,
				851.9000000000015,
				1390.6000000000004,
				1071.5556640625,
				1512.1611328125,
				1196.04582319546,
				1581.0751824817544,
				1236.0604217356067,
				1587.7442822384455,
				1298.3053527980555,
				1589.967315490676,
				1338.3199513382006,
				1603.3055150040564,
				1540.7000000000007,
				1602.4000000000015,
				1685.2000000000007,
				1551.7000000000007,
				1835.1000000000004,
				1462.4000000000015,
				1878.517031630172,
				1294.3038929440409,
				1891.8552311435542,
				1214.274695863749,
				1907.4164639091669,
				1058.662368207626,
				1922.9775390625,
				1020.87109375,
				1946.7000000000007,
				899.7000000000007,
				1957.0,
				883.0,
				2069.9000000000015,
				1025.2000000000007,
				2180.0,
				1178.0,
				2296.0,
				1313.0,
				2425.3828125,
				1421.0166015625,
				2465.3978102189794,
				1452.1392538523942,
				2536.5348742903516,
				1412.1246553122492,
				2663.2477696674796,
				1343.2106244931074,
				2647.686536901867,
				1294.3038929440409,
				2576.7000000000007,
				1115.6000000000004,
				2358.7000000000007,
				840.8000000000011,
				2200.9000000000015,
				654.1000000000004,
				2134.2000000000007,
				542.9000000000015,
				2074.1439578264417,
				462.889456609897,
				2018.568126520684,
				396.19845904298563,
				1996.3377939983802,
				349.5147607461495,
				1969.6611328125,
				322.837890625,
				1929.6467964314706,
				305.0540957015419,
				1898.5243309002453,
				293.9389294403918,
				1867.40186536902,
				289.49286293593104,
				1851.8406326034074,
				282.8237631792399,
				1822.94140625,
				269.4853515625,
				1718.458984375,
				193.90234375,
				1667.3288726682913,
				242.80916463909307,
				1598.4148418491495,
				282.8237631792399,
				1526.0,
				304.0,
				1401.0,
				304.0,
				1273.8519870235214,
				271.708596918088,
				1218.2761557177637,
				242.80916463909307,
				1184.930656934308,
				213.90973236009813,
				1158.25390625,
				185.0107421875,
				1116.016626115168,
				211.68669910786957,
				1069.3329278183319,
				245.03219789132345,
				1044.9000000000015,
				262.8000000000011,
				1020.4261962692635,
				278.37769667477914,
				998.1962890625,
				289.4931640625,
				971.5,
				298.40000000000146,
				920.3896999188983,
				331.73049472830644
			]
		}
	],
	"metadata.model": {
		"metadata.model.gender": "FEMALE",
		"metadata.model.age": "20대",
		"metadata.model.job": "researcher",
		"metadata.model.type": "back",
		"metadata.model.usually_size": "S",
		"metadata.model.body_height": "162",
		"metadata.model.waist_height": "102",
		"metadata.model.chest_size_male": "null",
		"metadata.model.breast_size_female": "78.0",
		"metadata.model.waist_size": "60",
		"metadata.model.hip_seize": "88",
		"metadata.model.back_length": "39",
		"metadata.model.shoulders_width": "40",
		"metadata.model.arm_length": "54",
		"metadata.model.weight": "47"
	},
	"metadata.clothes": {
		"metadata.clothes.type": "02top_01blouse",
		"metadata.clothes.season": "summer",
		"metadata.clothes.fiber_composition": "Cotton",
		"metadata.clothes.elasticity": "contain little",
		"metadata.clothes.transparency": "contain a lot",
		"metadata.clothes.isfleece": "fleece_none",
		"metadata.clothes.color": "White",
		"metadata.clothes.washing_method": "none",
		"metadata.clothes.bleach": "none",
		"metadata.clothes.ironing": "none",
		"metadata.clothes.drycleaning": "none",
		"metadata.clothes.wringing": "none",
		"metadata.clothes.drying": "none",
		"metadata.clothes.top_length_type": "long",
		"metadata.clothes.sleeve_length_type": "long sleeves",
		"metadata.clothes.topneck_color_design": "V-neck",
		"metadata.clothes.topsleeve_design": "ribbed sleeve",
		"metadata.clothes.pants_silhouette": "null",
		"metadata.clothes.skirt_design": "null",
		"metadata.top.front_length": "62.0",
		"metadata.top.chest_size": "106.0",
		"metadata.top.waist_size": "106.0",
		"metadata.top.hem_size": "108.0",
		"metadata.top.shoulder_width": "38.0",
		"metadata.top.sleeve_length": "59.0",
		"metadata.top.sleeve_cuff_size": "20.0",
		"metadata.pants.pants_length": "null",
		"metadata.pants.waist_size": "null",
		"metadata.pants.hip_size": "null",
		"metadata.pants.front_rise_length": "null",
		"metadata.pants.back_rise_length": "null",
		"metadata.pants.inner_seam_length": "null",
		"metadata.pants.pants_waist_size": "null",
		"metadata.skirt.length": "null",
		"metadata.skirt.waist_size": "null",
		"metadata.skirt.hip_size": "null",
		"metadata.skirt.hem_size": "null",
		"metadata.dress.front_length": "null",
		"metadata.dress.chest_size": "null",
		"metadata.dress.waist_size": "null",
		"metadata.dress.hip_size": "null",
		"metadata.dress.hem_size": "null",
		"metadata.dress.shoulder_width": "null",
		"metadata.dress.sleeve_length": "null",
		"metadata.dress.cuff_size": "null",
		"metadata.jumpsuit.front_length": "null",
		"metadata.jumpsuit.inner_seam_length": "null",
		"metadata.jumpsuit.chest_size": "null",
		"metadata.jumpsuit.waist_size": "null",
		"metadata.jumpsuit.hip_size": "null",
		"metadata.jumpsuit.shoulder_width": "null",
		"metadata.jumpsuit.sleeve_length": "null",
		"metadata.jumpsuit.cuffs_size": "null",
		"metadata.jumpsuit.front_rise_length": "null",
		"metadata.jumpsuit.back_rise_length": "null",
		"metadata.jumpsuit.pants_waist_size": "null"
	}
}