{
	"dataset": {
		"dataset.id": 334050,
		"dataset.name": "01_sou_066810_334050_wear_02top_01blouse_woman",
		"dataset.image_path": "./008.의류 통합 데이터(3-1)/원천데이터/상품/상의/blouse/01_sou_066810_334050_wear_02top_01blouse_woman.jpg",
		"dataset.label_path": "./008.의류 통합 데이터(3-1)/라벨링데이터/상품/상의/blouse/01_sou_066810_334050_wear_02top_01blouse_woman.json",
		"dataset.category": 5,
		"dataset.type": 1,
		"dataset.width": 3024,
		"dataset.height": 4032,
		"dataset.file_size": 925795
	},
	"annotation": [
		{
			"annotation_type": "Polygon",
			"annotation_id": 194,
			"annotation_point_count": 205.0,
			"annotation_point": [
				1131.0,
				1699.0,
				1010.7000000000007,
				1991.9000000000015,
				977.2999999999993,
				2114.4000000000015,
				976.0,
				2180.0,
				940.2000000000007,
				2246.100000000002,
				969.806640625,
				2262.013671875,
				995.1790552609309,
				2268.356200212471,
				1029.4315292681968,
				2288.6539625871446,
				1042.1176307523674,
				2303.877284368151,
				1085.2503757985542,
				2250.595658134629,
				1115.7000000000007,
				2231.600000000002,
				1179.4000000000015,
				2185.0,
				1269.0,
				2033.7000000000007,
				1317.9000000000015,
				1910.9000000000015,
				1360.2999999999993,
				1733.7000000000007,
				1393.6000000000022,
				1826.2999999999993,
				1386.0,
				1879.7999999999993,
				1339.0,
				1965.0,
				1350.119140625,
				2059.736328125,
				1356.8488452771053,
				2067.688993543881,
				1360.80078125,
				2058.88671875,
				1368.4000000000015,
				2036.6000000000022,
				1388.9000000000015,
				2032.2999999999993,
				1397.2999999999993,
				2033.4000000000015,
				1401.5,
				2039.2000000000007,
				1407.1380785910987,
				2049.7635125694287,
				1439.318293582779,
				2080.9036825898947,
				1457.7943866008136,
				2102.9281643332506,
				1510.897859248682,
				2119.3241674088604,
				1556.5986588661435,
				2136.0872451801915,
				1609.8856688618725,
				2134.557767281345,
				1634.2349570114675,
				2126.910377787124,
				1676.81562171529,
				2116.2652116111713,
				1687.5219670071965,
				2111.737957030593,
				1771.2149976319452,
				2114.735733712325,
				1831.1705312666345,
				2104.39646311614,
				1872.588792767332,
				2082.371981372784,
				1875.2194947533426,
				2106.1706574788004,
				1895.6000000000022,
				2106.0,
				1881.4000000000015,
				1921.9000000000015,
				1893.0,
				1873.6000000000022,
				1989.0,
				2072.0,
				2007.6000000000022,
				2097.2999999999993,
				2087.865234375,
				2129.859375,
				2111.358646511693,
				2132.061659350449,
				2134.851427037942,
				2154.820290485248,
				2145.863667909616,
				2149.681244745134,
				2170.824747218754,
				2168.0349795312613,
				2189.1784820048815,
				2168.0349795312613,
				2212.6712625311266,
				2162.8959337911438,
				2239.1006406231536,
				2145.2763483964627,
				2244.973835754714,
				2136.4665556991204,
				2211.2000000000007,
				2074.7999999999993,
				2207.7000000000007,
				2021.2999999999993,
				2151.7000000000007,
				1960.0,
				2077.7000000000007,
				1827.1000000000022,
				2026.0,
				1683.0,
				1955.71875,
				1528.591796875,
				1948.6711413674457,
				1512.5864028490214,
				1945.1472242885102,
				1505.465153752004,
				1940.522083122407,
				1498.8578092289972,
				1936.4842614694571,
				1491.6631451928333,
				1931.8591203033538,
				1485.0558006698266,
				1926.7934895023827,
				1476.9067424247878,
				1924.7378712063364,
				1468.7576841797454,
				1924.2239666323221,
				1461.1225305087173,
				1923.1961574843008,
				1453.9278664725534,
				1920.6266346142438,
				1445.778808227511,
				1919.0849208922082,
				1439.6853682785186,
				1917.1027175353047,
				1430.5085008854512,
				1917.1027175353047,
				1422.3594426404125,
				1916.588812961294,
				1413.6964798213594,
				1915.561003813269,
				1405.547421576317,
				1911.9636717951907,
				1398.352757540153,
				1907.925850142241,
				1391.7454130171463,
				1903.3007089761377,
				1384.624163920129,
				1899.7767918971986,
				1377.5029148231115,
				1896.1794598791166,
				1371.8499645089832,
				1891.1138290781455,
				1364.7287154119658,
				1887.002592486053,
				1359.149180036984,
				1882.8913558939603,
				1352.0279309399666,
				1879.954758328182,
				1351.2937815485202,
				1877.605480275557,
				1348.0635242261596,
				1873.7879034400394,
				1344.8332669038027,
				1872.3196046571502,
				1340.9422751291422,
				1870.263986361104,
				1336.2437190238925,
				1869.9703266045253,
				1331.5451629186464,
				1869.9703266045253,
				1326.1858723610967,
				1869.9703266045253,
				1320.8999967426898,
				1869.0893473347933,
				1316.20144063744,
				1867.914708308479,
				1311.4294695930475,
				1867.327388795322,
				1306.4372537312192,
				1865.8590900124327,
				1302.3260171391266,
				1864.0237165338185,
				1298.5084403036126,
				1861.9680982377722,
				1293.4428095026415,
				1860.2061396983045,
				1289.3315729105489,
				1858.1505214022582,
				1284.9266765618777,
				1854.3329445667441,
				1281.9900789960957,
				1849.6343884614944,
				1282.5773985092528,
				1844.8624174171018,
				1283.4583777789885,
				1839.8702015552735,
				1285.2203363184562,
				1835.4653052066024,
				1288.1569338842346,
				1832.748952458256,
				1291.3871912065952,
				1827.7567365964278,
				1290.5062119368595,
				1823.6455000043352,
				1288.7442533973917,
				1818.6532841425105,
				1287.2759546145026,
				1814.174972854693,
				1285.8076558316097,
				1810.6510557757574,
				1285.2203363184562,
				1805.6588399139291,
				1284.9266765618777,
				1801.1805286261151,
				1284.045697292142,
				1797.362951790601,
				1280.1547055174851,
				1794.426354224819,
				1276.630788438546,
				1791.1960969024585,
				1272.813211603032,
				1787.9658395801016,
				1268.7019750109393,
				1784.9558270751768,
				1265.1780579320039,
				1781.4319099962413,
				1261.8743856705005,
				1777.9079929173022,
				1258.9377881047185,
				1774.9713953515238,
				1255.1202112692044,
				1773.503096568631,
				1250.4216551639547,
				1772.9157770554775,
				1245.9433438761407,
				1770.8601587594276,
				1241.244787770891,
				1769.024785280817,
				1237.1335511787984,
				1766.088187715035,
				1233.2425594041379,
				1763.4452499058316,
				1228.5440032988881,
				1759.334013313739,
				1225.9010654896847,
				1756.103755991382,
				1222.9644679239063,
				1752.5064239733001,
				1219.1468910883923,
				1748.3951873812075,
				1216.1368785834638,
				1744.871270302272,
				1214.0812602874175,
				1740.4663739536009,
				1211.7319822347963,
				1721.8189794108912,
				1204.6841480769217,
				1726.5909504552874,
				1225.9010654896847,
				1746.0459093285826,
				1250.9355597379654,
				1759.6276730703175,
				1278.9800664911709,
				1760.949141974921,
				1305.7765192789193,
				1750.7444654338324,
				1328.3149055962858,
				1715.505294644463,
				1444.6775841403432,
				1636.877894820689,
				1358.4150306455376,
				1564.4173498850505,
				1285.5139960750348,
				1552.5241297436369,
				1264.9578131145681,
				1548.266063273255,
				1263.709759149111,
				1522.5708345726744,
				1230.673036534081,
				1487.1114189658729,
				1201.3070608762719,
				1473.529655224138,
				1195.8743553795794,
				1458.5530076386567,
				1200.7197413631184,
				1379.7787779365935,
				1253.5784975471688,
				1377.209255066533,
				1254.0924021211795,
				1375.6675413444973,
				1253.4316676688795,
				1372.4372840221404,
				1253.2848377905902,
				1369.353856578069,
				1253.2848377905902,
				1368.6197071866263,
				1253.4316676688795,
				1364.2148108379552,
				1254.0924021211795,
				1360.9845535155946,
				1254.4594768169045,
				1357.240391619227,
				1254.9733813909152,
				1353.9367193577236,
				1255.4872859649258,
				1351.0735367310845,
				1255.634115843215,
				1347.6230345912954,
				1255.634115843215,
				1345.0535117212348,
				1255.634115843215,
				1343.3649681209135,
				1255.8543606606472,
				1340.2815406768423,
				1255.8543606606472,
				1337.0512833544853,
