{
	"dataset": {
		"dataset.id": 36678,
		"dataset.name": "01_sou_007336_036678_wear_02top_01blouse_woman",
		"dataset.image_path": "./008.의류 통합 데이터(3-1)/원천데이터/상품/상의/blouse/01_sou_007336_036678_wear_02top_01blouse_woman.jpg",
		"dataset.label_path": "./008.의류 통합 데이터(3-1)/라벨링데이터/상품/상의/blouse/01_sou_007336_036678_wear_02top_01blouse_woman.json",
		"dataset.category": 5,
		"dataset.type": 1,
		"dataset.width": 522,
		"dataset.height": 1080,
		"dataset.file_size": 37935
	},
	"annotation": [
		{
			"annotation_type": "Polygon",
			"annotation_id": 134,
			"annotation_point_count": 97.0,
			"annotation_point": [
				239.796875,
				324.73828125,
				236.8443598468839,
				326.3285468667891,
				234.11895313561763,
				326.3285468667891,
				230.03084306871824,
				327.23701577054453,
				226.85120190557427,
				327.4641329964834,
				222.99020906461374,
				327.4641329964834,
				217.99363009395893,
				329.5081880299331,
				210.27164441203786,
				332.9149464190141,
				201.41407260042251,
				336.7759392599746,
				195.70000000000073,
				338.8000000000011,
				189.60000000000036,
				352.0,
				148.1552734375,
				467.21875,
				147.88254244663767,
				475.93974828174396,
				143.5218917086131,
				485.2061311000489,
				131.53010217904193,
				511.9151168704575,
				114.40000000000146,
				545.4000000000015,
				109.20000000000073,
				550.3000000000011,
				102.80000000000109,
				565.2000000000007,
				98.0,
				578.6000000000004,
				103.0247468033358,
				582.1877972878665,
				114.30000000000109,
				587.3000000000011,
				119.2978515625,
				589.5615234375,
				136.3000000000011,
				593.9000000000015,
				154.5,
				551.9000000000015,
				189.8000000000011,
				490.0,
				210.0,
				439.3000000000011,
				215.0,
				483.0,
				198.0,
				538.0,
				191.0,
				590.0,
				183.25156683044042,
				615.1161770649651,
				197.89725094182722,
				614.7500349621805,
				222.79491393118406,
				612.9193244482576,
				271.12567149876304,
				605.9626244953488,
				314.3304396273543,
				600.8366350563629,
				386.826171875,
				606.6953125,
				374.8000000000011,
				574.6000000000004,
				369.7000000000007,
				509.8000000000011,
				355.90000000000146,
				453.7000000000007,
				356.2939453125,
				418.40625,
				356.2939453125,
				418.40625,
				384.63862345433336,
				471.5518434766109,
				387.6365708367266,
				481.36330763716796,
				401.5361450641831,
				504.52926468293117,
				409.1672838557279,
				514.3407288434883,
				418.4336666740328,
				533.1460351512251,
				427.15496815008555,
				548.6808534054435,
				428.2451308345917,
				555.4943701836073,
				443.7799490888083,
				584.111140651903,
				452.732421875,
				581.796875,
				468.5,
				574.6000000000004,
				477.2636753665356,
				568.249987908528,
				456.39858216196626,
				521.9718676350294,
				426.14656766691223,
				455.74448455126185,
				408.15888337255456,
				419.49657529142314,
				407.0687206880484,
				411.59289582875135,
				405.1609359901631,
				403.68921636607956,
				401.07282592326374,
				397.69332160129306,
				398.89250055424964,
				389.2445607963691,
				395.6220125007312,
				380.25071864918937,
				392.0789837760858,
				370.4392544886323,
				391.26136176270484,
				366.3511444217329,
				389.35357706481955,
				361.7179530125795,
				387.44579236693244,
				357.62984294568014,
				385.53800766904715,
				353.81427354990774,
				383.63022297116004,
				349.99870415413534,
				381.7224382732729,
				346.18313475836294,
				379.54211290426065,
				342.36756536259054,
				377.36178753524837,
				338.55199596681814,
				375.18146216623427,
				335.00896724217273,
				372.18351478384284,
				332.0110198597795,
				368.6404860591956,
				329.8306944907672,
				364.8249166634232,
				328.1954504640071,
				360.7368065965238,
				326.83274710837395,
				356.64869652962443,
				325.4700437527408,
				353.105667804979,
				323.5622590548537,
				348.47265625,
				322.4716796875,
				348.47265625,
				322.4716796875,
				327.0,
				322.10000000000036,
				322.8291015625,
				304.6279296875,
				319.76485903716457,
				304.70698695741885,
				317.493686777776,
				306.069690313052,
				317.0394523258983,
				308.5679797983794,
				316.1309834221429,
				310.3849176058902,
				312.9513422589989,
				312.20185541340106,
				309.31746664397906,
				313.1103243171565,
				304.77512212520196,
				314.24591044685076,
				302.0497154139357,
				314.70014489872847,
				290.4667368910541,
				317.87978606187244,
				284.5615234375,
				317.8798828125,
				284.5615234375,
				317.8798828125,
				270.9161568510608,
				317.97643522402177,
				258.8974424855551,
				316.28996548030045,
				257.08050467804424,
				315.83573102842274,
				257.08050467804424,
				312.8832070912176,
				253.2195118370837,
				311.5205037355845,
				245.4970703125,
				308.568359375,
				245.4970703125,
				308.568359375
			]
		}
	],
	"metadata.model": {
		"metadata.model.gender": "FEMALE",
		"metadata.model.age": "30대",
		"metadata.model.job": "Others",
		"metadata.model.type": "wear",
		"metadata.model.usually_size": "M",
		"metadata.model.body_height": "163",
		"metadata.model.waist_height": "98",
		"metadata.model.chest_size_male": "null",
		"metadata.model.breast_size_female": "86.0",
		"metadata.model.waist_size": "73",
		"metadata.model.hip_seize": "97",
		"metadata.model.back_length": "42",
		"metadata.model.shoulders_width": "43",
		"metadata.model.arm_length": "51",
		"metadata.model.weight": "56"
	},
	"metadata.clothes": {
		"metadata.clothes.type": "02top_01blouse",
		"metadata.clothes.season": "winter",
		"metadata.clothes.fiber_composition": "Polyester,Viscos rayon",
		"metadata.clothes.elasticity": "contain little",
		"metadata.clothes.transparency": "none at all",
		"metadata.clothes.isfleece": "fleece_none",
		"metadata.clothes.color": "Black,White",
		"metadata.clothes.washing_method": "Hand Washing30",
		"metadata.clothes.bleach": "Do not chlorine bleach",
		"metadata.clothes.ironing": "Ironing 80~120℃ : Place a cloth between the iron and textile",
		"metadata.clothes.drycleaning": "none",
		"metadata.clothes.wringing": "none",
		"metadata.clothes.drying": "Line dry in shade",
		"metadata.clothes.top_length_type": "long",
		"metadata.clothes.sleeve_length_type": "long sleeves",
		"metadata.clothes.topneck_color_design": "Chinese collar",
		"metadata.clothes.topsleeve_design": "shirt sleeve",
		"metadata.clothes.pants_silhouette": "null",
		"metadata.clothes.skirt_design": "null",
		"metadata.top.front_length": "64.0",
		"metadata.top.chest_size": "92.0",
		"metadata.top.waist_size": "92.0",
		"metadata.top.hem_size": "92.0",
		"metadata.top.shoulder_width": "37.0",
		"metadata.top.sleeve_length": "56.0",
		"metadata.top.sleeve_cuff_size": "22.0",
		"metadata.pants.pants_length": "null",
		"metadata.pants.waist_size": "null",
		"metadata.pants.hip_size": "null",
		"metadata.pants.front_rise_length": "null",
		"metadata.pants.back_rise_length": "null",
		"metadata.pants.inner_seam_length": "null",
		"metadata.pants.pants_waist_size": "null",
		"metadata.skirt.length": "null",
		"metadata.skirt.waist_size": "null",
		"metadata.skirt.hip_size": "null",
		"metadata.skirt.hem_size": "null",
		"metadata.dress.front_length": "null",
		"metadata.dress.chest_size": "null",
		"metadata.dress.waist_size": "null",
		"metadata.dress.hip_size": "null",
		"metadata.dress.hem_size": "null",
		"metadata.dress.shoulder_width": "null",
		"metadata.dress.sleeve_length": "null",
		"metadata.dress.cuff_size": "null",
		"metadata.jumpsuit.front_length": "null",
		"metadata.jumpsuit.inner_seam_length": "null",
		"metadata.jumpsuit.chest_size": "null",
		"metadata.jumpsuit.waist_size": "null",
		"metadata.jumpsuit.hip_size": "null",
		"metadata.jumpsuit.shoulder_width": "null",
		"metadata.jumpsuit.sleeve_length": "null",
		"metadata.jumpsuit.cuffs_size": "null",
		"metadata.jumpsuit.front_rise_length": "null",
		"metadata.jumpsuit.back_rise_length": "null",