{
	"dataset": {
		"dataset.id": 276557,
		"dataset.name": "01_sou_055312_276557_back_02top_01blouse_woman",
		"dataset.image_path": "./008.의류 통합 데이터(3-1)/원천데이터/상품/상의/blouse/01_sou_055312_276557_back_02top_01blouse_woman.jpg",
		"dataset.label_path": "./008.의류 통합 데이터(3-1)/라벨링데이터/상품/상의/blouse/01_sou_055312_276557_back_02top_01blouse_woman.json",
		"dataset.category": 5,
		"dataset.type": 1,
		"dataset.width": 4032,
		"dataset.height": 2268,
		"dataset.file_size": 876733
	},
	"annotation": [
		{
			"annotation_type": "Polygon",
			"annotation_id": 12,
			"annotation_point_count": 213.0,
			"annotation_point": [
				1849.0,
				153.0,
				1592.0,
				160.0,
				1570.7734375,
				169.4052734375,
				1555.4111722255184,
				196.66032615316362,
				1527.6603252288915,
				249.68426595028905,
				1504.3694357852946,
				282.39062133917105,
				1490.7417877065927,
				285.8099221298271,
				1485.9349445661064,
				287.1974644796592,
				1479.740559075788,
				289.9725491793215,
				1475.6274871102141,
				292.6980787950615,
				1469.4331016198958,
				296.5138202570979,
				1464.2793728919532,
				298.19869311046386,
				1458.431872989091,
				299.58623546029594,
				1452.5348180023066,
				301.3206633975842,
				1447.0342036869042,
				302.36132015995827,
				1441.1867037840457,
				303.0550913348743,
				1435.6860894686397,
				304.39307860078225,
				1430.1854751532373,
				305.7806209506143,
				1423.991089662919,
				307.1681633004464,
				1417.1029329976845,
				307.8619344753606,
				1412.9898610321143,
				308.55570565027665,
				1406.448589954336,
				309.5963624126507,
				1400.6010900514775,
				310.58746409110245,
				1395.1004757360752,
				311.28123526601667,
				1389.252975833213,
				313.01566320330676,
				1383.7523615178106,
				314.75009114059503,
				1379.2428488808582,
				316.78184958142083,
				1373.7422345654559,
				318.1693919312511,
				1368.2416202500535,
				318.8631631061671,
				1361.7003491722753,
				318.8631631061671,
				1356.893506031789,
				318.8631631061671,
				1346.5860485759003,
				318.8631631061671,
				1340.391663085582,
				319.21004869362514,
				1335.1883792737135,
				319.9038198685412,
				1331.0753073081432,
				321.29136221837143,
				1325.227807405281,
				321.98513339328747,
				1317.9927651525904,
				323.32312065919723,
				1307.6853076966981,
				325.0575485964855,
				1301.1440366189236,
				326.7919765337756,
				1295.6434223035176,
				328.17951888360585,
				1291.480795254025,
				329.5175061495156,
				1286.3270665260789,
				330.21127732443165,
				1273.591409957986,
				332.29259084917794,
				1270.7667701743994,
				333.72968828293233,
				1267.3474693837452,
				333.72968828293233,
				1259.7655415435947,
				336.1083323112143,
				1253.2242704658165,
				338.88341701087666,
				1247.7236561504142,
				340.96473053562295,
				1242.2230418350118,
				343.6902601513648,
				1237.0693131070657,
				346.1184592635691,
				1232.559800470117,
				347.85288720085737,
				1227.059186154711,
				350.9253024040554,
				1222.9461141891406,
				353.35350151626153,
				1218.4861566361105,
				355.7321455445435,
				1214.323529586618,
				358.50723024420586,
				1208.8229152712156,
				361.5796454474039,
				1204.3629577181855,
				364.70161573452424,
				1200.2498857526152,
				367.7740309377223,
				1196.781029878035,
				370.8960012248426,
				1191.627301150089,
				375.70284436533075,
				1185.7798012472304,
				380.16280191835904,
				1182.65783096011,
				382.93788661802137,
				1178.19787340708,
				387.7447297585095,
				1174.0848014415096,
				392.5515728989958,
				1170.6159455669294,
				397.0610855359482,
				1165.4622168389833,
				401.86792867643635,
				1161.6960304608692,
				407.3685429918387,
				1159.961602523581,
				412.86915730724104,
				1158.2271745862927,
				418.0228860351872,
				1155.5016449705508,
				422.8297291756735,
				1153.7672170332626,
				426.6454706377099,
				1150.0010306551485,
				432.83985612802826,
				1146.185289193112,
				439.03424161834664,
				1142.7659884024579,
				445.228627108665,
				1139.6440181153375,
				451.0761270115272,
				1135.1840605623074,
				458.3111692642178,
				1132.1116453591094,
				463.811783579622,
				1129.3365606594452,
				468.6186267201083,
				1125.917259868791,
				473.77235544805444,
				1121.7546328192984,
				478.57919858854075,
				1117.9884464411844,
				484.1293679878654,
				1115.2133617415202,
				488.2424399534375,
				1111.4471753634061,
				494.4368254437559,
				1109.0189762512018,
				497.5092406469539,
				1109.0189762512018,
				497.5092406469539,
				1089.7420486053306,
				520.9487953423195,
				723.0,
				811.0,
				319.0,
				1200.0,
				184.0,
				1376.0,
				54.20000000000073,
				1520.5,
				74.0,
				1546.0,
				277.60000000000036,
				1707.5,
				300.52734375,
				1715.2265625,
				341.658501710539,
				1660.7157255609345,
				380.80701800935276,
				1622.0627601013475,
				459.1040506069785,
				1558.1367018412566,
				897.7000000000007,
				1248.6000000000022,
				1156.5,
				946.9000000000015,
				1184.451171875,
				950.927734375,
				1168.3958778071974,
				1002.6638551366268,
				1157.6919796799266,
				1030.612922468943,
				1163.6385897506334,
				1074.617836992169,
				1159.4759627011408,
				1153.1130899254822,
				1165.422572771844,
				1295.2370706153524,
				1160.0706237082086,
				1412.3852890082562,
				1153.9456153353822,
				1626.6416498557883,
				1144.6094375243738,
				1788.032647174743,
				1147.5827425597272,
				1863.495128972001,
				1143.122785006697,
				1919.7500602408763,
				1134.2623360013458,
				1965.5984238860183,
				1131.1000000000022,
				1987.7999999999993,
				1286.0,
				2027.0,
				1433.0,
				2091.0,
				1673.7999999999993,
				2132.5,
				1754.5,
				2129.0,
				1792.9000000000015,
				2112.100000000002,
				1936.423828125,
				2095.984375,
				2014.9196078124514,
				2090.2750506284356,
				2052.0264546536564,
				2096.697389504796,
				2099.8371996221285,
				2096.697389504796,
				2133.3760804209123,
				2088.134271002982,
				2184.0411982233236,
				2095.270203087828,
				2225.4296043154354,
				2095.983796296314,
				2258.2548919057335,
				2092.415830253889,
				2325.2999999999993,
				2090.2999999999993,
				2593.900390625,
				2001.931640625,
				2583.6248512464153,
				1592.615147031207,
				2576.774356444963,
				1341.7157749279868,
				2581.912227546054,
				1200.4243196480165,
				2585.234375,
				1096.6796875,
				2581.0725662040713,
				1089.5438282696377,
				2607.237650515177,
				1106.7889974746868,
				2734.677734375,
				1171.48046875,
				2741.5287564199098,
				1173.1936028122436,
				2869.119222096975,
				1233.135432324958,
				3019.8301077289398,
				1303.353004039851,
				3140.5700786045527,
				1365.0074572529302,
				3205.649779218358,
				1400.9725549605573,
				3364.92378335214,
				1481.4658688776326,
				3545.5,
				1619.2999999999993,
				3568.7000000000007,
				1610.1000000000022,
				3630.600000000002,
				1519.4000000000015,
				3719.2999999999993,
				1412.6000000000022,
				3551.0,
				1221.0,
				3441.0,
				1122.0,
				3123.0,
				881.0,
				2670.0,
				584.0,
				2597.068359375,
				506.298828125,
				2581.5697028059803,
				488.2297538519506,
				2577.545037110125,
				482.74935801078755,
				2570.6089111236543,
				474.35750187900885,
				2565.2141464675115,
				468.8771060378458,
				2558.2780204810406,
				462.96855427159244,
				2552.7976246398757,
				456.5462153952303,
				2549.3723772391495,
				450.5520324439585,
				2543.3781942878777,
				442.160176312178,
				2538.925372666934,
				434.7102632155984,
				2533.4449768257728,
				427.7741372291275,
				2528.992155204829,
				422.2937413879645,
				2523.5973905486826,
				415.3576154014936,
				2518.6307818176283,
				409.44906363524024,
				2514.1779601966846,
				402.51293764876937,
				2513.150385976467,
				400.0296332832422,
				2500.733864148835,
				385.12980709008116,
				2495.3390994926885,
				378.70746821371904,
				2489.8587036515273,
