{
	"dataset": {
		"dataset.id": 220430,
		"dataset.name": "01_sou_044086_220430_wear_02top_01blouse_woman",
		"dataset.image_path": "./008.의류 통합 데이터(3-1)/원천데이터/상품/상의/blouse/01_sou_044086_220430_wear_02top_01blouse_woman.jpg",
		"dataset.label_path": "./008.의류 통합 데이터(3-1)/라벨링데이터/상품/상의/blouse/01_sou_044086_220430_wear_02top_01blouse_woman.json",
		"dataset.category": 5,
		"dataset.type": 1,
		"dataset.width": 3024,
		"dataset.height": 4032,
		"dataset.file_size": 1161213
	},
	"annotation": [
		{
			"annotation_type": "Polygon",
			"annotation_id": 97,
			"annotation_point_count": 67.0,
			"annotation_point": [
				1881.0,
				1283.0,
				1804.0,
				1261.0,
				1793.0,
				1251.0,
				1754.7000000000007,
				1254.6000000000022,
				1742.0,
				1261.0,
				1734.0,
				1272.0,
				1681.2999999999993,
				1319.7999999999993,
				1566.0,
				1377.0,
				1504.0,
				1395.2999999999993,
				1480.2000000000007,
				1374.0,
				1502.2000000000007,
				1346.6000000000022,
				1526.0,
				1330.0,
				1471.0,
				1341.0,
				1365.0,
				1399.0,
				1207.0,
				1735.0,
				1182.0,
				1811.0,
				1174.0,
				1877.0,
				1138.0,
				1913.0,
				1131.0,
				1956.0,
				1151.494140625,
				1988.37109375,
				1151.494140625,
				1988.37109375,
				1171.558265582662,
				1992.018970189707,
				1202.5672295184559,
				2002.9633104023414,
				1229.9280800500383,
				2008.4354805086587,
				1257.2889305816207,
				2010.2595372107644,
				1275.5294976026744,
				2004.7873671044472,
				1321.0,
				2036.0,
				1321.0,
				2159.0,
				1281.0,
				2333.0,
				1343.0,
				2365.0,
				1350.0,
				2390.0,
				1368.0,
				2405.0,
				1584.0,
				2405.0,
				1616.62890625,
				2396.958984375,
				1612.9799874921882,
				2398.7836147592316,
				1636.6927246195592,
				2389.663331248703,
				1665.8776318532473,
				2380.543047738178,
				1693.2384823848297,
				2375.0708776318606,
				1722.4233896185178,
				2367.7746508234377,
				1747.9601834479945,
				2353.1821972065954,
				1775.321033979577,
				2340.4138002918553,
				1800.8578278090536,
				2323.9972899729073,
				1820.922451532213,
				2302.1086095476385,
				1844.635188659584,
				2287.5161559307962,
				1871.9960391911663,
				2285.6920992286905,
				1901.1809464248545,
				2278.3958724202676,
				1904.829059829066,
				2278.3958724202676,
				1903.0050031269602,
				2336.765686887644,
				1915.7734000417004,
				2356.8303106108033,
				1972.0,
				2296.0,
				1972.0,
				2257.0,
				1917.0,
				2112.0,
				1914.0,
				2000.0,
				1939.2000000000007,
				2001.1000000000022,
				1996.0318949343418,
				1990.1949134876013,
				1966.8469877006537,
				1951.8897227433881,
				1966.8469877006537,
				1933.6491557223344,
				1986.9116114238132,
				1920.8807588075942,
				2010.624348551184,
				1904.4642484886463,
				2036.1611423806607,
				1889.8717948718004,
				2065.346049614349,
				1888.0477381696946,
				2096.3550135501428,
				1893.5199082760118,
				2118.244140625,
				1906.2890625,
				2137.0,
				1877.0,
				2137.0,
				1822.0,
				2056.0,
				1692.0,
				1961.0,
				1413.0
			]
		}
	],
	"metadata.model": {
		"metadata.model.gender": "FEMALE",
		"metadata.model.age": "50대 이상",
		"metadata.model.job": "homemaker",
		"metadata.model.type": "wear",
		"metadata.model.usually_size": "L",
		"metadata.model.body_height": "165",
		"metadata.model.waist_height": "103",
		"metadata.model.chest_size_male": "null",
		"metadata.model.breast_size_female": "92.0",
		"metadata.model.waist_size": "76",
		"metadata.model.hip_seize": "94",
		"metadata.model.back_length": "40",
		"metadata.model.shoulders_width": "40",
		"metadata.model.arm_length": "54",
		"metadata.model.weight": "57"
	},
	"metadata.clothes": {
		"metadata.clothes.type": "02top_01blouse",
		"metadata.clothes.season": "summer",
		"metadata.clothes.fiber_composition": "Silk",
		"metadata.clothes.elasticity": "none at all",
		"metadata.clothes.transparency": "none at all",
		"metadata.clothes.isfleece": "fleece_none",
		"metadata.clothes.color": "Yellow",
		"metadata.clothes.washing_method": "Do Not Washing",
		"metadata.clothes.bleach": "Do not chlorine bleach",
		"metadata.clothes.ironing": "Ironing 80~120℃ : Place a cloth between the iron and textile",
		"metadata.clothes.drycleaning": "DRYCLEAN",
		"metadata.clothes.wringing": "none",
		"metadata.clothes.drying": "Line dry in shade",
		"metadata.clothes.top_length_type": "normal",
		"metadata.clothes.sleeve_length_type": "long sleeves",
		"metadata.clothes.topneck_color_design": "round neck",
		"metadata.clothes.topsleeve_design": "puff sleeve",
		"metadata.clothes.pants_silhouette": "null",
		"metadata.clothes.skirt_design": "null",
		"metadata.top.front_length": "61.0",
		"metadata.top.chest_size": "96.0",
		"metadata.top.waist_size": "102.0",
		"metadata.top.hem_size": "128.0",
		"metadata.top.shoulder_width": "38.0",
		"metadata.top.sleeve_length": "39.0",
		"metadata.top.sleeve_cuff_size": "34.0",
		"metadata.pants.pants_length": "null",
		"metadata.pants.waist_size": "null",
		"metadata.pants.hip_size": "null",
		"metadata.pants.front_rise_length": "null",
		"metadata.pants.back_rise_length": "null",
		"metadata.pants.inner_seam_length": "null",
		"metadata.pants.pants_waist_size": "null",
		"metadata.skirt.length": "null",
		"metadata.skirt.waist_size": "null",
		"metadata.skirt.hip_size": "null",
		"metadata.skirt.hem_size": "null",
		"metadata.dress.front_length": "null",
		"metadata.dress.chest_size": "null",
		"metadata.dress.waist_size": "null",
		"metadata.dress.hip_size": "null",
		"metadata.dress.hem_size": "null",
		"metadata.dress.shoulder_width": "null",
		"metadata.dress.sleeve_length": "null",
		"metadata.dress.cuff_size": "null",
		"metadata.jumpsuit.front_length": "null",
		"metadata.jumpsuit.inner_seam_length": "null",
		"metadata.jumpsuit.chest_size": "null",
		"metadata.jumpsuit.waist_size": "null",
		"metadata.jumpsuit.hip_size": "null",
		"metadata.jumpsuit.shoulder_width": "null",
		"metadata.jumpsuit.sleeve_length": "null",
		"metadata.jumpsuit.cuffs_size": "null",
		"metadata.jumpsuit.front_rise_length": "null",
		"metadata.jumpsuit.back_rise_length": "null",
		"metadata.jumpsuit.pants_waist_size": "null"
	}
}