{
	"dataset": {
		"dataset.id": 36664,
		"dataset.name": "01_sou_007333_036664_wear_02top_01blouse_woman",
		"dataset.image_path": "./008.의류 통합 데이터(3-1)/원천데이터/상품/상의/blouse/01_sou_007333_036664_wear_02top_01blouse_woman.jpg",
		"dataset.label_path": "./008.의류 통합 데이터(3-1)/라벨링데이터/상품/상의/blouse/01_sou_007333_036664_wear_02top_01blouse_woman.json",
		"dataset.category": 5,
		"dataset.type": 1,
		"dataset.width": 810,
		"dataset.height": 1080,
		"dataset.file_size": 84982
	},
	"annotation": [
		{
			"annotation_type": "Polygon",
			"annotation_id": 120,
			"annotation_point_count": 92.0,
			"annotation_point": [
				328.2802734375,
				375.330078125,
				322.7883222016808,
				379.3572770819119,
				320.5914695849715,
				380.45570339026744,
				316.19776435155654,
				382.6525560069749,
				312.17020122092435,
				385.215550726467,
				304.1150749596618,
				389.24311385709916,
				299.72136972624503,
				390.7076822682375,
				292.03238556776705,
				394.3691032960851,
				285.07568561485823,
				397.2982401183617,
				277.38671875,
				401.326171875,
				277.38671875,
				401.326171875,
				266.7685804756238,
				410.4793558186102,
				261.27644893385514,
				415.23920315481155,
				259.4457384199304,
				418.1683399770882,
				257.9811700087921,
				425.85732413556616,
				251.75675426145244,
				451.1211292277094,
				248.09533323360665,
				469.7943764697284,
				243.70162800018988,
				485.9046289922535,
				218.5,
				569.1000000000004,
				212.0,
				592.0,
				213.10000000000036,
				607.3000000000011,
				202.0,
				616.0,
				200.0,
				638.0,
				192.91796875,
				654.927734375,
				195.35866569585596,
				657.6740941453081,
				200.24056039965217,
				665.3020546199896,
				202.68150775154936,
				666.8276467149262,
				206.95316561737127,
				666.5225282959382,
				212.44529715914177,
				668.9634756478354,
				217.60000000000036,
				670.3000000000011,
				223.42956024268278,
				667.1327651339125,
				244.10000000000036,
				631.4000000000015,
				274.40000000000146,
				583.8000000000011,
				265.724609375,
				666.701171875,
				265.724609375,
				666.701171875,
				266.1486815543867,
				672.846107529449,
				269.8000000000011,
				679.1000000000004,
				269.8000000000011,
				685.8000000000011,
				271.869651910396,
				692.7635598800043,
				273.3528664471396,
				699.1201936089055,
				279.0738368031507,
				703.3579494281712,
				280.5570513398943,
				709.0789197841823,
				284.5829193681984,
				716.7068802588637,
				297.2000000000007,
				722.9000000000015,
				328.54296875,
				725.8984375,
				328.54296875,
				725.8984375,
				347.4601975609912,
				726.2036910498409,
				359.6649343204808,
				723.4576252789557,
				376.4464473647786,
				723.7627436979419,
				403.3000000000011,
				723.8000000000011,
				436.2000000000007,
				718.7000000000007,
				449.5,
				711.4000000000015,
				459.2000000000007,
				700.6000000000004,
				461.10000000000036,
				688.3000000000011,
				467.7000000000007,
				678.8000000000011,
				461.3609033689245,
				637.7498613854423,
				457.6994823410769,
				592.2872169563452,
				457.0888671875,
				557.80859375,
				457.0888671875,
				557.50390625,
				457.0888671875,
				557.50390625,
				470.20933751955454,
				579.7773617778694,
				493.7034557815714,
				611.8147957715282,
				507.1286662170096,
				630.1219009107608,
				518.1129293005488,
				645.68294027911,
				530.3176660600384,
				659.4132691335362,
				537.5,
				661.4000000000015,
				548.8000000000011,
				655.5,
				553.1930719724405,
				649.4254437016316,
				554.9000000000015,
				648.7000000000007,
				555.8416693594827,
				648.189431587678,
				557.1000000000004,
				645.3000000000011,
				558.0,
				642.4000000000015,
				549.8000000000011,
				628.4000000000015,
				545.9000000000015,
				613.0,
				533.2000000000007,
				597.9000000000015,
				533.7000000000007,
				588.3000000000011,
				514.8000000000011,
				545.6000000000004,
				505.2000000000007,
				522.0,
				460.4577528487189,
				414.87306105202697,
				456.0640476153021,
				410.8454979213948,
				445.8120687373321,
				404.6210821740551,
				430.8002425231589,
				395.8336717072234,
				417.2529847201258,
				388.8769717543146,
				402.2412109375,
				383.0185546875,
				396.0,
				376.10000000000036,
				392.40000000000146,
				368.5,
				385.8013780909223,
				361.16001457351376,
				379.21082024079806,
				356.7663093400988,
				370.7895518767509,
				355.66788303174326,
				355.0454414570104,
				355.66788303174326,
				341.13204155119274,
				358.23087775123713,
				333.8095703125,
				360.7939453125
			]
		}
	],
	"metadata.model": {
		"metadata.model.gender": "FEMALE",
		"metadata.model.age": "50대 이상",
		"metadata.model.job": "homemaker",
		"metadata.model.type": "wear",
		"metadata.model.usually_size": "L",
		"metadata.model.body_height": "160",
		"metadata.model.waist_height": "94",
		"metadata.model.chest_size_male": "null",
		"metadata.model.breast_size_female": "91.0",
		"metadata.model.waist_size": "89",
		"metadata.model.hip_seize": "98",
		"metadata.model.back_length": "39",
		"metadata.model.shoulders_width": "42",
		"metadata.model.arm_length": "51",
		"metadata.model.weight": "65"
	},
	"metadata.clothes": {
		"metadata.clothes.type": "02top_01blouse",
		"metadata.clothes.season": "spring&fall",
		"metadata.clothes.fiber_composition": "Polyester,Viscos rayon",
		"metadata.clothes.elasticity": "none",
		"metadata.clothes.transparency": "none",
		"metadata.clothes.isfleece": "fleece_none",
		"metadata.clothes.color": "Blue",
		"metadata.clothes.washing_method": "Washing30",
		"metadata.clothes.bleach": "Chlorine bleach",
		"metadata.clothes.ironing": "Ironing 80~120℃ : Place a cloth between the iron and textile",
		"metadata.clothes.drycleaning": "DRYCLEAN",
		"metadata.clothes.wringing": "Do not wringing",
		"metadata.clothes.drying": "Line dry in shade",
		"metadata.clothes.top_length_type": "long",
		"metadata.clothes.sleeve_length_type": "long sleeves",
		"metadata.clothes.topneck_color_design": "shirts collar",
		"metadata.clothes.topsleeve_design": "shirt sleeve",
		"metadata.clothes.pants_silhouette": "null",
		"metadata.clothes.skirt_design": "null",
		"metadata.top.front_length": "69.0",
		"metadata.top.chest_size": "106.0",
		"metadata.top.waist_size": "106.0",
		"metadata.top.hem_size": "106.0",
		"metadata.top.shoulder_width": "44.0",
		"metadata.top.sleeve_length": "55.0",
		"metadata.top.sleeve_cuff_size": "22.0",
		"metadata.pants.pants_length": "null",
		"metadata.pants.waist_size": "null",
		"metadata.pants.hip_size": "null",
		"metadata.pants.front_rise_length": "null",
		"metadata.pants.back_rise_length": "null",
		"metadata.pants.inner_seam_length": "null",
		"metadata.pants.pants_waist_size": "null",
		"metadata.skirt.length": "null",
		"metadata.skirt.waist_size": "null",
		"metadata.skirt.hip_size": "null",
		"metadata.skirt.hem_size": "null",
		"metadata.dress.front_length": "null",
		"metadata.dress.chest_size": "null",
		"metadata.dress.waist_size": "null",
		"metadata.dress.hip_size": "null",
		"metadata.dress.hem_size": "null",
		"metadata.dress.shoulder_width": "null",
		"metadata.dress.sleeve_length": "null",
		"metadata.dress.cuff_size": "null",
		"metadata.jumpsuit.front_length": "null",
		"metadata.jumpsuit.inner_seam_length": "null",
		"metadata.jumpsuit.chest_size": "null",
		"metadata.jumpsuit.waist_size": "null",
		"metadata.jumpsuit.hip_size": "null",
		"metadata.jumpsuit.shoulder_width": "null",
		"metadata.jumpsuit.sleeve_length": "null",
		"metadata.jumpsuit.cuffs_size": "null",
		"metadata.jumpsuit.front_rise_length": "null",
		"metadata.jumpsuit.back_rise_length": "null",
		"metadata.jumpsuit.pants_waist_size": "null"
	}
}