{
	"dataset": {
		"dataset.id": 334693,
		"dataset.name": "01_sou_066939_334693_wear_02top_01blouse_woman",
		"dataset.image_path": "./008.의류 통합 데이터(3-1)/원천데이터/상품/상의/blouse/01_sou_066939_334693_wear_02top_01blouse_woman.jpg",
		"dataset.label_path": "./008.의류 통합 데이터(3-1)/라벨링데이터/상품/상의/blouse/01_sou_066939_334693_wear_02top_01blouse_woman.json",
		"dataset.category": 5,
		"dataset.type": 1,
		"dataset.width": 2252,
		"dataset.height": 4000,
		"dataset.file_size": 356907
	},
	"annotation": [
		{
			"annotation_type": "Polygon",
			"annotation_id": 37,
			"annotation_point_count": 137.0,
			"annotation_point": [
				1044.6790917324834,
				1145.739999389134,
				1030.922907197115,
				1151.6533151474869,
				984.5648232194744,
				1177.5739642532644,
				977.5861869217642,
				1181.5617564233853,
				970.6075506240559,
				1185.0510745722386,
				964.1273883476115,
				1190.0358147848892,
				955.1548559648418,
				1194.522080976274,
				947.6777456458676,
				1199.0083471676571,
				940.2006353268935,
				1201.9991912952482,
				932.2250509866535,
				1205.9869834653673,
				925.7448887102091,
				1208.4793535716926,
				918.267778391235,
				1212.4671457418117,
				911.7876161147906,
				1215.457989869401,
				904.8089798170804,
				1219.9442560607858,
				897.3318694981062,
				1223.433574209641,
				889.3562851578681,
				1228.4183144222898,
				881.8791748388921,
				1232.4061065924107,
				868.4203762647394,
				1238.3877948475892,
				865.9280061584141,
				1239.8832169113848,
				858.4508958394399,
				1245.3664311452994,
				846.4875193290809,
				1250.849645379214,
				838.013460967577,
				1254.8374375493331,
				831.0348246698668,
				1257.8282816769224,
				823.5577143508926,
				1260.3206517832477,
				815.5821300106545,
				1264.8069179746326,
				808.6034937129443,
				1271.287080251077,
				805.612649585355,
				1277.2687685062556,
				802.6218054577657,
				1285.7428268677595,
				800.1294353514404,
				1296.2107813143248,
				798.6340132876448,
				1307.675683803418,
				797.6370652451151,
				1312.6604240160686,
				795.1446951387898,
				1320.1375343350428,
				790.6584289474067,
				1327.1161706327512,
				786.1721627560219,
				1334.0948069304613,
				781.1874225433712,
				1341.0734432281697,
				777.6981043945179,
				1348.5505535471439,
				774.7072602669268,
				1355.529189844854,
				759.7529296875,
				1393.4130859375,
				670.0,
				1653.0,
				619.0,
				1691.0,
				562.0,
				1789.0,
				543.0,
				1920.0,
				459.478515625,
				2113.62109375,
				479.4050360166075,
				2139.84120249658,
				533.9418479525339,
				2167.1096084645433,
				570.6493175247924,
				2118.8655055981435,
				773.0647925946723,
				1851.4253701431226,
				877.4000000000015,
				1659.7000000000007,
				893.0,
				1713.0,
				893.0,
				1827.0,
				842.0,
				2034.0,
				833.89453125,
				2157.669921875,
				842.2845923595014,
				2227.9391294699963,
				860.113934723171,
				2243.670902143822,
				940.8703677821377,
				2270.939308111785,
				939.5,
				2308.0,
				1033.2999999999993,
				2333.2999999999993,
				1230.3359375,
				2322.330078125,
				1230.3349849805163,
				2313.939486753574,
				1262.8473151730868,
				2329.6712594273995,
				1359.335520905879,
				2337.012753341849,
				1444.2870933445338,
				2327.5736897375537,
				1565.946135355447,
				2266.7441687321007,
				1557.6000000000022,
				1932.2000000000007,
				1516.2000000000007,
				1655.1000000000022,
				1518.0,
				1619.0,
				1576.0,
				1734.0,
				1614.0,
				1776.0,
				1627.0,
				1835.0,
				1658.23828125,
				1868.205078125,
				1671.8734046925347,
				1900.7182578544416,
				1716.9711530241657,
				1932.1818032020892,
				1741.0932044573638,
				1969.9380576192707,
				1799.8251557729782,
				2018.1821604856668,
				1903.65485542022,
				2184.938950828211,
				1955.0453128213812,
				2190.1828750528184,
				2014.826048981915,
				2140.8899873414994,
				2020.069973206526,
				2119.9142904430664,
				1951.898958286616,
				1998.2552484321532,
				1958.1916673561464,
				1953.1575001005222,
				1927.776906853418,
				1904.913397234126,
				1918.3378432491227,
				1861.9132185923372,
				1887.9230827463944,
				1827.3033187099245,
				1852.7000000000007,
				1802.6000000000022,
				1802.970703125,
				1683.619140625,
				1761.0201165108738,
				1619.6439194154373,
				1728.248185025086,
				1538.8679348661026,
				1659.2793194428668,
				1383.8225752918515,
				1656.8866441407936,
				1374.8500429090818,
				1653.2976311876864,
				1362.288497573205,
				1648.5122805835435,
				1350.325121062846,
				1646.119605281472,
				1343.1470951566316,
				1641.9324235028453,
				1335.3709004248976,
				1636.5489040731845,
				1326.9965368676458,
				1632.3617222945577,
				1318.0240044848779,
				1627.5763716904148,
				1310.2478097531439,
				1622.791021086272,
				1302.47161502141,
				1618.603839307645,
				1294.0972514641599,
				1615.6129951800558,
				1285.722887906908,
				1606.0422939717682,
				1274.3576802220668,
				1603.6496186696968,
				1270.7686672689597,
				1597.0697615890003,
				1263.5906413627436,
				1590.489904508302,
				1257.010784282047,
				1584.5082162531235,
				1250.4309272013488,
				1577.9283591724252,
				1243.8510701206524,
				1563.5723073599947,
				1233.682200086847,
				1561.1796320579233,
				1232.4858624358112,
				1552.2070996751536,
				1230.6913559592576,
				1538.449216688241,
				1225.307836529595,
				1534.262034909616,
				1222.9151612275236,
				1526.485840177882,
				1218.1298106233808,
				1511.5316195399337,
				1213.344460019236,
				1503.7554248081997,
				1209.755447066129,
				1494.78289242543,
				1204.970096461986,
				1485.810360042662,
				1200.1847458578413,
				1476.8378276598924,
				1194.2030576026627,
				1467.2671264516048,
				1189.417706998518,
				1460.0891005453905,
				1185.230525219893,
				1450.518399337103,
				1182.2396810923037,
				1442.144035779851,
				1178.052499313677,
				1430.180659269492,
				1173.267148709534,
				1420.0117892356866,
				1169.6781357564269,
				1411.0392568529187,
				1166.0891228033179,
				1401.4685556446311,
				1161.9019410246929,
				1392.4960232618614,
				1157.7147592460678,
				1384.1216597046096,
				1153.527577467441,
				1375.1491273218417,
				1147.5458892122624,
				1366.7747637645898,
				1142.1623697826017,
				1359.5967378583755,
				1134.3861750508677,
				1350.0263671875,
				1127.806640625,
				1316.524123536179,
				1077.778741438211,
				1274.9922436772795,
				1131.8960394361675,
				1200.7382766568262,
				1170.910835667255,
				1135.2941023337153,
				1159.5839593421006,
				1078.6597207079467,
				1124.3447885527348,
				1071.1084698245104,
				1095.3983268328957,
				1064.81640625,
				1115.53515625
			]
		}
	],
	"metadata.model": {
		"metadata.model.gender": "FEMALE",
		"metadata.model.age": "50대 이상",
		"metadata.model.job": "homemaker",
		"metadata.model.type": "wear",
		"metadata.model.usually_size": "L",
		"metadata.model.body_height": "167",
		"metadata.model.waist_height": "97",
		"metadata.model.chest_size_male": "null",
		"metadata.model.breast_size_female": "98.0",
		"metadata.model.waist_size": "88",
		"metadata.model.hip_seize": "100",
		"metadata.model.back_length": "40",
		"metadata.model.shoulders_width": "40",
		"metadata.model.arm_length": "54",
		"metadata.model.weight": "68"
	},
	"metadata.clothes": {
		"metadata.clothes.type": "02top_01blouse",
		"metadata.clothes.season": "spring&fall",
		"metadata.clothes.fiber_composition": "Polyester,Polyurethane",
		"metadata.clothes.elasticity": "contain little",
		"metadata.clothes.transparency": "none at all",
		"metadata.clothes.isfleece": "fleece_none",
		"metadata.clothes.color": "Purple",
		"metadata.clothes.washing_method": "Washing30",
		"metadata.clothes.bleach": "Do not chlorine bleach",
		"metadata.clothes.ironing": "Ironing 80~120℃ : Place a cloth between the iron and textile",
		"metadata.clothes.drycleaning": "DO NOT DRYCLEAN",
		"metadata.clothes.wringing": "none",