{
	"dataset": {
		"dataset.id": 132667,
		"dataset.name": "01_sou_026534_132667_back_02top_01blouse_woman",
		"dataset.image_path": "./008.의류 통합 데이터(3-1)/원천데이터/상품/상의/blouse/01_sou_026534_132667_back_02top_01blouse_woman.jpg",
		"dataset.label_path": "./008.의류 통합 데이터(3-1)/라벨링데이터/상품/상의/blouse/01_sou_026534_132667_back_02top_01blouse_woman.json",
		"dataset.category": 5,
		"dataset.type": 1,
		"dataset.width": 1920,
		"dataset.height": 1080,
		"dataset.file_size": 121983
	},
	"annotation": [
		{
			"annotation_type": "Polygon",
			"annotation_id": 56,
			"annotation_point_count": 173.0,
			"annotation_point": [
				455.0,
				500.40000000000146,
				420.60000000000036,
				508.5,
				311.5,
				575.7999999999993,
				318.5,
				598.7999999999993,
				335.10000000000036,
				657.1000000000022,
				420.0,
				625.0,
				438.7000000000007,
				620.0,
				485.5,
				591.4000000000015,
				504.2999999999993,
				591.9000000000015,
				580.5,
				572.4000000000015,
				618.30859375,
				570.958984375,
				653.8218714768882,
				575.9470124013533,
				671.6000000000022,
				582.7999999999993,
				679.2000000000007,
				596.2999999999993,
				684.2615558060861,
				631.7531003382173,
				675.8060879368641,
				738.2919954904173,
				670.7328072153323,
				815.3213077790315,
				652.7000000000007,
				896.7999999999993,
				693.7000000000007,
				905.6000000000022,
				753.7000000000007,
				914.2000000000007,
				906.6000000000022,
				923.4000000000015,
				970.2000000000007,
				924.2000000000007,
				1052.4000000000015,
				931.2000000000007,
				1184.7999999999993,
				931.2000000000007,
				1287.982421875,
				915.857421875,
				1272.7999999999993,
				838.9000000000015,
				1256.696730552423,
				728.9909808342745,
				1255.0,
				642.6000000000022,
				1268.2999999999993,
				609.2999999999993,
				1284.9000000000015,
				595.5,
				1314.0,
				597.2000000000007,
				1440.4000000000015,
				671.5,
				1592.7999999999993,
				745.9000000000015,
				1599.4000000000015,
				733.5,
				1621.4000000000015,
				665.6000000000022,
				1644.1000000000022,
				604.7000000000007,
				1596.0,
				573.0,
				1565.5,
				559.4000000000015,
				1561.2999999999993,
				552.4000000000015,
				1468.0,
				512.1000000000022,
				1449.7000000000007,
				492.10000000000036,
				1428.341796875,
				482.091796875,
				1404.667418263809,
				477.86358511837716,
				1395.3664036076661,
				471.944757609921,
				1384.3742953776782,
				460.1071025930105,
				1370.0,
				456.72491544532204,
				1351.0,
				453.0,
				1299.5,
				423.40000000000146,
				1275.7800000000025,
				403.26000000000386,
				1229.066240000011,
				387.1328000000103,
				1223.0182400000122,
				384.54080000000977,
				1220.080640000011,
				383.33120000000963,
				1217.4886400000105,
				382.1216000000095,
				1215.0694400000102,
				381.08480000000964,
				1212.3046400000094,
				379.7024000000092,
				1209.367040000012,
				378.4928000000109,
				1206.2566400000105,
				377.4560000000092,
				1204.5286400000114,
				376.7648000000099,
				1201.41824000001,
				375.90080000001035,
				1198.9990400000097,
				374.8640000000105,
				1196.4070400000091,
				373.65440000001036,
				1193.9878400000089,
				372.27200000000994,
				1191.5686400000122,
				370.8896000000095,
				1189.3222400000122,
				369.85280000000967,
				1186.5574400000114,
				368.64320000000953,
				1184.3110400000114,
				367.60640000000967,
				1181.3734400000103,
				367.08800000001065,
				1178.7814400000098,
				366.5696000000098,
				1176.1894400000092,
				366.39680000000953,
				1173.770240000009,
				366.0512000000108,
				1170.6598400000112,
				365.53280000000996,
				1168.4134400000112,
				365.3600000000097,
				1165.3030400000098,
				364.84160000001066,
				1162.0198400000118,
				364.4960000000101,
				1159.0822400000106,
				363.97760000000926,
				1156.3174400000098,
				363.45920000001024,
				1153.3798400000087,
				362.7680000000091,
				1150.7878400000118,
				362.4224000000104,
				1148.1958400000112,
				361.90400000000955,
				1145.6038400000107,
				361.21280000001025,
				1142.6662400000096,
				360.34880000001067,
				1140.074240000009,
				359.4848000000093,
				1137.482240000012,
				358.79360000001,
				1134.7174400000113,
				358.4480000000094,
				1132.1254400000107,
				358.1024000000107,
				1129.5334400000102,
				357.7568000000101,
				1126.7686400000093,
				357.2384000000093,
				1123.8310400000119,
				356.3744000000097,
				1120.8934400000107,
				355.33760000000984,
				1118.12864000001,
				354.30080000001,
				1115.7094400000096,
				353.09120000000985,
				1112.9446400000088,
				352.57280000001083,
				1110.5254400000122,
				352.05440000001,
				1107.587840000011,
				351.3632000000107,
				1104.65024000001,
				350.84480000000985,
				1102.40384000001,
				350.32640000001084,
				1093.9375,
				347.2158203125,
				1067.6000000000022,
				366.90000000000146,
				1030.0,
				377.0,
				966.4000000000015,
				379.8000000000011,
				914.2502818489302,
				367.9425028184887,
				882.1195039458835,
				353.56820744081233,
				865.3222400000086,
				334.6016000000109,
				851.3254400000114,
				340.1312000000107,
				848.7334400000109,
				340.1312000000107,
				845.96864000001,
				340.1312000000107,
				842.8582400000087,
				340.3040000000092,
				840.0934400000115,
				340.82240000001,
				837.5014400000109,
				341.5136000000093,
				834.7366400000101,
				342.5504000000092,
				831.9718400000093,
				343.58720000001085,
				829.3798400000087,
				343.9328000000096,
				826.6150400000115,
				343.7600000000093,
				823.8502400000107,
				343.58720000001085,
				820.9126400000096,
				343.58720000001085,
				817.8022400000118,
				343.58720000001085,
				814.8646400000107,
				343.7600000000093,
				812.2726400000101,
				343.9328000000096,
				809.335040000009,
				344.27840000001015,
				806.3974400000116,
				344.96960000000945,
				803.6326400000107,
				345.66080000001057,
				801.2134400000105,
				346.35200000000987,
				798.2758400000093,
				347.3888000000097,
				795.8566400000091,
				347.90720000001056,
				792.7462400000113,
				348.59840000000986,
				790.4998400000113,
				349.1168000000107,
				787.0438400000094,
				349.9808000000103,
				783.9334400000116,
				350.6720000000096,
				780.8230400000102,
				351.3632000000107,
				778.0582400000094,
				352.05440000001,
				775.1206400000119,
				352.91840000000957,
				772.3558400000111,
				353.6096000000107,
				769.41824000001,
				354.47360000001026,
				766.9990400000097,
				355.16480000000956,
				764.0614400000086,
				356.2016000000094,
				761.1238400000111,
				357.0656000000108,
				758.5318400000106,
				357.7568000000101,
				755.93984000001,
				358.4480000000094,
				753.0022400000089,
				359.13920000001053,
				750.2374400000117,
				359.83040000000983,
				746.7814400000098,
				360.52160000000913,
				744.5350400000098,
				360.8672000000097,
				741.9430400000092,
				361.3856000000105,
				738.6598400000112,
				362.2496000000101,
				735.2038400000092,
				362.9408000000094,
				732.0934400000115,
				363.6320000000105,
				729.1558400000104,
				364.4960000000101,
				725.5270400000118,
				365.53280000000996,
				723.2806400000118,
				366.0512000000108,
				720.1702400000104,
				367.08800000001065,
				717.059840000009,
				368.1248000000105,
				713.4310400000104,
				369.5072000000091,
				710.6662400000096,
				370.71680000000924,
				707.037440000011,
				372.09920000000966,
				704.6182400000107,
				373.1360000000095,
				702.0262400000101,
				374.1728000000094,
				699.4342400000096,
				375.20960000000923,
				696.842240000009,
				376.2464000000109,
				694.2502400000085,
				377.4560000000092,
				691.6582400000116,
				378.4928000000109,
				688.8934400000107,
				380.0480000000098,
				686.4742400000105,
				381.4304000000102,
				683.7094400000096,
				382.9856000000109,
				681.2902400000094,
				384.3680000000095,
				678.8710400000091,
				385.2320000000109,
				676.4518400000088,
