{
	"dataset": {
		"dataset.id": 495417,
		"dataset.name": "01_sou_099084_495417_back_02top_01blouse_woman",
		"dataset.image_path": "./008.의류 통합 데이터(3-1)/원천데이터/상품/상의/blouse/01_sou_099084_495417_back_02top_01blouse_woman.jpg",
		"dataset.label_path": "./008.의류 통합 데이터(3-1)/라벨링데이터/상품/상의/blouse/01_sou_099084_495417_back_02top_01blouse_woman.json",
		"dataset.category": 5,
		"dataset.type": 1,
		"dataset.width": 4032,
		"dataset.height": 2268,
		"dataset.file_size": 918257
	},
	"annotation": [
		{
			"annotation_type": "Polygon",
			"annotation_id": 142,
			"annotation_point_count": 95.0,
			"annotation_point": [
				1676.0,
				174.0,
				1493.0,
				220.0,
				1415.0,
				265.0,
				1007.0,
				576.0,
				764.0,
				777.0,
				721.0,
				835.0,
				747.0,
				848.0,
				755.0,
				880.0,
				807.0,
				919.0,
				894.0,
				1029.0,
				929.0,
				1049.0,
				1124.5,
				914.5,
				1320.0,
				705.0,
				1336.4453125,
				717.91796875,
				1336.4453125,
				717.91796875,
				1336.4449722882018,
				737.3159144893107,
				1335.0593824228017,
				758.0997624703086,
				1335.0593824228017,
				781.6547901821068,
				1335.0593824228017,
				805.209817893905,
				1337.830562153602,
				825.9936658748993,
				1341.9873317498023,
				849.5486935866975,
				1347.5296912114027,
				870.3325415676954,
				1350.3008709421993,
				888.3452098178932,
				1351.6864608075994,
				910.5146476642913,
				1353.0720506729995,
				932.6840855106893,
				1353.0720506729995,
				953.4679334916873,
				1353.0720506729995,
				977.0229612034818,
				1353.0720506729995,
				999.1923990498799,
				1350.3008709421993,
				1024.1330166270782,
				1348.9152810768028,
				1043.531274742676,
				1343.3729216152024,
				1067.0863024544742,
				1339.216152019002,
				1087.8701504354722,
				1333.6737925574016,
				1114.196357878067,
				1329.517022961205,
				1139.1369754552652,
				1326.7458432304047,
				1161.3064133016633,
				1322.5890736342044,
				1183.4758511480613,
				1318.432304038004,
				1205.6452889944558,
				1314.2755344418038,
				1233.3570863024543,
				1310.118764845607,
				1258.2977038796525,
				1305.9619952494068,
				1281.852731591447,
				1300.4196357878063,
				1306.7933491686454,
				1297.6484560570061,
				1328.9627870150434,
				1294.877276326206,
				1353.9034045922417,
				1293.4916864608058,
				1373.3016627078396,
				1292.1060965954093,
				1399.6278701504343,
				1290.7205067300092,
				1427.3396674584328,
				1287.949326999209,
				1450.894695170231,
				1283.7925574030087,
				1475.8353127474256,
				1279.6357878068084,
				1496.6191607284236,
				1274.093428345208,
				1520.1741884402218,
				1269.9366587490113,
				1542.3436262866198,
				1267.165479018211,
				1558.9707046714175,
				1261.6231195566106,
				1582.5257323832157,
				1257.4663499604103,
				1603.3095803642136,
				1253.3095803642136,
				1624.093428345208,
				1249.1528107680133,
				1647.6484560570061,
				1244.996041171813,
				1669.8178939034042,
				1240.8392715756127,
				1689.216152019002,
				1236.6825019794123,
				1711.3855898654,
				1232.5257323832157,
				1734.9406175771983,
				1222.826603325415,
				1755.7244655581962,
				1224.212193190815,
				1761.266825019793,
				1233.0,
				1956.0,
				1354.0,
				1995.0,
				1415.0,
				1995.0,
				1771.0,
				2072.0,
				1849.0,
				2079.0,
				1849.0,
				1904.0,
				1867.0,
				1891.0,
				2066.0,
				1891.0,
				2092.0,
				1917.0,
				2110.0,
				2072.0,
				2275.0,
				2040.0,
				2292.0,
				2027.0,
				2301.0,
				1962.0,
				2318.0,
				1949.0,
				2370.0,
				1949.0,
				2518.0,
				1910.0,
				2656.0,
				1897.0,
				2656.0,
				1794.0,
				2578.0,
				1418.0,
				2570.0,
				1275.0,
				2509.0,
				1010.0,
				2500.0,
				906.0,
				2509.0,
				900.0,
				2832.4000000000015,
				1156.6000000000022,
				3021.0,
				1003.0,
				3059.0,
				974.6000000000022,
				2492.0,
				343.0,
				2379.0,
				252.0,
				2170.0,
				187.0,
				2084.0,
				220.0,
				1919.0,
				220.0,
				1806.0,
				207.0,
				1735.2000000000007,
				159.60000000000218
			]
		}
	],
	"metadata.model": {
		"metadata.model.gender": "FEMALE",
		"metadata.model.age": "30대",
		"metadata.model.job": "entertainment and sports",
		"metadata.model.type": "back",
		"metadata.model.usually_size": "S",
		"metadata.model.body_height": "158",
		"metadata.model.waist_height": "95",
		"metadata.model.chest_size_male": "null",
		"metadata.model.breast_size_female": "78.0",
		"metadata.model.waist_size": "67",
		"metadata.model.hip_seize": "90",
		"metadata.model.back_length": "41",
		"metadata.model.shoulders_width": "40",
		"metadata.model.arm_length": "52",
		"metadata.model.weight": "46"
	},
	"metadata.clothes": {
		"metadata.clothes.type": "02top_01blouse",
		"metadata.clothes.season": "summer",
		"metadata.clothes.fiber_composition": "Polyester",
		"metadata.clothes.elasticity": "none at all",
		"metadata.clothes.transparency": "contain a lot",
		"metadata.clothes.isfleece": "fleece_none",
		"metadata.clothes.color": "Black,White",
		"metadata.clothes.washing_method": "none",
		"metadata.clothes.bleach": "none",
		"metadata.clothes.ironing": "none",
		"metadata.clothes.drycleaning": "none",
		"metadata.clothes.wringing": "none",
		"metadata.clothes.drying": "none",
		"metadata.clothes.top_length_type": "long",
		"metadata.clothes.sleeve_length_type": "long sleeves",
		"metadata.clothes.topneck_color_design": "round neck",
		"metadata.clothes.topsleeve_design": "shirt sleeve",
		"metadata.clothes.pants_silhouette": "null",
		"metadata.clothes.skirt_design": "null",
		"metadata.top.front_length": "67.0",
		"metadata.top.chest_size": "90.0",
		"metadata.top.waist_size": "92.0",
		"metadata.top.hem_size": "98.0",
		"metadata.top.shoulder_width": "40.0",
		"metadata.top.sleeve_length": "28.0",
		"metadata.top.sleeve_cuff_size": "18.0",
		"metadata.pants.pants_length": "null",
		"metadata.pants.waist_size": "null",
		"metadata.pants.hip_size": "null",
		"metadata.pants.front_rise_length": "null",
		"metadata.pants.back_rise_length": "null",
		"metadata.pants.inner_seam_length": "null",
		"metadata.pants.pants_waist_size": "null",
		"metadata.skirt.length": "null",
		"metadata.skirt.waist_size": "null",
		"metadata.skirt.hip_size": "null",
		"metadata.skirt.hem_size": "null",
		"metadata.dress.front_length": "null",
		"metadata.dress.chest_size": "null",
		"metadata.dress.waist_size": "null",
		"metadata.dress.hip_size": "null",
		"metadata.dress.hem_size": "null",
		"metadata.dress.shoulder_width": "null",
		"metadata.dress.sleeve_length": "null",
		"metadata.dress.cuff_size": "null",
		"metadata.jumpsuit.front_length": "null",
		"metadata.jumpsuit.inner_seam_length": "null",
		"metadata.jumpsuit.chest_size": "null",
		"metadata.jumpsuit.waist_size": "null",
		"metadata.jumpsuit.hip_size": "null",
		"metadata.jumpsuit.shoulder_width": "null",
		"metadata.jumpsuit.sleeve_length": "null",
		"metadata.jumpsuit.cuffs_size": "null",
		"metadata.jumpsuit.front_rise_length": "null",
		"metadata.jumpsuit.back_rise_length": "null",
		"metadata.jumpsuit.pants_waist_size": "null"
	}
}