{
	"dataset": {
		"dataset.id": 440970,
		"dataset.name": "01_sou_088194_440970_wear_02top_01blouse_woman",
		"dataset.image_path": "./008.의류 통합 데이터(3-1)/원천데이터/상품/상의/blouse/01_sou_088194_440970_wear_02top_01blouse_woman.jpg",
		"dataset.label_path": "./008.의류 통합 데이터(3-1)/라벨링데이터/상품/상의/blouse/01_sou_088194_440970_wear_02top_01blouse_woman.json",
		"dataset.category": 5,
		"dataset.type": 1,
		"dataset.width": 3024,
		"dataset.height": 4032,
		"dataset.file_size": 1081715
	},
	"annotation": [
		{
			"annotation_type": "Polygon",
			"annotation_id": 115,
			"annotation_point_count": 142.0,
			"annotation_point": [
				1123.3086802510843,
				1396.4404452053168,
				1109.3539686184959,
				1409.126546689491,
				1092.8620366890718,
				1418.006817728412,
				1073.8328844628122,
				1421.8126481736617,
				1057.3409525333882,
				1433.2301395094182,
				1042.117630752382,
				1445.9162409935889,
				1025.625698822958,
				1459.8709526261773,
				1011.6709871903695,
				1473.8256642587694,
				1000.253495854613,
				1489.0489860397756,
				991.4000000000015,
				1506.7999999999993,
				983.761563925189,
				1524.5700701954593,
				978.6871233315214,
				1543.5992224217152,
				969.7999999999993,
				1562.6000000000022,
				962.1951914020974,
				1580.3889167258167,
				955.8521406600121,
				1599.4180689520763,
				947.0,
				1615.9000000000015,
				939.4000000000015,
				1638.7000000000007,
				934.2999999999993,
				1655.2000000000007,
				924.1368869495782,
				1684.414948896032,
				842.0,
				1809.0,
				779.5,
				1872.1000000000022,
				764.2067490330155,
				1919.0237417762546,
				740.8975058546312,
				1971.5154232645837,
				754.9687025239982,
				2015.5643867512917,
				799.0176660107063,
				2046.7657358877113,
				821.0421477540622,
				2052.2718563235503,
				833.8897621043507,
				2047.9893182067863,
				827.16015625,
				2065.119140625,
				912.1000000000022,
				2025.1000000000022,
				951.6000000000022,
				1979.0,
				950.0,
				2004.7999999999993,
				949.9911617743273,
				2096.1550586663325,
				943.90234375,
				2245.34375,
				945.4000000000015,
				2362.600000000002,
				942.3795008838242,
				2383.875840327364,
				960.6474870210332,
				2386.920504683563,
				980.4378053363398,
				2400.6214942864717,
				1001.7504558297514,
				2409.755487355076,
				1024.5854385012608,
				2417.3671482455793,
				1047.4204211727701,
				2421.9341447798797,
				1068.7330716661818,
				2424.9788091360824,
				1070.2554038442795,
				2412.8001517112752,
				1090.0457221595898,
				2415.844816067478,
				1112.8807048310991,
				2418.8894804236807,
				1135.7156875026121,
				2423.456476957981,
				1158.5506701741215,
				2421.9341447798797,
				1181.3856528456308,
				2423.456476957981,
				1204.2206355171402,
				2423.456476957981,
				1222.4886216543491,
				2437.157466560886,
				1245.3236043258585,
				2440.2021309170887,
				1268.1585869973715,
				2441.72446309519,
				1289.4712374907795,
				2444.769127451389,
				1309.2615558060897,
				2443.2467952732914,
				1332.096538477599,
				2443.2467952732914,
				1354.9315211491084,
				2441.72446309519,
				1379.2888359987192,
				2441.72446309519,
				1403.6461508483299,
				2441.72446309519,
				1426.4811335198428,
				2444.769127451389,
				1450.8384483694535,
				2444.769127451389,
				1473.673431040963,
				2443.2467952732914,
				1496.5084137124722,
				2441.72446309519,
				1519.3433963839852,
				2440.2021309170887,
				1540.6560468773932,
				2434.112802204687,
				1546.74609375,
				2421.93359375,
				1559.7000000000007,
				2403.7000000000007,
				1536.0890503430928,
				2332.11654627194,
				1540.6560468773932,
				2289.4912452851204,
				1531.5220538087888,
				2201.195978955282,
				1529.9997216306874,
				2041.3511002547093,
				1526.955078125,
				1860.193359375,
				1616.9000000000015,
				2002.5,
				1624.5,
				2038.0,
				1653.3086280568423,
				2094.6327264882348,
				1680.7106072626557,
				2128.12403440645,
				1700.5,
				2120.51171875,
				1700.5,
				2120.51171875,
				1743.1000000000022,
				2114.4000000000015,
				1718.768911715175,
				2074.8424081729245,
				1730.9475691399784,
				2058.096754213817,
				1790.3185240859057,
				2010.9044566926968,
				1828.3768285384213,
				1995.681134911687,
				1835.988489428928,
				2009.3821245145955,
				1848.1671468537315,
				2036.7841037204053,
				1846.6448146756302,
				2003.29279580219,
				1855.779296875,
				1986.546875,
				1791.840856264007,
				1902.8188720475482,
				1767.4835414143963,
				1854.1042423483232,
				1724.8582404275767,
				1800.8226161148013,
				1662.4679933284133,
				1601.9552892489082,
				1658.66216288316,
				1594.343628358405,
				1649.781891844239,
				1575.3144761321491,
				1640.901620805318,
				1560.0911543511393,
				1635.8271802116506,
				1541.0620021248833,
				1628.2155193211474,
				1523.3014600470415,
				1619.3352482822265,
				1505.5409179691997,
				1610.4549772433056,
				1489.0489860397756,
				1601.5747062043847,
				1471.2884439619338,
				1596.5002656107172,
				1452.2592917356742,
				1588.888604720214,
				1434.498749657836,
				1581.2769438297073,
				1415.4695974315764,
				1573.6652829392042,
				1398.9776655021524,
				1557.1733510097802,
				1387.5601741663959,
				1540.6814190803561,
				1374.8740726822252,
				1521.6522668541002,
				1368.5310219401363,
				1503.8917247762583,
				1360.9193610496332,
				1484.8625725499987,
				1354.5763103075478,
				1467.102030472157,
				1345.696039268627,
				1448.0728782458973,
				1343.158818971795,
				1429.0437260196413,
				1338.0843783781238,
				1408.745963644964,
				1338.0843783781238,
				1389.7168114187043,
				1336.815768229706,
				1370.6876591924483,
				1339.3529885265416,
				1352.9271171146065,
				1348.2332595654625,
				1336.4351851851825,
				1359.650750901219,
				1319.9432532557585,
				1368.5310219401363,
				1303.4513213263344,
				1379.9485132758928,
				1288.2279995453282,
				1392.634614760067,
				1273.0046777643183,
				1405.3207162442377,
				1259.04996613173,
				1419.2754278768261,
				1245.0952544991414,
				1434.498749657836,
				1229.8719327181352,
				1447.1848511420067,
				1214.6486109371253,
				1461.139562774595,
				1199.425289156119,
				1473.8256642587694,
				1185.4705775235307,
				1489.0489860397756,
				1170.2472557425244,
				1503.003697672364,
				1156.2925441099324,
				1515.6897991565384,
				1139.8006121805083,
				1532.1817310859624,
				1124.577290399502,
				1548.6736630153864,
				1113.1597990637492,
				1558.822544202725,
				1101.7423077279927,
				1570.240035538478,
				1105.5481381732461,
				1553.748103609054,
				1105.5481381732461,
				1534.718951382798,
				1105.5481381732461,
				1513.1525788597028,
				1109.3539686184959,
				1490.3175961881934,
				1113.1597990637492,
				1471.2884439619338,
				1114.4284092121634,
				1452.2592917356742,
				1120.7714599542524,
				1434.498749657836,
				1128.3831208447555,
				1418.006817728412,
				1137.2633918836764,
				1404.05210609582,
				1139.8006121805083,
				1390.0973944632315,
				1139.8006121805083,
				1390.0973944632315,
				1139.80078125,
				1388.828125
			]
		}
	],
	"metadata.model": {
		"metadata.model.gender": "FEMALE",
		"metadata.model.age": "20대",
		"metadata.model.job": "office job",
		"metadata.model.type": "wear",
		"metadata.model.usually_size": "S",
		"metadata.model.body_height": "163",
		"metadata.model.waist_height": "96",
		"metadata.model.chest_size_male": "null",
		"metadata.model.breast_size_female": "85.0",
		"metadata.model.waist_size": "74",
		"metadata.model.hip_seize": "96",
		"metadata.model.back_length": "40",
		"metadata.model.shoulders_width": "39",
		"metadata.model.arm_length": "53",
		"metadata.model.weight": "52"
	},
	"metadata.clothes": {
		"metadata.clothes.type": "02top_01blouse",
		"metadata.clothes.season": "summer",
		"metadata.clothes.fiber_composition": "Nylon,Polyester",
		"metadata.clothes.elasticity": "none",
		"metadata.clothes.transparency": "none at all",