{
	"dataset": {
		"dataset.id": 467894,
		"dataset.name": "01_sou_093579_467894_wear_02top_01blouse_woman",
		"dataset.image_path": "./008.의류 통합 데이터(3-1)/원천데이터/상품/상의/blouse/01_sou_093579_467894_wear_02top_01blouse_woman.jpg",
		"dataset.label_path": "./008.의류 통합 데이터(3-1)/라벨링데이터/상품/상의/blouse/01_sou_093579_467894_wear_02top_01blouse_woman.json",
		"dataset.category": 5,
		"dataset.type": 1,
		"dataset.width": 2268,
		"dataset.height": 4032,
		"dataset.file_size": 1069706
	},
	"annotation": [
		{
			"annotation_type": "Polygon",
			"annotation_id": 109,
			"annotation_point_count": 244.0,
			"annotation_point": [
				970.0,
				1346.0,
				984.0,
				1366.0,
				996.0,
				1403.0,
				996.0,
				1437.0,
				976.0,
				1490.0,
				976.0,
				1590.0,
				996.0,
				1738.0,
				990.0,
				1792.0,
				993.0,
				1949.0,
				978.0,
				2036.0,
				975.8144392225695,
				2144.213432835899,
				973.6023178466603,
				2151.0311183878803,
				970.5923822040277,
				2155.8180039882063,
				968.8154322463306,
				2159.226846764199,
				968.3077322584177,
				2162.3093109765323,
				968.5978465372245,
				2167.2049894314114,
				968.5978465372245,
				2173.11606786212,
				969.3231322342435,
				2175.618303516836,
				971.6077821798572,
				2182.1096105051583,
				978.7155820106454,
				2193.1339530998557,
				1012.8402740554047,
				2221.5288881381603,
				1107.0548860982199,
				2235.1279949572745,
				1319.45480247034,
				2240.059937697006,
				1548.209911310245,
				2222.9069309624974,
				1579.3246677123752,
				2214.312295452819,
				1593.2138888102927,
				2204.811052821864,
				1598.6172672530884,
				2198.4285386880947,
				1602.134902883634,
				2191.4295317118595,
				1602.4250171624408,
				2189.797638893564,
				1602.6063385866946,
				2186.497588972128,
				1601.6272028957173,
				2178.5194463049156,
				1594.6644602043343,
				1913.8626954625506,
				1590.3127460222167,
				1731.4896069470342,
				1587.4116032341408,
				1685.6152866105585,
				1596.3326173074784,
				1660.5204014936899,
				1594.0117030770161,
				1595.244688761948,
				1593.2138888102927,
				1583.241210476277,
				1591.2193531434896,
				1569.1344036692499,
				1596.804053010539,
				1501.030076719133,
				1595.7161244650124,
				1479.9242629358705,
				1593.4314745193988,
				1474.121977359715,
				1590.8204460101297,
				1467.8482560804987,
				1589.0072317675804,
				1459.1448277162672,
				1586.7225818219704,
				1441.1214781453345,
				1584.0027604581483,
				1389.5899293721086,
				1607.5745456112782,
				1352.9630016726333,
				1629.985873649177,
				1309.8810312696842,
				1638.000280601238,
				1264.5506752059737,
				1638.3629234497494,
				1258.7483896298181,
				1638.725566298257,
				1252.9461040536626,
				1639.0882091467683,
				1247.8691041745296,
				1639.4508519952797,
				1242.066818598374,
				1640.5387805408063,
				1236.2645330222185,
				1641.2640662378253,
				1230.8248902945743,
				1641.2640662378253,
				1224.2973190213997,
				1641.2640662378253,
				1217.7697477482252,
				1641.2640662378253,
				1211.604819323562,
				1642.714637631867,
				1206.165176595914,
				1643.439923328886,
				1200.0002481712509,
				1644.890494722924,
				1195.2858911406256,
				1645.2531375714316,
				1189.48360556447,
				1645.9784232684506,
				1182.9560342912955,
				1647.7553732261513,
				1177.879034412159,
				1649.2422089050378,
				1172.4393916845147,
				1650.6927802990795,
				1166.2744632598515,
				1650.3301374505681,
				1159.3842491381656,
				1645.9784232684506,
				1155.0325349560517,
				1641.6267090863366,
				1151.0434636224454,
				1637.274994904219,
				1147.7796779858581,
				1632.9232807221051,
				1144.5158923492709,
				1627.4836379944572,
				1141.2521067126836,
				1623.1319238123433,
				1137.9883210760963,
				1617.692281084699,
				1134.3618925909977,
				1613.3043026177293,
				1131.0981069544105,
				1608.6262098719562,
				1126.3837499237852,
				1604.2744956898387,
				1123.4826071357093,
				1599.9227815077247,
				1119.493535802103,
				1595.9337101741185,
				1115.5044644684967,
				1590.856710294982,
				1111.5153931348905,
				1586.5049961128643,
				1107.163678952773,
				1581.790639082239,
				1103.8998933161856,
				1577.0762820516138,
				1099.5481791340717,
				1571.9992821724773,
				1096.647036345992,
				1566.9222822933407,
				1092.6579650123858,
				1562.5705681112267,
				1089.3941793757986,
				1557.4935682320902,
				1086.1303937392113,
				1551.6912826559346,
				1083.2292509511353,
				1546.9769256253094,
				1080.3281081630557,
				1541.1746400491538,
				1078.1522510719988,
				1535.372354473002,
				1075.2511082839228,
				1530.657997442373,
				1071.9873226473355,
				1525.9436404117478,
				1069.086179859256,
				1521.193019096274,
				1066.5476799196877,
				1516.152283501986,
				1062.5586085860814,
				1510.712890625,
				1059.658203125,
				1510.640000000003,
				1059.530000000006,
				1501.5400000000045,
				1058.030000000006,
				1494.690000000006,
				1054.940000000006,
				1489.4100000000035,
				1054.4600000000028,
				1484.0100000000057,
				1055.6600000000035,
				1478.0100000000057,
				1057.7000000000044,
				1453.530000000006,
				1065.140000000003,
				1408.8500000000058,
				1082.9600000000028,
				1376.530000000006,
				1094.5400000000045,
				1346.640000000003,
				1099.7200000000048,
				1332.300000000003,
				1102.8300000000054,
				1306.550000000003,
				1105.0800000000054,
				1268.0100000000057,
				1099.7200000000048,
				1217.6100000000042,
				1095.5400000000045,
				1195.810000000005,
				1090.640000000003,
				1169.9100000000035,
				1084.3500000000058,
				1151.4100000000035,
				1079.5400000000045,
				1124.9100000000035,
				1064.9500000000044,
				1103.2100000000028,
				1052.8500000000058,
				1101.810000000005,
				1051.7500000000036,
				1100.5100000000057,
				1050.640000000003,
				1099.310000000005,
				1049.9500000000044,
				1097.6100000000042,
				1049.9500000000044,
				1095.9100000000035,
				1050.2500000000036,
				1094.4100000000035,
				1050.5400000000045,
				1092.5100000000057,
				1051.2500000000036,
				1091.2100000000028,
				1051.7500000000036,
				1089.9100000000035,
				1052.4500000000044,
				1088.6100000000042,
				1053.140000000003,
				1087.4100000000035,
				1053.8500000000058,
				1085.9100000000035,
				1054.640000000003,
				1084.4100000000035,
				1055.4500000000044,
				1083.0100000000057,
				1055.9500000000044,
				1081.4100000000035,
				1055.9500000000044,
				1079.9100000000035,
				1055.9500000000044,
				1079.609375,
				1055.349609375,
				1078.335999999992,
				1056.687999999991,
				1077.0159999999887,
				1057.7679999999891,
				1075.455999999991,
				1059.2079999999914,
				1074.0159999999887,
				1060.4079999999922,
				1072.335999999992,
				1061.6079999999893,
				1070.6559999999918,
				1062.687999999991,
				1069.335999999992,
				1063.7679999999891,
				1067.4159999999902,
				1064.7279999999919,
				1065.7359999999899,
				1065.80799999999,
				1063.8159999999916,
				1066.7679999999891,
				1061.8959999999897,
				1067.8479999999909,
				1060.335999999992,
				1068.80799999999,
				1058.2959999999912,
				1069.6479999999901,
				1056.1359999999913,
				1070.3679999999913,
				1054.455999999991,
				1071.0879999999888,
				1052.7759999999907,
				1071.927999999989,
				1050.8559999999889,
				1072.7679999999891,
				1049.0559999999896,
				1073.6079999999893,
				1047.495999999992,
				1074.567999999992,
				1045.8159999999916,
				1075.6479999999901,
				1043.8959999999897,
				1076.7279999999919,
				1042.455999999991,
				1077.927999999989,
				1040.8959999999897,
				1078.8879999999917,
				1038.9759999999915,
				1080.0879999999888,
				1037.2959999999912,
				1080.927999999989,
				1035.615999999991,
				1081.8879999999917,
				1034.1759999999886,
				1082.7279999999919,
				1032.3759999999893,
				1083.927999999989,
				1030.8159999999916,
				1085.0079999999907,
				1029.0159999999887,
				1086.0879999999888,
