{
	"dataset": {
		"dataset.id": 441046,
		"dataset.name": "01_sou_088210_441046_front_02top_01blouse_woman",
		"dataset.image_path": "./008.의류 통합 데이터(3-1)/원천데이터/상품/상의/blouse/01_sou_088210_441046_front_02top_01blouse_woman.jpg",
		"dataset.label_path": "./008.의류 통합 데이터(3-1)/라벨링데이터/상품/상의/blouse/01_sou_088210_441046_front_02top_01blouse_woman.json",
		"dataset.category": 5,
		"dataset.type": 1,
		"dataset.width": 3024,
		"dataset.height": 4032,
		"dataset.file_size": 1473021
	},
	"annotation": [
		{
			"annotation_type": "Polygon",
			"annotation_id": 191,
			"annotation_point_count": 187.0,
			"annotation_point": [
				376.2406527667772,
				1433.1378112078783,
				272.3214128617892,
				1590.9411014339712,
				201.11748922318657,
				1716.0290753936788,
				197.2685546875,
				1735.2734375,
				153.00673000791357,
				1812.2505938242248,
				189.57090701152083,
				1831.4948975103325,
				241.53052696401573,
				1864.2102137767179,
				289.6412861792869,
				1896.9255300431032,
				355.0719187120576,
				1937.3385677839324,
				432.0491334564922,
				1995.0714788422592,
				522.498046875,
				2052.8046875,
				562.2999999999993,
				2065.5,
				605.2999999999993,
				2009.2000000000007,
				647.1000000000022,
				1958.9000000000015,
				673.4000000000015,
				1926.5,
				649.5,
				2043.2000000000007,
				636.0387525292463,
				2149.0259083311284,
				634.1143221606362,
				2366.486539984162,
				636.0387525292463,
				2564.7028679510804,
				622.5677399489723,
				2778.31463886689,
				616.7944488431385,
				2907.2514735638215,
				616.794921875,
				3099.6953125,
				671.9239904988135,
				3097.4821852731584,
				725.1306413301645,
				3097.4821852731584,
				775.0118764845611,
				3094.1567695962003,
				820.9026128266014,
				3099.80997624703,
				845.8432304037997,
				3093.824228028505,
				890.0712589073628,
				3095.8194774346775,
				913.0166270783848,
				3097.814726840854,
				943.9429928741083,
				3101.472684085511,
				978.527315914489,
				3099.80997624703,
				1015.106888361046,
				3095.8194774346775,
				1059.334916864609,
				3095.8194774346775,
				1113.2066508313546,
				3099.80997624703,
				1157.4346793349177,
				3093.824228028505,
				1211.3064133016633,
				3090.1662707838477,
				1284.4655581947736,
				3095.8194774346775,
				1353.9667458432305,
				3097.814726840854,
				1423.1353919239918,
				3095.8194774346775,
				1490.3087885985733,
				3097.814726840854,
				1530.878859857483,
				3093.824228028505,
				1557.8147268408538,
				3093.824228028505,
				1615.676959619952,
				3095.8194774346775,
				1673.2066508313546,
				3095.8194774346775,
				1715.771971496437,
				3092.161520190024,
				1761.6627078384809,
				3093.824228028505,
				1806.2232779097394,
				3097.814726840854,
				1856.1045130641323,
				3090.1662707838477,
				1911.9714964370542,
				3093.824228028505,
				1981.1401425178155,
				3084.180522565319,
				2040.9976247030863,
				3084.180522565319,
				2096.5320665083127,
				3082.5178147268416,
				2154.394299287411,
				3078.527315914489,
				2194.964370546317,
				3074.5368171021364,
				2225.558194774345,
				3072.874109263659,
				2256.484560570072,
				3078.527315914489,
				2279.429928741094,
				3074.5368171021364,
				2262.137767220902,
				3011.0213776722085,
				2256.484560570072,
				2845.7482185273147,
				2254.4893111638958,
				2674.4893111638958,
				2256.484560570072,
				2445.3681710213787,
				2248.8361045130623,
				2295.391923990497,
				2225.7000000000007,
				2091.2999999999993,
				2200.0,
				1982.0,
				2203.2000000000007,
				1963.5,
				2236.7000000000007,
				2005.2999999999993,
				2272.0,
				2052.0,
				2292.97265625,
				2085.51953125,
				2387.2703879651563,
				2029.7112254772546,
				2504.6606404504237,
				1958.5073018386502,
				2608.57988035541,
				1883.4545174628256,
				2689.405955837068,
				1839.1926189847763,
				2643.2196269904052,
				1744.895530922844,
				2637.446335884575,
				1735.2733790797865,
				2602.806589249576,
				1652.5228732295218,
				2452.6047989795043,
				1400.9837871323434,
				2444.5863391102903,
				1386.2832773721202,
				2432.558649306473,
				1366.237127699089,
				2419.194549524451,
				1347.5273880042623,
				2408.5032696988346,
				1328.8176483094358,
				2397.811989873222,
				1312.7807285710114,
				2385.784300069401,
				1298.0802188107882,
				2381.7750701347977,
				1292.73457889798,
				2371.0837903091815,
				1275.3612491813547,
				2353.7104605925524,
				1256.6515094865244,
				2339.009950832333,
				1236.6053598134968,
				2325.6458510503107,
				1220.5684400750724,
				2314.9545712246945,
				1201.8587003802422,
				2302.926881420877,
				1183.1489606854157,
				2289.5627816388587,
				1169.7848609033936,
				2274.8622718786355,
				1153.7479411649729,
				2258.825352140211,
				1143.0566613393567,
				2245.4612523581927,
				1133.7017914919415,
				2233.4335625543717,
				1116.328461775316,
				2214.723822859545,
				1105.6371819496999,
				2198.686903121121,
				1092.2730821676778,
				2179.9771634262943,
				1080.2453923638604,
				2162.603833709665,
				1068.217702560043,
				2145.2305039930397,
				1056.1900127562258,
				2125.184354320012,
				1048.1715528870118,
				2106.474614625182,
				1037.4802730613956,
				2087.7648749303553,
				1030.7982231703863,
				2070.39154521373,
				1020.1069433447701,
				2050.3453955406985,
				1014.761303431962,
				2028.962835889466,
				1009.4156635191539,
				2011.6000000000022,
				1002.7000000000007,
				1991.5433564998093,
				1002.7336136281447,
				1972.8336168049827,
				993.3787437807296,
				1954.1238771101525,
				989.3695138461226,
				1932.74131745892,
				981.3510539769122,
				1912.6951677858924,
				974.669004085903,
				1892.649018112861,
				970.659774151296,
				1873.9392784180345,
				965.3141342384879,
				1852.556718766802,
				957.2956743692775,
				1836.5197990283777,
				946.6043945436613,
				1817.8100593335475,
				937.2495246962462,
				1797.7639096605199,
				930.567474805237,
				1779.0541699656897,
				923.8854249142241,
				1768.3628901400734,
				921.2126049578219,
				1759.008020292662,
				923.8854249142241,
				1744.3075105324388,
				939.9223446526485,
				1734.9526406850237,
				958.6320843474787,
				1720.252130924804,
				971.9961841294971,
				1702.878801208175,
				985.3602839115192,
				1686.8418814697507,
				998.7243836935377,
				1666.795731796723,
				1009.4156635191539,
				1646.7495821236917,
				1016.0977134101631,
				1629.3762524070662,
				1024.116173279377,
				1609.3301027340349,
				1030.7982231703863,
				1589.2839530610072,
				1037.4802730613956,
				1569.2378033879759,
				1041.4895029960026,
				1549.1916537149446,
				1048.1715528870118,
				1529.1455040419169,
				1052.1807828216188,
				1507.7629443906844,
				1049.507962865213,
				1487.716794717653,
				1049.507962865213,
				1466.3342350664207,
				1052.1807828216188,
				1447.624495371594,
				1050.8443728434177,
				1426.2419357203617,
				1050.8443728434177,
				1404.8593760691292,
				1052.1807828216188,
				1386.149636374299,
				1053.51719279982,
				1364.7670767230666,
				1053.51719279982,
				1343.3845170718378,
				1053.51719279982,
				1323.3383673988064,
				1050.8443728434177,
				1303.2922177257751,
				1049.507962865213,
				1283.2460680527474,
				1046.8351429088107,
				1263.199918379716,
				1045.4987329306095,
				1243.1537687066848,
				1040.1530930178014,
				1223.107619033657,
				1038.8166830396003,
				1203.0614693606258,
				1034.8074531049933,
				1185.6881396440003,
				1022.779763301176,
				1165.641989970969,
				1016.0977134101631,
				1148.2686602543436,
				1006.7428435627517,
				1132.2317405159192,
				992.0423338025284,
				1116.194820777495,
				978.6782340205064,
				1100.1579010390706,
				963.9777242602868,
				1086.793801257052,
				947.9408045218624,
				1070.7568815186278,
				934.5767047398404,
				1050.7107318455965,
				939.9223446526485,
				1032.00099215077,
				949.2772145000636,
				1013.2912524559397,
