{
	"dataset": {
		"dataset.id": 330229,
		"dataset.name": "01_sou_066046_330229_wear_02top_01blouse_woman",
		"dataset.image_path": "./008.의류 통합 데이터(3-1)/원천데이터/상품/상의/blouse/01_sou_066046_330229_wear_02top_01blouse_woman.jpg",
		"dataset.label_path": "./008.의류 통합 데이터(3-1)/라벨링데이터/상품/상의/blouse/01_sou_066046_330229_wear_02top_01blouse_woman.json",
		"dataset.category": 5,
		"dataset.type": 1,
		"dataset.width": 2268,
		"dataset.height": 4032,
		"dataset.file_size": 776546
	},
	"annotation": [
		{
			"annotation_type": "Polygon",
			"annotation_id": 13,
			"annotation_point_count": 278.0,
			"annotation_point": [
				799.0946243966937,
				1989.9291222378233,
				793.5427315198503,
				1996.7526777289168,
				780.4849276028035,
				2011.9505967772602,
				794.1320385849904,
				2026.528192599144,
				801.5759173025472,
				2028.389162278534,
				811.5010889259538,
				2037.6940106754773,
				820.8059373229007,
				2046.068374232731,
				830.1107857198476,
				2056.9240306958345,
				850.2712905798944,
				2068.089848772168,
				855.8541996180647,
				2068.089848772168,
				879.7366438368917,
				2078.015020395578,
				895.5548861116986,
				2081.7369597543548,
				906.1003809615722,
				2085.458899113135,
				935.5657342185659,
				2081.426798141125,
				937.1165422847225,
				2069.020333611861,
				933.7047645391758,
				2063.1272629604646,
				953.2449461727629,
				2043.2769197136477,
				964.1006026358664,
				2032.4212632505441,
				975.5765823254333,
				2021.5656067874406,
				985.8119155620734,
				2003.5762332200102,
				989.53385492085,
				1989.9291222378233,
				1000.0793497707236,
				1964.8060315660696,
				1024.6131333773374,
				1949.2979509044926,
				1034.5072888394243,
				1953.950375102966,
				1029.5447030277173,
				1972.8702335100897,
				1024.6131333773374,
				1989.6189606245898,
				1024.6131333773374,
				1996.1323545024534,
				1017.1382384984572,
				2012.881081616957,
				1007.5232284882804,
				2037.073687449014,
				1005.9724204221238,
				2059.0951619884545,
				1007.8333901015103,
				2086.699545566058,
				1006.2825820353537,
				2097.2450404159317,
				1005.9724204221238,
				2125.4697472200023,
				1039.4698746511276,
				2131.9831410978622,
				1037.329759519831,
				2138.1863733624923,
				1041.3308443305177,
				2145.3200904668192,
				1038.2292281982009,
				2152.763969184376,
				1043.8121372363676,
				2158.036716609313,
				1051.8763391803877,
				2164.8602721004063,
				1085.683955022625,
				2184.09029212076,
				1164.7751663966665,
				2207.662574726357,
				1238.2834687325376,
				2218.8283928026904,
				1327.2998517299857,
				2218.208069576227,
				1424.6905982846874,
				2212.004837311597,
				1497.2684157808653,
				2201.769504074957,
				1573.2580110225863,
				2181.91916082814,
				1599.9319097605003,
				2168.272049845953,
				1600.8623946001935,
				2163.6196256474796,
				1606.4763197996836,
				2161.4484943548596,
				1603.3747036673703,
				2152.4538075711425,
				1606.4763197996836,
				2133.533949164019,
				1608.0271278658438,
				2109.0311817187285,
				1603.654296875,
				2080.806640625,
				1577.599609375,
				1989.30859375,
				1589.6965765238601,
				1993.0307383701365,
				1602.1030410531203,
				1991.47993030398,
				1605.514818798667,
				1985.2766980393499,
				1604.92578125,
				1968.837890625,
				1609.2367581574435,
				1971.0092638306996,
				1609.2367581574435,
				1976.9023344820998,
				1610.4774046103703,
				1989.9291222378233,
				1607.685950091287,
				1998.6136474083069,
				1612.3383742897604,
				2018.1538290418903,
				1621.022899460244,
				2037.073687449014,
				1629.087890625,
				2050.41015625,
				1640.563081093831,
				2062.506939734001,
				1652.3492223966277,
				2068.7101719986313,
				1661.9642324068045,
				2068.089848772168,
				1664.445525312658,
				2078.6353436220415,
				1671.5792424169813,
				2095.3840707365416,
				1675.6423595503147,
				2098.4856868688585,
				1679.023121134538,
				2098.4856868688585,
				1682.124737266855,
				2103.138111067332,
				1691.7397472770317,
				2103.448272680562,
				1697.0124947019685,
				2106.239727199645,
				1701.3547572872085,
				2104.6889191334885,
				1707.5579895518385,
				2101.5873030011717,
				1712.210413750312,
				2101.277141387942,
				1716.242514722322,
				2100.3466565482486,
				1717.4831611752488,
				2095.3840707365416,
				1740.1559751024724,
				2100.3466565482486,
				1764.937887999673,
				2103.7584342937953,
				1789.1304938317298,
				2099.726333321785,
				1799.3658270683736,
				2081.7369597543548,
				1807.771206786947,
				2079.8759900749646,
				1810.8728229192602,
				2070.5711416780214,
				1806.2203987207904,
				2050.410636817971,
				1801.22679674776,
				2031.8009400240808,
				1805.5690593330037,
				2021.5656067874406,
				1809.9113219182436,
				1999.8542938612336,
				1811.1519683711704,
				1976.5921728688663,
				1798.7455038419102,
				1939.0626176678525,
				1795.02356448313,
				1923.5545370062755,
				1790.99146351112,
				1900.2924160139119,
				1805.5690593330037,
				1894.7095069757452,
				1810.531645144707,
				1896.5704766551316,
				1812.4236309854205,
				1888.816436324345,
				1814.2535845034872,
				1885.4046585787983,
				1815.1840693431805,
				1859.6612446805811,
				1811.7722915976337,
				1846.3242953116242,
				1808.0503522388535,
				1831.1263762632807,
				1801.22679674776,
				1819.9605581869473,
				1787.8898473788067,
				1805.3829623650636,
				1781.9967767274065,
				1795.7679523548868,
				1765.8683728393662,
				1761.6501748994197,
				1764.6277263864395,
				1755.136781021556,
				1760.2854638011995,
				1748.0030639172292,
				1755.3228779894962,
				1744.5912861716824,
				1761.5261102541263,
				1740.559185199676,
				1760.9057870276629,
				1734.9762761615057,
				1759.0758335095961,
				1726.9120742174855,
				1767.4191809055264,
				1720.088518726392,
				1777.9956919167198,
				1718.2275490470056,
				1783.5475847935631,
				1711.714155169142,
				1790.0609786714267,
				1706.4414077442052,
				1795.6438877095934,
				1695.2755896678718,
				1793.50390625,
				1684.109375,
				1769.3856055334109,
				1662.677604117238,
				1731.7940180097503,
				1629.1801498882305,
				1720.628199933417,
				1615.7811681966305,
				1727.327690779217,
				1607.9650955431935,
				1744.8208057654738,
				1580.7949382241131,
				1748.1705511883738,
				1555.4857505844193,
				1744.4486118295972,
				1532.4097265599958,
				1737.376927047917,
				1517.5219691248822,
				1734.3993755608935,
				1504.8673753050352,
				1732.9105998173836,
				1499.2844662668685,
				1730.677436202117,
				1494.0737511645784,
				1728.0720786509737,
				1488.4908421264117,
				1726.2111089715836,
				1482.9079330882414,
				1724.3501392921935,
				1477.3250240500747,
				1722.8613635486836,
				1471.3699210760315,
				1721.0003938692935,
				1465.7870120378611,
				1718.3950363181466,
				1460.2041029996944,
				1716.16187270288,
				1454.6211939615278,
				1713.9287090876132,
				1449.4104788592376,
				1711.32335153647,
				1443.827569821071,
				1709.0901879212033,
				1438.6168547187808,
				1706.8570243059366,
				1433.7783335523673,
				1704.2516667547898,
				1428.1954245142006,
				1702.018503139523,
				1422.9847094119104,
				1699.4131455883798,
				1417.7739943096203,
				1696.4355941013564,
				1412.1910852714536,
				1694.2024304860897,
				1406.9803701691635,
				1691.5970729349428,
				1401.3974611309968,
				1689.7361032555564,
				1395.8145520928301,
				1687.5029396402897,
				1389.8594491187832,
				1686.0141638967762,
				1385.0209279523733,
				1684.153194217386,
				1379.0658249783264,
				1683.0366124097527,
				1373.8551098760363,
				1681.5478366662428,
				1368.2722008378696,
				1678.9424791150996,
				1363.0614857355795,
				1676.3371215639527,
				1357.8507706332894,
				1672.9873761410527,
				1353.0122494668794,
				1669.6376307181526,
				1347.4293404287127,
				1667.0322731670058,
				1342.9630131981758,
				1664.4269156158625,
