{
	"dataset": {
		"dataset.id": 467528,
		"dataset.name": "01_sou_093506_467528_wear_02top_01blouse_woman",
		"dataset.image_path": "./008.의류 통합 데이터(3-1)/원천데이터/상품/상의/blouse/01_sou_093506_467528_wear_02top_01blouse_woman.jpg",
		"dataset.label_path": "./008.의류 통합 데이터(3-1)/라벨링데이터/상품/상의/blouse/01_sou_093506_467528_wear_02top_01blouse_woman.json",
		"dataset.category": 5,
		"dataset.type": 1,
		"dataset.width": 2268,
		"dataset.height": 4032,
		"dataset.file_size": 971034
	},
	"annotation": [
		{
			"annotation_type": "Polygon",
			"annotation_id": 143,
			"annotation_point_count": 122.0,
			"annotation_point": [
				900.0485037979524,
				1248.5018747725426,
				886.3791986273245,
				1258.7538536505126,
				873.8490022209153,
				1271.2840500569218,
				865.8752408713826,
				1287.2315727559871,
				853.3450444649734,
				1300.900877926615,
				843.0930655870015,
				1315.7092918614635,
				835.1193042374689,
				1329.3785970320914,
				824.8673253594989,
				1348.7434460238128,
				812.3371289530896,
				1372.6647300724126,
				805.5024763677757,
				1377.2211651292891,
				769.0509959127685,
				1477.4627363805594,
				764.4945608558919,
				1537.8355008841663,
				759.9381257990153,
				1562.8958936969848,
				743.99060309995,
				1582.260742688708,
				730.3212979293221,
				1593.6518303308967,
				710.9564489375989,
				1622.1295494363712,
				712.0955577018176,
				1634.6597458427805,
				723.4866453440081,
				1654.0245948345037,
				707.5391226449428,
				1668.8330087693503,
				712.095703125,
				1679.0849609375,
				660.6533203125,
				1754.607421875,
				730.3668622798887,
				1798.349675261048,
				787.7779439965252,
				1827.0552161193664,
				830.1527900254714,
				1840.7245212899943,
				842.4551646790369,
				1807.918188880487,
				869.7937750202927,
				1761.4425513003516,
				889.2000000000007,
				1750.7000000000007,
				908.0678294980517,
				1717.700774754343,
				925.8379262198669,
				1680.7936507936483,
				933.7661232188311,
				1642.7929824193016,
				935.8165189944266,
				1702.1177668598266,
				936.4999842529578,
				1731.0966938215588,
				933.7661232188311,
				1766.773580316898,
				918.0,
				1904.0,
				917.134765625,
				1999.1748046875,
				900.0485037979524,
				2060.6864236606853,
				906.8831563832664,
				2103.9725567010064,
				887.5183073915432,
				2166.6235387330507,
				894.3529599768572,
				2188.2666052532113,
				917.1351352612364,
				2205.353236716497,
				978.6470085290621,
				2220.1616506513437,
				1106.22719012159,
				2237.2482821146277,
				1208.7469789012994,
				2236.109173350409,
				1339.7444867864833,
				2231.5527382935343,
				1430.8731879240022,
				2224.7180857082203,
				1508.332583890895,
				2213.32699806603,
				1555.036043223874,
				2198.518584131183,
				1593.7657412073186,
				2182.571061432116,
				1602.8786113210717,
				2166.6235387330507,
				1583.5137623293485,
				2094.859686587255,
				1572.122674687158,
				1993.4790065717643,
				1560.7315870449675,
				1886.4027827351783,
				1551.618716931216,
				1790.7176465407829,
				1542.5058468174648,
				1747.4315135004617,
				1542.5058468174648,
				1726.9275557445199,
				1539.0888671875,
				1647.1904296875,
				1568.705348394502,
				1679.0849876473221,
				1582.3746535651298,
				1705.2844892243593,
				1594.9048499715373,
				1709.840924281234,
				1624.5216778412323,
				1753.127057321557,
				1637.0518742476415,
				1797.5522991260968,
				1709.954835157656,
				1754.2661660857757,
				1794.2488837098626,
				1714.3973593381106,
				1764.6320558401676,
				1661.9983561840363,
				1747.5,
				1636.9000000000015,
				1754.3800769621976,
				1624.4077669648104,
				1755.5191857264163,
				1607.3211355015246,
				1733.9000000000015,
				1546.9000000000015,
				1708.8157263934372,
				1523.0270869493197,
				1694.0073124585906,
				1478.601845144778,
				1689.450877401714,
				1458.0978873888362,
				1684.8944423448393,
				1438.7330383971148,
				1680.3380072879627,
				1420.5072981696103,
				1673.5033547026487,
				1403.4206667063245,
				1667.8078108815535,
				1384.055817714603,
				1663.2513758246769,
				1366.9691862513173,
				1655.2776144751442,
				1352.1607723164707,
				1643.8865268329555,
				1336.2132496174054,
				1632.495439190765,
				1320.2657269183383,
				1621.1043515485744,
				1305.4573129834916,
				1609.7132639063857,
				1289.5097902844263,
				1599.4612850284138,
				1272.4231588211405,
				1586.9310886220046,
				1256.4756361220752,
				1574.4008922155954,
				1247.362766008324,
				1564.1489133376253,
				1232.5543520734755,
				1548.20139063856,
				1221.1632644312867,
				1534.5320854679321,
				1212.0503943175336,
				1517.4454540046463,
				1205.2157417322196,
				1502.6370400697997,
				1196.1028716184683,
				1485.5504086065139,
				1190.407327797373,
				1469.6028859074486,
				1191.5464365615917,
				1449.0989281515067,
				1197.241980382687,
				1434.29051421666,
				1200.6593066753449,
				1417.2038827533743,
				1204.076632968001,
				1397.839033761653,
				1208.6330680248775,
				1381.8915110625858,
				1209.7721767890962,
				1362.5266620708626,
				1209.7721767890962,
				1345.4400306075786,
				1204.076632968001,
				1328.3533991442928,
				1202.9375242037822,
				1307.849441388351,
				1202.9375242037822,
				1288.4845923966295,
				1202.9375242037822,
				1269.1197434049063,
				1202.9375242037822,
				1249.7548944131831,
				1202.9375242037822,
				1232.6682629498973,
				1204.076632968001,
				1214.4425227223946,
				1205.2157417322196,
				1196.2167824948901,
				1207.4939592606588,
				1179.1301510316061,
				1210.9112855533149,
				1160.9044108041016,
				1214.3286118459728,
				1143.8177793408158,
				1221.1632644312867,
				1124.4529303490945,
				1226.858808252382,
				1108.5054076500273,
				1227.9979170166007,
				1091.4187761867433,
				1232.5543520734755,
				1074.3321447234575,
				1237.110787130352,
				1056.1064044959548,
				1237.110787130352,
				1037.8806642684503,
				1237.110787130352,
				1019.6549240409458,
				1237.110787130352,
				1001.4291838134432,
				1237.110787130352,
				982.06433482172,
				1237.110787130352,
				963.8385945942155,
				1237.110787130352,
				946.7519631309315,
				1238.2498958945707,
				929.6653316676457,
				1238.2498958945707,
				913.7177734375,
				1237.1103515625
			]
		}
	],
	"metadata.model": {
		"metadata.model.gender": "FEMALE",
		"metadata.model.age": "20대",
		"metadata.model.job": "entertainment and sports",
		"metadata.model.type": "wear",
		"metadata.model.usually_size": "M",
		"metadata.model.body_height": "163",
		"metadata.model.waist_height": "95",
		"metadata.model.chest_size_male": "null",
		"metadata.model.breast_size_female": "83.0",
		"metadata.model.waist_size": "66",
		"metadata.model.hip_seize": "91",
		"metadata.model.back_length": "42",
		"metadata.model.shoulders_width": "42",
		"metadata.model.arm_length": "55",
		"metadata.model.weight": "50"
	},
	"metadata.clothes": {
		"metadata.clothes.type": "02top_01blouse",
		"metadata.clothes.season": "summer",
		"metadata.clothes.fiber_composition": "synthetic fiber Others",
		"metadata.clothes.elasticity": "none at all",
		"metadata.clothes.transparency": "none at all",
		"metadata.clothes.isfleece": "fleece_none",
		"metadata.clothes.color": "Black,Beige",
		"metadata.clothes.washing_method": "none",
		"metadata.clothes.bleach": "none",
		"metadata.clothes.ironing": "none",
		"metadata.clothes.drycleaning": "none",
		"metadata.clothes.wringing": "none",
		"metadata.clothes.drying": "none",
		"metadata.clothes.top_length_type": "normal",
		"metadata.clothes.sleeve_length_type": "short sleeves",
		"metadata.clothes.topneck_color_design": "boat neck",
		"metadata.clothes.topsleeve_design": "shirt sleeve",
		"metadata.clothes.pants_silhouette": "null",
		"metadata.clothes.skirt_design": "null",
		"metadata.top.front_length": "62.0",
		"metadata.top.chest_size": "104.0",
		"metadata.top.waist_size": "104.0",
		"metadata.top.hem_size": "104.0",