{
	"dataset": {
		"dataset.id": 176695,
		"dataset.name": "01_sou_035339_176695_wear_02top_01blouse_woman",
		"dataset.image_path": "./008.의류 통합 데이터(3-1)/원천데이터/상품/상의/blouse/01_sou_035339_176695_wear_02top_01blouse_woman.jpg",
		"dataset.label_path": "./008.의류 통합 데이터(3-1)/라벨링데이터/상품/상의/blouse/01_sou_035339_176695_wear_02top_01blouse_woman.json",
		"dataset.category": 5,
		"dataset.type": 1,
		"dataset.width": 1354,
		"dataset.height": 2640,
		"dataset.file_size": 176073
	},
	"annotation": [
		{
			"annotation_type": "Polygon",
			"annotation_id": 52,
			"annotation_point_count": 194.0,
			"annotation_point": [
				571.7000000000007,
				733.6000000000022,
				557.66015625,
				750.658203125,
				554.8899695520777,
				754.8137323250594,
				551.0805786106212,
				758.969431533922,
				547.2711876691646,
				762.7788224753749,
				542.7691801928995,
				766.2419051494289,
				538.6134809840369,
				770.0512960908854,
				534.4577817751779,
				773.860687032342,
				530.3020825663152,
				776.9774614389862,
				525.453766822644,
				779.747927578228,
				520.9517593463752,
				782.8647019848759,
				516.1034436027039,
				786.3277846589262,
				511.9477443938449,
				789.7908673329766,
				507.79204518498227,
				793.6002582744331,
				504.3289625109319,
				797.7559574832958,
				500.51957156947356,
				801.9116566921548,
				496.71018062801704,
				805.7210476336113,
				493.59340622137097,
				810.2230551098801,
				489.78401527991446,
				814.3787543187391,
				485.62831607105363,
				818.5344535276017,
				482.51154166440756,
				821.9975362016521,
				479.3947672577615,
				826.845851945327,
				476.97060938592585,
				831.3478594215921,
				474.89275978149453,
				836.5424834326695,
				472.4686019096589,
				841.3907991763408,
				470.7370605726337,
				845.8928066526059,
				467.96659443339195,
				850.7411223962772,
				466.58136136377107,
				854.8968216051398,
				464.15720349193543,
				861.130370418432,
				461.7330456200998,
				866.3249944295094,
				458.96257948085804,
				870.8270019057782,
				457.23103814383285,
				872.9048515102077,
				443.0,
				924.0,
				434.0,
				971.0,
				434.0,
				996.0,
				443.0,
				1026.0,
				440.0,
				1068.0,
				425.0,
				1106.0,
				414.0,
				1174.0,
				403.0,
				1199.0,
				390.0,
				1208.0,
				381.0,
				1225.0,
				378.0,
				1271.0,
				356.0517578125,
				1325.080078125,
				368.4601743556377,
				1331.283631747403,
				382.9371675931907,
				1341.624341202798,
				397.4141608307418,
				1347.828766876035,
				418.09557974153176,
				1351.965050658193,
				443.2000000000007,
				1325.1000000000022,
				456.10000000000036,
				1285.9000000000015,
				458.0,
				1322.0,
				460.0,
				1440.0,
				468.4134719514841,
				1508.3744855967088,
				471.3915962746378,
				1512.8416720814384,
				477.79456356941773,
				1509.416829109814,
				486.2822178904062,
				1509.416829109814,
				493.72752869828946,
				1509.416829109814,
				502.81080788390864,
				1509.8635477582866,
				509.80940004331933,
				1509.8635477582866,
				517.701429499677,
				1509.8635477582866,
				525.1467403075585,
				1508.9701104613414,
				530.2095516569207,
				1502.864955598874,
				538.1015811132784,
				1502.864955598874,
				546.589235434265,
				1504.9496426250807,
				553.5878275936775,
				1506.4387047866585,
				561.6287632661915,
				1506.885423435131,
				569.0740740740766,
				1507.9277669482362,
				576.0726662334855,
				1509.416829109814,
				583.5179770413706,
				1510.4591726229155,
				590.9632878492521,
				1510.905891271388,
				600.0465670348713,
				1510.905891271388,
				608.5342213558615,
				1510.4591726229155,
				615.979532163743,
				1510.4591726229155,
				623.4248429716281,
				1509.8635477582866,
				631.4657786441421,
				1509.8635477582866,
				638.9110894520272,
				1511.3526099198643,
				646.8031189083849,
				1512.3949534329658,
				654.3973359324264,
				1513.8840155945436,
				661.8426467403078,
				1514.3307342430162,
				669.8835824128219,
				1514.3307342430162,
				678.2223305176522,
				1514.3307342430162,
				687.3056097032713,
				1514.3307342430162,
				695.793264024258,
				1514.3307342430162,
				703.6852934806157,
				1514.3307342430162,
				712.1729478016023,
				1514.3307342430162,
				720.2138834741199,
				1514.3307342430162,
				728.105912930474,
				1514.3307342430162,
				736.1468486029917,
				1514.3307342430162,
				744.6345029239783,
				1514.3307342430162,
				751.6330950833872,
				1512.8416720814384,
				758.6316872427997,
				1511.3526099198643,
				770.5441845354144,
				1507.3321420836037,
				775.011371020144,
				1488.5699588477364,
				775.011371020144,
				1466.2340264240847,
				776.5004331817217,
				1429.0074723846665,
				782.4566818280291,
				1379.8684210526335,
				786.9238683127587,
				1405.182477799437,
				794.3691791206438,
				1440.9199696772812,
				782.4566818280291,
				1479.6355858782772,
				775.01171875,
				1506.439453125,
				778.6000000000022,
				1516.2999999999993,
				792.8801169590661,
				1536.2199480181953,
				814.0,
				1551.4000000000015,
				830.1066709984843,
				1564.5121290881543,
				852.7000000000007,
				1584.2000000000007,
				862.866038553173,
				1594.2933723196911,
				868.8222871994803,
				1566.001191249732,
				876.2675980073655,
				1461.7668399393551,
				861.3769763915989,
				1461.7668399393551,
				853.9316655837138,
				1442.409031838859,
				846.4863547758287,
				1415.605912930474,
				839.0410439679472,
				1387.313731860515,
				833.0847953216398,
				1367.9559237600188,
				833.0847953216398,
				1375.4012345679039,
				833.0847953216398,
				1400.7152913147074,
				821.171875,
				1418.583984375,
				809.2598007364104,
				1418.5840372536295,
				810.7488628979881,
				1400.7152913147074,
				806.2816764132549,
				1375.4012345679039,
				803.4000000000015,
				1353.0,
				804.7926142516808,
				1329.2403075590228,
				825.6394845137547,
				1315.8387481048303,
				846.4863547758287,
				1314.3496859432562,
				871.8004115226358,
				1314.3496859432562,
				894.1363439462875,
				1317.327810266408,
				914.982421875,
				1323.283203125,
				905.0,
				1271.0,
				937.2000000000007,
				1238.0,
				944.2000000000007,
				1220.0,
				940.0,
				1208.0,
				923.0,
				1187.0,
				895.2000000000007,
				1118.1000000000022,
				892.0,
				1043.0,
				881.2000000000007,
				969.2000000000007,
				891.5,
				941.4000000000015,
				887.2766446075184,
				870.688478598815,
				887.9692611423307,
				869.3032455291941,
				887.9692611423307,
				863.7623132507106,
				886.9303363401159,
				858.2213809722307,
				885.545103270495,
				853.3730652285594,
				885.1987950030889,
				848.178441217482,
				884.8524867356828,
				842.6375089389985,
				884.1598702008741,
				837.4428849279211,
				883.4672536660619,
				832.2482609168437,
				882.7746371312533,
				826.3610203709577,
				882.4283288638471,
				821.1663963598803,
				881.7357123290385,
				816.318080616209,
				880.6967875268238,
				810.7771483377255,
				880.3504792594176,
				805.9288325940543,
				879.3115544572029,
				800.3879003155744,
				878.2726296549881,
				794.5006597696847,
				876.8873965853672,
				789.306035758611,
				875.1558552483402,
				784.1114117475336,
				873.4243139113132,
				779.2630960038623,
				871.0001560394776,
				774.0684719927849,
				867.5370733654272,
				769.2201562491136,
				865.1129154935916,
				764.7181487728449,
				861.6498328195412,
				760.5624495639822,
				858.1867501454908,
				756.4067503551232,
				854.7236674714368,
				751.558434611452,
				851.6068930647925,
				747.4027354025893,
				848.1438103907421,
				743.5933444611328,
				844.3344194492856,
				739.0913369848677,
				841.2176450426377,
				734.5893295085989,
				838.1008706359935,
				730.4336302997363,
				833.5988631597247,
				726.6242393582797,
				829.0968556834596,
				723.5074649516355,
				824.5948482071908,
				720.7369988123937,
				819.0539159287109,
				718.3128409405581,
				813.8592919176335,
