{
	"dataset": {
		"dataset.id": 21212,
		"dataset.name": "01_sou_004243_021212_back_02top_01blouse_woman",
		"dataset.image_path": "./008.의류 통합 데이터(3-1)/원천데이터/상품/상의/blouse/01_sou_004243_021212_back_02top_01blouse_woman.jpg",
		"dataset.label_path": "./008.의류 통합 데이터(3-1)/라벨링데이터/상품/상의/blouse/01_sou_004243_021212_back_02top_01blouse_woman.json",
		"dataset.category": 5,
		"dataset.type": 1,
		"dataset.width": 1440,
		"dataset.height": 1080,
		"dataset.file_size": 179137
	},
	"annotation": [
		{
			"annotation_type": "Polygon",
			"annotation_id": 12,
			"annotation_point_count": 73.0,
			"annotation_point": [
				575.0,
				180.0,
				554.0,
				190.0,
				538.0,
				213.0,
				517.0,
				226.0,
				439.0,
				254.0,
				357.0,
				293.0,
				242.0,
				357.0,
				193.0,
				377.0,
				32.0,
				462.0,
				16.634765625,
				471.72265625,
				16.63433179857202,
				474.3568338620735,
				17.010655486858013,
				476.8029378359388,
				30.181984576904142,
				493.17301827642405,
				42.97698997866246,
				508.7904513403355,
				51.63243480926394,
				532.6870055465606,
				68.9433244704669,
				576.7168770761418,
				77.2224456127824,
				589.3237206337581,
				83.31888936303221,
				606.5028970040603,
				120.76309634758945,
				589.6435957688009,
				142.3076275020212,
				576.5287152319997,
				156.81490568548725,
				568.0990646143691,
				190.06310354564448,
				547.9657472910148,
				215.35205539853268,
				533.4584691075488,
				233.60375428045336,
				525.02881848992,
				248.58143707427553,
				521.2843977914654,
				273.87038892716373,
				508.1695172546624,
				292.59249241944235,
				504.425096556206,
				319.240234375,
				492.6298828125,
				321.748363263996,
				492.63025561599716,
				335.00613222399625,
				493.3468917759965,
				345.0748702719975,
				509.54286899199724,
				331.6021104639967,
				727.0061117439964,
				316.0,
				865.0,
				373.0,
				909.0,
				455.3000000000011,
				941.2000000000007,
				542.1000000000004,
				958.9000000000015,
				682.0,
				959.2000000000007,
				802.9000000000015,
				946.3000000000011,
				880.9000000000015,
				926.9000000000015,
				934.2000000000007,
				898.9000000000015,
				971.0,
				863.4000000000015,
				988.9000000000015,
				844.7000000000007,
				978.9000000000015,
				787.1000000000004,
				974.3000000000011,
				753.4000000000015,
				962.5,
				671.3000000000011,
				945.3000000000011,
				491.0,
				961.0,
				483.0,
				1101.0,
				521.0,
				1146.0,
				526.0,
				1197.4000000000015,
				538.4000000000015,
				1207.7000000000007,
				524.7000000000007,
				1207.300000000001,
				514.3000000000011,
				1206.9000000000015,
				496.5,
				1207.5,
				480.0,
				1207.8809190399988,
				470.16371199999776,
				1211.1655014399985,
				458.2197759999981,
				1214.1514854399975,
				434.63050239999757,
				1217.7346662399978,
				420.59637759999714,
				1220.7000000000007,
				412.3000000000011,
				1224.303831039997,
				404.7706623999966,
				1109.0,
				359.0,
				1049.9000000000015,
				339.8000000000011,
				1002.0,
				321.0,
				924.0,
				308.0,
				851.5,
				278.2000000000007,
				801.0,
				254.0,
				747.0,
				239.0,
				719.0,
				236.0,
				718.1000000000004,
				226.8000000000011,
				710.6000000000004,
				210.0,
				688.5,
				183.5,
				632.0,
				188.0,
				604.0,
				180.0
			]
		}
	],
	"metadata.model": {
		"metadata.model.gender": "FEMALE",
		"metadata.model.age": "50대 이상",
		"metadata.model.job": "homemaker",
		"metadata.model.type": "back",
		"metadata.model.usually_size": "M",
		"metadata.model.body_height": "150",
		"metadata.model.waist_height": "90",
		"metadata.model.chest_size_male": "null",
		"metadata.model.breast_size_female": "87.0",
		"metadata.model.waist_size": "72",
		"metadata.model.hip_seize": "87",
		"metadata.model.back_length": "36",
		"metadata.model.shoulders_width": "34",
		"metadata.model.arm_length": "49",
		"metadata.model.weight": "46"
	},
	"metadata.clothes": {
		"metadata.clothes.type": "02top_01blouse",
		"metadata.clothes.season": "summer",
		"metadata.clothes.fiber_composition": "Viscos rayon,regenerated fiber Others",
		"metadata.clothes.elasticity": "contain",
		"metadata.clothes.transparency": "contain",
		"metadata.clothes.isfleece": "fleece_none",
		"metadata.clothes.color": "Blue",
		"metadata.clothes.washing_method": "none",
		"metadata.clothes.bleach": "none",
		"metadata.clothes.ironing": "none",
		"metadata.clothes.drycleaning": "none",
		"metadata.clothes.wringing": "none",
		"metadata.clothes.drying": "none",
		"metadata.clothes.top_length_type": "long",
		"metadata.clothes.sleeve_length_type": "long sleeves",
		"metadata.clothes.topneck_color_design": "shirts collar",
		"metadata.clothes.topsleeve_design": "shirt sleeve",
		"metadata.clothes.pants_silhouette": "null",
		"metadata.clothes.skirt_design": "null",
		"metadata.top.front_length": "63.0",
		"metadata.top.chest_size": "104.0",
		"metadata.top.waist_size": "104.0",
		"metadata.top.hem_size": "106.0",
		"metadata.top.shoulder_width": "58.0",
		"metadata.top.sleeve_length": "26.0",
		"metadata.top.sleeve_cuff_size": "26.0",
		"metadata.pants.pants_length": "null",
		"metadata.pants.waist_size": "null",
		"metadata.pants.hip_size": "null",
		"metadata.pants.front_rise_length": "null",
		"metadata.pants.back_rise_length": "null",
		"metadata.pants.inner_seam_length": "null",
		"metadata.pants.pants_waist_size": "null",
		"metadata.skirt.length": "null",
		"metadata.skirt.waist_size": "null",
		"metadata.skirt.hip_size": "null",
		"metadata.skirt.hem_size": "null",
		"metadata.dress.front_length": "null",
		"metadata.dress.chest_size": "null",
		"metadata.dress.waist_size": "null",
		"metadata.dress.hip_size": "null",
		"metadata.dress.hem_size": "null",
		"metadata.dress.shoulder_width": "null",
		"metadata.dress.sleeve_length": "null",
		"metadata.dress.cuff_size": "null",
		"metadata.jumpsuit.front_length": "null",
		"metadata.jumpsuit.inner_seam_length": "null",
		"metadata.jumpsuit.chest_size": "null",
		"metadata.jumpsuit.waist_size": "null",
		"metadata.jumpsuit.hip_size": "null",
		"metadata.jumpsuit.shoulder_width": "null",
		"metadata.jumpsuit.sleeve_length": "null",
		"metadata.jumpsuit.cuffs_size": "null",
		"metadata.jumpsuit.front_rise_length": "null",
		"metadata.jumpsuit.back_rise_length": "null",
		"metadata.jumpsuit.pants_waist_size": "null"
	}
}