{
	"dataset": {
		"dataset.id": 441849,
		"dataset.name": "01_sou_088370_441849_wear_02top_01blouse_woman",
		"dataset.image_path": "./008.의류 통합 데이터(3-1)/원천데이터/상품/상의/blouse/01_sou_088370_441849_wear_02top_01blouse_woman.jpg",
		"dataset.label_path": "./008.의류 통합 데이터(3-1)/라벨링데이터/상품/상의/blouse/01_sou_088370_441849_wear_02top_01blouse_woman.json",
		"dataset.category": 5,
		"dataset.type": 1,
		"dataset.width": 3000,
		"dataset.height": 4000,
		"dataset.file_size": 1054716
	},
	"annotation": [
		{
			"annotation_type": "Polygon",
			"annotation_id": 159,
			"annotation_point_count": 229.0,
			"annotation_point": [
				1676.0,
				1409.0,
				1514.044921875,
				1394.310546875,
				1514.044921875,
				1394.310546875,
				1511.753803902251,
				1394.9343650273804,
				1508.6308461707886,
				1395.7671537557726,
				1505.2996912572307,
				1396.5999424841611,
				1501.760339161574,
				1397.6409283946487,
				1499.0537757943093,
				1398.2655199409419,
				1495.0980293344546,
				1399.3065058514294,
				1492.39146596719,
				1400.9720833082065,
				1489.0603110536322,
				1402.4294635828883,
				1485.9373533221697,
				1403.6786466754747,
				1482.3980012265129,
				1405.1360269501565,
				1478.858649130856,
				1406.177012860644,
				1475.7356913993935,
				1407.8425903174211,
				1471.9881421216414,
				1409.5081677742019,
				1468.0323956617904,
				1410.3409565025904,
				1464.2848463840346,
				1411.381942413078,
				1460.5372971062825,
				1412.4229283235654,
				1457.622536556919,
				1413.2557170519576,
				1454.291381643361,
				1414.2967029624415,
				1451.1684239118986,
				1415.545886055028,
				1447.8372689983407,
				1416.3786747834165,
				1444.9225084489735,
				1417.627857876003,
				1441.7995507175146,
				1418.2524494222926,
				1438.052001439759,
				1418.6688437864905,
				1434.512649344102,
				1419.501632514879,
				1431.5978887947385,
				1420.7508156074618,
				1428.4749310632797,
				1422.6245902463415,
				1425.3519733318171,
				1423.8737733389244,
				1421.6044240540614,
				1425.539350795705,
				1418.0650719584082,
				1426.788533888288,
				1414.5257198627514,
				1427.8295197987754,
				1410.7781705849957,
				1428.870505709263,
				1407.4470156714378,
				1430.3278859839447,
				1404.5322551220743,
				1432.2016606228208,
				1402.2420861190003,
				1433.8672380796015,
				1398.7027340233471,
				1435.3246183542833,
				1395.996170656079,
				1436.781998628965,
				1393.0814101067153,
				1438.0311817215515,
				1389.7502551931575,
				1438.86397044994,
				1386.0027059154017,
				1440.3213507246219,
				1383.2961425481371,
				1441.5705338172083,
				1379.3403960882824,
				1442.8197169097912,
				1375.3846496284314,
				1444.9016887307662,
				1372.6780862611668,
				1446.359069005448,
				1369.5551285297042,
				1447.4000549159355,
				1366.4321707982417,
				1447.8164492801297,
				1363.1010158846839,
				1448.0246464622287,
				1359.769860971126,
				1447.8164492801297,
				1356.0223116933703,
				1447.8164492801297,
				1352.8993539619114,
				1447.8164492801297,
				1349.9845934125478,
				1447.4000549159355,
				1346.237044134792,
				1447.4000549159355,
				1343.1140864033296,
				1447.8164492801297,
				1339.9911286718707,
				1448.441040826423,
				1336.8681709404082,
				1449.0656323727126,
				1334.7861991194331,
				1449.6902239190058,
				1330.4140582953878,
				1450.5230126473944,
				1327.08290338183,
				1451.3558013757865,
				1324.3763400145617,
				1452.8131816504683,
				1321.4615794651982,
				1454.478759107249,
				1318.1304245516403,
				1455.3115478356376,
				1315.0074668201778,
				1456.5607309282204,
				1311.67631190662,
				1457.809914020807,
				1308.1369598109632,
				1459.683688659683,
				1305.6385936257939,
				1461.557463298559,
				1303.1402274406246,
				1463.4312379374387,
				1300.8500584375506,
				1466.3459984868023,
				1298.143495070286,
				1469.2607590361658,
				1295.8533260672157,
				1472.1755195855294,
				1293.3549598820464,
				1474.2574914065044,
				1291.2729880610714,
				1476.7558575916737,
				1288.9828190579974,
				1479.046026594744,
				1287.1090444191213,
				1481.3361955978144,
				1285.0270725981463,
				1483.8345617829837,
				1282.736903595076,
				1486.541125150252,
				1280.2385374099067,
				1489.6640828817144,
				1277.5319740426385,
				1492.370646248979,
				1275.6581994037624,
				1495.0772096162473,
				1273.9926219469853,
				1497.3673786193176,
				1271.9106501260103,
				1500.4903363507801,
				1269.8286783050353,
				1503.1968997180447,
				1267.9549036661592,
				1505.903463085313,
				1266.2893262093785,
				1509.0264208167755,
				1265.248340298891,
				1512.1493785482344,
				1263.9991572063082,
				1515.8969278259901,
				1263.374565660015,
				1519.228082739548,
				1262.3335797495274,
				1523.392026381498,
				1261.5007910211389,
				1526.5149841129605,
				1260.4598051106514,
				1530.0543362086137,
				1259.6270163822592,
				1533.1772939400762,
				1258.1696361075774,
				1536.508448853634,
				1256.7122558328956,
				1539.2150122209023,
				1254.8384811940196,
				1542.754364316559,
				1252.7565093730445,
				1545.6691248659226,
				1251.0909319162674,
				1548.5838854152862,
				1250.2581431878752,
				1551.7068431467487,
				1249.0089600952924,
				1555.0379980603066,
				1149.6989042348177,
				1778.0379998048666,
				1148.1252805334698,
				1807.3585246247567,
				1152.7374264424361,
				1838.6603926276002,
				1150.0337547026975,
				1850.5160654970387,
				1156.6989561573464,
				1863.427182414609,
				1187.9285334719607,
				1881.745642811653,
				1219.9822246323783,
				1889.4518301767857,
				1242.0598008172929,
				1896.5363176231585,
				1274.3303640423946,
				1897.3604314689583,
				1300.1381397398873,
				1894.4543458021835,
				1318.8758861286587,
				1883.0035007868246,
				1358.2164786624853,
				1841.9423898731657,
				1380.1928478838818,
				1815.483997981617,
				1391.1810324945764,
				1794.808861148329,
				1396.385962047014,
				1771.3866781623692,
				1400.1450778348844,
				1760.1093307987576,
				1404.6271005050367,
				1763.8684465866281,
				1404.0487749992099,
				1780.4953048791285,
				1403.6150308698416,
				1783.097769655349,
				1403.1812867404733,
				1785.844815808021,
				1403.037109375,
				1787.869140625,
				1411.0,
				1811.0,
				1407.0,
				1896.0,
				1356.0,
				2000.0,
				1314.0,
				2159.0,
				1280.300000000003,
				2213.800000000003,
				1281.0,
				2221.0,
				1302.0,
				2229.0,
				1339.0,
				2270.0,
				1335.0,
				2299.0,
				1461.0,
				2358.0,
				1617.0,
				2377.0,
				1697.0,
				2362.0,
				1747.0,
				2366.0,
				1798.0,
				2340.0,
				1823.0,
				2351.0,
				1861.0,
				2351.0,
				1928.0,
				2325.0,
				1970.0,
				2288.0,
				1997.2000000000007,
				2285.2000000000007,
				1987.0,
				2258.0,
				2008.0,
				2244.0,
				2010.0,
				2206.4000000000015,
				1982.0,
				2173.0,
				1953.0,
				2015.0,
				1903.0,
				1889.0,
				1907.0,
				1823.0,
				1928.0,
				1789.0,
				1957.2749538725511,
				1841.447921565683,
				1979.656150948027,
				1863.1351280341623,
				1998.0469020333003,
				1877.882428432731,
				2050.443192861152,
				1882.0463720746811,
				2142.639844999965,
				1855.1542360537642,
				2156.172661836299,
				1839.7129450482025,
				2162.418577299224,
				1816.984752669232,
				2158.254633657274,
				1815.7702691069971,
				2157.9076383537795,
				1812.8208090272856,
				2157.560643050281,
				1809.5243536440757,
				2157.560643050281,
				1806.227898260866,
				2157.734375,
				1803.97265625,
				2155.0,
				1749.0,
				2109.0,
				1597.0,
				2075.5476090784614,
				1520.2357571009052,
				2051.3884080678763,
				1485.883222054832,
				2033.6999754768767,
				1475.1152637967498,
				2030.7019360546765,
				1472.6168976115805,
				2026.7045501584034,
				1469.8686948078976,
				2022.9570008806513,
				1468.3696750967938,
				2018.9596149843783,
				1466.1211455301418,
				2015.2120657066262,
				1464.3722892005244,
				2011.2146798103568,
