{
	"dataset": {
		"dataset.id": 21541,
		"dataset.name": "01_sou_004309_021541_front_02top_01blouse_woman",
		"dataset.image_path": "./008.의류 통합 데이터(3-1)/원천데이터/상품/상의/blouse/01_sou_004309_021541_front_02top_01blouse_woman.jpg",
		"dataset.label_path": "./008.의류 통합 데이터(3-1)/라벨링데이터/상품/상의/blouse/01_sou_004309_021541_front_02top_01blouse_woman.json",
		"dataset.category": 5,
		"dataset.type": 1,
		"dataset.width": 1080,
		"dataset.height": 1080,
		"dataset.file_size": 160007
	},
	"annotation": [
		{
			"annotation_type": "Polygon",
			"annotation_id": 41,
			"annotation_point_count": 130.0,
			"annotation_point": [
				413.0,
				236.0,
				362.0,
				251.0,
				348.0,
				249.0,
				333.5949943117175,
				251.39931740614338,
				311.5529010238897,
				266.33105802047794,
				289.5108077360637,
				279.1296928327647,
				244.00455062571018,
				323.9249146757684,
				187.83276450511948,
				387.9180887372004,
				125.26166097838359,
				456.88850967007966,
				71.22265625,
				519.458984375,
				45.8823529411784,
				561.1764705882379,
				27.05882352941262,
				595.2941176470595,
				11.764705882353155,
				632.9411764705874,
				15.294117647059466,
				638.8235294117658,
				16.47058823529551,
				648.2352941176505,
				27.05882352941262,
				658.8235294117658,
				48.235294117648664,
				678.8235294117658,
				52.9411764705892,
				690.5882352941189,
				55.294117647059466,
				696.4705882352937,
				98.82352941176578,
				685.8823529411784,
				148.23529411764866,
				663.5294117647063,
				189.4117647058829,
				632.9411764705874,
				251.76470588235316,
				580.0,
				274.11764705882524,
				558.8235294117658,
				304.70588235294235,
				518.8235294117658,
				318.8235294117658,
				492.9411764705892,
				288.0,
				618.0,
				283.5380859375,
				682.642578125,
				293.49260523321936,
				681.9311717861201,
				304.8691695108082,
				681.9311717861201,
				317.66780432309497,
				684.775312855516,
				329.044368600682,
				685.4863481228676,
				340.42093287827083,
				686.1973833902157,
				351.79749715585785,
				686.1973833902157,
				363.1740614334467,
				686.1973833902157,
				374.55062571103554,
				686.1973833902157,
				385.92718998862256,
				684.0642775881679,
				398.01478953356127,
				681.220136518772,
				408.68031854380024,
				680.5091012514204,
				421.478953356087,
				680.5091012514204,
				434.9886234357218,
				680.5091012514204,
				445.6541524459608,
				684.775312855516,
				452.76450511945404,
				692.5967007963591,
				460.58589306029535,
				701.1291240045502,
				469.8293515358364,
				709.6615472127414,
				480.49488054607536,
				711.7946530147892,
				490.44937428896446,
				715.3498293515368,
				501.8259385665533,
				716.0608646188848,
				513.2025028441421,
				715.3498293515368,
				524.5790671217292,
				711.7946530147892,
				533.8225255972684,
				705.3953356086458,
				543.0659840728113,
				700.4180887372022,
				543.7770193401593,
				700.4180887372022,
				566.530147895337,
				700.4180887372022,
				577.906712172924,
				701.1291240045502,
				593.5494880546066,
				703.262229806598,
				602.7929465301459,
				703.9732650739461,
				686.6951080773615,
				712.5056882821373,
				695.0,
				651.0,
				706.0,
				513.0,
				783.0,
				635.0,
				817.0,
				670.0,
				844.7058823529442,
				710.5882352941189,
				868.2352941176505,
				722.3529411764721,
				901.1764705882379,
				738.8235294117658,
				930.5882352941189,
				749.4117647058811,
				956.4705882352937,
				743.5294117647063,
				987.0588235294126,
				731.7647058823568,
				1014.1176470588252,
				722.3529411764721,
				1026.8543799772451,
				704.3287827076238,
				1028.987485779293,
				693.6632536973848,
				1024.7212741751973,
				670.199089874859,
				1015.4778156996581,
				641.046643913538,
				992.0136518771324,
				606.2059158134252,
				982.7701934015931,
				589.8521046643909,
				972.8156996587022,
				567.810011376565,
				940.1080773606373,
				521.5927189988615,
				898.8680318543811,
				468.97610921501655,
				871.8486916951078,
				434.84641638225185,
				829.8976109215,
				377.9635949943113,
				822.7872582480086,
				372.9863481228658,
				821.3651877133088,
				370.853242320818,
				816.3879408418652,
				362.32081911262685,
				808.5665529010221,
				351.6552901023879,
				802.1672354948787,
				343.1228668941967,
				795.7679180887353,
				333.1683731513076,
				790.0796359499436,
				323.9249146757684,
				777.9920364050049,
				314.68145620022733,
				773.7258248009093,
				309.7042093287819,
				767.3265073947659,
				303.3048919226385,
				757.372013651875,
				299.0386803185429,
				748.1285551763358,
				291.92832764505147,
				738.8850967007966,
				282.6848691695104,
				731.0637087599534,
				274.15244596131924,
				723.242320819114,
				268.46416382252573,
				714.7098976109228,
				262.7758816837304,
				702.6222980659841,
				257.79863481228676,
				691.9567690557451,
				253.53242320819118,
				680.5802047781581,
				250.6882821387935,
				669.9146757679191,
				248.55517633674572,
				659.2491467576801,
				248.55517633674572,
				654.2718998862329,
				236.46757679180882,
				642.1843003412978,
				230.7792946530153,
				632.2298065984069,
				227.93515358361765,
				620.8532423208198,
				222.9579067121722,
				614.1912368853482,
				216.7027714574615,
				611.2285899380586,
				217.19654594867643,
				608.265942990769,
				223.12183984325384,
				600.3655511313336,
				227.0720357729715,
				594.4402572367544,
				229.04713373783125,
				585.5523163948892,
				231.5160061939041,
				578.145699026667,
				234.47865314119372,
				567.282660219942,
				236.45375110605164,
				561.3573663253665,
				238.42884907091138,
				554.444523448361,
				238.42884907091138,
				545.5565826064958,
				238.42884907091138,
				537.1624162558437,
				238.42884907091138,
				530.2495733788382,
				237.93507457969645,
				520.3740835545395,
				235.9599766148367,
				513.4612406775341,
				234.47865314119372,
				504.5732998356689,
				234.47865314119372,
				497.6604569586616,
				234.47865314119372,
				487.7849671343665,
				233.49110415876385,
				479.8845752749312,
				233.49110415876385,
				470.9966344330642,
				232.50355517633398,
				464.0837915560587,
				230.52845721147423,
				455.1958507141917,
				226.08448679054163,
				447.29545885475636,
				223.12183984325384,
				441.37016496017895,
				218.67786942232124,
				436.92578125,
				217.6904296875
			]
		}
	],
	"metadata.model": {
		"metadata.model.gender": "FEMALE",
		"metadata.model.age": "20대",
		"metadata.model.job": "not employed",
		"metadata.model.type": "front",
		"metadata.model.usually_size": "L",
		"metadata.model.body_height": "163",
		"metadata.model.waist_height": "100",
		"metadata.model.chest_size_male": "null",
		"metadata.model.breast_size_female": "87.0",
		"metadata.model.waist_size": "70",
		"metadata.model.hip_seize": "102",
		"metadata.model.back_length": "45",
		"metadata.model.shoulders_width": "45",
		"metadata.model.arm_length": "57",
		"metadata.model.weight": "65"
	},
	"metadata.clothes": {
		"metadata.clothes.type": "02top_01blouse",
		"metadata.clothes.season": "spring&fall",
		"metadata.clothes.fiber_composition": "Polyester",
		"metadata.clothes.elasticity": "contain",
		"metadata.clothes.transparency": "contain little",
		"metadata.clothes.isfleece": "fleece_none",
		"metadata.clothes.color": "White",
		"metadata.clothes.washing_method": "Hand Washing30",
		"metadata.clothes.bleach": "Do not chlorine bleach",
		"metadata.clothes.ironing": "Ironing 80~120℃ : Place a cloth between the iron and textile",
		"metadata.clothes.drycleaning": "none",
		"metadata.clothes.wringing": "Do not wringing",
		"metadata.clothes.drying": "Line dry in shade",
		"metadata.clothes.top_length_type": "normal",
		"metadata.clothes.sleeve_length_type": "long sleeves",
		"metadata.clothes.topneck_color_design": "V-neck",
		"metadata.clothes.topsleeve_design": "puff sleeve",
		"metadata.clothes.pants_silhouette": "null",