{
	"dataset": {
		"dataset.id": 410600,
		"dataset.name": "01_sou_082120_410600_wear_02top_01blouse_woman",
		"dataset.image_path": "./008.의류 통합 데이터(3-1)/원천데이터/상품/상의/blouse/01_sou_082120_410600_wear_02top_01blouse_woman.jpg",
		"dataset.label_path": "./008.의류 통합 데이터(3-1)/라벨링데이터/상품/상의/blouse/01_sou_082120_410600_wear_02top_01blouse_woman.json",
		"dataset.category": 5,
		"dataset.type": 1,
		"dataset.width": 2268,
		"dataset.height": 4032,
		"dataset.file_size": 898802
	},
	"annotation": [
		{
			"annotation_type": "Polygon",
			"annotation_id": 70,
			"annotation_point_count": 152.0,
			"annotation_point": [
				704.3693542184083,
				1653.6391283693993,
				705.9654093904956,
				1687.6670246383146,
				706.4761470455651,
				1771.1726312419523,
				710.7535749067592,
				1882.8964932881045,
				710.7535749067592,
				1969.0834725808509,
				717.6485332501798,
				2022.838610776771,
				717.6485332501798,
				2081.381914488955,
				711.8388924237788,
				2113.8137555857793,
				699.0704510470769,
				2127.092934617551,
				696.3890783579682,
				2133.4771553059018,
				701.1772438742319,
				2142.0320110282937,
				712.3496300788483,
				2148.4162317166447,
				725.628809110618,
				2149.437707026782,
				745.3560510376246,
				2148.926969371714,
				762.9126579305921,
				2148.4162317166447,
				772.9997266181872,
				2111.1323828966724,
				785.768167994891,
				2119.6872386190626,
				808.6236780591898,
				2143.053486338429,
				861.2934987380886,
				2162.7807282654358,
				896.9812923859754,
				2165.972838609612,
				929.9238711378694,
				2166.9943139197476,
				985.2750645058768,
				2163.2914659205035,
				1037.4341475297078,
				2159.588617921261,
				1099.105719379184,
				2152.6298173709565,
				1116.1515886170837,
				2144.1388038554505,
				1183.696643499843,
				2131.3703624787468,
				1239.5585745229182,
				2122.879348963239,
				1250.2202230724652,
				2126.0714593074154,
				1290.6323400297315,
				2128.1782521345704,
				1315.6584851280695,
				2130.859624823679,
				1323.6387609885078,
				2135.6477903399427,
				1403.4415195929032,
				2121.2832937911517,
				1426.871609519154,
				2114.899073102799,
				1472.0718919926821,
				2089.362190349393,
				1464.6023537873116,
				2047.864755875109,
				1452.4084922725597,
				1952.612183204903,
				1443.3428988951,
				1866.935941567226,
				1431.6597750354176,
				1803.093734683709,
				1415.6992233145374,
				1717.4813352529163,
				1406.12289228201,
				1657.3419763686434,
				1466.7729888213507,
				1611.5671140331633,
				1518.35749198323,
				1575.9431625921625,
				1530.615195704866,
				1564.2600387324783,
				1556.1520784582717,
				1546.1288519775608,
				1478.9668503361027,
				1397.1849833183187,
				1443.8536365501677,
				1320.063597403032,
				1429.4891400013767,
				1305.124520992289,
				1414.1031681424502,
				1281.1836934109706,
				1402.9307819378355,
				1253.0292801753403,
				1395.9719813875308,
				1233.8766181102856,
				1392.2691333882885,
				1224.811024732826,
				1386.9702302169553,
				1216.320011217318,
				1382.1820647006916,
				1210.9572658391044,
				1377.393899184428,
				1206.1691003228407,
				1374.2017888402534,
				1198.1888244624006,
				1370.435098634125,
				1191.29386611898,
				1366.732250634881,
				1182.2282727415222,
				1364.625457807726,
				1174.2479968810821,
				1360.8587676015977,
				1166.842300882594,
				1355.5598644302663,
				1159.883500332291,
				1351.8570164310222,
				1152.9885419888724,
				1345.983533397739,
				1146.0935836454519,
				1339.0885750543184,
				1140.7308382672363,
				1334.8111471931243,
				1135.431935095905,
				1329.5122440217929,
				1128.5369767524844,
				1322.5534434714882,
				1123.1742313742707,
				1315.1477474730018,
				1117.8753282029375,
				1307.6782092676294,
				1114.1724802036933,
				1300.7832509242107,
				1109.8950523424992,
				1293.3137127188384,
				1104.5961491711678,
				1286.4187543754197,
				1100.3187213099718,
				1280.0345336870669,
				1095.0198181386404,
				1272.0542578266286,
				1091.827707794464,
				1265.095457276324,
				1088.0610175883357,
				1255.0083885887288,
				1080.6553215898493,
				1241.7292095569574,
				1073.185783384477,
				1225.768657836079,
				1055.6291764915113,
				1197.5504023935646,
				1015.217059534245,
				1178.9084779835794,
				998.171190296347,
				1155.5422302642128,
				980.6145834033796,
				1156.5637055743482,
				999.2565078133666,
				1161.351871090612,
				1010.939631673049,
				1182.100588327754,
				1046.052845458984,
				1187.974071361039,
				1068.908355523281,
				1176.8016851564225,
				1108.8097348254796,
				1158.1597607464355,
				1162.5648730213998,
				1150.1794848859972,
				1206.1691003228407,
				1146.476636886753,
				1218.9375416995426,
				1112.4487406178396,
				1158.8620250221556,
				1094.892133724872,
				1141.3054181291882,
				1072.5473613156428,
				1116.7900106859179,
				1038.455622839845,
				1088.6355974502876,
				1006.5345193980866,
				1055.6291764915113,
				982.5936918167681,
				1032.7736664272124,
				958.142126580382,
				998.171190296347,
				942.6923125145713,
				969.9529348538326,
				934.2012989990635,
				953.9923831329543,
				911.3457889347646,
				959.8658661662375,
				890.5970716976226,
				982.2106385754669,
				853.3132228776503,
				999.2565078133666,
				822.4774369529114,
				1009.3435765009617,
				813.4118435754535,
				1012.0249491900686,
				804.9208300599457,
				1015.217059534245,
				795.8552366824861,
				1017.8345900164695,
				788.4495406839978,
				1021.0267003606459,
				781.490740133695,
				1024.7933905667724,
				774.0850441352068,
				1030.0922937381038,
				767.7008234468558,
				1033.7951417373479,
				760.2312852414834,
				1038.5833072536116,
				753.3363268980647,
				1042.8607351148075,
				746.3775263477619,
				1046.5635831140517,
				739.4825680043414,
				1051.3517486303153,
				732.5876096609227,
				1056.139914146579,
				725.1180714555503,
				1058.821286835686,
				718.2231131121316,
				1063.0987146968819,
				711.2643125618288,
				1068.3976178682133,
				704.880091873476,
				1074.2711009014965,
				699.5811887021446,
				1080.6553215898493,
				694.2822855308132,
				1088.0610175883357,
				689.4941200145495,
				1095.0198181386404,
				684.1313746363339,
				1101.914776482059,
				679.3432091200702,
				1108.8097348254796,
				673.5335682936711,
				1114.6832178587629,
				668.7454027774074,
				1121.0674385471139,
				658.5944918829282,
				1137.5387279230617,
				628.7801812683265,
				1179.355373431763,
				588.4319065179443,
				1241.8568939707257,
				543.486992871949,
				1313.6155345077968,
				509.586781016802,
				1366.5407240142304,
				478.81483729894717,
				1427.5100315879881,
				461.2582304059815,
				1446.0242715842069,
				443.1270436510622,
				1465.3684602699122,
				441.59483068585905,
				1471.5611543376144,
				440.31798654818886,
				1475.5832133712756,
				451.1073195115023,
				1488.1601281273288,
				468.02550433563374,
				1506.3551570891304,
				485.00753136664935,
				1526.976189912506,
				500.71271425999294,
				1546.9588006670456,
				509.586781016802,
				1559.024977768031,
				519.4823230837483,
				1575.9431625921625,
				538.2519319075018,
				1542.0429507370154,
				565.9594496949467,
				1564.1961965255941,
				586.8996935527393,
				1582.3912254873976,
				611.5427854097761,
				1603.9698914140245,
				631.2061851298986,
				1622.4202892033609,
				641.1017271968449,
				1635.9548370626671,
				648.443580988449,
				1655.3628679552548,
				641.6763070587967,
				1669.5358378833953,
				653.1040620909462,
				1675.9839007786304,
				665.4256080194646,
				1665.194567815317,
				690.6432797384532,
				1625.165504099352,
				694.345703125,
				1612.84375
			]
		}
	],
	"metadata.model": {
		"metadata.model.gender": "FEMALE",
		"metadata.model.age": "20대",
		"metadata.model.job": "Others",
		"metadata.model.type": "wear",
		"metadata.model.usually_size": "L",
		"metadata.model.body_height": "172",