{
	"dataset": {
		"dataset.id": 132638,
		"dataset.name": "01_sou_026528_132638_wear_02top_01blouse_woman",
		"dataset.image_path": "./008.의류 통합 데이터(3-1)/원천데이터/상품/상의/blouse/01_sou_026528_132638_wear_02top_01blouse_woman.jpg",
		"dataset.label_path": "./008.의류 통합 데이터(3-1)/라벨링데이터/상품/상의/blouse/01_sou_026528_132638_wear_02top_01blouse_woman.json",
		"dataset.category": 5,
		"dataset.type": 1,
		"dataset.width": 607,
		"dataset.height": 1080,
		"dataset.file_size": 49272
	},
	"annotation": [
		{
			"annotation_type": "Polygon",
			"annotation_id": 27,
			"annotation_point_count": 151.0,
			"annotation_point": [
				312.4100000000035,
				380.45000000000255,
				309.81000000000313,
				381.25000000000364,
				308.21000000000276,
				381.850000000004,
				306.6100000000024,
				382.350000000004,
				305.1100000000024,
				382.850000000004,
				303.21000000000276,
				383.5500000000029,
				301.31000000000313,
				384.1500000000033,
				299.71000000000276,
				384.6500000000033,
				298.21000000000276,
				385.0500000000029,
				296.4100000000035,
				385.6500000000033,
				294.71000000000276,
				386.25000000000364,
				293.4100000000035,
				386.6500000000033,
				291.4100000000035,
				387.1500000000033,
				290.21000000000276,
				387.5500000000029,
				288.4100000000035,
				388.0500000000029,
				286.9100000000035,
				388.6500000000033,
				285.1100000000024,
				389.1500000000033,
				283.31000000000313,
				389.5500000000029,
				281.51000000000386,
				390.25000000000364,
				279.9100000000035,
				390.850000000004,
				278.31000000000313,
				391.350000000004,
				276.71000000000276,
				391.95000000000255,
				275.01000000000386,
				392.5500000000029,
				273.4100000000035,
				393.1500000000033,
				272.1100000000024,
				393.95000000000255,
				270.81000000000313,
				394.850000000004,
				269.51000000000386,
				395.850000000004,
				267.9100000000035,
				397.0500000000029,
				266.51000000000386,
				398.0500000000029,
				265.01000000000386,
				399.0500000000029,
				263.71000000000276,
				399.75000000000364,
				262.31000000000313,
				400.6500000000033,
				260.9100000000035,
				401.75000000000364,
				259.71000000000276,
				402.75000000000364,
				258.91015625,
				403.9501953125,
				208.5,
				477.90000000000146,
				207.40000000000146,
				486.10000000000036,
				179.5,
				521.0,
				166.45222660653963,
				544.6974038582011,
				160.58037391957987,
				543.2294406864603,
				155.6871633471128,
				551.5478986596536,
				155.70000000000073,
				562.2999999999993,
				150.3046317173994,
				569.6527777777774,
				145.90074220218048,
				579.4391989227115,
				137.5822842289872,
				592.6508674683719,
				161.55901603407256,
				607.8198202430176,
				167.4308687210323,
				596.5654359263426,
				176.23864775147194,
				589.7149411248902,
				181.62117938118536,
				579.9285199799597,
				190.428958411625,
				578.4605568082188,
				193.36488475510487,
				574.0566672929999,
				191.90000000000146,
				570.1000000000022,
				210.4912109375,
				561.333984375,
				221.25618501816462,
				546.1653670299384,
				225.66007453338352,
				545.1867249154457,
				257.9552643116622,
				503.1051139922347,
				260.783203125,
				532.12109375,
				256.6732431416731,
				585.5557121382917,
				252.60000000000036,
				610.7999999999993,
				255.0,
				636.0,
				268.0,
				660.0,
				277.0,
				667.0,
				301.90000000000146,
				671.7999999999993,
				325.90000000000146,
				669.1000000000022,
				340.40000000000146,
				671.6000000000022,
				370.0,
				663.6000000000022,
				381.31672744396565,
				663.9222917565567,
				390.10000000000036,
				667.0,
				404.0,
				665.6000000000022,
				412.3000000000011,
				661.0,
				414.2000000000007,
				651.2000000000007,
				421.52734375,
				642.400390625,
				420.6776226738748,
				633.0565537705115,
				424.0756855714226,
				624.8445684347753,
				430.0222956421276,
				533.9463859254138,
				426.90000000000146,
				503.10000000000036,
				428.90000000000146,
				497.10000000000036,
				440.216796875,
				506.1953125,
				453.5,
				523.5,
				458.33984375,
				535.64453125,
				462.87023698507437,
				538.4771364554763,
				488.10000000000036,
				566.2000000000007,
				495.2000000000007,
				576.4000000000015,
				503.36381984750005,
				578.1212035935168,
				509.0,
				575.6000000000022,
				510.40000000000146,
				579.0,
				514.4000000000015,
				579.0,
				518.0887590702005,
				574.723140695969,
				520.9204781514891,
				582.9351260317053,
				530.8314949359992,
				599.0759247950482,
				536.4949330985728,
				597.9432371625335,
				552.4000000000015,
				589.7000000000007,
				544.9900903424386,
				582.3687822154461,
				539.326171875,
				548.10546875,
				529.4156353953549,
				548.3881532399864,
				526.8670882221923,
				543.5742308017943,
				527.4334320384514,
				534.2295578335434,
				523.7521972327777,
				528.5661196709661,
				511.85897709136407,
				518.0887590702005,
				492.60000000000036,
				488.60000000000036,
				474.8000000000011,
				458.60000000000036,
				456.1100000000024,
				436.95000000000255,
				435.71000000000276,
				404.850000000004,
				434.51000000000386,
				403.350000000004,
				433.6100000000024,
				402.350000000004,
				432.51000000000386,
				400.95000000000255,
				431.51000000000386,
				399.75000000000364,
				430.21000000000276,
				398.45000000000255,
				429.01000000000386,
				397.350000000004,
				427.71000000000276,
				396.25000000000364,
				426.21000000000276,
				394.95000000000255,
				424.9100000000035,
				393.850000000004,
				423.4100000000035,
				392.850000000004,
				421.9100000000035,
				391.95000000000255,
				420.31000000000313,
				391.0500000000029,
				418.81000000000313,
				390.350000000004,
				417.4100000000035,
				389.6500000000033,
				415.9100000000035,
				389.0500000000029,
				414.21000000000276,
				388.350000000004,
				412.81000000000313,
				387.75000000000364,
				411.31000000000313,
				387.350000000004,
				409.31000000000313,
				386.75000000000364,
				407.81000000000313,
				386.25000000000364,
				406.1100000000024,
				385.75000000000364,
				404.4100000000035,
				385.350000000004,
				403.01000000000386,
				384.95000000000255,
				401.4100000000035,
				384.45000000000255,
				399.9100000000035,
				383.850000000004,
				398.1100000000024,
				383.350000000004,
				396.6100000000024,
				383.0500000000029,
				394.9100000000035,
				382.6500000000033,
				393.4100000000035,
				382.350000000004,
				391.6100000000024,
				381.850000000004,
				390.1100000000024,
				381.45000000000255,
				388.31000000000313,
				381.1500000000033,
				386.51000000000386,
				380.850000000004,
				384.9100000000035,
				380.350000000004,
				383.4100000000035,
				379.95000000000255,
				381.71000000000276,
				379.5500000000029,
				380.31000000000313,
				379.0500000000029,
				378.9100000000035,
				378.6500000000033,
				377.21000000000276,
				378.350000000004,
				375.71000000000276,
				377.95000000000255,
				374.3095703125,
				378.0498046875,
				371.7713422272336,
				371.18415695853764,
				357.18957472128386,
				392.22496242014313,
				348.6753883251913,
				399.0265251158726,
				339.8676092947517,
				400.0540993360901,
				329.6407991982978,
				392.56748716021684,
				321.07768069648046,
				376.86028122259813,
				316.673828125,
				369.5205078125
			]
		}
	],
	"metadata.model": {
		"metadata.model.gender": "FEMALE",
		"metadata.model.age": "40대",
		"metadata.model.job": "service job",
		"metadata.model.type": "wear",
		"metadata.model.usually_size": "L",
		"metadata.model.body_height": "155",
		"metadata.model.waist_height": "93",
		"metadata.model.chest_size_male": "null",
		"metadata.model.breast_size_female": "97.0",
		"metadata.model.waist_size": "90",
		"metadata.model.hip_seize": "99",
		"metadata.model.back_length": "38",
		"metadata.model.shoulders_width": "39",
		"metadata.model.arm_length": "50",
		"metadata.model.weight": "55"
	},