{
	"dataset": {
		"dataset.id": 104084,
		"dataset.name": "01_sou_020817_104084_wear_02top_01blouse_woman",
		"dataset.image_path": "./008.의류 통합 데이터(3-1)/원천데이터/상품/상의/blouse/01_sou_020817_104084_wear_02top_01blouse_woman.jpg",
		"dataset.label_path": "./008.의류 통합 데이터(3-1)/라벨링데이터/상품/상의/blouse/01_sou_020817_104084_wear_02top_01blouse_woman.json",
		"dataset.category": 5,
		"dataset.type": 1,
		"dataset.width": 607,
		"dataset.height": 1080,
		"dataset.file_size": 57261
	},
	"annotation": [
		{
			"annotation_type": "Polygon",
			"annotation_id": 69,
			"annotation_point_count": 147.0,
			"annotation_point": [
				188.1999756884852,
				430.2958910425896,
				188.1999756884852,
				422.63514925016716,
				187.21149287656044,
				416.7042523786131,
				189.68269990637418,
				407.5607863683017,
				190.17694131233657,
				403.3597344176178,
				191.90678623320673,
				392.98066489240045,
				195.90190426473964,
				375.74399585944775,
				202.00126297590577,
				366.29996383816433,
				207.70403057016665,
				353.5178985406801,
				208.68726636227984,
				351.15813263960627,
				210.45709078808613,
				348.79836673853424,
				212.42356237231434,
				346.24195367903667,
				213.9967396396969,
				343.6855406195409,
				215.56991690707946,
				340.7358332431977,
				216.55315269919265,
				337.7861258668563,
				217.33974133288393,
				334.6397713320912,
				218.9129186002665,
				331.690063955748,
				221.27268450134034,
				329.1336508962522,
				223.63245040241418,
				326.9705321536021,
				226.18886346190993,
				324.8074134109502,
				228.35198220456186,
				323.0375889851457,
				230.90839526405762,
				320.87447024249377,
				233.6614554819771,
				318.90799865826557,
				236.21786854147467,
				317.53146854930674,
				238.97092875939416,
				315.9582912819242,
				241.72398897731364,
				314.5817611729635,
				244.4770491952313,
				313.4018782224266,
				247.42675657157451,
				312.2219952718897,
				249.58984375,
				310.255859375,
				249.58984375,
				310.255859375,
				269.0084455634005,
				305.5411228208177,
				279.1403943856385,
				301.6077849650301,
				283.0737322414261,
				296.9742717841291,
				285.31841196017376,
				294.05001013218134,
				287.027663489127,
				290.44616654703714,
				287.027663489127,
				286.32748816401363,
				286.6775758265703,
				280.31421772479916,
				289.76658461383886,
				278.4402190605251,
				291.3110890074713,
				275.1658697460207,
				294.40009779473985,
				271.7473666881124,
				296.6447775134875,
				269.1731926987213,
				303.15228935866435,
				266.2489310467754,
				313.799072978778,
				264.18959185526364,
				324.9606913967709,
				264.7044266531411,
				332.84796050026125,
				266.7637658446529,
				341.25006440162906,
				269.6880274966006,
				347.0985877055209,
				275.1658697460207,
				348.807839234476,
				279.4698886562801,
				350.35234362811025,
				281.85872211843343,
				350.51709076343104,
				285.81265336613615,
				351.7321008864219,
				293.0203405364264,
				353.0912647528203,
				299.11598454330124,
				355.23297751199243,
				301.1135435590677,
				361.5345554380183,
				303.9760250352683,
				371.81065800366014,
				308.547758040424,
				384.6865234375,
				314.7783203125,
				384.6865234375,
				314.7783203125,
				387.63618052703896,
				316.1549384403461,
				390.1925935865347,
				317.72811570772865,
				392.55235948760856,
				318.71135149984366,
				395.30541970552804,
				320.0878816088025,
				398.25512708187125,
				322.0543531930307,
				400.811540141367,
				324.2174719356826,
				403.36795320086276,
				326.38059067833274,
				406.12101341878224,
				328.34706226256094,
				408.6774264782798,
				330.31353384678914,
				411.03719237935366,
				331.8867111141717,
				413.79025259727314,
				334.0498298568218,
				415.3634298646557,
				336.01630144105,
				417.91984292415145,
				338.7693616589695,
				419.6896673499559,
				341.3257747184671,
				421.2628446173385,
				343.8821877779628,
				422.83602188472105,
				346.83189515430604,
				424.01590483525797,
				349.3883082138018,
				425.1957877857949,
				352.3380155901432,
				426.3756707363318,
				355.2877229664864,
				427.1622593700231,
				358.2374303428278,
				428.1454951621381,
				360.9904905607473,
				429.1287309542513,
				363.74355077866676,
				431.48849685532514,
				368.6597297392382,
				436.43272183329464,
				386.8850208855256,
				440.34546629716715,
				403.9775361750726,
				445.6997481950966,
				417.5691748390491,
				447.3472195483064,
				427.45400295830405,
				448.37688914406317,
				439.6041041882236,
				452.90743536538866,
				454.637280286257,
				455.3786423952024,
				461.22716569909426,
				455.3786423952024,
				467.6111171927805,
				453.93710496114363,
				466.99331543532753,
				451.4658979313299,
				467.1992493544785,
				447.3472195483064,
				470.70012598004723,
				438.6979949439574,
				475.64254003967653,
				431.55208794941245,
				477.1458576494788,
				422.90286334506345,
				479.6170646792925,
				413.84177090241246,
				480.8526681942003,
				409.105290761936,
				481.0586021133513,
				406.22221589382025,
				481.4704699516533,
				402.30947142994773,
				479.41113076014153,
				402.10353751079674,
				482.91200738571206,
				402.10353751079674,
				486.0010161729788,
				402.7213392682497,
				492.796835504967,
				401.07386791503995,
				496.29771213053755,
				397.98485912777323,
				507.0062759263965,
				393.04244506814575,
				509.68341687536304,
				389.9534362808772,
				511.536822147722,
				381.716079514832,
				517.5089058031081,
				376.15586369774974,
				521.2157163478296,
				370.80158179982027,
				523.0691216201885,
				362.35829111462226,
				525.3343947308495,
				352.8853308336693,
				528.217469598967,
				331.67413716109877,
				528.217469598967,
				312.31634876089083,
				528.217469598967,
				304.9027276714478,
				529.041205275571,
				296.2535030670988,
				527.187800003212,
				286.16274102869284,
				524.7165929733965,
				267.0108865476341,
				519.568244994618,
				258.5675958624379,
				518.538575398863,
				247.65309814742614,
				514.0080291775375,
				240.4454109771359,
				511.536822147722,
				238.38607178562415,
				511.12495430942,
				234.67926124090263,
				509.06561511791006,
				231.5902524536359,
				506.3884741689435,
				228.29530974721638,
				499.1807869986533,
				227.6775079897634,
				492.590901585816,
				227.2656401514614,
				487.44255360703755,
				227.2656401514614,
				481.6764038708043,
				227.2656401514614,
				478.17552724523557,
				227.8834419089144,
				474.88058453881604,
				229.94278110042615,
				470.14410439833955,
				232.2080542110889,
				464.9957564195611,
				232.61992204939088,
				459.4355406024788,
				232.2080542110889,
				455.3168622194571,
				230.35464893872813,
				462.11268155144535,
				226.44190447485562,
				471.9975096707003,
				224.17663136419287,
				473.2331131856081,
				220.88168865777516,
				474.67465061966504,
				219.2342173045654,
				476.1161880537238,
				215.11553892154188,
				475.49838629627084,
				212.64433189172814,
				475.49838629627084,
				206.46631431719288,
				474.05684886221206,
				197.1992879553909,
				470.14410439833955,
				196.16961835963593,
				472.6153114281533,
				188.1381955127399,
				467.6728973685258,
				179.28303698923992,
				463.1423511472003,
				177.08778141108814,
				460.6835001525342,
				176.59354000512576,
				458.95365523166583,
				188.455078125,
				437.4541015625
			]
		}
	],
	"metadata.model": {
		"metadata.model.gender": "FEMALE",
		"metadata.model.age": "40대",
		"metadata.model.job": "not employed",
		"metadata.model.type": "wear",
		"metadata.model.usually_size": "L",
		"metadata.model.body_height": "163",
		"metadata.model.waist_height": "91",
		"metadata.model.chest_size_male": "null",
		"metadata.model.breast_size_female": "92.0",
		"metadata.model.waist_size": "74",
		"metadata.model.hip_seize": "95",
		"metadata.model.back_length": "37",
		"metadata.model.shoulders_width": "37",