{
	"dataset": {
		"dataset.id": 218436,
		"dataset.name": "01_sou_043688_218436_front_02top_01blouse_woman",
		"dataset.image_path": "./008.의류 통합 데이터(3-1)/원천데이터/상품/상의/blouse/01_sou_043688_218436_front_02top_01blouse_woman.jpg",
		"dataset.label_path": "./008.의류 통합 데이터(3-1)/라벨링데이터/상품/상의/blouse/01_sou_043688_218436_front_02top_01blouse_woman.json",
		"dataset.category": 5,
		"dataset.type": 1,
		"dataset.width": 4032,
		"dataset.height": 2268,
		"dataset.file_size": 994333
	},
	"annotation": [
		{
			"annotation_type": "Polygon",
			"annotation_id": 103,
			"annotation_point_count": 213.0,
			"annotation_point": [
				2391.267578125,
				1629.853515625,
				2399.407565339121,
				1646.5122089041179,
				2398.0824119622775,
				1655.0310520409694,
				2381.6126485643636,
				1655.9775901672856,
				2367.9824995454,
				1652.7593605378097,
				2367.7931919201365,
				1655.220359666233,
				2364.7642699159223,
				1658.0599740451835,
				2358.1385030317033,
				1658.249281670447,
				2354.3523505264347,
				1655.220359666233,
				2350.3768903959044,
				1650.4876690346482,
				2342.6152777601055,
				1649.541130908332,
				2338.261202379048,
				1658.0599740451835,
				2332.9605888716724,
				1658.6278969209743,
				2327.470667739035,
				1655.0310520409694,
				2322.5486694821866,
				1649.541130908332,
				2316.8694407242856,
				1648.594592782014,
				2299.2638315747918,
				1649.3518232830684,
				2296.613524821103,
				1654.4631291651785,
				2291.6915265642547,
				1655.4096672914966,
				2286.2016054316173,
				1653.5165910388623,
				2279.3865309221364,
				1645.5656707777998,
				2274.8431479158153,
				1643.6725945251674,
				2269.1639191579125,
				1643.6725945251674,
				2261.9702293979044,
				1644.9977479020108,
				2216.7257069599564,
				1632.4655831095733,
				2117.850334284891,
				1633.2985366607336,
				2110.7512983375127,
				1631.102568207678,
				2098.768125658342,
				1633.5635673361012,
				2068.497836378727,
				1636.5546278152633,
				2062.5157154204026,
				1642.290648860744,
				2054.8676873597633,
				1643.918694438009,
				2046.6895979483834,
				1641.1926646342163,
				2039.0605006502701,
				1637.3875813664217,
				2021.076276250249,
				1642.5556795361117,
				2016.987231544559,
				1648.007739143697,
				2009.6231649218134,
				1648.8217619323314,
				2003.622113200965,
				1647.458747030434,
				2001.4450755104353,
				1641.4766260721117,
				1999.8170299331705,
				1638.4666348304236,
				1995.444023789587,
				1639.280657619056,
				1992.4529633104248,
				1646.928685679697,
				1978.538852853566,
				1645.8307014531692,
				1974.9988002611408,
				1643.369702324746,
				1970.9097555554508,
				1634.3775901247336,
				1956.465583747855,
				1631.7840756586265,
				1948.8364864497416,
				1636.138151039684,
				1938.7463900232033,
				1635.3241282510517,
				1937.383375121306,
				1629.3230765302014,
				1912.8491068871717,
				1631.5001142207311,
				1895.1299131625183,
				1633.6960826737868,
				1879.0387650151315,
				1631.2350835453617,
				1869.4976607018561,
				1627.4110695150412,
				1828.0771522942287,
				1628.7740844169384,
				1810.3579585695752,
				1632.3330677718895,
				1749.249457134556,
				1632.8820598851544,
				1696.0161529104917,
				1633.8285980114706,
				1667.2792553955096,
				1633.8285980114706,
				1627.2406926523054,
				1641.3630414969539,
				1591.442620714999,
				1649.3707540455944,
				1516.0792550976457,
				1666.3327172691934,
				1500.063830000363,
				1671.5197462014094,
				1492.5293865148815,
				1691.775662104592,
				1484.9949430293982,
				1683.7679495559514,
				1484.048404903082,
				1665.8594482060344,
				1497.2242156214124,
				1649.3707540455944,
				1519.8464768403865,
				1519.3542770147014,
				1528.800727515345,
				1483.1965205893957,
				1539.62912368041,
				1459.1733829434725,
				1554.7169414139025,
				1311.7406043883493,
				1544.3428835494688,
				1234.370577943204,
				1539.1558546172528,
				1112.3807442234793,
				1540.575661806728,
				1076.563741523647,
				1553.2971342244273,
				1003.0745213964019,
				1557.6701403680108,
				977.1393767353184,
				1551.7826732223202,
				965.7051961694106,
				1544.5889834623122,
				959.1551523352973,
				1532.4922262079817,
				955.8801304182398,
				1520.7172919165987,
				953.9302618780275,
				1508.2797809367949,
				958.1707526839273,
				1497.1484925713066,
				967.011418783728,
				1490.2955565367738,
				987.2862654494365,
				1482.4392900883431,
				997.1113312006055,
				1433.0489306571253,
				1022.2892453606346,
				1389.527107609074,
				1044.8547142920306,
				1336.539903297853,
				1082.224039519022,
				1272.0806568956705,
				1124.1367477523363,
				1161.8468267048029,
				1212.3162396000207,
				1055.5884566444638,
				1292.5826727116946,
				933.4850383495814,
				1372.2811829475795,
				832.8680355220931,
				1430.5122084785962,
				808.0687366125912,
				1445.8650568874564,
				782.9476147401401,
				1456.4662839022058,
				758.1293850681104,
				1471.232278672751,
				749.7241265064149,
				1482.3635670382373,
				739.7286838925083,
				1485.7711042929786,
				734.5037934352385,
				1483.2722436395015,
				731.3234253308146,
				1472.1409552740151,
				724.7355199716494,
				1462.1455126601086,
				721.3279827169081,
				1466.6888956664297,
				716.1030922596383,
				1466.6888956664297,
				709.2880177501575,
				1455.5576073009415,
				704.5174655935189,
				1453.5130849480975,
				705.1989730444675,
				1444.8806572360863,
				700.6555900381463,
				1437.6112444259725,
				681.800550561913,
				1429.2059858642788,
				675.9130834162224,
				1417.9043206360548,
				661.1470886456791,
				1419.7216738385832,
				641.8377108688128,
				1397.686266257926,
				625.9358703466896,
				1382.0115948861167,
				625.9358703466896,
				1373.606336324423,
				628.2075618498493,
				1369.7444607690504,
				633.8867906077503,
				1365.4282469130449,
				647.0626013260826,
				1358.613172403564,
				711.0864401901581,
				1298.9434089205442,
				828.797921578931,
				1195.2974840888419,
				879.683811249728,
				1139.8871421742497,
				965.0426194809879,
				1075.4468265345931,
				1093.3553278845102,
				959.5716291108765,
				1149.8636540256302,
				913.2291224464007,
				1203.5702273128518,
				882.1258796156253,
				1319.4454247365684,
				782.0767996639279,
				1368.0596229042058,
				736.8512079885058,
				1444.9374495236661,
				673.5467381004291,
				1530.296257754926,
				592.7123821129644,
				1569.2936285591823,
				561.0601471689279,
				1588.5272832859428,
				550.3074740539669,
				1659.7448119100281,
				523.7476142295145,
				1697.0573448494415,
				521.4948534888808,
				1710.4603247180876,
				509.7956422476036,
				1734.80528532696,
				509.3980962345504,
				1815.6775028394768,
				521.949191789512,
				1902.0207107221067,
				528.6317509613091,
				1943.6305267549978,
				524.7130831183567,
				2088.48872160654,
				500.36812250948606,
				2138.333419338389,
				492.17110233558196,
				2143.444725220499,
				493.8748709629526,
				2159.914488618415,
				510.155326735603,
				2218.997398463116,
				517.4436703082429,
				2257.9190462172683,
				530.203004250996,
				2284.422113754141,
				542.3186922678524,
				2289.6470042114106,
				549.171628302387,
				2336.746741376941,
				576.980918453577,
				2407.074524162288,
				628.6808309130083,
				2484.6149274701693,
				688.5399020212899,
				2605.2796078130505,
				770.1314885098091,
				2681.040519443457,
				817.6098409258648,
				2792.9591874991693,
				900.6969576539632,
				2801.440169110969,
				910.8817078931334,
				2885.095208714858,
				971.9334170405746,
				2989.1008180345616,
				1045.4037064052955,
				3052.9732107984273,
				1105.3385005636828,
				3102.1553318418537,
				1135.2869668803487,
				3180.7179963261588,
				1167.5071247001779,
				3272.3050254285845,
				1225.7381502311946,
				3293.05314115745,
				1240.6934526270015,
				3292.4284259940814,
				1243.533067005952,
				3286.578820373443,
