{
	"dataset": {
		"dataset.id": 75955,
		"dataset.name": "01_sou_015191_075955_wear_02top_01blouse_woman",
		"dataset.image_path": "./008.의류 통합 데이터(3-1)/원천데이터/상품/상의/blouse/01_sou_015191_075955_wear_02top_01blouse_woman.jpg",
		"dataset.label_path": "./008.의류 통합 데이터(3-1)/라벨링데이터/상품/상의/blouse/01_sou_015191_075955_wear_02top_01blouse_woman.json",
		"dataset.category": 5,
		"dataset.type": 1,
		"dataset.width": 607,
		"dataset.height": 1080,
		"dataset.file_size": 65855
	},
	"annotation": [
		{
			"annotation_type": "Polygon",
			"annotation_id": 82,
			"annotation_point_count": 210.0,
			"annotation_point": [
				443.24609375,
				676.16015625,
				443.2465080267957,
				657.8902793578527,
				445.22160599165363,
				636.6579762356196,
				448.60000000000036,
				608.2999999999993,
				452.62822335987585,
				584.3178801668546,
				457.07219378080845,
				601.5999873593682,
				460.87425736316254,
				616.1663348502043,
				461.60000000000036,
				623.1000000000022,
				460.18297307546163,
				629.4982461130057,
				457.417835924658,
				638.7812065478429,
				464.2813013525447,
				641.4969662495241,
				475.2430950575126,
				644.9533876880269,
				480.08208507141717,
				644.9533876880269,
				479.7364429275658,
				640.8550594109438,
				490.3525944886842,
				641.1513241056709,
				500.27746176209985,
				641.1513241056709,
				505.1164517760044,
				641.4969662495241,
				507.6000000000022,
				643.7999999999993,
				514.1000000000022,
				641.7999999999993,
				514.6956769055723,
				633.6459518392076,
				513.65875047402,
				624.3629914043704,
				509.90606434078654,
				618.536452408036,
				505.4127164707352,
				599.3286246997814,
				502.3513146252026,
				578.4419637213978,
				500.6231039059512,
				567.4307925673093,
				492.08080520793555,
				536.9155290102353,
				486.6146149105098,
				512.7606600182371,
				485.9002420933575,
				508.9506716600954,
				484.7096207314389,
				504.90255902957506,
				484.23337218667257,
				500.6163221266688,
				483.7571236419044,
				495.61571240661215,
				483.28087509713805,
				492.7582211380068,
				483.04275082475397,
				491.3294755037059,
				482.8046265523699,
				487.9957356903342,
				482.32837800760353,
				484.1857473321961,
				482.09025373521945,
				480.3757589740562,
				481.85212946283536,
				476.56577061591815,
				481.13775664568493,
				472.517657985396,
				480.66150810091676,
				468.7076696272579,
				480.4233838285345,
				465.1358055415021,
				480.1852595561504,
				460.6114443662136,
				480.1852595561504,
				457.515828825226,
				478.9946381942318,
				453.9439647394702,
				478.51838964946364,
				450.1339763813321,
				476.6133954703946,
				446.5621122955763,
				474.94652556370966,
				443.70462102697275,
				473.0415313846406,
				440.370881213601,
				471.37466147795385,
				437.0371414002311,
				470.18404011603707,
				433.22715304209123,
				468.5171702093503,
				429.41716468395316,
				466.61217603028126,
				426.3215491429655,
				464.7071818512122,
				422.7496850572097,
				462.8021876721432,
				419.17782097145573,
				460.89719349307416,
				415.36783261331766,
				458.9921993140033,
				412.5103413447123,
				456.6109565901679,
				409.41472580372465,
				453.75346532156436,
				406.7953588075052,
				451.1340983253431,
				404.414116083668,
				448.5147313291236,
				401.5566248150644,
				445.41911578813597,
				398.93725781884496,
				442.32350024714833,
				396.79413936739184,
				438.9897604337766,
				395.36539373308915,
				435.4178963480208,
				394.41289664355463,
				432.0841565346509,
				392.0316539197174,
				429.22666526604553,
				389.8885354682643,
				426.130859375,
				388.4599609375,
				419.15031285551413,
				392.78275502464567,
				406.0159113892023,
				398.4611616736165,
				394.60972064214,
				402.7569997471837,
				386.26493174061216,
				404.4358330173145,
				381.5246966249488,
				407.74412210845367,
				374.6118537479433,
				413.02750916445075,
				369.13095689545844,
				419.4465775502431,
				367.2052363797211,
				424.18681266590465,
				361.03305523953713,
				430.605881051697,
				348.88620275565336,
				438.50627291113415,
				350.0712615345692,
				430.408371255211,
				351.5032075590916,
				417.52085703450575,
				351.99698205030654,
				413.71879345215166,
				356.0459328782672,
				411.59556313992834,
				357.4778789027914,
				406.5590633295378,
				354.12021236252986,
				402.7569997471837,
				351.5032075590916,
				401.3250537226613,
				351.7500948047,
				395.3997598280839,
				355.408203125,
				388.4599609375,
				352.31252528612276,
				388.6979141063475,
				348.97878547275104,
				390.3647840130325,
				345.16879711461297,
				391.317281102567,
				341.83505730124125,
				392.2697781921015,
				338.0250689431032,
				392.98415100925195,
				334.2150805849651,
				394.17477237117055,
				330.6432164992093,
				395.12726946070507,
				327.3094766858376,
				396.55601509500775,
				323.7376126000836,
				398.4610092740768,
				320.64199705909596,
				399.4135063636113,
				317.07013297334015,
				401.31850054268034,
				313.9745174323525,
				403.46161899413346,
				311.59327470851713,
				406.5572345351211,
				309.2120319846799,
				408.9384772589583,
				307.0689135332268,
				412.03409279994594,
				304.6876708093896,
				415.1297083409336,
				302.5445523579383,
				418.4634481543053,
				300.63955817886745,
				421.55906369529293,
				298.7345639997984,
				424.6546792362806,
				297.06769409311346,
				428.22654332203456,
				295.1626999140444,
				431.5602831354063,
				293.49583000735765,
				434.6558986763939,
				291.35271155590453,
				438.2277627621479,
				289.92396592160367,
				441.32337830313554,
				288.2570960149169,
				444.65711811650726,
				286.59022610823195,
				447.990857929879,
				285.16148047392926,
				451.56272201563297,
				283.9708591120125,
				455.1345861013888,
				283.01836202247796,
				458.94457445952685,
				281.3514921157912,
				462.51643854528265,
				280.1608707538726,
				465.8501783586544,
				278.49400084718764,
				469.66016671679245,
				278.25587657480355,
				469.66016671679245,
				277.5415037576531,
				472.7557822577801,
				276.5890066681186,
				476.56577061591815,
				275.1602610338159,
				480.13763470167396,
				274.4458882166655,
				484.4238716045802,
				271.0673429402068,
				489.80944254834685,
				264.69765200353686,
				499.1417804323064,
				259.216755151052,
				508.37536341802115,
				253.242083807354,
				517.7570787511031,
				249.14375553027094,
				526.200622550874,
				245.14418215143087,
				534.4960340032849,
				241.3421185690786,
				541.4088768802903,
				237.88569713057404,
				548.5192295537818,
				236.898148148146,
				551.8275186449209,
				235.56495702186476,
				554.1482587536302,
				228.6027366957369,
				563.7768613323205,
				231.41725129566112,
				568.3689641006167,
				237.24379029199554,
				573.9979933004652,
				245.98359878649717,
				578.6394735178837,
				254.92091707748477,
				583.0834439388163,
				256.2541082037642,
				580.7627038301071,
				258.72298065983705,
				577.3062823916043,
				261.68562760712666,
				574.1955030969511,
				266.6727499683948,
				568.5664738971027,
				271.3000000000011,
				562.2999999999993,
				276.4001074453263,
				555.9752243711264,
				281.40000000000146,
				549.0,
				287.6581658450232,
				539.7794210592801,
				287.6581658450232,
				550.6918373151275,
				286.6706168625933,
				567.2332827708233,
				285.1892933889485,
				588.5643407913012,
				282.8685532802392,
				607.5746587030699,
				281.04158766274486,
				622.634780685119,
				281.68349450132337,
				631.7202313234702,
				282.8685532802392,
				633.3496871444804,
				281.68349450132337,
				636.3617115408888,
				281.5353621539598,
				640.6575496144578,
				282.02913664517473,
				649.1010934142287,
				281.4366072557168,
				652.4587599544902,
				282.9673081784822,
				657.3965048666396,
				285.9793325748924,
				660.3097743648068,
				288.74446972569604,
				659.3222253823769,
