{
	"dataset": {
		"dataset.id": 220545,
		"dataset.name": "01_sou_044109_220545_wear_02top_01blouse_woman",
		"dataset.image_path": "./008.의류 통합 데이터(3-1)/원천데이터/상품/상의/blouse/01_sou_044109_220545_wear_02top_01blouse_woman.jpg",
		"dataset.label_path": "./008.의류 통합 데이터(3-1)/라벨링데이터/상품/상의/blouse/01_sou_044109_220545_wear_02top_01blouse_woman.json",
		"dataset.category": 5,
		"dataset.type": 1,
		"dataset.width": 2268,
		"dataset.height": 4032,
		"dataset.file_size": 736988
	},
	"annotation": [
		{
			"annotation_type": "Polygon",
			"annotation_id": 12,
			"annotation_point_count": 78.0,
			"annotation_point": [
				936.0,
				1242.0,
				823.0,
				1299.0,
				794.0,
				1329.0,
				766.0,
				1385.0,
				677.0,
				1703.0,
				658.0,
				1855.0,
				587.0,
				2054.0,
				531.17578125,
				2253.5859375,
				576.7795367927283,
				2272.1116323007263,
				619.5333724225566,
				2284.937782989673,
				672.2631030326738,
				2310.59008436757,
				686.5143815759475,
				2249.309586631487,
				699.3405322648941,
				2200.855239584351,
				716.4420665168254,
				2179.4783217694385,
				697.9154044105671,
				2323.4162350565166,
				681.0,
				2437.0,
				700.0,
				2445.0,
				738.0,
				2450.0,
				823.0,
				2441.0,
				884.0,
				2450.0,
				950.0,
				2476.0,
				1105.7000000000007,
				2480.0,
				1177.7000000000007,
				2439.100000000002,
				1214.0,
				2367.0,
				1235.800000000003,
				2330.5,
				1244.800000000003,
				2157.100000000002,
				1270.81640625,
				2129.599609375,
				1300.7444867911,
				2178.0531939151115,
				1342.0731945665975,
				2317.7157236392086,
				1363.4501123815098,
				2410.349034170493,
				1391.9526694680608,
				2494.4315775758187,
				1390.5275416137338,
				2307.739828658916,
				1377.7013909247871,
				2216.531645981955,
				1384.8270301964221,
				2111.0721847617206,
				1391.9526694680608,
				2072.593732694877,
				1393.3777973223878,
				2021.2891299390867,
				1445.0,
				2198.0,
				1436.0,
				2341.0,
				1463.208984375,
				2357.619140625,
				1468.909573601748,
				2337.6675135997903,
				1525.9146877748462,
				2336.2423857454633,
				1602.9000000000015,
				2356.2000000000007,
				1582.0,
				2254.0,
				1573.0,
				2232.0,
				1577.0,
				2137.0,
				1554.0,
				1937.0,
				1514.800000000003,
				1787.7000000000007,
				1507.0,
				1737.0,
				1507.0,
				1646.0,
				1492.0,
				1537.0,
				1455.0,
				1385.0,
				1403.0,
				1281.0,
				1379.0,
				1255.0,
				1332.0,
				1225.0,
				1242.0,
				1203.0,
				1213.8116876771237,
				1166.2124173425836,
				1198.1352812795194,
				1177.6134401772033,
				1176.758363464607,
				1191.8647187204806,
				1114.0527378741972,
				1224.6426593700126,
				1062.748135118407,
				1253.1452164565635,
				1047.0717287208063,
				1274.5221342714758,
				1044.2214730121523,
				1298.7493077950421,
				1054.197367992445,
				1327.251864881593,
				998.61738167367,
				1374.2810840743987,
				955.8635460438454,
				1439.8369653734662,
				955.8635460438454,
				1425.585686830189,
				955.8635460438454,
				1402.7836411609496,
				951.5881624808644,
				1379.9815954917103,
				943.0373953548988,
				1354.329294113817,
				935.9117560832601,
				1334.3775041532317,
				930.2112446659521,
				1311.5754584839888,
				923.0856053943135,
				1291.6236685234035,
				940.1871396462448,
				1277.3723899801298,
				951.5881624808644,
				1258.8457278738715,
				961.5640574611571,
				1237.4688100589592,
				970.1148245871191,
				1218.942147952701,
				977.240234375,
				1197.564453125,
				977.240234375,
				1197.564453125
			]
		}
	],
	"metadata.model": {
		"metadata.model.gender": "FEMALE",
		"metadata.model.age": "30대",
		"metadata.model.job": "university student/graduate student",
		"metadata.model.type": "wear",
		"metadata.model.usually_size": "S",
		"metadata.model.body_height": "159",
		"metadata.model.waist_height": "100",
		"metadata.model.chest_size_male": "null",
		"metadata.model.breast_size_female": "82.0",
		"metadata.model.waist_size": "67",
		"metadata.model.hip_seize": "90",
		"metadata.model.back_length": "38",
		"metadata.model.shoulders_width": "39",
		"metadata.model.arm_length": "53",
		"metadata.model.weight": "50"
	},
	"metadata.clothes": {
		"metadata.clothes.type": "02top_01blouse",
		"metadata.clothes.season": "spring&fall",
		"metadata.clothes.fiber_composition": "Viscos rayon,Polyester,Polyurethane",
		"metadata.clothes.elasticity": "contain",
		"metadata.clothes.transparency": "contain little",
		"metadata.clothes.isfleece": "fleece_none",
		"metadata.clothes.color": "Pink",
		"metadata.clothes.washing_method": "none",
		"metadata.clothes.bleach": "Do not chlorine bleach",
		"metadata.clothes.ironing": "Ironing 80~120℃ : Place a cloth between the iron and textile",
		"metadata.clothes.drycleaning": "DRYCLEAN",
		"metadata.clothes.wringing": "none",
		"metadata.clothes.drying": "Line dry in shade",
		"metadata.clothes.top_length_type": "long",
		"metadata.clothes.sleeve_length_type": "long sleeves",
		"metadata.clothes.topneck_color_design": "Chinese collar",
		"metadata.clothes.topsleeve_design": "shirt sleeve",
		"metadata.clothes.pants_silhouette": "null",
		"metadata.clothes.skirt_design": "null",
		"metadata.top.front_length": "71.0",
		"metadata.top.chest_size": "100.0",
		"metadata.top.waist_size": "96.0",
		"metadata.top.hem_size": "86.0",
		"metadata.top.shoulder_width": "49.0",
		"metadata.top.sleeve_length": "46.0",
		"metadata.top.sleeve_cuff_size": "22.0",
		"metadata.pants.pants_length": "null",
		"metadata.pants.waist_size": "null",
		"metadata.pants.hip_size": "null",
		"metadata.pants.front_rise_length": "null",
		"metadata.pants.back_rise_length": "null",
		"metadata.pants.inner_seam_length": "null",
		"metadata.pants.pants_waist_size": "null",
		"metadata.skirt.length": "null",
		"metadata.skirt.waist_size": "null",
		"metadata.skirt.hip_size": "null",
		"metadata.skirt.hem_size": "null",
		"metadata.dress.front_length": "null",
		"metadata.dress.chest_size": "null",
		"metadata.dress.waist_size": "null",
		"metadata.dress.hip_size": "null",
		"metadata.dress.hem_size": "null",
		"metadata.dress.shoulder_width": "null",
		"metadata.dress.sleeve_length": "null",
		"metadata.dress.cuff_size": "null",
		"metadata.jumpsuit.front_length": "null",
		"metadata.jumpsuit.inner_seam_length": "null",
		"metadata.jumpsuit.chest_size": "null",
		"metadata.jumpsuit.waist_size": "null",
		"metadata.jumpsuit.hip_size": "null",
		"metadata.jumpsuit.shoulder_width": "null",
		"metadata.jumpsuit.sleeve_length": "null",
		"metadata.jumpsuit.cuffs_size": "null",
		"metadata.jumpsuit.front_rise_length": "null",
		"metadata.jumpsuit.back_rise_length": "null",
		"metadata.jumpsuit.pants_waist_size": "null"
	}
}