{
	"dataset": {
		"dataset.id": 332407,
		"dataset.name": "01_sou_066482_332407_back_02top_01blouse_woman",
		"dataset.image_path": "./008.의류 통합 데이터(3-1)/원천데이터/상품/상의/blouse/01_sou_066482_332407_back_02top_01blouse_woman.jpg",
		"dataset.label_path": "./008.의류 통합 데이터(3-1)/라벨링데이터/상품/상의/blouse/01_sou_066482_332407_back_02top_01blouse_woman.json",
		"dataset.category": 5,
		"dataset.type": 1,
		"dataset.width": 2992,
		"dataset.height": 2992,
		"dataset.file_size": 525243
	},
	"annotation": [
		{
			"annotation_type": "Polygon",
			"annotation_id": 166,
			"annotation_point_count": 103.0,
			"annotation_point": [
				685.3000000000011,
				994.1000000000004,
				637.433216270616,
				976.056801853656,
				569.0,
				977.2000000000007,
				544.8000000000011,
				987.5,
				512.6000000000004,
				991.3000000000011,
				410.89522092300103,
				1018.3213532244808,
				369.47596057959345,
				1033.536591717977,
				189.40000000000146,
				1073.5,
				221.37940722247004,
				1149.7320182357726,
				236.98402746239117,
				1240.3268667760094,
				247.9904210485438,
				1261.4591424614227,
				244.81079623476762,
				1283.9611026819985,
				299.74492955587266,
				1457.959955952856,
				294.0705221958997,
				1479.434652772059,
				307.2781944992821,
				1528.3519575994014,
				334.67188520259515,
				1560.6373787854482,
				340.052734375,
				1585.5849609375,
				376.90000000000146,
				1644.0,
				383.10000000000036,
				1656.5,
				411.47205378152285,
				1647.2210083298432,
				427.1255913262721,
				1641.8401047988355,
				433.9740140021004,
				1635.9700282195554,
				450.605897643396,
				1631.567470785094,
				568.9853515625,
				1577.7587890625,
				723.1000000000004,
				1476.1000000000004,
				740.9000000000015,
				1474.9000000000015,
				766.0,
				1566.1000000000004,
				766.4000000000015,
				1826.9000000000015,
				738.1000000000004,
				2039.1000000000004,
				728.0,
				2219.0,
				721.3000000000011,
				2270.7000000000007,
				709.1000000000004,
				2340.6000000000004,
				834.0,
				2398.0,
				994.0,
				2497.0,
				1243.0,
				2571.0,
				1634.0,
				2578.0,
				1825.4000000000015,
				2535.2000000000007,
				2000.4000000000015,
				2507.4000000000015,
				2096.2000000000007,
				2442.300000000001,
				2298.2000000000007,
				2384.300000000001,
				2273.3249416297203,
				2261.659925451373,
				2279.2419788216357,
				2203.165786354153,
				2270.6200103419887,
				2136.7259115992183,
				2274.8464654790696,
				1658.9674229034263,
				2281.608793698402,
				1627.6916548890167,
				2272.310546875,
				1561.7587890625,
				2309.2000000000007,
				1482.1000000000004,
				2334.9000000000015,
				1465.5,
				2607.800000000001,
				1626.4000000000015,
				2675.5,
				1714.800000000001,
				2700.8731432969744,
				1717.2925037951627,
				2719.5,
				1709.7000000000007,
				2705.9448894614725,
				1691.088481945253,
				2744.82827672263,
				1623.465199751934,
				2775.258753709624,
				1606.5593792036052,
				2784.556640625,
				1602.3330078125,
				2914.800000000001,
				1299.1000000000004,
				2909.717506858704,
				1265.4979742974938,
				2834.249923930962,
				1205.8542394029864,
				2688.1836343933956,
				1107.2594939651299,
				2567.678945524902,
				1053.7018544680213,
				2501.94921875,
				1017.185546875,
				2448.384713407673,
				1023.3085702862372,
				2367.405832981174,
				967.2657751685256,
				2299.44443437689,
				934.8065997157319,
				2253.7987188964,
				903.3617734958389,
				2224.3825911423064,
				864.8165026456481,
				2186.8516695250146,
				817.1420886993583,
				2133.0911601813277,
				776.568119383368,
				2097.5889370298355,
				746.1376423963757,
				2040.7853799874483,
				722.8076100396811,
				1979.924426013462,
				703.5349746145839,
				1927.178265902674,
				686.2910376552882,
				1872.4034073260864,
				664.9897037643932,
				1825.0671097907634,
				697.9560538336355,
				1733.7756788297847,
				730.9224039028777,
				1695.7375825960426,
				740.2206052044603,
				1699.9640377331252,
				712.3260012997162,
				1650.0918671155541,
				676.8237781482239,
				1630.650390625,
				690.3486328125,
				1602.6000000000004,
				745.6000000000004,
				1573.1000000000004,
				781.6000000000004,
				1548.6569438255774,
				768.9605001366199,
				1527.524668140164,
				768.9605001366199,
				1470.8901693032603,
				692.0390166417201,
				1431.1611328125,
				659.072265625,
				1376.2175742326162,
				708.0995461626335,
				1377.908156287449,
				723.3147846561296,
				1331.4171497795433,
				706.4089641078008,
				1298.4507997102992,
				686.967270477222,
				1269.7109047781396,
				658.2273755450624,
				1229.9822264895647,
				672.5973230111413,
				1179.2647648445763,
				682.7408153401393,
				1122.6302660076726,
				702.1825089707181,
				1065.1504761433534,
				733.4582769851277,
				1024.5765068273613,
				767.2699180817872,
				989.412400086836,
				815.4515066445256,
				947.147848716013,
				850.1084387686024,
				912.5,
				877.2000000000007,
				887.1000000000004,
				889.8000000000011,
				851.6000000000004,
				903.4000000000015,
				805.9842471374614,
				920.2675940441695,
				752.73046875,
				964.22265625
			]
		}
	],
	"metadata.model": {
		"metadata.model.gender": "FEMALE",
		"metadata.model.age": "20대",
		"metadata.model.job": "university student/graduate student",
		"metadata.model.type": "back",
		"metadata.model.usually_size": "M",
		"metadata.model.body_height": "160",
		"metadata.model.waist_height": "97",
		"metadata.model.chest_size_male": "null",
		"metadata.model.breast_size_female": "85.0",
		"metadata.model.waist_size": "80",
		"metadata.model.hip_seize": "90",
		"metadata.model.back_length": "38",
		"metadata.model.shoulders_width": "40",
		"metadata.model.arm_length": "53",
		"metadata.model.weight": "57"
	},
	"metadata.clothes": {
		"metadata.clothes.type": "02top_01blouse",
		"metadata.clothes.season": "summer",
		"metadata.clothes.fiber_composition": "Hemp",
		"metadata.clothes.elasticity": "none at all",
		"metadata.clothes.transparency": "none at all",
		"metadata.clothes.isfleece": "fleece_none",
		"metadata.clothes.color": "Purple",
		"metadata.clothes.washing_method": "none",
		"metadata.clothes.bleach": "none",
		"metadata.clothes.ironing": "none",
		"metadata.clothes.drycleaning": "none",
		"metadata.clothes.wringing": "none",
		"metadata.clothes.drying": "none",
		"metadata.clothes.top_length_type": "long",
		"metadata.clothes.sleeve_length_type": "long sleeves",
		"metadata.clothes.topneck_color_design": "round neck",
		"metadata.clothes.topsleeve_design": "puff sleeve",
		"metadata.clothes.pants_silhouette": "null",
		"metadata.clothes.skirt_design": "null",
		"metadata.top.front_length": "67.0",
		"metadata.top.chest_size": "114.0",
		"metadata.top.waist_size": "110.0",
		"metadata.top.hem_size": "112.0",
		"metadata.top.shoulder_width": "57.0",
		"metadata.top.sleeve_length": "23.0",
		"metadata.top.sleeve_cuff_size": "50.0",
		"metadata.pants.pants_length": "null",
		"metadata.pants.waist_size": "null",
		"metadata.pants.hip_size": "null",
		"metadata.pants.front_rise_length": "null",
		"metadata.pants.back_rise_length": "null",
		"metadata.pants.inner_seam_length": "null",
		"metadata.pants.pants_waist_size": "null",
		"metadata.skirt.length": "null",
		"metadata.skirt.waist_size": "null",
		"metadata.skirt.hip_size": "null",
		"metadata.skirt.hem_size": "null",
		"metadata.dress.front_length": "null",
		"metadata.dress.chest_size": "null",
		"metadata.dress.waist_size": "null",
		"metadata.dress.hip_size": "null",
		"metadata.dress.hem_size": "null",
		"metadata.dress.shoulder_width": "null",
		"metadata.dress.sleeve_length": "null",
		"metadata.dress.cuff_size": "null",
		"metadata.jumpsuit.front_length": "null",
		"metadata.jumpsuit.inner_seam_length": "null",
		"metadata.jumpsuit.chest_size": "null",
		"metadata.jumpsuit.waist_size": "null",
		"metadata.jumpsuit.hip_size": "null",
		"metadata.jumpsuit.shoulder_width": "null",