{
	"dataset": {
		"dataset.id": 408793,
		"dataset.name": "01_sou_081759_408793_wear_02top_01blouse_woman",
		"dataset.image_path": "./008.의류 통합 데이터(3-1)/원천데이터/상품/상의/blouse/01_sou_081759_408793_wear_02top_01blouse_woman.jpg",
		"dataset.label_path": "./008.의류 통합 데이터(3-1)/라벨링데이터/상품/상의/blouse/01_sou_081759_408793_wear_02top_01blouse_woman.json",
		"dataset.category": 5,
		"dataset.type": 1,
		"dataset.width": 1784,
		"dataset.height": 3968,
		"dataset.file_size": 487647
	},
	"annotation": [
		{
			"annotation_type": "Polygon",
			"annotation_id": 68,
			"annotation_point_count": 70.0,
			"annotation_point": [
				724.5050898852096,
				1411.0439679445553,
				709.5843862055699,
				1422.2344957042842,
				703.9891223257073,
				1424.0995836642396,
				679.7429788462941,
				1424.0995836642396,
				612.5998122879246,
				1448.3457271436491,
				584.6234928886006,
				1457.6711669434226,
				560.376953125,
				1468.861328125,
				520.0,
				1525.0,
				463.0,
				1638.0,
				378.326171875,
				1841.2431640625,
				359.5952401724371,
				1911.1733868314914,
				417.037972362632,
				1934.8997327361358,
				453.2518687434058,
				1944.88977311704,
				474.48070455282686,
				1937.3972428313646,
				493.21203026701914,
				1859.9744298793594,
				530.0,
				1830.0,
				548.1572265625,
				1823.7607421875,
				550.6547624572122,
				1841.2431041651653,
				540.6647220763116,
				1929.9047125456855,
				529.4259266477966,
				1948.6360382598796,
				549.4060074096014,
				2021.0638310214272,
				545.6597422667619,
				2041.0439117832357,
				561.8935578857308,
				2112.222949497169,
				560.6448028381201,
				2125.9592550209127,
				590.6149239808292,
				2223.362148734719,
				601.8537194093442,
				2056.02897235459,
				613.0925148378592,
				2078.506563211624,
				630.0,
				2121.0,
				687.0,
				2174.0,
				717.0,
				2191.0,
				763.0,
				2206.0,
				810.0,
				2206.0,
				840.0,
				2194.0,
				847.0,
				2197.0,
				840.0,
				2191.0,
				844.0,
				2186.0,
				897.0,
				2169.0,
				947.0,
				2146.0,
				980.0,
				2110.0,
				980.0,
				2042.0,
				1010.0,
				2025.0,
				1048.908203125,
				2034.7998046875,
				1062.6443319785103,
				2137.1980504494277,
				1072.6343723594146,
				2056.02897235459,
				1072.6343723594146,
				1962.3723437836197,
				1063.8930870261247,
				1892.4420611172973,
				1077.6293925498685,
				1818.7655133081353,
				1110.0970237878028,
				1823.7605334985856,
				1146.3109201685766,
				1881.2032656887823,
				1176.2810413112893,
				1932.4022226409106,
				1232.475018453868,
				1916.1684070219417,
				1274.93269007271,
				1888.6957959744577,
				1243.7138138823866,
				1812.5217380700706,
				1244.9625689299974,
				1785.0491270225866,
				1195.0123670254834,
				1678.9049479754867,
				1138.818389882901,
				1579.0045441664552,
				1127.5795944543825,
				1564.019483595097,
				1110.5782975958427,
				1528.544509421703,
				1086.3321541164332,
				1491.2427502226092,
				1078.8718022766116,
				1480.0522224628803,
				1056.4907467571538,
				1457.6711669434226,
				1032.2446032777443,
				1442.7504632637865,
				1004.268283878424,
				1437.1551993839203,
				976.2919644791,
				1431.5599355040576,
				948.3156450797796,
				1427.8297595841468,
				922.2044136404147,
				1414.7741438644625,
				897.958984375,
				1403.583984375,
				889.0673803603131,
				1360.4724108341907,
				809.1470573130864,
				1407.9251026434831,
				745.4609375,
				1371.7109375
			]
		}
	],
	"metadata.model": {
		"metadata.model.gender": "FEMALE",
		"metadata.model.age": "30대",
		"metadata.model.job": "homemaker",
		"metadata.model.type": "wear",
		"metadata.model.usually_size": "M",
		"metadata.model.body_height": "163",
		"metadata.model.waist_height": "97",
		"metadata.model.chest_size_male": "null",
		"metadata.model.breast_size_female": "92.0",
		"metadata.model.waist_size": "74",
		"metadata.model.hip_seize": "92",
		"metadata.model.back_length": "41",
		"metadata.model.shoulders_width": "42",
		"metadata.model.arm_length": "54",
		"metadata.model.weight": "57"
	},
	"metadata.clothes": {
		"metadata.clothes.type": "02top_01blouse",
		"metadata.clothes.season": "summer",
		"metadata.clothes.fiber_composition": "Cotton",
		"metadata.clothes.elasticity": "none",
		"metadata.clothes.transparency": "none at all",
		"metadata.clothes.isfleece": "fleece_none",
		"metadata.clothes.color": "White,Green,Red",
		"metadata.clothes.washing_method": "none",
		"metadata.clothes.bleach": "none",
		"metadata.clothes.ironing": "none",
		"metadata.clothes.drycleaning": "none",
		"metadata.clothes.wringing": "none",
		"metadata.clothes.drying": "none",
		"metadata.clothes.top_length_type": "long",
		"metadata.clothes.sleeve_length_type": "long sleeves",
		"metadata.clothes.topneck_color_design": "shirts collar",
		"metadata.clothes.topsleeve_design": "shirt sleeve",
		"metadata.clothes.pants_silhouette": "null",
		"metadata.clothes.skirt_design": "null",
		"metadata.top.front_length": "72.0",
		"metadata.top.chest_size": "126.0",
		"metadata.top.waist_size": "116.0",
		"metadata.top.hem_size": "116.0",
		"metadata.top.shoulder_width": "32.0",
		"metadata.top.sleeve_length": "41.0",
		"metadata.top.sleeve_cuff_size": "22.0",
		"metadata.pants.pants_length": "null",
		"metadata.pants.waist_size": "null",
		"metadata.pants.hip_size": "null",
		"metadata.pants.front_rise_length": "null",
		"metadata.pants.back_rise_length": "null",
		"metadata.pants.inner_seam_length": "null",
		"metadata.pants.pants_waist_size": "null",
		"metadata.skirt.length": "null",
		"metadata.skirt.waist_size": "null",
		"metadata.skirt.hip_size": "null",
		"metadata.skirt.hem_size": "null",
		"metadata.dress.front_length": "null",
		"metadata.dress.chest_size": "null",
		"metadata.dress.waist_size": "null",
		"metadata.dress.hip_size": "null",
		"metadata.dress.hem_size": "null",
		"metadata.dress.shoulder_width": "null",
		"metadata.dress.sleeve_length": "null",
		"metadata.dress.cuff_size": "null",
		"metadata.jumpsuit.front_length": "null",
		"metadata.jumpsuit.inner_seam_length": "null",
		"metadata.jumpsuit.chest_size": "null",
		"metadata.jumpsuit.waist_size": "null",
		"metadata.jumpsuit.hip_size": "null",
		"metadata.jumpsuit.shoulder_width": "null",
		"metadata.jumpsuit.sleeve_length": "null",
		"metadata.jumpsuit.cuffs_size": "null",
		"metadata.jumpsuit.front_rise_length": "null",
		"metadata.jumpsuit.back_rise_length": "null",
		"metadata.jumpsuit.pants_waist_size": "null"
	}
}