{
	"dataset": {
		"dataset.id": 133711,
		"dataset.name": "01_sou_026743_133711_front_02top_01blouse_woman",
		"dataset.image_path": "./008.의류 통합 데이터(3-1)/원천데이터/상품/상의/blouse/01_sou_026743_133711_front_02top_01blouse_woman.jpg",
		"dataset.label_path": "./008.의류 통합 데이터(3-1)/라벨링데이터/상품/상의/blouse/01_sou_026743_133711_front_02top_01blouse_woman.json",
		"dataset.category": 5,
		"dataset.type": 1,
		"dataset.width": 1920,
		"dataset.height": 1080,
		"dataset.file_size": 256627
	},
	"annotation": [
		{
			"annotation_type": "Polygon",
			"annotation_id": 100,
			"annotation_point_count": 244.0,
			"annotation_point": [
				715.6132830361239,
				416.97359396433603,
				696.5315405426009,
				425.11533588629754,
				665.77054120307,
				450.91488371945525,
				568.029946527462,
				537.2441399303971,
				509.48481875222205,
				601.2468643626489,
				488.39864985012537,
				625.5579767438903,
				446.22631204592835,
				682.3665964918982,
				429.1093043489309,
				719.3294102143991,
				426.8766511710601,
				728.2600229258751,
				396.11565183152925,
				761.5017480185961,
				383.4639504902698,
				781.3475540440995,
				390.65805517451736,
				783.5802072219667,
				416.20953043235204,
				809.131682479805,
				456.645360209317,
				843.6137704491193,
				459.1260859625072,
				841.8772624218873,
				503.5310769445714,
				799.4568520423709,
				524.121100696033,
				789.7820216049367,
				545.9514873240878,
				771.9207961819848,
				567.78125,
				751.08203125,
				608.7138488797427,
				709.1584346263262,
				654.8553478890426,
				656.0709035081018,
				691.3220164609047,
				611.6659125260376,
				709.6793870344954,
				597.2777031575461,
				738.9519509221172,
				576.6876794060881,
				755.5728134684759,
				562.2994700375966,
				758.7977569476207,
				554.8572927780333,
				774.9224743433406,
				547.1670429431506,
				789.3106837118321,
				543.9420994640059,
				795.2644255194828,
				539.7248656835836,
				798.4893689986275,
				532.7788335746591,
				809.4045623126549,
				545.4305349159185,
				815.8544492709443,
				549.3996961210178,
				828.5061506122038,
				586.1144372682029,
				831.2349489407097,
				589.339380747344,
				830.2426586394358,
				604.4718078417936,
				836.4444730224059,
				634.2405168800506,
				837.4367633236798,
				642.9230570162072,
				833.9637472692157,
				650.8613794264093,
				832.475311817303,
				660.5362098638434,
				827.5138603109299,
				661.5285001651173,
				823.2966265305076,
				671.4514031778708,
				819.8236104760472,
				681.6223787659401,
				820.5678282020017,
				695.7625155591122,
				823.544699105827,
				708.1661443250523,
				809.1564897373355,
				738.4309985139444,
				794.5202077935282,
				772.1688687573042,
				789.5587562871515,
				814.0931339861818,
				819.82421875,
				824.015625,
				861.251730554286,
				833.4427948610464,
				904.1682860844376,
				838.6523189427426,
				920.7891486307999,
				838.6523189427426,
				950.8059302443726,
				832.2024319844531,
				1011.087566046841,
				821.0391660951063,
				1028.2045737438384,
				818.062295191281,
				1102.6263463394826,
				822.527601547019,
				1136.612289158158,
				823.7679644236159,
				1148.0236276228206,
				821.2872386704257,
				1175.80859375,
				823.767578125,
				1195.4054895087138,
				822.2795289717033,
				1214.010932657624,
				816.8219323146877,
				1229.14335975207,
				813.1008436849042,
				1234.8490289844012,
				808.8836099044856,
				1214.2590052329433,
				734.9579824594839,
				1205.3283925214637,
				655.0786132068279,
				1199.6227232891324,
				645.4037827693937,
				1192.4286186048885,
				629.5271379489932,
				1188.2113848244662,
				625.0618315932516,
				1188.707529975105,
				617.1235091830531,
				1188.9556025504244,
				608.4409690468929,
				1189.6998202763825,
				600.7507192120102,
				1186.971021947873,
				595.2931225549983,
				1200.1188684397712,
				573.214663351624,
				1216.4916584108105,
				536.9960673550777,
				1223.685763095058,
				525.0885837397764,
				1241.0508433673713,
				534.7634141772105,
				1263.3773751460649,
				544.6863171899604,
				1275.2848587613662,
				549.6477686963372,
				1283.470703125,
				551.880859375,
				1331.8255601280325,
				598.5150891632402,
				1368.548239597625,
				631.4869112940105,
				1466.7849794238682,
				718.3281893004132,
				1491.8264174668511,
				738.9043209876545,
				1527.3345336076818,
				758.2658893461376,
				1544.1955304069525,
				761.9810242341118,
				1572.4519890260635,
				789.2729766803859,
				1593.5639574759953,
				805.6338591678104,
				1626.5357796067692,
				773.6622656607251,
				1650.3626543209903,
				754.0506401463208,
				1665.2589163237317,
				743.3696273433925,
				1664.1872427983544,
				740.5118312757222,
				1668.831161408325,
				734.4390146319165,
				1632.394261545498,
				699.0737882944704,
				1621.3203017832675,
				691.2148491083681,
				1616.319158664839,
				677.997542295383,
				1605.24609375,
				660.8515625,
				1534.514746227709,
				583.6902720621874,
				1481.646484375,
				531.177734375,
				1426.1377918127328,
				488.44826436518997,
				1302.3165003852737,
				398.23667235050743,
				1264.6921597952569,
				368.05450902005396,
				1262.4181611881686,
				366.1939647051622,
				1259.5239811427818,
				363.9199660980739,
				1256.4230739512968,
				361.645967490982,
				1253.7356210520084,
				359.7854231760939,
				1251.2548952988218,
				357.92487886120216,
				1248.360715253435,
				355.6508802541139,
				1246.0867166463468,
				353.58360879312386,
				1243.6059908931566,
				351.51633733213384,
				1240.9185379938717,
				349.03561157894364,
				1238.024357948485,
				346.96834011795363,
				1235.7503593413967,
				344.9010686569636,
				1233.0629064421082,
				342.42034290377705,
				1231.2023621272165,
				339.93961715058686,
				1229.1350906662265,
				337.4588913974003,
				1226.8610920591382,
				334.3579842059153,
				1225.0005477442464,
				331.6705313066268,
				1223.5534577215549,
				328.98307840734196,
				1221.4861862605649,
				326.0888983619552,
				1219.4189147995748,
				323.40144546266674,
				1217.558370484683,
				320.9207197094802,
				1216.1112804619916,
				318.02653966409343,
				1214.457463293198,
				315.5458139109069,
				1212.8036461244083,
				312.8583610116184,
				1210.7363746634182,
				310.17090811233356,
				1208.0489217641298,
				308.10363665134355,
				1205.3614688648413,
				306.4498194825501,
				1202.6740159655565,
				304.58927516765834,
				1199.986563066268,
				302.52200370666833,
				1197.5058373130814,
				300.6614593917766,
				1195.0251115598912,
				298.3874607846883,
				1192.9578400989012,
				295.90673503150174,
				1190.4771143457147,
				293.21928213221327,
				1187.996388592528,
				291.15201067122325,
				1185.7223899854362,
				289.08473921023324,
				1182.8282099400494,
				287.6376491875417,
				1179.9340298946663,
				286.6040134570467,
				1177.0398498492796,
				285.1569234343515,
				1173.5254883655944,
				283.50310626556166,
				1171.0447626124078,
				282.26274338896474,
				1168.150582567021,
				281.02238051237146,
				1165.4631296677362,
				279.7820176357782,
				1162.5689496223495,
				278.74838190528317,
				1159.4680424308644,
				277.0945647364897,
				1156.780589531576,
				275.8542018598964,
				1153.679682340091,
				274.61383898330314,
				1150.578775148606,
				273.37347610670986,
				1147.477867957121,
				272.1331132301166,
				1144.5836879117342,
				271.30620464571984,
				1141.689507866351,
				270.06584176912656,
				1138.7953278209643,
				269.03220603863156,
				1135.487693483381,
				267.79184316203464,
				1132.5935134379943,
				266.75820743153963,
				1129.4926062465092,
				265.51784455494635,
				1126.184971908926,
				264.27748167835307,
				1123.084064717441,
				263.0371188017598,
				1120.1898846720542,
				261.7967559251665,
				1117.2957046266674,
				260.9698473407698,
				1113.9880702890841,
				259.93621161027477,
				1110.473708805399,
				258.90257587977976,
