{
	"dataset": {
		"dataset.id": 62584,
		"dataset.name": "01_sou_012517_062584_wear_02top_01blouse_woman",
		"dataset.image_path": "./008.의류 통합 데이터(3-1)/원천데이터/상품/상의/blouse/01_sou_012517_062584_wear_02top_01blouse_woman.jpg",
		"dataset.label_path": "./008.의류 통합 데이터(3-1)/라벨링데이터/상품/상의/blouse/01_sou_012517_062584_wear_02top_01blouse_woman.json",
		"dataset.category": 5,
		"dataset.type": 1,
		"dataset.width": 1784,
		"dataset.height": 3968,
		"dataset.file_size": 669582
	},
	"annotation": [
		{
			"annotation_type": "Polygon",
			"annotation_id": 23,
			"annotation_point_count": 152.0,
			"annotation_point": [
				557.798828125,
				1827.4052734375,
				573.3961404457805,
				1880.4353349175963,
				571.8364278032132,
				2009.8914842507238,
				565.5975772329421,
				2098.7951048770883,
				545.3213128795614,
				2178.3404496480453,
				529.7241864538828,
				2246.967805921029,
				520.3659105984752,
				2292.199472555494,
				514.1270600282041,
				2337.431139189961,
				507.88820945793304,
				2392.0210816798335,
				496.97022095996,
				2448.1707368122734,
				489.17165774711975,
				2488.7232655190364,
				482.93280717684866,
				2523.0369436555284,
				482.93280717684866,
				2544.872920651478,
				503.2090715302311,
				2574.5074608602663,
				571.8364278032132,
				2613.50027692446,
				638.9040714336279,
				2646.254242418385,
				695.0537265660696,
				2658.731943558927,
				780.8379219072976,
				2671.209644699469,
				818.271025328926,
				2671.209644699469,
				826.0695885417645,
				2671.209644699469,
				843.2264276100104,
				2554.231196506884,
				854.1444161079853,
				2452.849874739977,
				863.502691963391,
				2392.0210816798335,
				880.659531031637,
				2314.035449551444,
				893.1372321721792,
				2268.803782916977,
				907.1746459552905,
				2362.3865414710453,
				918.0926344532654,
				2454.4095873825445,
				925.8911976661038,
				2512.1189551575535,
				932.1300482363749,
				2577.626886145401,
				939.9286114492133,
				2627.5376907075715,
				949.2868873046209,
				2658.731943558927,
				950.8465999471882,
				2666.5305067717654,
				1008.5559677221972,
				2661.8513688440617,
				1061.5861975695025,
				2658.731943558927,
				1138.0121170553248,
				2633.7765412778426,
				1192.6020595451973,
				2610.3808516393256,
				1228.4754503242566,
				2591.6642999285123,
				1264.3488411033159,
				2557.3506217920203,
				1281.5056801715618,
				2526.156368940665,
				1284.6251054566965,
				2502.7606793021478,
				1273.7071169587216,
				2452.849874739977,
				1262.7891284607485,
				2396.7002196075373,
				1250.3114273202063,
				2342.1102771176647,
				1231.5948756093912,
				2276.6023461298173,
				1212.878323898578,
				2192.3778634311548,
				1205.0797606857395,
				2161.1836105797993,
				1187.9229216174936,
				2106.5936680899267,
				1175.4452204769514,
				2020.8094727486969,
				1187.9229216174936,
				1944.3835532628764,
				1186.3632089749262,
				1874.1964843473252,
				1183.2437836897898,
				1839.8828062108332,
				1184.803496332357,
				1811.8079786446124,
				1197.281197472901,
				1797.7705648615029,
				1242.512864107366,
				1894.4727487007058,
				1303.3416571675098,
				2014.5706221784258,
				1345.453898516842,
				2081.6382658088423,
				1376.6481513681974,
				2137.787920941282,
				1407.842404219553,
				2209.5347024994007,
				1434.3575191432064,
				2267.2440702744098,
				1462.4323467094255,
				2318.7145874791477,
				1490.5071742756463,
				2370.1851046838838,
				1507.6640133438923,
				2398.2599322501046,
				1520.1417144844345,
				2416.976483960918,
				1538.8582661952478,
				2432.5736103865966,
				1560.6942431911975,
				2437.2527483143003,
				1588.7690707574184,
				2443.4915988845714,
				1607.4856224682317,
				2435.693035671731,
				1623.0827488939085,
				2420.0959092460544,
				1630.8813121067487,
				2399.819644892672,
				1623.0827488939085,
				2373.30452996902,
				1610.6050477533663,
				2310.9160242663074,
				1590.3287833999857,
				2256.326081776435,
				1559.1345305486302,
				2168.9821737926377,
				1538.8582661952478,
				2115.9519439453325,
				1507.6640133438923,
				2042.6454497446466,
				1490.5071742756463,
				2000.5332083953163,
				1456.1934961391544,
				1936.5849900500361,
				1431.23809385807,
				1899.1518866284096,
				1418.7603927175278,
				1839.8828062108332,
				1401.6035536492818,
				1786.852576363528,
				1359.4913122999515,
				1682.3518293114848,
				1334.535910018867,
				1616.8438983236374,
				1315.8193583080538,
				1574.731656974307,
				1290.8639560269676,
				1524.8208524121383,
				1270.587691673587,
				1495.18631220335,
				1269.0279790310196,
				1492.0668869182136,
				1253.430852605341,
				1471.790622564833,
				1244.0725767499334,
				1463.9920593519946,
				1244.0725767499334,
				1463.9920593519946,
				1236.274013537095,
				1456.1934961391544,
				1233.1545882519604,
				1446.8352202837486,
				1223.7963123965528,
				1445.2755076411795,
				1214.4380365411453,
				1440.5963697134775,
				1205.0797606857395,
				1437.476944428341,
				1195.721484830332,
				1434.3575191432064,
				1187.9229216174936,
				1431.23809385807,
				1177.0049331195187,
				1428.1186685729335,
				1167.646657264113,
				1424.999243287799,
				1158.2883814087054,
				1421.8798180026624,
				1150.489818195867,
				1417.2006800749605,
				1141.1315423404594,
				1412.5215421472567,
				1131.7732664850537,
				1407.842404219553,
				1102.1387262762655,
				1392.2452777938743,
				1091.2207377782906,
				1384.4467145810358,
				1047.5487837863911,
				1393.8049904364434,
				1002.3171171519261,
				1404.7229789344183,
				947.7271746620518,
				1412.5215421472567,
				869.7415425336621,
				1418.7603927175278,
				766.8005081241881,
				1412.5215421472567,
				696.6134392086369,
				1396.924415721578,
				652.9414852167392,
				1386.0064272236032,
				634.224933505926,
				1393.8049904364434,
				604.5903932971378,
				1403.1632662918491,
				581.1947036586207,
				1412.5215421472567,
				565.5975772329421,
				1420.320105360095,
				564.0378645903747,
				1421.8798180026624,
				542.201887594425,
				1431.23809385807,
				515.6867726707733,
				1440.5963697134775,
				501.64935888766195,
				1446.8352202837486,
				490.7313703896871,
				1468.6711972796966,
				475.13424396401024,
				1487.3877489905099,
				461.0968301808989,
				1507.6640133438923,
				450.17884168292585,
				1529.499990339842,
				423.6637267592723,
				1595.0079213276895,
				398.70832447818793,
				1687.0309672391886,
				387.79033598021306,
				1749.4194729419014,
				362.83493369912867,
				1786.852576363528,
				350.3572325585865,
				1833.6439556405621,
				350.3572325585865,
				1864.8382084919176,
				303.56585328155234,
				1947.502978548011,
				278.61045100046795,
				2027.048323318968,
				248.97591079167978,
				2147.1461967966898,
				213.10252001262052,
				2293.7591851980615,
				205.30395679978028,
				2354.587978258207,
				203.74424415721296,
				2385.7822311095624,
				199.06510622950918,
				2416.976483960918,
				199.06510622950918,
				2432.5736103865966,
				199.06510622950918,
				2446.611024169706,
				220.90108322545893,
				2460.6484379528174,
				259.89389928965466,
				2463.767863237952,
				280.17016364303527,
				2451.29016209741,
				314.4838417795272,
				2398.2599322501046,
				322.2824049923656,
				2340.5505644750956,
				373.75292219710354,
				2250.087231206164,
				414.3054509038666,
				2153.385047366961,
				450.17884168292585,
				2056.682863527756,
				450.17884168292585,
				2034.8468865318082,
				467.3356807511718,
				2020.8094727486969,
				476.69395660657756,
				2005.21234632302,
				481.37309453428134,
				1981.816656684503,
				504.7687841727984,
				1930.346139479765,
				532.8436117390193,
				1864.8382084919176
			]
		}
	],
	"metadata.model": {
		"metadata.model.gender": "FEMALE",
		"metadata.model.age": "20대",
		"metadata.model.job": "not employed",
		"metadata.model.type": "wear",
		"metadata.model.usually_size": "L",