{
	"dataset": {
		"dataset.id": 220459,
		"dataset.name": "01_sou_044092_220459_wear_02top_01blouse_woman",
		"dataset.image_path": "./008.의류 통합 데이터(3-1)/원천데이터/상품/상의/blouse/01_sou_044092_220459_wear_02top_01blouse_woman.jpg",
		"dataset.label_path": "./008.의류 통합 데이터(3-1)/라벨링데이터/상품/상의/blouse/01_sou_044092_220459_wear_02top_01blouse_woman.json",
		"dataset.category": 5,
		"dataset.type": 1,
		"dataset.width": 3024,
		"dataset.height": 4032,
		"dataset.file_size": 1148967
	},
	"annotation": [
		{
			"annotation_type": "Polygon",
			"annotation_id": 126,
			"annotation_point_count": 64.0,
			"annotation_point": [
				1571.0,
				1299.0,
				1488.0,
				1286.0,
				1392.0,
				1295.0,
				1370.0,
				1307.0,
				1309.0,
				1385.0,
				1125.0,
				1453.0,
				1068.0,
				1500.0,
				840.0,
				1804.0,
				843.484375,
				1939.66796875,
				843.484375,
				1939.66796875,
				889.4496560350235,
				1998.7679799874932,
				968.2489055659826,
				2053.489681050658,
				996.7041901188277,
				2044.7342088805526,
				1107.0,
				1954.0,
				1134.0,
				1920.0,
				1151.0,
				1851.0,
				1164.0,
				1855.0,
				1182.0,
				2014.0,
				1112.0,
				2378.0,
				1106.1484375,
				2458.4296875,
				1106.1484375,
				2458.4296875,
				1125.8474046278934,
				2484.6966854283964,
				1143.3583489681077,
				2517.5297060662924,
				1156.4915572232676,
				2548.1738586616666,
				1174.0025015634783,
				2576.6291432145117,
				1198.0800500312725,
				2598.517823639777,
				1228.724202626643,
				2611.6510318949368,
				1268.1238273921226,
				2618.2176360225167,
				1298.7679799874932,
				2624.7842401500966,
				1335.9787367104473,
				2633.539712320202,
				1366.6228893058178,
				2635.728580362731,
				1401.6447779862428,
				2637.9174484052564,
				1434.4777986241425,
				2640.106316447782,
				1473.877423389622,
				2642.2951844903073,
				1506.710444027518,
				2646.672920575362,
				1539.5,
				2642.2999999999993,
				1578.9000000000015,
				2637.9000000000015,
				1607.3983739837422,
				2640.106316447782,
				1642.4202626641672,
				2629.161976235151,
				1675.2532833020668,
				2613.839899937462,
				1705.8974358974374,
				2596.3289555972515,
				1775.9412132582875,
				2532.8517823639813,
				1782.0,
				2378.0,
				1746.0,
				2271.0,
				1716.0,
				2125.0,
				1720.0,
				1980.0,
				1751.0,
				1885.0,
				1773.0,
				1924.0,
				1825.0,
				1975.0,
				1873.0,
				2052.0,
				1909.5,
				2079.7999999999993,
				1929.2000000000007,
				2099.5,
				1966.3727329581016,
				2086.3227016885576,
				2014.5278298936864,
				2057.8674171357125,
				2073.626953125,
				2016.279296875,
				2073.626953125,
				2016.279296875,
				2084.0,
				2001.0,
				2088.0,
				1885.0,
				2044.0,
				1787.0,
				1948.0,
				1624.0,
				1891.0,
				1547.0,
				1817.0,
				1483.0,
				1764.0,
				1466.0,
				1646.0,
				1397.0
			]
		}
	],
	"metadata.model": {
		"metadata.model.gender": "FEMALE",
		"metadata.model.age": "40대",
		"metadata.model.job": "homemaker",
		"metadata.model.type": "wear",
		"metadata.model.usually_size": "M",
		"metadata.model.body_height": "162",
		"metadata.model.waist_height": "98",
		"metadata.model.chest_size_male": "null",
		"metadata.model.breast_size_female": "89.0",
		"metadata.model.waist_size": "72",
		"metadata.model.hip_seize": "90",
		"metadata.model.back_length": "40",
		"metadata.model.shoulders_width": "40",
		"metadata.model.arm_length": "51",
		"metadata.model.weight": "53"
	},
	"metadata.clothes": {
		"metadata.clothes.type": "02top_01blouse",
		"metadata.clothes.season": "summer",
		"metadata.clothes.fiber_composition": "Cotton",
		"metadata.clothes.elasticity": "contain little",
		"metadata.clothes.transparency": "none",
		"metadata.clothes.isfleece": "fleece_none",
		"metadata.clothes.color": "White,Blue",
		"metadata.clothes.washing_method": "none",
		"metadata.clothes.bleach": "none",
		"metadata.clothes.ironing": "none",
		"metadata.clothes.drycleaning": "none",
		"metadata.clothes.wringing": "none",
		"metadata.clothes.drying": "none",
		"metadata.clothes.top_length_type": "normal",
		"metadata.clothes.sleeve_length_type": "short sleeves",
		"metadata.clothes.topneck_color_design": "shirts collar",
		"metadata.clothes.topsleeve_design": "puff sleeve",
		"metadata.clothes.pants_silhouette": "null",
		"metadata.clothes.skirt_design": "null",
		"metadata.top.front_length": "68.0",
		"metadata.top.chest_size": "80.0",
		"metadata.top.waist_size": "80.0",
		"metadata.top.hem_size": "96.0",
		"metadata.top.shoulder_width": "33.0",
		"metadata.top.sleeve_length": "31.0",
		"metadata.top.sleeve_cuff_size": "24.0",
		"metadata.pants.pants_length": "null",
		"metadata.pants.waist_size": "null",
		"metadata.pants.hip_size": "null",
		"metadata.pants.front_rise_length": "null",
		"metadata.pants.back_rise_length": "null",
		"metadata.pants.inner_seam_length": "null",
		"metadata.pants.pants_waist_size": "null",
		"metadata.skirt.length": "null",
		"metadata.skirt.waist_size": "null",
		"metadata.skirt.hip_size": "null",
		"metadata.skirt.hem_size": "null",
		"metadata.dress.front_length": "null",
		"metadata.dress.chest_size": "null",
		"metadata.dress.waist_size": "null",
		"metadata.dress.hip_size": "null",
		"metadata.dress.hem_size": "null",
		"metadata.dress.shoulder_width": "null",
		"metadata.dress.sleeve_length": "null",
		"metadata.dress.cuff_size": "null",
		"metadata.jumpsuit.front_length": "null",
		"metadata.jumpsuit.inner_seam_length": "null",
		"metadata.jumpsuit.chest_size": "null",
		"metadata.jumpsuit.waist_size": "null",
		"metadata.jumpsuit.hip_size": "null",
		"metadata.jumpsuit.shoulder_width": "null",
		"metadata.jumpsuit.sleeve_length": "null",
		"metadata.jumpsuit.cuffs_size": "null",
		"metadata.jumpsuit.front_rise_length": "null",
		"metadata.jumpsuit.back_rise_length": "null",
		"metadata.jumpsuit.pants_waist_size": "null"
	}
}