{
	"dataset": {
		"dataset.id": 407498,
		"dataset.name": "01_sou_081500_407498_wear_02top_01blouse_woman",
		"dataset.image_path": "./008.의류 통합 데이터(3-1)/원천데이터/상품/상의/blouse/01_sou_081500_407498_wear_02top_01blouse_woman.jpg",
		"dataset.label_path": "./008.의류 통합 데이터(3-1)/라벨링데이터/상품/상의/blouse/01_sou_081500_407498_wear_02top_01blouse_woman.json",
		"dataset.category": 5,
		"dataset.type": 1,
		"dataset.width": 2268,
		"dataset.height": 4032,
		"dataset.file_size": 865289
	},
	"annotation": [
		{
			"annotation_type": "Polygon",
			"annotation_id": 28,
			"annotation_point_count": 238.0,
			"annotation_point": [
				607.0,
				1471.0,
				458.2155468275032,
				1801.2827900102457,
				421.76142954665374,
				1915.127745786067,
				373.9030404943969,
				2050.7265147674607,
				357.95024414364525,
				2083.7527584522813,
				348.8531949849512,
				2099.705554803033,
				348.8531949849512,
				2124.7554003124787,
				381.87943866977184,
				2132.7317984878555,
				419.45420693394044,
				2138.400974050519,
				439.95552786404005,
				2141.8288476465477,
				460.45684879413784,
				2154.3537704012706,
				477.5962167742855,
				2130.424575875142,
				476.40964514489133,
				2098.5849038197157,
				501.5254113004139,
				2062.1307865388662,
				541.3414815312171,
				1981.246153801787,
				555.0529759153342,
				1952.7684346963124,
				590.3205215667895,
				1882.1015021012463,
				601.724793338195,
				1855.9310056084832,
				607.4598895469371,
				1833.1224620656722,
				640.9475777543012,
				1767.7951018028816,
				663.3605974206475,
				1741.4268433718862,
				675.2263137145947,
				1720.9914430878653,
				684.4552041654424,
				1701.874455725394,
				697.639333380941,
				1687.3719135883457,
				724.6667982727104,
				1659.6852422358006,
				750.37585024293,
				1603.6526930699365,
				748.3982308606064,
				1641.886667794879,
				748.3982308606064,
				1651.7747647065025,
				747.080078125,
				1657.7080078125,
				761.0,
				1751.0,
				757.0,
				1894.0,
				694.0,
				2161.7000000000007,
				675.0,
				2324.6000000000004,
				702.3000000000011,
				2340.300000000001,
				722.0,
				2366.0,
				735.2000000000007,
				2497.5,
				743.7837856351816,
				2498.1958603414496,
				772.7888699092764,
				2496.8774474199,
				789.928237889424,
				2482.3749052828516,
				814.9780833988698,
				2450.9966777499667,
				826.184593232043,
				2439.1309614560196,
				850.575232280713,
				2431.2204839267215,
				872.9882519470593,
				2431.2204839267215,
				896.7196845349536,
				2432.538896848271,
				933.6352463383482,
				2432.538896848271,
				955.3890595439188,
				2428.583658083622,
				961.9811241516672,
				2421.332387015098,
				970.5508081417411,
				2419.3547676327726,
				992.3046213473117,
				2410.125877181925,
				1015.376847474432,
				2416.717941789673,
				1018.6728515625,
				2410.78515625,
				1052.2396727609648,
				2414.139126115124,
				1058.2199937731148,
				2416.702120834616,
				1090.4947420926528,
				2422.0179617343056,
				1147.1654031125472,
				2423.346921959228,
				1187.129135590565,
				2422.1128874646565,
				1201.3679951433023,
				2429.7069458927836,
				1213.7083400890078,
				2437.3010043209106,
				1226.9979423382283,
				2445.8443200525526,
				1239.3382872839356,
				2456.2861503912263,
				1251.6786322296412,
				2463.8802088193534,
				1273.5115502105054,
				2471.4742672474804,
				1283.9533805491792,
				2460.08317960529,
				1290.5981816737894,
				2445.8443200525526,
				1293.445953584338,
				2431.6054604998153,
				1297.2429827983997,
				2393.635168359182,
				1293.445953584338,
				2380.3455661099597,
				1287.7504097632427,
				2361.360420039644,
				1294.395210887853,
				2358.5126481290954,
				1308.6340704405902,
				2354.715618915032,
				1322.8729299933275,
				2349.9693323974534,
				1335.213274939033,
				2341.4260166658114,
				1336.1625322425498,
				2328.136414416589,
				1317.1773861722322,
				2217.0733099052377,
				1301.98926931598,
				2128.7923806782655,
				1301.0400120124632,
				2086.0758020200537,
				1294.395210887853,
				2001.591902007145,
				1290.5981816737894,
				1975.0126975087023,
				1271.6130356034737,
				1918.0572592977514,
				1264.0189771753467,
				1872.492908728993,
				1267.8160063894102,
				1855.406277265707,
				1262.120462568315,
				1819.3344997321055,
				1250.7293749261244,
				1780.4149502879573,
				1248.8308603190926,
				1766.17609073522,
				1257.3741760507364,
				1721.5609974699764,
				1241.2368018909674,
				1661.7577873484788,
				1241.2368018909674,
				1656.0622435273835,
				1245.9830884085459,
				1639.9248693676145,
				1252.6279296875,
				1628.5341796875,
				1264.9000000000015,
				1561.9000000000015,
				1286.8271484375,
				1635.546875,
				1291.7711297029928,
				1642.1393636048415,
				1300.5605491799906,
				1654.7741541030264,
				1308.8006299396766,
				1659.1688638415253,
				1318.6887268513,
				1675.6490253608972,
				1325.8301301763604,
				1685.5371222725207,
				1331.323517349485,
				1698.1719127707056,
				1345.6063239996074,
				1722.3428163324515,
				1348.8761609850226,
				1742.664279697332,
				1356.5694462621977,
				1756.9381850256468,
				1387.8830247664064,
				1831.1052699498268,
				1387.8830247664064,
				1836.605015209956,
				1390.0765647834523,
				1847.0322778996815,
				1421.962371118194,
				1923.9333402364118,
				1444.0249330287734,
				1971.7461545210099,
				1452.5129791816908,
				1987.1009346403316,
				1453.3077400574311,
				1995.334657313013,
				1460.2380548938963,
				2012.0564261386098,
				1459.6022461933026,
				2017.4608000936514,
				1475.4974637081305,
				2041.9394350664843,
				1483.1271681152466,
				2054.3377047280483,
				1484.7166898667292,
				2061.6495047848675,
				1489.803159471474,
				2068.325496141095,
				1502.201429133038,
				2090.8967050121482,
				1499.9760986809615,
				2096.6189833174867,
				1504.4267595851143,
				2103.612879024009,
				1503.4730465342236,
				2108.381444278457,
				1505.6983769863,
				2115.375339984981,
				1509.831133540154,
				2119.508096538837,
				1509.195324839562,
				2122.687140041802,
				1511.1027509413416,
				2123.958757442988,
				1526.3621597555739,
				2126.1840878950625,
				1535.2634815638776,
				2123.322948742394,
				1549.887081677518,
				2118.2364791376494,
				1551.4766034290005,
				2115.375339984981,
				1558.1525947852278,
				2109.9709660299395,
				1560.6958295875993,
				2107.109826877271,
				1572.1403861982744,
				2108.063539928162,
				1583.2666015625,
				2106.4736328125,
				1601.0,
				2102.2000000000007,
				1622.1000000000004,
				2103.7000000000007,
				1629.300000000001,
				2098.5,
				1516.1000000000004,
				1747.1000000000004,
				1493.6612819893762,
				1687.6712424342313,
				1484.0799980984957,
				1671.2682610265692,
				1445.8210926079482,
				1570.1349395884863,
				1396.1043844921296,
				1430.3894856039715,
				1392.2851169503738,
				1422.7730272114495,
				1376.0808257616482,
				1385.8828765624567,
				1372.2615582198905,
				1371.2681071252136,
				1358.22078274846,
				1335.724634626782,
				1353.6288310219552,
				1327.0484950666068,
				1342.1931050876774,
				1298.657870449848,
				1332.5897445058035,
				1277.596707242703,
				1331.662523484105,
				1272.099611185491,
				1324.333062074491,
				1250.59691415849,
				1316.09845633417,
				1222.6699000525805,
				1315.7231525872921,
				1219.910313678478,
				1315.171235312473,
				1217.1507273043753,
				1314.6193180376522,
				1214.19245071134,
				1312.9635662131914,
				1211.9847816120582,
				1310.9545873328443,
				1209.7771125127765,
				1309.2988355083835,
				1207.3928298855517,
				1306.5392491342827,
				1206.6642990827895,
				1304.1328898160646,
				1205.0085472583287,
				1301.9252207167829,
				1203.3527954338679,
				1299.5409380895599,
				1201.4983533904706,
				1297.3332689902782,
				1199.6659880380666,
				1294.9489863630552,
				1197.8336226856627,
				1292.542627044837,
				1196.1778708612019,
				1289.9817308896709,
