{
	"dataset": {
		"dataset.id": 468090,
		"dataset.name": "01_sou_093618_468090_wear_02top_01blouse_woman",
		"dataset.image_path": "./008.의류 통합 데이터(3-1)/원천데이터/상품/상의/blouse/01_sou_093618_468090_wear_02top_01blouse_woman.jpg",
		"dataset.label_path": "./008.의류 통합 데이터(3-1)/라벨링데이터/상품/상의/blouse/01_sou_093618_468090_wear_02top_01blouse_woman.json",
		"dataset.category": 5,
		"dataset.type": 1,
		"dataset.width": 2268,
		"dataset.height": 4032,
		"dataset.file_size": 877976
	},
	"annotation": [
		{
			"annotation_type": "Polygon",
			"annotation_id": 105,
			"annotation_point_count": 129.0,
			"annotation_point": [
				1120.3241161953247,
				1179.179247217011,
				1098.2809959624828,
				1196.8137434032833,
				1076.23828125,
				1226.572265625,
				1056.399067520084,
				1216.6525516128422,
				1036.5602593105268,
				1233.1848917874722,
				1021.1298828125,
				1229.87890625,
				1022.2322311591797,
				1242.0021398806093,
				1022.232421875,
				1254.1259765625,
				1022.232421875,
				1254.1259765625,
				1010.1085150311173,
				1262.9431041018088,
				993.5761748564855,
				1272.8625082065864,
				978.1459906934979,
				1279.4754442764388,
				966.0222745654337,
				1291.599160404503,
				955.0007144490137,
				1305.92718855585,
				940.6726862976666,
				1315.8465926606277,
				939.5705302860242,
				1314.7444366489854,
				931.8554382045295,
				1329.0724648003325,
				921.9360340997519,
				1343.4004929516796,
				914.2209420182571,
				1358.830677114669,
				906.5058499367624,
				1374.2608612776585,
				899.89291386691,
				1389.6910454406461,
				893.2799777970577,
				1406.223385615278,
				886.6670417272053,
				1421.6535697782674,
				882.2584176806358,
				1438.1859099528974,
				876.7476376224258,
				1454.7182501275292,
				872.3390135758582,
				1469.0462782788763,
				865.7260775060058,
				1487.782930476791,
				860.2152974477958,
				1504.315270651423,
				852.5002053663011,
				1510.9282067212753,
				772.0428165164303,
				1827.2469820625502,
				738.9781361671667,
				1901.0914348425686,
				736.7738241438838,
				1930.8496471569051,
				710.322265625,
				1963.9140625,
				710.3220798644743,
				1991.4682277972188,
				736.7738241438838,
				1969.425107564377,
				776.451440562998,
				1979.3445116691564,
				842.5808012615216,
				2005.7962559485659,
				809.5161209122598,
				2050.98465242589,
				785.268688656135,
				2089.560112833362,
				815.0269009704698,
				2108.2967650312785,
				851.3980493546587,
				2123.726949194268,
				885.564453125,
				2139.1572265625,
				940.6726862976666,
				2141.3614453805403,
				955.0007144490137,
				2132.544197287403,
				980.3505859375,
				2130.33984375,
				974.8395226585708,
				2210.797274113991,
				973.7373666469284,
				2236.146862381758,
				969.3291015625,
				2261.49609375,
				935.1619062394566,
				2414.696136267774,
				927.4468141579619,
				2437.841412512258,
				908.7099609375,
				2462.0888671875,
				921.9360340997519,
				2474.212560896445,
				960.51171875,
				2486.3359375,
				995.8000000000011,
				2488.5,
				992.4740188448432,
				2463.191000780025,
				988.0653947982755,
				2436.7392565006157,
				997.984798903055,
				2427.9220084074786,
				1006.8020469961903,
				2413.5939802561315,
				995.7804868797703,
				2359.5883356856702,
				995.7804868797703,
				2306.6848471268513,
				1015.6192950893274,
				2295.6632870104295,
				1047.5818194269468,
				2300.071911056999,
				1094.9745279275576,
				2315.5020952199884,
				1131.3456763117447,
				2340.8516834877555,
				1168.818980707576,
				2367.303427767165,
				1215.1095331965425,
				2381.631455918512,
				1252.5828375923738,
				2390.448704011649,
				1315.4057302559704,
				2398.163796093144,
				1361.6962827449388,
				2393.7551720465744,
				1370.513530838074,
				2383.835767941797,
				1368.3092188147912,
				2369.5077397904497,
				1419.0083953503254,
				2354.0775556274602,
				1437.745047548242,
				2354.0775556274602,
				1473.0140399207867,
				2340.8516834877555,
				1518.2021484375,
				2352.9755859375,
				1553.581644371825,
				2349.338284777401,
				1577.8291015625,
				2336.1123046875,
				1551.7000000000007,
				2267.5,
				1552.800000000001,
				2195.800000000001,
				1565.7000000000007,
				2062.800000000001,
				1571.2000000000007,
				2063.9000000000015,
				1603.1786648957186,
				2040.7346015176208,
				1634.0390332216957,
				2006.5677651567166,
				1634.0390332216957,
				1998.852673075222,
				1668.2058695826,
				1981.2181768889495,
				1650.5713733963275,
				1919.4974402369935,
				1642.8562813148328,
				1905.1694120856464,
				1605.3828125,
				1807.0771484375,
				1598.7700408491492,
				1779.5236267584496,
				1586.6463247210868,
				1723.3136701647036,
				1582.2377006745191,
				1688.044677792157,
				1572.3182965697397,
				1645.0605933381175,
				1569.0118285348144,
				1614.2002250121386,
				1562.398892464962,
				1574.5226085930244,
				1552.3845804814027,
				1518.2483595652666,
				1550.8538082430096,
				1508.298340015719,
				1548.5576498854225,
				1496.8175482277802,
				1544.730719289444,
				1485.3367564398432,
				1542.4345609318552,
				1473.0905785327086,
				1539.3730164550725,
				1462.3751728639654,
				1537.0768580974836,
				1450.8943810760284,
				1533.2499275015052,
				1439.4135892880895,
				1529.422996905525,
				1427.9327975001506,
				1524.0652940711552,
				1417.2173918314093,
				1515.646046759999,
				1408.0327584010593,
				1506.461413329649,
				1401.1442833282963,
				1498.8075521376904,
				1391.9596498979445,
				1497.276779899299,
				1380.4788581100074,
				1493.4498493033188,
				1368.2326802028729,
				1483.4998297537732,
				1361.34420513011,
				1475.080582442617,
				1352.9249578189556,
				1468.9574934890516,
				1343.7403243886038,
				1469.72265625,
				1343.740234375,
				1474.2265625,
				1319.9248046875,
				1461.0,
				1306.7000000000007,
				1440.0595751726905,
				1285.7577335428014,
				1414.7099869049234,
				1262.6124572983172,
				1377.236682509094,
				1236.1607130189077,
				1345.2744140625,
				1213.015625,
				1360.7043423344621,
				1264.816769321602,
				1377.236682509094,
				1286.8598895544437,
				1371.7259024508821,
				1341.9676901365474,
				1317.6100422792551,
				1301.5185645092806,
				1305.4863261511928,
				1291.599160404503,
				1293.3626100231304,
				1279.4754442764388,
				1273.5234375,
				1266.25,
				1235.1000000000004,
				1226.2000000000007,
				1189.8701605299411,
				1211.913280762783,
				1161.2138671875,
				1186.5634765625
			]
		}
	],
	"metadata.model": {
		"metadata.model.gender": "FEMALE",
		"metadata.model.age": "30대",
		"metadata.model.job": "entertainment and sports",
		"metadata.model.type": "wear",
		"metadata.model.usually_size": "S",
		"metadata.model.body_height": "158",
		"metadata.model.waist_height": "95",
		"metadata.model.chest_size_male": "null",
		"metadata.model.breast_size_female": "78.0",
		"metadata.model.waist_size": "67",
		"metadata.model.hip_seize": "90",
		"metadata.model.back_length": "41",
		"metadata.model.shoulders_width": "40",
		"metadata.model.arm_length": "52",
		"metadata.model.weight": "46"
	},
	"metadata.clothes": {
		"metadata.clothes.type": "02top_01blouse",
		"metadata.clothes.season": "summer",
		"metadata.clothes.fiber_composition": "Polyester",
		"metadata.clothes.elasticity": "none",
		"metadata.clothes.transparency": "none at all",
		"metadata.clothes.isfleece": "fleece_none",
		"metadata.clothes.color": "Black,Beige",
		"metadata.clothes.washing_method": "none",
		"metadata.clothes.bleach": "none",
		"metadata.clothes.ironing": "none",
		"metadata.clothes.drycleaning": "none",
		"metadata.clothes.wringing": "none",
		"metadata.clothes.drying": "none",
		"metadata.clothes.top_length_type": "normal",
		"metadata.clothes.sleeve_length_type": "long sleeves",
		"metadata.clothes.topneck_color_design": "Others",
		"metadata.clothes.topsleeve_design": "basic sleeve",
		"metadata.clothes.pants_silhouette": "null",