{
	"dataset": {
		"dataset.id": 10601,
		"dataset.name": "01_sou_002121_010601_front_02top_01blouse_woman",
		"dataset.image_path": "./008.의류 통합 데이터(3-1)/원천데이터/상품/상의/blouse/01_sou_002121_010601_front_02top_01blouse_woman.jpg",
		"dataset.label_path": "./008.의류 통합 데이터(3-1)/라벨링데이터/상품/상의/blouse/01_sou_002121_010601_front_02top_01blouse_woman.json",
		"dataset.category": 5,
		"dataset.type": 1,
		"dataset.width": 607,
		"dataset.height": 1080,
		"dataset.file_size": 63040
	},
	"annotation": [
		{
			"annotation_type": "Polygon",
			"annotation_id": 158,
			"annotation_point_count": 161.0,
			"annotation_point": [
				175.923828125,
				380.61328125,
				174.5032454978009,
				391.1261675179867,
				169.9571191175255,
				402.2073505699118,
				165.4109927372483,
				404.76454665881647,
				165.12685983848132,
				409.0265401403267,
				159.44420186313437,
				417.2663942045783,
				154.613942584092,
				426.3586469651309,
				163.13792954711062,
				430.33650754787413,
				174.5032454978009,
				436.01916552321927,
				186.72096014479575,
				440.28115900472767,
				201.78000377946228,
				443.40662089116813,
				207.7467946535744,
				441.4176905997974,
				209.45159204617812,
				436.8715642195202,
				213.71358552768834,
				425.50624826882995,
				217.12318031289578,
				415.5615968119746,
				219.1121106042665,
				408.1741414440239,
				223.70000000000073,
				398.2000000000007,
				223.08997118700972,
				413.8567994193709,
				222.23757249070695,
				428.6317101552704,
				219.1121106042665,
				455.624335538163,
				220.53277509810323,
				471.53577786913047,
				218.54384480673252,
				488.01548599763373,
				217.97557900919855,
				503.35866253106724,
				220.53277509810323,
				519.2701048620365,
				219.96450930056926,
				540.0118064720482,
				220.8169079968702,
				548.5357934350686,
				218.25971190796554,
				554.218451410412,
				218.8279777054995,
				569.2774950450803,
				215.98664871782603,
				581.4952096920752,
				215.41838292029206,
				595.1335888329049,
				216.8390474141288,
				607.3513034798962,
				220.48163117632976,
				614.2216369720954,
				244.34879467278188,
				629.5648135055308,
				263.4425254699454,
				641.498395253755,
				278.7857020033789,
				647.2947063886095,
				299.2432707146236,
				652.0681390878999,
				312.88164985545336,
				653.4319770019829,
				324.4742721251587,
				653.4319770019829,
				344.2499218793637,
				651.3862201308584,
				362.6617337194839,
				648.9995037812114,
				381.7554645166456,
				643.5441521248795,
				392.6661678293094,
				637.7478409900286,
				402.21303322789026,
				629.2238540270082,
				403.2359116634543,
				618.6541101928669,
				400.50823583528654,
				604.333812094992,
				401.19015479232803,
				586.9448786904359,
				400.22315582685405,
				571.2001276600749,
				395.7480626712695,
				554.388931149675,
				395.7480626712695,
				546.5752764335739,
				395.0140526827872,
				533.0789637421294,
				394.5404978515089,
				518.3987639724837,
				394.30372043586976,
				502.2978997090049,
				395.7480626712695,
				488.80158701755863,
				394.30372043586976,
				477.90982589814666,
				390.7520592012788,
				467.0180647787329,
				390.988836616918,
				459.67796489391185,
				389.3313947074421,
				448.78620377449806,
				390.2785043699987,
				443.57710063043123,
				386.98729829261174,
				428.6601234451482,
				384.8326238102927,
				411.612149519111,
				382.93840448517767,
				401.1939432309773,
				385.779296875,
				398.3525390625,
				391.69916886383544,
				414.45347850678263,
				395.48760751406735,
				429.37045569206566,
				402.3541525676101,
				443.1035457991529,
				410.66503985655254,
				440.4989942271186,
				425.3215618846334,
				433.86922658921503,
				440.4989942271186,
				427.94979119823074,
				450.41996794241095,
				424.16135254799883,
				455.15551625519765,
				422.50391063852294,
				450.6567453580501,
				413.74314625986517,
				445.9211970452616,
				405.21915929684656,
				443.1035457991529,
				399.5365013215014,
				440.71209390119475,
				396.9319497494671,
				438.3443197447996,
				392.4331788523177,
				434.37829803283785,
				388.87757132746447,
				432.40515290250914,
				384.93128106680706,
				432.4052734375,
				379.603515625,
				430.431640625,
				373.0927734375,
				427.0,
				364.7000000000007,
				424.46916318833064,
				355.0697026644193,
				418.9877660162765,
				337.181168912859,
				413.0683306252904,
				324.158411052691,
				408.3327823125019,
				313.1087983228517,
				402.95648670815353,
				302.1944827323059,
				402.012580347724,
				299.8347168312321,
				400.3607442169723,
				296.5310445697287,
				398.7089080862206,
				293.4633488983327,
				397.0570719554689,
				290.1596766368293,
				395.16925923460985,
				287.0919809654333,
				392.809493333536,
				284.2602618841447,
				390.44972743246217,
				281.1925662127487,
				388.08996153139014,
				278.3608471314601,
				385.02226585999415,
				276.00108123038626,
				381.4826170083834,
				274.1132685095272,
				378.17894474688,
				272.93338555899027,
				374.63929589526924,
				272.22545578866993,
				371.0996470436585,
				271.5175260183478,
				367.32402160194033,
				271.5175260183478,
				363.78437275032957,
				271.2815494282404,
				360.0087473086114,
				271.045572838133,
				355.9971452767859,
				269.8656898875961,
				353.1650390625,
				268.4501953125,
				347.6822472964668,
				267.9829691922423,
				355.211769113801,
				272.21654938387474,
				356.49036715825423,
				274.83057205253317,
				354.416196997252,
				278.60953960613733,
				352.02948064760676,
				281.9054812318391,
				349.50069784857806,
				283.0704261167848,
				349.529111138454,
				276.6206093147666,
				347.8243137458503,
				270.3696855418875,
				340.43685837790144,
				262.69809727516986,
				331.06047271858006,
				260.14090118626336,
				339.5844596815987,
				268.096622351748,
				342.14165577050517,
				276.6206093147666,
				339.0161938840647,
				285.42872917655404,
				332.1970043136498,
				293.6685832408057,
				328.2191437309084,
				295.94164643094336,
				321.6840870592605,
				300.77190570998755,
				315.1490303876126,
				301.3401715075215,
				309.4663724122656,
				303.6132346976592,
				302.64718284185074,
				303.897367596428,
				294.4073287775991,
				303.3291017988922,
				288.72467080225397,
				302.1925702038243,
				280.48481673800234,
				299.9195070136848,
				273.66562716758745,
				295.3733806334094,
				265.9940389008698,
				287.9859252654587,
				263.7209757107321,
				281.7350014925778,
				263.4368428119651,
				272.07448293449124,
				266.84643759717255,
				263.5504959714708,
				259.7431151279907,
				265.8235591616103,
				256.33352034278323,
				270.3696855418875,
				254.6287229501795,
				277.7571409098364,
				254.06045715264372,
				287.41765946792475,
				248.94606497483255,
				284.2921975814843,
				246.67300178469486,
				280.59846989750986,
				246.67300178469486,
				275.1999448209299,
				253.77632425387674,
				269.80141974435173,
				247.2119372372872,
				271.98947919856255,
				241.54849907470998,
				275.0571748699567,
				238.2448268132066,
				276.47303441060103,
				234.70517796159584,
				277.88889395124534,
				230.9295525198795,
				278.5968237215675,
				227.38990366826874,
				280.0126832622118,
				223.6142782265506,
				281.1925662127487,
				220.31060596504722,
				282.13647257317825,
				217.24291029365122,
				284.2602618841447,
				213.93923803214784,
				286.62002778521855,
				211.579472131074,
				289.2157702763998,
				208.7477530497854,
				291.811512767581,
				206.38798714871155,
				294.6432318488696,
				204.50017442785247,
				297.7109275202656,
				202.376385116886,
				301.014599781769,
				200.72454898613432,
				304.55424863337976,
				199.07271285538263,
				307.62194430477575,
				197.18490013452356,
				310.92561656627913,
				195.76904059387925,
				314.4652654178881,
				194.58915764334415,
				318.00491426949884,
				193.17329810269985,
				321.3085865310022,
