{
	"dataset": {
		"dataset.id": 220803,
		"dataset.name": "01_sou_044161_220803_wear_02top_01blouse_woman",
		"dataset.image_path": "./008.의류 통합 데이터(3-1)/원천데이터/상품/상의/blouse/01_sou_044161_220803_wear_02top_01blouse_woman.jpg",
		"dataset.label_path": "./008.의류 통합 데이터(3-1)/라벨링데이터/상품/상의/blouse/01_sou_044161_220803_wear_02top_01blouse_woman.json",
		"dataset.category": 5,
		"dataset.type": 1,
		"dataset.width": 2268,
		"dataset.height": 4032,
		"dataset.file_size": 961725
	},
	"annotation": [
		{
			"annotation_type": "Polygon",
			"annotation_id": 70,
			"annotation_point_count": 58.0,
			"annotation_point": [
				887.345703125,
				1268.9189453125,
				866.7045836892139,
				1292.509457687367,
				830.3362080245515,
				1345.5876275763349,
				807.2289156626557,
				1397.5903614457893,
				770.6827309236996,
				1467.8714859437805,
				722.9000000000015,
				1583.1000000000004,
				771.0,
				1616.0,
				787.6000000000004,
				1630.9000000000015,
				793.2000000000007,
				1600.0,
				846.6000000000004,
				1628.1000000000004,
				891.5662650602462,
				1653.41365461848,
				891.5662650602462,
				1675.9036144578367,
				911.6000000000004,
				1685.800000000001,
				888.7548828125,
				1751.8076171875,
				885.9437751004061,
				1867.0682730923745,
				874.6987951807278,
				1968.2730923694835,
				860.6000000000004,
				2032.9000000000015,
				857.8313253012093,
				2111.646586345387,
				835.3413654618525,
				2187.550200803218,
				824.1000000000004,
				2235.300000000001,
				810.0401606425748,
				2263.4538152610494,
				821.28515625,
				2283.1328125,
				852.208835341371,
				2291.566265060246,
				900.0000000000055,
				2297.1887550200863,
				978.7148594377559,
				2300.0000000000055,
				1082.730923694784,
				2285.943775100408,
				1178.3132530120529,
				2280.321285140568,
				1234.5381526104466,
				2271.8875502008086,
				1282.329317269081,
				2274.6987951807278,
				1296.3855421686803,
				2288.755020080327,
				1358.2329317269123,
				2300.0000000000055,
				1470.6827309236996,
				2314.056224899605,
				1501.6000000000004,
				2304.800000000001,
				1494.6000000000004,
				2198.800000000001,
				1479.6000000000004,
				2141.4000000000015,
				1473.800000000001,
				2028.0,
				1447.800000000001,
				1895.800000000001,
				1447.800000000001,
				1790.2000000000007,
				1465.060546875,
				1715.2607421875,
				1521.285140562255,
				1681.5261044176768,
				1566.2650602409685,
				1664.6586345381584,
				1569.0763052208895,
				1687.148594377515,
				1639.4000000000015,
				1650.800000000001,
				1608.43359375,
				1577.509765625,
				1597.1887550200863,
				1532.5301204819334,
				1555.699638154294,
				1368.874855507558,
				1536.5871284206132,
				1344.9842183404562,
				1512.6962890625,
				1304.029296875,
				1494.5,
				1285.7000000000007,
				1451.5,
				1268.800000000001,
				1436.9000000000015,
				1265.5,
				1341.4000000000015,
				1212.0,
				1293.5742971887612,
				1265.4618473895644,
				1231.7269076305274,
				1313.2530120481988,
				1147.389558232937,
				1237.3493975903675,
				1091.1646586345432,
				1195.1807228915713,
				984.337349397596,
				1237.3493975903675,
				930.9000000000015,
				1243.0
			]
		}
	],
	"metadata.model": {
		"metadata.model.gender": "FEMALE",
		"metadata.model.age": "20대",
		"metadata.model.job": "university student/graduate student",
		"metadata.model.type": "wear",
		"metadata.model.usually_size": "M",
		"metadata.model.body_height": "169",
		"metadata.model.waist_height": "100",
		"metadata.model.chest_size_male": "null",
		"metadata.model.breast_size_female": "82.0",
		"metadata.model.waist_size": "68",
		"metadata.model.hip_seize": "90",
		"metadata.model.back_length": "42",
		"metadata.model.shoulders_width": "43",
		"metadata.model.arm_length": "55",
		"metadata.model.weight": "59"
	},
	"metadata.clothes": {
		"metadata.clothes.type": "02top_01blouse",
		"metadata.clothes.season": "summer",
		"metadata.clothes.fiber_composition": "Cotton",
		"metadata.clothes.elasticity": "none",
		"metadata.clothes.transparency": "none at all",
		"metadata.clothes.isfleece": "fleece_none",
		"metadata.clothes.color": "Purple",
		"metadata.clothes.washing_method": "none",
		"metadata.clothes.bleach": "none",
		"metadata.clothes.ironing": "none",
		"metadata.clothes.drycleaning": "none",
		"metadata.clothes.wringing": "none",
		"metadata.clothes.drying": "none",
		"metadata.clothes.top_length_type": "long",
		"metadata.clothes.sleeve_length_type": "short sleeves",
		"metadata.clothes.topneck_color_design": "V-neck",
		"metadata.clothes.topsleeve_design": "basic sleeve",
		"metadata.clothes.pants_silhouette": "null",
		"metadata.clothes.skirt_design": "null",
		"metadata.top.front_length": "60.0",
		"metadata.top.chest_size": "94.0",
		"metadata.top.waist_size": "96.0",
		"metadata.top.hem_size": "98.0",
		"metadata.top.shoulder_width": "44.0",
		"metadata.top.sleeve_length": "24.0",
		"metadata.top.sleeve_cuff_size": "30.0",
		"metadata.pants.pants_length": "null",
		"metadata.pants.waist_size": "null",
		"metadata.pants.hip_size": "null",
		"metadata.pants.front_rise_length": "null",
		"metadata.pants.back_rise_length": "null",
		"metadata.pants.inner_seam_length": "null",
		"metadata.pants.pants_waist_size": "null",
		"metadata.skirt.length": "null",
		"metadata.skirt.waist_size": "null",
		"metadata.skirt.hip_size": "null",
		"metadata.skirt.hem_size": "null",
		"metadata.dress.front_length": "null",
		"metadata.dress.chest_size": "null",
		"metadata.dress.waist_size": "null",
		"metadata.dress.hip_size": "null",
		"metadata.dress.hem_size": "null",
		"metadata.dress.shoulder_width": "null",
		"metadata.dress.sleeve_length": "null",
		"metadata.dress.cuff_size": "null",
		"metadata.jumpsuit.front_length": "null",
		"metadata.jumpsuit.inner_seam_length": "null",
		"metadata.jumpsuit.chest_size": "null",
		"metadata.jumpsuit.waist_size": "null",
		"metadata.jumpsuit.hip_size": "null",
		"metadata.jumpsuit.shoulder_width": "null",
		"metadata.jumpsuit.sleeve_length": "null",
		"metadata.jumpsuit.cuffs_size": "null",
		"metadata.jumpsuit.front_rise_length": "null",
		"metadata.jumpsuit.back_rise_length": "null",
		"metadata.jumpsuit.pants_waist_size": "null"
	}
}