{
	"dataset": {
		"dataset.id": 90061,
		"dataset.name": "01_sou_018013_090061_front_02top_01blouse_woman",
		"dataset.image_path": "./008.의류 통합 데이터(3-1)/원천데이터/상품/상의/blouse/01_sou_018013_090061_front_02top_01blouse_woman.jpg",
		"dataset.label_path": "./008.의류 통합 데이터(3-1)/라벨링데이터/상품/상의/blouse/01_sou_018013_090061_front_02top_01blouse_woman.json",
		"dataset.category": 5,
		"dataset.type": 1,
		"dataset.width": 1079,
		"dataset.height": 1080,
		"dataset.file_size": 203106
	},
	"annotation": [
		{
			"annotation_type": "Polygon",
			"annotation_id": 72,
			"annotation_point_count": 202.0,
			"annotation_point": [
				177.64453125,
				278.078125,
				147.22038377382341,
				317.6999629593265,
				133.7772959774975,
				346.0012004252749,
				116.79655349792847,
				376.4250307011698,
				87.0802541586836,
				422.7683070516596,
				73.6371663623595,
				445.40929702441645,
				64.79302965424904,
				458.49861935241825,
				41.444508744842096,
				493.8751661848528,
				24.110000796948952,
				527.8366511439908,
				17.742222367111026,
				540.9259734719908,
				20.572346113705862,
				547.2937519018287,
				40.02944687154559,
				563.5669634447495,
				76.46729010895433,
				592.9294973156702,
				94.86309446181986,
				606.7263505803203,
				98.75451461338707,
				608.4951779219427,
				102.29216929663016,
				611.6790671368617,
				105.122293043225,
				615.2167218201048,
				109.36747866311816,
				618.0468455666996,
				113.61266428300951,
				621.5845002499427,
				118.2116153712268,
				622.6457966549151,
				123.5185546875,
				621.9384765625,
				124.93315926938885,
				620.1694383766462,
				127.76328301598369,
				617.6930800983755,
				134.8385923824717,
				612.0328326051858,
				165.2624226583648,
				575.241223899453,
				204.88415511069252,
				529.6054784856115,
				212.66699541382695,
				521.822638182477,
				223.2802734375,
				510.501953125,
				214.08205728712528,
				559.3217778248581,
				209.483106198908,
				597.8822138722117,
				206.65298245231315,
				605.311288707022,
				207.36051338896323,
				612.0328326051858,
				200.28520402247523,
				664.3901219171894,
				194.62495652928556,
				706.1344471794619,
				197.4550802758804,
				713.2097565459499,
				197.4550802758804,
				716.0398802925447,
				194.27119106096143,
				724.5302515323292,
				191.08730184604246,
				730.1904990255189,
				191.08730184604246,
				735.1432155820585,
				188.60000000000036,
				745.4000000000015,
				173.36328125,
				773.1728515625,
				161.335625959975,
				814.9173286892092,
				156.02914393510946,
				830.1292438271576,
				160.2743295550008,
				834.728194915373,
				172.65612094635435,
				838.6196150669402,
				175.8400101612733,
				842.5110352185093,
				198.12723466570606,
				848.5250481800231,
				207.32513684214064,
				851.3551719266179,
				234.91884337143892,
				860.5530741030507,
				264.28137724235967,
				870.8122726844576,
				272.0642175454959,
				872.5811000260783,
				296.47403485987525,
				873.9961618993766,
				308.1482953145787,
				878.5951129875921,
				327.95916154074257,
				888.5005461006749,
				353.07650979177197,
				895.9296209354852,
				367.9346594613944,
				899.1135101504042,
				384.5616364726393,
				899.1135101504042,
				399.4197861422617,
				904.4199921752697,
				419.5844178367497,
				909.3727087318111,
				436.91892578464285,
				911.4953015417577,
				458.1448538841032,
				912.202832478406,
				471.94140625,
				913.263671875,
				503.4268338296206,
				915.7404871616491,
				518.9925144358913,
				916.4480180982973,
				541.63350440865,
				912.202832478406,
				574.1799274944897,
				913.6178943517025,
				599.2972757455191,
				911.1415360734318,
				612.0328326051949,
				907.6038813901887,
				613.8016599468174,
				909.7264742001353,
				630.7822265625,
				907.9580078125,
				638.9190081978468,
				902.6511648336491,
				643.1641938177381,
				904.0662267069456,
				654.4846888041175,
				902.2973993653231,
				665.0976528538486,
				896.6371518721335,
				681.0170989284434,
				894.8683245305128,
				706.134765625,
				888.8544921875,
				724.1764860640142,
				881.0714712658628,
				731.9593263671504,
				875.7649892409972,
				742.5722904168797,
				875.7649892409972,
				761.6756257063953,
				867.9821489378628,
				770.166015625,
				864.4443359375,
				772.9961206927746,
				862.3219014446731,
				770.8735278828281,
				858.7842467614282,
				770.5197624145039,
				855.6003575465093,
				773.3498861610988,
				854.5390611415369,
				778.3026027176402,
				852.0627028632662,
				782.9015538058557,
				849.5863445849955,
				816.8630387649937,
				852.0627028632662,
				838.088966864454,
				850.2938755216437,
				860.7299568372127,
				843.5723316234817,
				861.0837223055369,
				840.7422078768868,
				865.32890792543,
				840.0346769402386,
				862.1450187105111,
				822.7001689923454,
				862.1450187105111,
				817.0399214991558,
				845.1640625,
				768.220703125,
				838.088966864454,
				745.9330623659607,
				833.4900157762386,
				728.9523198863935,
				834.1975467128868,
				720.8157141149331,
				834.9050776495351,
				715.8629975583917,
				827.8297682830489,
				700.297316952121,
				827.1222373463988,
				689.3305874340658,
				823.5845826631557,
				665.9820665246589,
				823.9383481314799,
				651.1239168550364,
				817.2168042333178,
				612.9172462760071,
				817.9243351699661,
				605.4881714411949,
				816.1555078283454,
				598.7666275430329,
				813.6791495500747,
				591.6913181765449,
				811.5565567401281,
				574.7105756969759,
				805.8963092469385,
				546.4093382310293,
				804.481247373642,
				535.4426087129741,
				803.4199509686678,
				528.013533878162,
				810.8490258034799,
				534.3813123079999,
				816.86328125,
				540.3955078125,
				818.9856315749403,
				543.2254490161085,
				821.108224384885,
				545.3480418260551,
				823.9383481314799,
				549.9469929142724,
				853.6546474707266,
				588.86119442995,
				880.1870575950525,
				618.9312592375209,
				896.8140346062974,
				638.0345945270346,
				899.9979238212163,
				638.3883599953588,
				916.2711353641353,
				626.7140995406553,
				946.6949656400302,
				604.7806405045467,
				988.7930563706268,
				575.0643411653,
				1007.8963916601424,
				562.6825497739483,
				1010.018984470089,
				559.8524260273534,
				1006.83509525517,
				551.715820255893,
				998.6984894837096,
				537.2114360545947,
				977.4725613842475,
				500.06606188053956,
				948.1100275133267,
				456.55290927664464,
				929.7142231604612,
				421.1763624442083,
				888.373046875,
				354.4990234375,
				887.8637682576809,
				351.442113328103,
				847.1099863067157,
				290.82086267604427,
				823.1671394105324,
				257.7508666970916,
				809.5825454268779,
				242.46819846547987,
				804.0638041210168,
				237.7984942835974,
				793.0263215092982,
				227.61004879585744,
				783.6869131455351,
				218.2706404320943,
				771.3758748478467,
				205.53508357241662,
				767.1306892279554,
				199.59182370456801,
				761.6119479220961,
				194.49760096069804,
				756.093206616235,
				189.40337821682624,
				750.998983872365,
				184.30915547295626,
				745.904761128495,
				179.6394512910756,
				740.3860198226339,
				176.24330279516107,
				734.018241392796,
				172.84715429924836,
				728.4995000869367,
				169.0264872413445,
				722.1317216570988,
				166.90389443139793,
				716.6129803512376,
				163.93226449747453,
				710.2452019213997,
				160.96063456354932,
				704.3019420535511,
				158.83804175360274,
				697.5096450617239,
				156.29093038166866,
				691.1418666318859,
				153.74381900973276,
				684.3495696400569,
				151.19670763779686,
				678.4063097722083,
				149.4986333898396,
				671.1894942183917,
				147.80055914188415,
				665.6707529125324,
				146.95152201790552,
				658.8784559207052,
				143.13085496000167,
				653.7841796875,
				142.7060546875,
				653.5177298573544,
				136.31261516715676,
				635.5346518841998,
				118.6243417509395,
				624.6268832775331,
