{
	"dataset": {
		"dataset.id": 408533,
		"dataset.name": "01_sou_081707_408533_wear_02top_01blouse_woman",
		"dataset.image_path": "./008.의류 통합 데이터(3-1)/원천데이터/상품/상의/blouse/01_sou_081707_408533_wear_02top_01blouse_woman.jpg",
		"dataset.label_path": "./008.의류 통합 데이터(3-1)/라벨링데이터/상품/상의/blouse/01_sou_081707_408533_wear_02top_01blouse_woman.json",
		"dataset.category": 5,
		"dataset.type": 1,
		"dataset.width": 3024,
		"dataset.height": 4032,
		"dataset.file_size": 819030
	},
	"annotation": [
		{
			"annotation_type": "Polygon",
			"annotation_id": 8,
			"annotation_point_count": 120.0,
			"annotation_point": [
				1105.650390625,
				1900.294921875,
				1149.2000000000007,
				1902.2000000000007,
				1173.8769763915952,
				1885.1342863331192,
				1192.7999999999993,
				1845.2999999999993,
				1238.2999999999993,
				1763.7999999999993,
				1257.2999999999993,
				1714.6000000000022,
				1289.5,
				1659.6000000000022,
				1317.9000000000015,
				1591.4000000000015,
				1325.5,
				1561.1000000000022,
				1348.2000000000007,
				1504.2000000000007,
				1355.7999999999993,
				1525.1000000000022,
				1342.5471085120225,
				1589.4877626164198,
				1333.071258392898,
				1659.6090534979448,
				1321.7000000000007,
				1769.5,
				1316.0147281784702,
				1890.819796404594,
				1301.0,
				1935.0,
				1301.0,
				2056.0,
				1281.2000000000007,
				2116.2999999999993,
				1291.376953125,
				2127.716796875,
				1302.748538011696,
				2086.0223088585662,
				1321.700238249945,
				2038.6430582629437,
				1365.2891487979214,
				2072.756118691792,
				1397.5070392029447,
				2093.602988953866,
				1399.4022092267696,
				2106.86917912064,
				1456.2573099415204,
				2114.4498592159434,
				1505.5317305609715,
				2120.135369287418,
				1537.7496209659948,
				2133.4015594541925,
				1643.8791423001967,
				2133.4015594541925,
				1733.0,
				2123.9000000000015,
				1795.4927442061962,
				2125.820879358893,
				1846.6623348494686,
				2125.820879358893,
				1911.098115659519,
				2086.0223088585662,
				1939.5256660168961,
				2063.2802685726674,
				1967.9532163742697,
				2106.86917912064,
				1994.5,
				2146.7000000000007,
				1977.4000000000015,
				2051.9000000000015,
				1975.5,
				2000.7000000000007,
				1962.267706302795,
				1960.941087286119,
				1977.4000000000015,
				1911.7000000000007,
				1962.2999999999993,
				1877.6000000000022,
				1962.2999999999993,
				1843.4000000000015,
				1964.2000000000007,
				1813.1000000000022,
				1975.5338964695693,
				1794.1661251895166,
				1994.486328125,
				1752.47265625,
				1994.5,
				1688.0,
				1958.4773662551452,
				1545.8988520684434,
				1971.7000000000007,
				1606.5,
				2009.6469568984212,
				1716.464154212692,
				2038.1000000000022,
				1780.9000000000015,
				2060.7999999999993,
				1828.2999999999993,
				2093.0,
				1866.2000000000007,
				2132.7999999999993,
				1913.6000000000022,
				2148.0,
				1932.5,
				2218.100000000002,
				1930.6000000000022,
				2269.2999999999993,
				1924.9000000000015,
				2237.0673597574205,
				1885.1342863331192,
				2292.0272904483427,
				1879.448776261641,
				2331.8258609486693,
				1873.7632661901662,
				2307.1886506389455,
				1809.3274853801195,
				2280.7000000000007,
				1752.5,
				2267.4000000000015,
				1693.7000000000007,
				2261.7000000000007,
				1640.6000000000022,
				2246.543209876545,
				1621.7056530214431,
				2223.8011695906425,
				1585.69742256877,
				2212.430149447693,
				1559.1650422352177,
				2204.9000000000015,
				1504.2000000000007,
				2180.2122590426698,
				1453.0355209010195,
				2142.2999999999993,
				1401.9000000000015,
				2110.091796875,
				1369.6484375,
				2096.7999999999993,
				1331.7000000000007,
				2068.4000000000015,
				1267.2999999999993,
				2032.4000000000015,
				1168.7999999999993,
				2009.6469568984212,
				1132.7517868745963,
				1990.6952566601685,
				1119.4855967078183,
				1960.4000000000015,
				1093.0,
				1931.9000000000015,
				1083.5,
				1907.3077756118691,
				1070.2111760883708,
				1888.4000000000015,
				1062.6000000000022,
				1867.5092051115462,
				1058.8401559454214,
				1841.0,
				1056.9000000000015,
				1812.5,
				1055.0,
				1780.2999999999993,
				1049.4000000000015,
				1740.5328135152704,
				1051.2594758501182,
				1700.7000000000007,
				1049.4000000000015,
				1662.8308425384457,
				1051.2594758501182,
				1623.0,
				1049.4000000000015,
				1596.5,
				1043.7000000000007,
				1556.7013212042475,
				1034.202945635694,
				1530.1689408706952,
				1036.098115659519,
				1496.055880441847,
				1034.202945635694,
				1452.5,
				1047.5,
				1422.144249512672,
				1055.0498158977716,
				1395.6118691791198,
				1051.2594758501182,
				1359.6000000000022,
				1062.6000000000022,
				1331.2000000000007,
				1074.0,
				1306.5390625,
				1083.4765625,
				1285.6920077972718,
				1102.4290664933942,
				1270.5,
				1134.6000000000022,
				1245.8934372969452,
				1163.0745072557947,
				1230.732077106346,
				1197.187567684643,
				1211.780376868097,
				1221.8247779943704,
				1172.0,
				1295.7000000000007,
				1143.5542560103968,
				1360.1721897335956,
				1109.4411955815485,
				1437.8741607104203,
				1069.642625081222,
				1547.7940220922683,
				1050.690924842973,
				1591.3829326402447,
				1041.2150747238484,
				1604.649122807019,
				1045.0054147714982,
				1623.600823045268,
				1026.0537145332491,
				1636.8670132120424,
				1027.9000000000015,
				1665.2999999999993,
				1016.577864414121,
				1705.0931340697425,
				993.8358241282222,
				1756.2627247130185,
				969.1986138184984,
				1816.908165475419,
				952.1420836040743,
				1841.5453757851428,
				984.3599740090976,
				1828.2791856183685,
				1035.5295646523737,
				1828.2791856183685,
				1069.642625081222,
				1824.4888455707187,
				1092.3846653671208,
				1826.3840155945436,
				1069.642625081222,
				1854.8115659519171,
				1016.577864414121,
				1894.6101364522438
			]
		}
	],
	"metadata.model": {
		"metadata.model.gender": "FEMALE",
		"metadata.model.age": "40대",
		"metadata.model.job": "homemaker",
		"metadata.model.type": "wear",
		"metadata.model.usually_size": "S",
		"metadata.model.body_height": "161",
		"metadata.model.waist_height": "99",
		"metadata.model.chest_size_male": "null",
		"metadata.model.breast_size_female": "90.0",
		"metadata.model.waist_size": "69",
		"metadata.model.hip_seize": "92",
		"metadata.model.back_length": "38",
		"metadata.model.shoulders_width": "42",
		"metadata.model.arm_length": "53",
		"metadata.model.weight": "54"
	},
	"metadata.clothes": {
		"metadata.clothes.type": "02top_01blouse",
		"metadata.clothes.season": "summer",
		"metadata.clothes.fiber_composition": "Polyester",
		"metadata.clothes.elasticity": "none at all",
		"metadata.clothes.transparency": "none",
		"metadata.clothes.isfleece": "fleece_none",
		"metadata.clothes.color": "Green",
		"metadata.clothes.washing_method": "none",
		"metadata.clothes.bleach": "none",
		"metadata.clothes.ironing": "none",
		"metadata.clothes.drycleaning": "none",
		"metadata.clothes.wringing": "none",
		"metadata.clothes.drying": "none",
		"metadata.clothes.top_length_type": "long",
		"metadata.clothes.sleeve_length_type": "long sleeves",
		"metadata.clothes.topneck_color_design": "V-neck",
		"metadata.clothes.topsleeve_design": "puff sleeve",
		"metadata.clothes.pants_silhouette": "null",
		"metadata.clothes.skirt_design": "null",
		"metadata.top.front_length": "65.0",
		"metadata.top.chest_size": "102.0",
		"metadata.top.waist_size": "104.0",
		"metadata.top.hem_size": "108.0",
		"metadata.top.shoulder_width": "40.0",
		"metadata.top.sleeve_length": "45.0",
		"metadata.top.sleeve_cuff_size": "30.0",
		"metadata.pants.pants_length": "null",
		"metadata.pants.waist_size": "null",
		"metadata.pants.hip_size": "null",
		"metadata.pants.front_rise_length": "null",
		"metadata.pants.back_rise_length": "null",
		"metadata.pants.inner_seam_length": "null",
		"metadata.pants.pants_waist_size": "null",