{
	"dataset": {
		"dataset.id": 331206,
		"dataset.name": "01_sou_066242_331206_front_02top_01blouse_woman",
		"dataset.image_path": "./008.의류 통합 데이터(3-1)/원천데이터/상품/상의/blouse/01_sou_066242_331206_front_02top_01blouse_woman.jpg",
		"dataset.label_path": "./008.의류 통합 데이터(3-1)/라벨링데이터/상품/상의/blouse/01_sou_066242_331206_front_02top_01blouse_woman.json",
		"dataset.category": 5,
		"dataset.type": 1,
		"dataset.width": 3792,
		"dataset.height": 2794,
		"dataset.file_size": 816543
	},
	"annotation": [
		{
			"annotation_type": "Polygon",
			"annotation_id": 170,
			"annotation_point_count": 179.0,
			"annotation_point": [
				2263.0,
				485.0,
				2252.0,
				527.0,
				1926.0,
				527.0,
				1486.2898324128291,
				461.01986469088297,
				1484.976562311993,
				453.14024408587284,
				1484.976562311993,
				432.1279224725113,
				1483.6632922111603,
				412.42887095998594,
				1481.0367520094878,
				392.7298194474588,
				1478.410211807819,
				371.71749783409723,
				1474.470401505314,
				352.0184463215719,
				1467.9040510011364,
				329.6928546073759,
				1454.7713499927886,
				315.2468834981901,
				1442.9519190852698,
				295.5478319856629,
				1424.5661376735807,
				282.4151309773133,
				1402.2405459593829,
				279.78859077564266,
				1381.2282243460213,
				279.78859077564266,
				1361.529172833496,
				287.6682113806528,
				1344.4566615226395,
				299.487642288168,
				1333.951171875,
				315.2470703125,
				1318.0380446608433,
				322.14155152757485,
				1301.622168400405,
				329.8022937824462,
				1289.5838591427491,
				341.8406030401002,
				1274.2623746330064,
				350.5957370456672,
				1256.7521066218724,
				359.3508710512342,
				1242.5250138628253,
				365.9172215554099,
				1226.109137602387,
				372.48357205958564,
				1208.5988695912529,
				380.144314314457,
				1194.3717768322058,
				387.80505656932837,
				1176.8615088210718,
				394.3714070735041,
				1158.256849059242,
				400.9377575776798,
				1144.029756300195,
				408.59849983255117,
				1128.7082717904523,
				415.16485033672507,
				1113.3867872807095,
				421.7312008409008,
				1096.9709110202712,
				429.39194309577215,
				1081.6494265105284,
				437.0526853506435,
				1065.23355025009,
				444.7134276055149,
				1053.1952409924343,
				458.94052036456196,
				1041.1569317347785,
				469.8844378715203,
				1024.74105547434,
				477.54518012639164,
				1010.513962715293,
				488.4890976333518,
				997.3812617069452,
				501.6217986417014,
				986.4373441999851,
				515.8488914007467,
				974.3990349423293,
				528.9815924090981,
				960.1719421832822,
				539.9255099160582,
				949.2280246763257,
				553.0582109244097,
				939.3784989200612,
				568.3796954341524,
				931.7177566651917,
				582.6067881931995,
				918.5850556568403,
				595.7394892015473,
				904.3579628977932,
				605.5890149578117,
				893.414045390833,
				616.5329324647719,
				879.186952631786,
				630.760025223819,
				867.3675217242708,
				638.858524178966,
				859.4879011192606,
				657.2443055906588,
				846.3552001109092,
				670.3770065990102,
				826.6561485983839,
				687.4495179098667,
				814.8367176908687,
				704.5220292207196,
				804.3305568841861,
				721.5945405315761,
				791.1978558758383,
				738.6670518424326,
				622.8804046188088,
				956.2321318807772,
				436.83380700050475,
				1187.805426328032,
				353.33171642240814,
				1285.5346096651738,
				236.77899497329417,
				1492.0463330214916,
				214.67228160923696,
				1547.2036772565625,
				214.67228160923696,
				1614.9465266246407,
				216.20443006021196,
				1636.9438008136276,
				211.4985455322185,
				1665.3979863317218,
				333.0,
				1718.0,
				411.0,
				1778.0,
				438.7000000000007,
				1824.7000000000007,
				605.1000000000022,
				1777.0,
				736.1000000000022,
				1702.5,
				1012.2999999999993,
				1456.6000000000022,
				1163.1000000000022,
				1283.2000000000007,
				1152.0,
				1335.0,
				1073.0,
				1610.0,
				1051.0,
				1814.0,
				1218.4609375,
				1867.111328125,
				1259.4355551945773,
				1881.295213342004,
				1313.0169753086484,
				1881.295213342004,
				1369.7502436647264,
				1870.2637444949905,
				1455.0,
				1898.0,
				1522.0,
				1898.0,
				1555.708984375,
				1886.0234375,
				1773.34441105336,
				1893.2722366616217,
				1894.8481607826216,
				1895.7937152552222,
				1985.7789825644431,
				1893.2722366616217,
				2076.8673967583636,
				1886.65335535341,
				2150.3054607970626,
				1887.4413174139117,
				2484.7999999999993,
				1842.7000000000007,
				2673.2999999999993,
				1799.7999999999993,
				2601.5,
				1473.6000000000022,
				2521.0,
				1113.0,
				3026.0,
				1413.0,
				3249.748046875,
				1520.171875,
				3344.961006124726,
				1553.003953535259,
				3412.8132946678707,
				1572.7030050477879,
				3463.155315199885,
				1583.6469225547444,
				3527.724428490943,
				1583.6469225547444,
				3544.1403047513813,
				1582.5525308040487,
				3578.0664490229537,
				1594.5908400617045,
				3592.293541782001,
				1577.0805720505705,
				3604.331851039653,
				1580.3637473026574,
				3618.5589437987,
				1553.003953535259,
				3627.314077804269,
				1543.154427778998,
				3639.3523870619247,
				1527.8329432692553,
				3659.05143857445,
				1513.6058505102083,
				3672.1841395828014,
				1498.2843660004655,
				3688.60001584324,
				1486.2460567428097,
				3705.015892103678,
				1468.7357887316757,
				3711.582242607852,
				1447.9423454684547,
				3721.4317683641166,
				1429.337685706625,
				3735.6588611231637,
				1429.337685706625,
				3735.6588611231637,
				1410.7330259447954,
				3743.319603378033,
				1388.845190930875,
				3759.7354796384716,
				1371.334922919741,
				3758.641087887776,
				1363.6741806648715,
				3752.074737383602,
				1337.4087786481687,
				3724.7149436162035,
				1266.2733148529333,
				3697.355149848805,
				1221.4032530744043,
				3642.634765625,
				1153.55078125,
				3550.7999999999993,
				1060.0,
				3261.7872330718383,
				840.554923832231,
				3147.9704909994653,
				770.5138517876912,
				2964.1126768825525,
				645.7531922083617,
				2946.6024088714184,
				632.6204912000103,
				2930.18653261098,
				623.8653571944415,
				2918.1482233533243,
				611.8270479367857,
				2901.732347092886,
				605.2606974326118,
				2887.505254333839,
				596.505563427043,
				2874.372553325491,
				583.3728624186951,
				2859.0510688157483,
				573.5233366624307,
				2842.63519255531,
				566.9569861582568,
				2830.596883297654,
				556.0130686512966,
				2817.4641822893027,
				548.3523263964235,
				2801.0483060288643,
				540.6915841415539,
				2789.0099967712085,
				529.7476666345938,
				2772.59412051077,
				519.8981408783329,
				2758.367027751723,
				510.04861512206844,
				2745.2343267433753,
				495.82152236302136,
				2733.1960174857195,
				484.87760485606304,
				2720.063316477368,
				471.7449038477116,
				2702.553048466234,
				462.9897698421446,
				2685.0427804551,
				456.4234193379689,
				2669.7212959453573,
				447.66828533240187,
				2655.49420318631,
				436.72436782544355,
				2641.267110427263,
				426.8748420691809,
				2623.756842416129,
				420.30849156500517,
				2609.529749657082,
				412.6477493101338,
				2595.302656898035,
				402.79822355387114,
				2577.792388886901,
				395.1374812989998,
				2564.6596878785494,
				382.00478029064834,
				2554.8101621222886,
				369.96647103299256,
				2544.960636366024,
				354.64498652325165,
				2534.016718859064,
				340.41789376420456,
				2525.261584853499,
				328.3795845065488,
				2508.8457085930604,
				322.90762575307053,
				2490.2410488312307,
				317.43566699959047,
				2475.50390625,
				310.705078125,
				2462.735336163736,
				306.14519210490835,
				2451.791418656776,
				299.76124022584736,
				2437.1995286474958,
				296.11326772352913,
				2423.5196317638,
				291.55330209562817,
				2408.015748628939,
				286.0813433421499,
				2392.5118654940816,
				282.4333708398299,
				2378.8319686103823,
				277.87340521193073,
				2365.152071726683,
