{
	"dataset": {
		"dataset.id": 334774,
		"dataset.name": "01_sou_066955_334774_wear_02top_01blouse_woman",
		"dataset.image_path": "./008.의류 통합 데이터(3-1)/원천데이터/상품/상의/blouse/01_sou_066955_334774_wear_02top_01blouse_woman.jpg",
		"dataset.label_path": "./008.의류 통합 데이터(3-1)/라벨링데이터/상품/상의/blouse/01_sou_066955_334774_wear_02top_01blouse_woman.json",
		"dataset.category": 5,
		"dataset.type": 1,
		"dataset.width": 2268,
		"dataset.height": 4032,
		"dataset.file_size": 1177491
	},
	"annotation": [
		{
			"annotation_type": "Polygon",
			"annotation_id": 118,
			"annotation_point_count": 81.0,
			"annotation_point": [
				774.8739464521586,
				1165.6861391648017,
				753.461255868342,
				1178.5337535150902,
				745.5079707943532,
				1182.8162916318543,
				735.1075210822128,
				1188.3224120676932,
				727.154236008224,
				1193.216741343993,
				719.2009509342352,
				1198.1110706202962,
				711.2476658602463,
				1203.6171910561352,
				702.6825896267183,
				1209.7351026515098,
				695.3410957122669,
				1215.8530142468844,
				687.3878106382781,
				1221.3591346827234,
				679.4345255642893,
				1228.0888374376373,
				673.3166139689129,
				1236.0421225116297,
				666.586911213999,
				1244.6071987451542,
				660.4689996186225,
				1251.9486926596073,
				655.574670342321,
				1259.2901865740569,
				650.6803410660195,
				1267.855262807585,
				646.3978029492555,
				1276.420339041113,
				642.7270559920307,
				1286.8207887532517,
				638.4445178752667,
				1297.2212384653903,
				634.1619797585045,
				1305.7863146989184,
				632.3266062798903,
				1314.3513909324465,
				626.8203125,
				1347.388671875,
				611.0,
				1379.0,
				583.0,
				1464.0,
				583.0,
				1498.0,
				603.0,
				1538.0,
				623.0,
				1561.0,
				746.0,
				1648.0,
				745.2667814439101,
				1656.50741688977,
				749.52734375,
				1696.9853515625,
				750.0,
				1790.0,
				742.0,
				1821.0,
				745.2666015625,
				1894.4013671875,
				746.6870442797044,
				1911.4445959149161,
				742.4262557723196,
				1944.8207725560933,
				756.6288841302667,
				1956.8930066603461,
				994.0,
				1906.0,
				1022.0,
				1892.0,
				1053.0,
				1883.0,
				1113.0,
				1881.0,
				1181.0,
				1864.0,
				1225.0,
				1864.0,
				1269.0,
				1872.0,
				1317.0,
				1872.0,
				1345.0,
				1883.0,
				1362.158203125,
				1887.8681640625,
				1330.9121617838355,
				1767.8560232160671,
				1350.7958414849636,
				1708.2049841126936,
				1362.1579441713184,
				1589.6130373238339,
				1373.5200468576768,
				1557.6571235184529,
				1376.3605725292655,
				1532.092392474151,
				1509.8652790939668,
				1441.195570983291,
				1496.3727821539142,
				1392.9066345662723,
				1487.851205139148,
				1362.3709835966874,
				1453.7785961910704,
				1289.4759623856444,
				1449.3736998424029,
				1280.666169688302,
				1444.2346541022853,
				1268.9197794251813,
				1439.829757753614,
				1258.6416879449498,
				1434.6907120134965,
				1248.3635964647146,
				1428.0833674904898,
				1238.8196543759295,
				1422.2101723589294,
				1227.8074135042516,
				1415.6028278359227,
				1217.52932202402,
				1407.5271845300267,
				1210.9219775010133,
				1398.7173918326844,
				1203.5804835865601,
				1390.6417485267884,
				1194.7706908892178,
				1382.5661052208925,
				1185.2267488004327,
				1372.288013740661,
				1177.8852548859795,
				1361.275772868983,
				1172.7462091458656,
				1350.9976813887479,
				1168.3413127971944,
				1339.2512911256272,
				1162.4681176656304,
				1326.77075147106,
				1157.3290719255165,
				1316.4926599908285,
				1154.3924743597345,
				1276.84765625,
				1143.380859375,
				1255.6382314867187,
				1131.5782727800542,
				1252.79770581513,
				1128.737747108462,
				1237.1748146213868,
				1147.2011639737975,
				1142.72733604104,
				1213.2433858382465,
				1018.4543379090101,
				1235.9675912109597,
				928.9777792539426,
				1227.4460141961936,
				852.2835861210315,
				1202.5914145697898,
				801.8642578125,
				1169.92578125
			]
		}
	],
	"metadata.model": {
		"metadata.model.gender": "FEMALE",
		"metadata.model.age": "20대",
		"metadata.model.job": "not employed",
		"metadata.model.type": "wear",
		"metadata.model.usually_size": "M",
		"metadata.model.body_height": "158",
		"metadata.model.waist_height": "94",
		"metadata.model.chest_size_male": "null",
		"metadata.model.breast_size_female": "89.0",
		"metadata.model.waist_size": "73",
		"metadata.model.hip_seize": "97",
		"metadata.model.back_length": "41",
		"metadata.model.shoulders_width": "41",
		"metadata.model.arm_length": "53",
		"metadata.model.weight": "55"
	},
	"metadata.clothes": {
		"metadata.clothes.type": "02top_01blouse",
		"metadata.clothes.season": "summer",
		"metadata.clothes.fiber_composition": "Polyester",
		"metadata.clothes.elasticity": "none",
		"metadata.clothes.transparency": "contain",
		"metadata.clothes.isfleece": "fleece_none",
		"metadata.clothes.color": "White",
		"metadata.clothes.washing_method": "none",
		"metadata.clothes.bleach": "none",
		"metadata.clothes.ironing": "none",
		"metadata.clothes.drycleaning": "none",
		"metadata.clothes.wringing": "none",
		"metadata.clothes.drying": "none",
		"metadata.clothes.top_length_type": "crop",
		"metadata.clothes.sleeve_length_type": "short sleeves",
		"metadata.clothes.topneck_color_design": "round neck",
		"metadata.clothes.topsleeve_design": "ribbed sleeve",
		"metadata.clothes.pants_silhouette": "null",
		"metadata.clothes.skirt_design": "null",
		"metadata.top.front_length": "38.0",
		"metadata.top.chest_size": "92.0",
		"metadata.top.waist_size": "92.0",
		"metadata.top.hem_size": "94.0",
		"metadata.top.shoulder_width": "45.0",
		"metadata.top.sleeve_length": "9.0",
		"metadata.top.sleeve_cuff_size": "26.0",
		"metadata.pants.pants_length": "null",
		"metadata.pants.waist_size": "null",
		"metadata.pants.hip_size": "null",
		"metadata.pants.front_rise_length": "null",
		"metadata.pants.back_rise_length": "null",
		"metadata.pants.inner_seam_length": "null",
		"metadata.pants.pants_waist_size": "null",
		"metadata.skirt.length": "null",
		"metadata.skirt.waist_size": "null",
		"metadata.skirt.hip_size": "null",
		"metadata.skirt.hem_size": "null",
		"metadata.dress.front_length": "null",
		"metadata.dress.chest_size": "null",
		"metadata.dress.waist_size": "null",
		"metadata.dress.hip_size": "null",
		"metadata.dress.hem_size": "null",
		"metadata.dress.shoulder_width": "null",
		"metadata.dress.sleeve_length": "null",
		"metadata.dress.cuff_size": "null",
		"metadata.jumpsuit.front_length": "null",
		"metadata.jumpsuit.inner_seam_length": "null",
		"metadata.jumpsuit.chest_size": "null",
		"metadata.jumpsuit.waist_size": "null",
		"metadata.jumpsuit.hip_size": "null",
		"metadata.jumpsuit.shoulder_width": "null",
		"metadata.jumpsuit.sleeve_length": "null",
		"metadata.jumpsuit.cuffs_size": "null",
		"metadata.jumpsuit.front_rise_length": "null",
		"metadata.jumpsuit.back_rise_length": "null",
		"metadata.jumpsuit.pants_waist_size": "null"
	}
}