{
	"dataset": {
		"dataset.id": 133590,
		"dataset.name": "01_sou_026718_133590_wear_02top_01blouse_woman",
		"dataset.image_path": "./008.의류 통합 데이터(3-1)/원천데이터/상품/상의/blouse/01_sou_026718_133590_wear_02top_01blouse_woman.jpg",
		"dataset.label_path": "./008.의류 통합 데이터(3-1)/라벨링데이터/상품/상의/blouse/01_sou_026718_133590_wear_02top_01blouse_woman.json",
		"dataset.category": 5,
		"dataset.type": 1,
		"dataset.width": 607,
		"dataset.height": 1080,
		"dataset.file_size": 58176
	},
	"annotation": [
		{
			"annotation_type": "Polygon",
			"annotation_id": 179,
			"annotation_point_count": 286.0,
			"annotation_point": [
				254.87524685658354,
				446.9960547135306,
				254.166889036891,
				456.34637793347065,
				251.05011463024493,
				477.4554409603006,
				248.6416980432914,
				495.30605801654747,
				249.35005586298394,
				497.9978177313769,
				250.62509993843014,
				499.5562049347009,
				254.7335752926465,
				501.25626370196187,
				257.1419918796,
				502.8146509052858,
				258.27536439110736,
				503.52300872497653,
				260.82545254199977,
				505.3647390561782,
				264.36724164046063,
				508.3398418988836,
				265.3589425880309,
				510.74825848583714,
				265.3589425880309,
				511.59828786947037,
				264.9339278962143,
				515.5650916597478,
				263.94222694864584,
				518.1151798106403,
				263.6588838207681,
				519.1068807582087,
				263.2338691289533,
				521.0902826533456,
				262.24216818138484,
				530.2989343093468,
				261.8171534895682,
				533.132365588117,
				261.25046723381456,
				536.2491399947612,
				261.39213879775343,
				555.9414873822097,
				261.25046723381456,
				557.216531457656,
				261.1087956698757,
				559.7666196085447,
				260.542109414122,
				562.033364631563,
				259.8337515944295,
				564.8667959103295,
				259.55040846655356,
				577.7589082287304,
				259.12539377473877,
				582.0090551468857,
				258.5587075189833,
				584.7008148617169,
				258.41703595504623,
				585.5508442453465,
				258.1336928271685,
				587.6759177044223,
				257.42533500747595,
				599.8596722031325,
				257.2836634435389,
				602.693103481899,
				257.2836634435389,
				605.3848631967303,
				257.2836634435389,
				607.3682650918709,
				257.2836634435389,
				610.0600248066985,
				260.542109414122,
				616.2935736199906,
				260.82545254199977,
				614.8768579806092,
				260.40043785018497,
				612.1850982657779,
				259.12539377473877,
				610.0600248066985,
				260.82545254199977,
				608.9266522951912,
				262.24216818138484,
				607.0849219639931,
				261.25046723381456,
				604.8181769409784,
				263.51721225683104,
				602.8347750458379,
				261.6754819256312,
				600.5680300228232,
				263.94222694864584,
				598.0179418719308,
				265.7839572798457,
				597.0262409243624,
				267.34234448316965,
				595.892868412855,
				269.6090895061843,
				594.6178243374088,
				272.86753547676926,
				593.2011086980237,
				273.29255016858406,
				593.0594371340849,
				275.84263831947646,
				592.3510793143942,
				278.39272647036887,
				592.2094077504553,
				281.50950087701494,
				592.2094077504553,
				285.1929615394147,
				592.2094077504553,
				289.0180937657533,
				592.4927508783294,
				300.2101473168914,
				593.3427802619626,
				303.04357859566153,
				593.2011086980237,
				304.60196579898366,
				593.0594371340849,
				307.15205394987606,
				593.0594371340849,
				308.14375489744634,
				594.6178243374088,
				307.4353970777538,
				597.3095840522401,
				307.4353970777538,
				599.292985947377,
				307.8604117695686,
				600.0013437670677,
				309.5604705368296,
				601.1347162785787,
				311.54387243196834,
				600.7097015867621,
				313.5272743271071,
				599.5763290752548,
				313.66894589104595,
				597.1679124883012,
				313.66894589104595,
				594.47615277347,
				314.94398996649215,
				592.6344224422683,
				317.2107349895068,
				591.7843930586387,
				318.76912219283076,
				590.2260058553147,
				321.6025534715991,
				589.6593195995629,
				325.1443425700618,
				589.6593195995629,
				326.13604351763024,
				589.6593195995629,
				328.5444601045838,
				589.6593195995629,
				330.9528766915373,
				589.517648035624,
				333.2196217145538,
				589.517648035624,
				337.4697686327072,
				590.3676774192536,
				341.01155773116807,
				590.9343636750091,
				344.12833213781414,
				591.6427214946998,
				345.1200330853844,
				591.7843930586387,
				347.3867781083991,
				592.0677361865164,
				350.50355251504516,
				592.7760940062071,
				352.9119691019987,
				593.3427802619626,
				355.4620572528911,
				594.1928096455922,
				357.7288022759076,
				595.3261821570995,
				360.2788904268,
				596.4595546686069,
				362.6873070137535,
				597.876270307992,
				365.23739516464593,
				598.8679712555604,
				368.07082644341426,
				600.0013437670677,
				369.91255677461413,
				600.9930447146398,
				371.4709439779381,
				603.1181181737156,
				372.1793017976306,
				604.8181769409784,
				372.7459880533843,
				607.226593527932,
				373.8793605648916,
				608.9266522951912,
				376.429448715784,
				610.2016963706374,
				379.1212084306153,
				611.4767404460836,
				381.2462818896911,
				612.6101129575909,
				383.22968378482983,
				613.601813905163,
				385.0714141160297,
				614.7351864166703,
				386.91314444722957,
				615.7268873642388,
				388.75487477842944,
				617.1436030036239,
				390.45493354569226,
				618.5603186430089,
				392.8633501326458,
				619.977034282394,
				394.70508046384566,
				620.6853921020847,
				397.25516861473807,
				621.5354214857143,
				399.52191363775273,
				622.2437793054087,
				402.07200178864514,
				622.9521371250994,
				404.62208993953755,
				623.8021665087326,
				407.0305065264911,
				624.7938674563011,
				408.7305652937539,
				623.5188233808549,
				409.5805946773835,
				621.1104067939013,
				410.57229562495377,
				618.7019902069478,
				411.13898188070743,
				616.2935736199906,
				411.5639965725222,
				613.7434854691019,
				411.84733970039997,
				611.3350688821447,
				411.989011264337,
				608.9266522951912,
				412.27235439221477,
				606.6599072721765,
				412.5556975200907,
				603.9681475573452,
				412.41402595615364,
				601.5597309703917,
				411.989011264337,
				599.1513143834381,
				411.5639965725222,
				597.3095840522401,
				411.2806534446445,
				595.1845105931607,
				411.2806534446445,
				592.2094077504553,
				411.5639965725222,
				589.942662727437,
				412.1306828282759,
				587.1092314486705,
				412.41402595615364,
				585.5508442453465,
				412.83904064796843,
				583.2840992223319,
				413.2640553397832,
				581.0173541993172,
				413.68907003159984,
				578.8922807402378,
				413.68907003159984,
				576.4838641532842,
				413.8307415955369,
				574.2171191302696,
				413.8307415955369,
				571.3836878514994,
				414.11408472341463,
				568.833599700607,
				414.11408472341463,
				566.4251831136535,
				414.11408472341463,
				563.5917518348833,
				413.97241315947576,
				561.0416636839909,
				414.11408472341463,
				548.7162376213455,
				413.68907003159984,
				546.1661494704531,
				413.8307415955369,
				543.8994044474384,
				414.8224425431072,
				541.349316296546,
				416.0974866185534,
				539.507585965348,
				416.66417287430704,
				537.5241840702074,
				415.81414349067563,
				535.3991106111316,
				415.5308003627997,
				533.132365588117,
				415.5308003627997,
				530.7239490011634,
				414.96411410704604,
				528.598875542084,
				414.53909941522943,
				526.3321305190693,
				414.11408472341463,
				523.9237139321158,
				414.11408472341463,
				521.0902826533456,
				414.11408472341463,
				519.2485523221476,
				414.11408472341463,
				517.1234788630682,
				413.97241315947576,
				514.9984054039924,
				413.97241315947576,
				512.5899888170388,
				413.97241315947576,
				510.32324379402417,
				414.11408472341463,
				507.91482720707063,
				414.11408472341463,
				505.64808218405597,
				414.11408472341463,
				503.2396655971006,
				414.11408472341463,
				500.6895774462082,
