{
	"dataset": {
		"dataset.id": 332767,
		"dataset.name": "01_sou_066554_332767_back_02top_01blouse_woman",
		"dataset.image_path": "./008.의류 통합 데이터(3-1)/원천데이터/상품/상의/blouse/01_sou_066554_332767_back_02top_01blouse_woman.jpg",
		"dataset.label_path": "./008.의류 통합 데이터(3-1)/라벨링데이터/상품/상의/blouse/01_sou_066554_332767_back_02top_01blouse_woman.json",
		"dataset.category": 5,
		"dataset.type": 1,
		"dataset.width": 3000,
		"dataset.height": 2721,
		"dataset.file_size": 901090
	},
	"annotation": [
		{
			"annotation_type": "Polygon",
			"annotation_id": 121,
			"annotation_point_count": 159.0,
			"annotation_point": [
				1815.2999999999993,
				570.5,
				1798.3793130419072,
				593.8339240359928,
				1755.955784431695,
				617.1668647716069,
				1726.966796875,
				625.65234375,
				1458.0,
				631.0,
				1402.0,
				620.0,
				1337.029296875,
				577.0390625,
				1265.0468165827988,
				615.2401295139025,
				1260.97140816307,
				617.6460935207324,
				1256.208581455674,
				620.3957666713941,
				1252.1331730359416,
				622.065211084293,
				1245.651800609383,
				625.1585933787901,
				1241.8710000272222,
				627.5154560793562,
				1236.0770458883271,
				629.2340017985189,
				1230.9705100370993,
				630.6088383738497,
				1226.2076833297033,
				632.327384093016,
				1221.1011474784718,
				635.7153742250812,
				1216.2892194648157,
				638.4650473757429,
				1211.8701019012515,
				641.5093283639726,
				1207.1072751938555,
				643.5715832269707,
				1202.3444484864594,
				646.615864215204,
				1197.237912635228,
				649.021828222034,
				1193.457112053071,
				651.3786909226001,
				1188.0068670580076,
				654.4720732170936,
				1183.2440403506116,
				657.5654555115871,
				1178.1375044993838,
				659.9223182121568,
				1173.6692856295558,
				662.6719913628185,
				1169.2501680659952,
				666.0599814948837,
				1164.1436322147638,
				668.4659455017136,
				1160.4119329388668,
				671.8539356337787,
				1155.600004925207,
				674.6036087844404,
				1151.1808873616428,
				677.3041806288384,
				1146.4180606542468,
				680.3975629233355,
				1140.9678156591872,
				684.1292621992325,
				1136.4995967893592,
				686.8789353498942,
				1131.3930609381314,
				689.9232163381275,
				1126.9739433745672,
				693.016598632621,
				1122.2111166671712,
				695.7171704770226,
				1117.7428977973468,
				699.1542619153479,
				1113.3237802337826,
				702.8859611912485,
				1108.5609535263866,
				705.6356343419102,
				1104.4855451066542,
				709.0236244739754,
				1102.0304797935642,
				711.4786897870654,
				1098.7406922740229,
				715.5540982067942,
				859.2736216351368,
				930.2250091834649,
				585.0,
				1221.0,
				408.0,
				1432.0,
				236.60000000000036,
				1714.2999999999993,
				78.10000000000036,
				1784.4000000000015,
				158.0,
				1904.0,
				297.0,
				2007.0,
				436.0,
				2059.0,
				466.60000000000036,
				2065.9000000000015,
				524.9000000000015,
				2055.4000000000015,
				529.2087487864446,
				1787.066372079189,
				638.8028643628204,
				1683.1287269841741,
				801.2142730589112,
				1502.475200985693,
				881.818977418312,
				1431.0622611585059,
				937.67578125,
				1350.45703125,
				951.3582113985467,
				1308.7175183720574,
				959.0180151753921,
				1265.7047740867056,
				958.4287995002487,
				1212.6753633239423,
				973.7484070539358,
				1192.0528146939796,
				1002.0307594607439,
				1187.928304967987,
				993.1925243336154,
				1233.297911953905,
				962.5533092262413,
				1313.4312437731933,
				943.1091919465616,
				1366.4606545359566,
				944.876838971988,
				1411.8302615218781,
				936.627819520003,
				1465.4488879597811,
				937.570564600228,
				1637.3231003986475,
				946.703407564928,
				1921.9142714921472,
				928.0,
				2048.0,
				947.0,
				2059.0,
				1347.9000000000015,
				2136.0,
				1581.7000000000007,
				2141.100000000002,
				1891.1000000000022,
				2128.5,
				2307.0,
				2003.4000000000015,
				2284.2000000000007,
				1628.2000000000007,
				2264.1896571820253,
				1446.1226138151287,
				2240.0318145012134,
				1357.740262543859,
				2201.14453125,
				1244.611328125,
				2248.2808339531985,
				1299.9971263799598,
				2263.0,
				1329.5,
				2327.2357344222,
				1384.2549679252406,
				2305.435546875,
				1482.064453125,
				2310.73769551823,
				1520.9530045581414,
				2359.6425965550006,
				1606.3892774537053,
				2392.638674362941,
				1662.3647665921744,
				2409.136713266911,
				1690.0579033238428,
				2445.6680851257042,
				1739.5520200357532,
				2470.2874800853824,
				1759.7424771706173,
				2471.0731009855735,
				1776.0932121557998,
				2483.741238001123,
				1797.5013816859537,
				2475.394015936614,
				1814.1958258149716,
				2461.154637120686,
				1971.320005852791,
				2449.370323617848,
				2019.4392859893705,
				2452.3164019935575,
				2042.0258868698074,
				2515.657087071304,
				2035.6427170557727,
				2589.30904646403,
				2017.4752337389,
				2658.050875230576,
				1993.4155936706084,
				2688.4936851129023,
				1990.9605283575183,
				2726.3016909345024,
				1985.5593846687152,
				2764.6007098187183,
				1963.4637968508978,
				2763.126953125,
				1949.71484375,
				2749.37890625,
				1919.763671875,
				2808.3008723917374,
				1904.0512162740997,
				2865.749400718065,
				1878.5185370179533,
				2914.359693917264,
				1850.530792448717,
				2877.5337142209028,
				1813.2137996897363,
				2859.857243966646,
				1787.68112043359,
				2832.360512460029,
				1737.1067749839167,
				2805.845703125,
				1695.861328125,
				2722.2000000000007,
				1592.2000000000007,
				2397.2999999999993,
				1028.9000000000015,
				2353.4000000000015,
				914.0,
				2186.2000000000007,
				787.6000000000022,
				2057.548264632682,
				673.4199490543178,
				2054.138451697836,
				670.8625893531826,
				2050.7286387629865,
				668.0210785741438,
				2045.8980704386158,
				665.4637188730048,
				2042.48825750377,
				663.7588124055801,
				2038.5101424131135,
				661.4856037823483,
				2034.6401625937688,
				658.8589164802615,
				2033.6535269066007,
				658.6944771990675,
				2030.858059126298,
				658.0367200742876,
				2028.5559091895739,
				657.0500843871232,
				2026.0893199716556,
				656.3923272623433,
				2023.622730753741,
				655.4056915751789,
				2020.9917022546288,
				653.7612987632347,
				2019.0184308802964,
				652.7746630760666,
				2016.5518416623781,
				651.1302702641224,
				2014.249691725654,
				649.9791952957603,
				2011.7831025077394,
				648.8281203273982,
				2009.6453918522093,
				647.348166796648,
				2007.672120477877,
				646.1970918282859,
				2005.2055312599587,
				644.8815775787334,
				2003.0678206044322,
				643.5660633291773,
				2000.765670667708,
				642.2505490796211,
				1998.7923992933756,
				641.099474111259,
				1996.984375,
				639.455078125,
				1992.7618188705637,
				638.4693664721235,
				1988.7837037799072,
				636.1961578488881,
				1984.8055886892507,
				633.9229492256563,
				1980.543322520687,
				631.6497406024246,
				1975.4286031184165,
				629.9448341349998,
				1970.5980347940458,
				627.9557765896716,
				1966.9040707812928,
				626.8191722780575,
				1962.6418046127328,
				625.1142658106328,
				1957.5270852104622,
				623.409359343208,
				1953.5489701198057,
				621.4203017978798,
				1948.718401795435,
				620.5678485641693,
				1943.6036823931645,
				619.147093174648,
				1939.3414162246045,
				617.1580356293198,
				1935.0791500560408,
				614.884827006088,
				1930.5327328095773,
				613.4640716165668,
				1926.2704666410173,
				612.6116183828562,
				1921.4398983166466,
				610.622560837528,
				1917.7459343038972,
				608.9176543701033,
				1913.484375,
				608.91796875
			]
		}
	],
	"metadata.model": {
		"metadata.model.gender": "FEMALE",
		"metadata.model.age": "20대",
		"metadata.model.job": "office job",
		"metadata.model.type": "back",
		"metadata.model.usually_size": "M",
		"metadata.model.body_height": "166",
		"metadata.model.waist_height": "86",