{
	"dataset": {
		"dataset.id": 103428,
		"dataset.name": "01_sou_020686_103428_wear_02top_01blouse_woman",
		"dataset.image_path": "./008.의류 통합 데이터(3-1)/원천데이터/상품/상의/blouse/01_sou_020686_103428_wear_02top_01blouse_woman.jpg",
		"dataset.label_path": "./008.의류 통합 데이터(3-1)/라벨링데이터/상품/상의/blouse/01_sou_020686_103428_wear_02top_01blouse_woman.json",
		"dataset.category": 5,
		"dataset.type": 1,
		"dataset.width": 607,
		"dataset.height": 1080,
		"dataset.file_size": 66796
	},
	"annotation": [
		{
			"annotation_type": "Polygon",
			"annotation_id": 17,
			"annotation_point_count": 188.0,
			"annotation_point": [
				181.40000000000146,
				403.60000000000036,
				185.40000000000146,
				410.90000000000146,
				184.75746344796426,
				417.827448218035,
				179.52886544073954,
				431.6309469571097,
				175.97341879582564,
				431.8400908773983,
				175.97341879582564,
				436.23211320346854,
				174.50941135380344,
				439.16012808751475,
				171.3722525494668,
				444.17958217445084,
				171.3720703125,
				448.990234375,
				166.3527984625307,
				451.2904754642768,
				165.09793494079713,
				452.75448290630084,
				168.23509374513196,
				454.0093464280344,
				152.96758756403506,
				479.73404862358257,
				142.92867939016287,
				500.2301528119042,
				118.87712855692553,
				540.1766415871061,
				110.7205156656546,
				557.1172991305157,
				117.83140895548058,
				560.6727457754278,
				124.73315832501794,
				563.1824728188967,
				133.72634689744518,
				564.2281924203417,
				134.35377865831288,
				562.1367532174518,
				134.98121041918057,
				550.2155497609783,
				141.0463841075616,
				543.1046564711523,
				144.18359375,
				537.4580078125,
				203.5,
				469.5,
				213.90000000000146,
				451.7000000000007,
				219.90000000000146,
				422.3000000000011,
				226.10000000000036,
				419.60000000000036,
				226.3000000000011,
				424.5,
				231.0,
				436.0,
				236.3000000000011,
				475.8000000000011,
				231.20000000000073,
				506.60000000000036,
				225.3000000000011,
				524.5,
				222.70000000000073,
				578.3000000000011,
				235.60000000000036,
				576.8000000000011,
				257.5,
				570.9000000000015,
				267.5,
				568.6000000000004,
				279.3000000000011,
				568.0,
				288.2000000000007,
				565.0,
				310.0,
				556.0,
				336.77163047083013,
				565.4328614012084,
				375.17045423589116,
				570.4523154881463,
				379.18601750544076,
				572.4600971229193,
				383.7035261836827,
				572.4600971229193,
				383.7035261836827,
				564.6799432881689,
				380.4408810271743,
				533.5593279491641,
				383.9544988880298,
				523.5204197752919,
				379.185546875,
				521.763671875,
				365.40000000000146,
				469.0,
				358.0,
				428.0,
				364.90000000000146,
				423.90000000000146,
				370.8000000000011,
				427.8000000000011,
				374.2344964622371,
				436.5177495760836,
				385.1516154495457,
				465.49289686612246,
				385.1516154495457,
				469.4869647883079,
				386.24090670105215,
				470.9393531236492,
				388.0563921202265,
				472.3917414589887,
				391.3242658747422,
				475.5385828522267,
				408.26879645371264,
				498.5347314951159,
				429.328427316148,
				525.8880451440255,
				438.526886773303,
				538.1123136331389,
				441.3106310827061,
				545.8583847549544,
				449.66186401091363,
				551.667938096316,
				450.63012290114057,
				557.1143943538427,
				451.2352847075308,
				560.0191710245235,
				454.624190823326,
				562.6818829726471,
				455.10832026843855,
				569.2176304816785,
				459.46548527446066,
				580.5946724418445,
				466.2432975060492,
				577.3267986873288,
				477.13621002110085,
				575.2692485455973,
				481.73543974967833,
				574.6640867392052,
				479.5568572466673,
				571.7593100685244,
				475.199692240647,
				561.7136240824202,
				471.44768904101875,
				553.4834235154922,
				470.96355959590437,
				550.8207115673667,
				470.7214948733472,
				548.6421290643575,
				468.66394473161563,
				546.3425142000688,
				468.9060094541728,
				544.6480611421703,
				469.2691065380077,
				543.0746404455531,
				468.9060094541728,
				540.896057942542,
				466.84845931243945,
				539.9277990523151,
				466.84845931243945,
				538.3543783556961,
				465.39607097709995,
				536.0547634914074,
				464.6698768094302,
				534.1182457109535,
				462.49129430641915,
				532.9079220981694,
				461.280970693635,
				531.092436678995,
				459.1023881906258,
				528.9138541759839,
				457.89206457784167,
				526.372174589138,
				458.25516166167654,
				522.7412037507875,
				457.89206457784167,
				520.4415888864987,
				456.68174096505754,
				518.14197402221,
				454.624190823326,
				517.4157798545402,
				452.5666406815926,
				515.2371973515292,
				450.99321998497544,
				513.0586148485181,
				441.1895987214266,
				491.99898398608275,
				424.9712623101277,
				459.92540824731805,
				425.2133270326831,
				457.9888904668642,
				425.81848883907514,
				454.8420490736262,
				424.0030034199008,
				453.75275782212157,
				421.09822674922,
				453.5106930995644,
				420.4930649428279,
				452.30036948678026,
				421.21925911049766,
				450.0007546224915,
				420.2510002202707,
				448.18526920331715,
				418.43551480109636,
				447.70113975820277,
				417.951385355982,
				445.8856543390284,
				419.0406766074866,
				444.0701689198522,
				418.55654716237405,
				442.61778058451273,
				415.65177049169324,
				442.13365113939835,
				406.4533110345383,
				417.20098471605706,
				408.26879645371264,
				412.2386579036429,
				409.60015242777445,
				409.4549135942416,
				409.60015242777445,
				406.4291045622813,
				406.57421875,
				403.6455078125,
				404.91281114018784,
				397.5753452700483,
				403.8670915387429,
				393.91532666499006,
				404.7385245399473,
				391.47531426161913,
				402.4727987368169,
				388.86101525800586,
				402.12422553633405,
				386.9438626553565,
				404.5642379397068,
				379.1009656445185,
				404.38995133946446,
				371.43235523392286,
				402.64708533705743,
				367.4237634283836,
				401.775652335853,
				363.5894582230849,
				403.6928049385024,
				361.498019020195,
				402.9956585375385,
				356.79228081369183,
				402.6474609375,
				352.2607421875,
				395.2000000000007,
				340.0,
				393.52161279999746,
				328.7008767999978,
				391.5309567999975,
				325.41629439999633,
				389.91354879999744,
				324.42096639999727,
				388.2214911999963,
				323.69935359999727,
				386.529433599997,
				323.30122239999764,
				384.8373759999977,
				323.10215679999783,
				383.4190335999974,
				323.10215679999783,
				381.9260415999979,
				323.9979519999979,
				380.83118079999804,
				325.41629439999633,
				379.93538559999797,
				326.51115519999803,
				378.4175103999969,
				326.610687999997,
				376.7254527999976,
				325.71489279999696,
				375.2324607999981,
				324.5204991999981,
				374.21224959999745,
				323.30122239999764,
				373.11738879999757,
				321.90776319999713,
				372.1220607999967,
				320.71336959999644,
				370.23093759999756,
				319.7180415999974,
				368.01633279999805,
				318.69783039999675,
				366.3242751999969,
				317.7025023999977,
				365.0303487999972,
				316.9062399999966,
				365.080078125,
				315.9609375,
				358.38874607190155,
				315.99527342932015,
				356.92473862987936,
				321.01472751625624,
				349.60470141976293,
				331.05363569012843,
				339.3566493256021,
				342.5565513060228,
				324.0891431445034,
				350.2948763567165,
				306.31190991993753,
				358.2423453276988,
				291.6718354997083,
				358.66063316827785,
				276.195185398321,
				354.6868986827867,
				256.3265129708652,
				344.0205587480468,
				244.6144534346804,
				329.3804843278158,
				241.6865234375,
				315.5771484375,
				237.67087528108277,
				313.2554880735315,
				235.7885799984815,
				311.37319279093026,
				230.14169415067954,
				315.1377833561328,
				227.21367926663333,
				315.55607119671004,
				222.8256979979633,
				318.5404785071405,
				222.42368193665789,
				318.83762081332316,
				221.02536520167996,
