{
	"dataset": {
		"dataset.id": 409366,
		"dataset.name": "01_sou_081874_409366_front_02top_01blouse_woman",
		"dataset.image_path": "./008.의류 통합 데이터(3-1)/원천데이터/상품/상의/blouse/01_sou_081874_409366_front_02top_01blouse_woman.jpg",
		"dataset.label_path": "./008.의류 통합 데이터(3-1)/라벨링데이터/상품/상의/blouse/01_sou_081874_409366_front_02top_01blouse_woman.json",
		"dataset.category": 5,
		"dataset.type": 1,
		"dataset.width": 4032,
		"dataset.height": 2876,
		"dataset.file_size": 1563404
	},
	"annotation": [
		{
			"annotation_type": "Polygon",
			"annotation_id": 41,
			"annotation_point_count": 141.0,
			"annotation_point": [
				2265.0,
				658.0,
				2191.0,
				670.0,
				2128.0,
				670.0,
				2076.0,
				653.0,
				2012.0,
				664.0,
				1928.0,
				658.0,
				1907.0,
				720.0,
				1792.0,
				788.0,
				1747.0560183445414,
				789.0060562723593,
				1623.5274611326895,
				859.3704243044267,
				1548.47265625,
				882.826171875,
				1182.0,
				1115.0,
				1067.0,
				1222.0,
				867.0,
				1363.0,
				709.0,
				1554.0,
				646.0,
				1594.0,
				646.0,
				1712.0,
				688.0,
				1723.0,
				688.0,
				1757.0,
				720.0,
				1757.0,
				856.0,
				1695.2000000000007,
				1221.1000000000022,
				1515.2999999999993,
				1558.7999999999993,
				1318.0,
				1592.0,
				1273.0,
				1613.0,
				1278.0,
				1613.0,
				1312.0,
				1540.0,
				1425.0,
				1529.0,
				1566.0,
				1454.6000000000022,
				1940.6000000000022,
				1441.1953125,
				2077.384765625,
				1448.7362940914609,
				2079.2697632002673,
				1458.790644804776,
				2079.89816011985,
				1470.101789357257,
				2081.154953959016,
				1479.5277431509894,
				2081.7833508785952,
				1490.8388877034704,
				2083.668541637344,
				1501.5216353363685,
				2084.9253354765096,
				1511.5759860496837,
				2084.9253354765096,
				1522.2587336825818,
				2085.553732396089,
				1534.1982751546457,
				2086.8105262352547,
				1541.7390381896294,
				2087.4389231548375,
				1552.4217858225275,
				2088.6957169940033,
				1565.618121133757,
				2088.6957169940033,
				1573.1588841687408,
				2088.6957169940033,
				1586.3552194799704,
				2088.6957169940033,
				1594.524379434537,
				2088.6957169940033,
				1608.9775085849287,
				2089.3241139135826,
				1620.9170500569926,
				2089.3241139135826,
				1635.3701792073844,
				2089.3241139135826,
				1646.6813237598617,
				2089.3241139135826,
				1658.6208652319256,
				2089.3241139135826,
				1669.3036128648237,
				2089.3241139135826,
				1679.3579635781389,
				2089.3241139135826,
				1690.6691081306199,
				2088.6957169940033,
				1698.2098711656072,
				2088.0673200744204,
				1710.7778095572503,
				2088.0673200744204,
				1722.7173510293105,
				2086.8105262352547,
				1733.4000986622086,
				2086.8105262352547,
				1744.7112432146896,
				2086.182129315672,
				1757.9075785259156,
				2086.182129315672,
				1769.2187230783966,
				2086.182129315672,
				1782.4150583896226,
				2086.182129315672,
				1794.3545998616864,
				2086.182129315672,
				1805.6657444141674,
				2086.182129315672,
				1816.3484920470655,
				2086.8105262352547,
				1826.4028427603807,
				2086.8105262352547,
				1837.713987312858,
				2086.8105262352547,
				1846.5115441870112,
				2086.8105262352547,
				1855.9374979807435,
				2086.8105262352547,
				1865.3634517744795,
				2087.4389231548375,
				1880.4449778444505,
				2087.4389231548375,
				1889.8709316381864,
				2087.4389231548375,
				1904.9524577081575,
				2088.6957169940033,
				1918.1487930193834,
				2088.6957169940033,
				1927.5747468131194,
				2088.6957169940033,
				1938.8858913655968,
				2089.3241139135826,
				1952.0822266768264,
				2089.3241139135826,
				1963.3933712293037,
				2089.3241139135826,
				1972.8193250230397,
				2090.5809077527483,
				1977.2181034601126,
				2090.5809077527483,
				1992.2996295300873,
				2091.209304672331,
				2004.867567921734,
				2092.4660985114933,
				2014.2935217154663,
				2092.4660985114933,
				2024.3478724287816,
				2093.094495431076,
				2055.767718407893,
				2095.6080831094077,
				2065.822069121208,
				2098.1216707877356,
				2076.5048167541063,
				2100.0068615464806,
				2084.6739767086765,
				2101.2636553856464,
				2097.8703120199025,
				2101.8920523052293,
				2106.667868894052,
				2103.1488461443914,
				2114.2086319290393,
				2103.7772430639743,
				2131.175348757759,
				2105.03403690314,
				2141.229699471074,
				2104.405639983557,
				2150.027256345227,
				2103.1488461443914,
				2154.4260347823038,
				2103.1488461443914,
				2170.7643546914405,
				2101.2636553856464,
				2178.305117726428,
				2100.6352584660635,
				2191.501453037654,
				2098.7500677073185,
				2203.4409945097177,
				2096.86487694857,
				2216.008932901361,
				2094.979686189825,
				2234.860840488829,
				2093.094495431076,
				2238.631222006319,
				2091.837701591914,
				2248.057175800055,
				2091.209304672331,
				2265.023892628775,
				2087.4389231548375,
				2276.963434100835,
				2086.182129315672,
				2288.274578653316,
				2083.668541637344,
				2293.9301509295583,
				2083.668541637344,
				2314.0388523561887,
				2080.526557039433,
				2325.3499969086697,
				2078.6413662806845,
				2335.404347621985,
				2078.012969361105,
				2347.972286013628,
				2076.7561755219394,
				2361.168621324854,
				2076.7561755219394,
				2367.452590520679,
				2076.7561755219394,
				2378.1353381535737,
				2076.7561755219394,
				2391.960070384386,
				2076.7561755219394,
				2404.5280087760293,
				2076.7561755219394,
				2414.5823594893445,
				2076.7561755219394,
				2424.008313283077,
				2076.1277786023566,
				2442.860220870545,
				2074.870984763191,
				2452.2861746642775,
				2074.2425878436115,
				2461.0837315384306,
				2074.2425878436115,
				2550.3160941191054,
				2065.4450309694585,
				2796.019289675758,
				2028.9980096336913,
				2748.0,
				1599.0,
				2717.0,
				1380.0,
				2675.0,
				1295.0,
				2685.0,
				1273.0,
				3000.0,
				1481.0,
				3263.0,
				1611.0,
				3400.0,
				1656.0,
				3469.5,
				1714.5,
				3526.0,
				1678.0,
				3555.7000000000007,
				1646.6000000000022,
				3602.4000000000015,
				1573.5,
				3578.0,
				1554.0,
				3305.0,
				1267.0,
				3074.0,
				1081.0,
				2725.9025603017544,
				885.9525188943189,
				2599.2466978440316,
				829.6610244686672,
				2547.646484375,
				804.642578125,
				2380.0,
				760.0,
				2286.0,
				703.0
			]
		}
	],
	"metadata.model": {
		"metadata.model.gender": "FEMALE",
		"metadata.model.age": "40대",
		"metadata.model.job": "instructor",
		"metadata.model.type": "front",
		"metadata.model.usually_size": "M",
		"metadata.model.body_height": "160",
		"metadata.model.waist_height": "96",
		"metadata.model.chest_size_male": "null",
		"metadata.model.breast_size_female": "87.0",
		"metadata.model.waist_size": "83",
		"metadata.model.hip_seize": "91",
		"metadata.model.back_length": "42",
		"metadata.model.shoulders_width": "41",
		"metadata.model.arm_length": "52",
		"metadata.model.weight": "54"
	},
	"metadata.clothes": {
		"metadata.clothes.type": "02top_01blouse",
		"metadata.clothes.season": "spring&fall",
		"metadata.clothes.fiber_composition": "Cotton",
		"metadata.clothes.elasticity": "contain",
		"metadata.clothes.transparency": "contain",
		"metadata.clothes.isfleece": "fleece_none",
		"metadata.clothes.color": "White",
		"metadata.clothes.washing_method": "Washing40_1",
		"metadata.clothes.bleach": "Do not chlorine bleach",
		"metadata.clothes.ironing": "Ironing 180~210℃ : Place a cloth between the iron and textile",
		"metadata.clothes.drycleaning": "DO NOT DRYCLEAN",
		"metadata.clothes.wringing": "Do not wringing",
		"metadata.clothes.drying": "Line dry in shade",
		"metadata.clothes.top_length_type": "normal",
		"metadata.clothes.sleeve_length_type": "long sleeves",
		"metadata.clothes.topneck_color_design": "Chinese collar",
		"metadata.clothes.topsleeve_design": "shirt sleeve",
		"metadata.clothes.pants_silhouette": "null",
		"metadata.clothes.skirt_design": "null",