{
	"dataset": {
		"dataset.id": 330645,
		"dataset.name": "01_sou_066129_330645_wear_02top_01blouse_woman",
		"dataset.image_path": "./008.의류 통합 데이터(3-1)/원천데이터/상품/상의/blouse/01_sou_066129_330645_wear_02top_01blouse_woman.jpg",
		"dataset.label_path": "./008.의류 통합 데이터(3-1)/라벨링데이터/상품/상의/blouse/01_sou_066129_330645_wear_02top_01blouse_woman.json",
		"dataset.category": 5,
		"dataset.type": 1,
		"dataset.width": 3024,
		"dataset.height": 4032,
		"dataset.file_size": 874794
	},
	"annotation": [
		{
			"annotation_type": "Polygon",
			"annotation_id": 9,
			"annotation_point_count": 90.0,
			"annotation_point": [
				946.0,
				1609.0,
				925.0,
				1653.0,
				941.9999999999964,
				1699.4999999999964,
				992.9999999999964,
				1761.4999999999964,
				990.9999999999964,
				1714.4999999999964,
				996.9999999999964,
				1653.4999999999964,
				1022.9999999999964,
				1638.4999999999964,
				1051.9999999999964,
				1618.4999999999964,
				1067.9999999999964,
				1603.4999999999964,
				1112.9999999999964,
				1633.4999999999964,
				1113.9999999999964,
				1661.4999999999964,
				1116.9999999999964,
				1683.4999999999964,
				1141.9999999999964,
				1696.4999999999964,
				1149.9999999999964,
				1732.4999999999964,
				1160.9999999999964,
				1744.4999999999964,
				1167.212890625,
				1760.994140625,
				1153.9984740915497,
				1820.8997812803354,
				1146.069660663943,
				1882.5683301617282,
				1150.474609375,
				1907.236328125,
				1131.1000000000022,
				1992.7000000000007,
				1138.1408472363328,
				2008.5483657337172,
				1133.7359508876616,
				2034.9777438257443,
				1118.0,
				2201.5,
				1121.9999999999964,
				2283.4999999999964,
				1124.9999999999964,
				2303.4999999999964,
				1117.9999999999964,
				2330.4999999999964,
				1114.0,
				2421.5,
				1113.0,
				2514.5,
				1120.0,
				2537.5,
				1111.0,
				2561.5,
				1165.0,
				2567.5,
				1160.0,
				2625.5,
				1181.0,
				2643.5,
				1258.0,
				2665.0,
				1383.0,
				2671.0,
				1662.0,
				2651.5,
				1755.0,
				2626.5,
				1793.0,
				2609.5,
				1801.0,
				2476.5,
				1813.0,
				2464.5,
				1806.0,
				2357.0,
				1797.0,
				2151.0,
				1794.0,
				1808.0,
				1777.0,
				1744.0,
				1815.0,
				1716.0,
				1818.0,
				1689.5,
				1823.9999999999964,
				1671.4999999999964,
				1843.9999999999964,
				1661.4999999999964,
				1833.9999999999964,
				1626.4999999999964,
				1827.9999999999964,
				1612.4999999999964,
				1822.9999999999964,
				1597.4999999999964,
				1816.9999999999964,
				1583.4999999999964,
				1813.9999999999964,
				1568.4999999999964,
				1807.9999999999964,
				1554.4999999999964,
				1802.9999999999964,
				1539.4999999999964,
				1795.9999999999964,
				1525.4999999999964,
				1788.9999999999964,
				1512.4999999999964,
				1778.9999999999964,
				1500.4999999999964,
				1768.9999999999964,
				1488.4999999999964,
				1756.9999999999964,
				1479.4999999999964,
				1743.9999999999964,
				1470.4999999999964,
				1728.9999999999964,
				1465.4999999999964,
				1716.0,
				1460.5,
				1675.0,
				1519.0,
				1552.0,
				1512.0,
				1527.0,
				1499.5,
				1462.0,
				1500.5,
				1440.0,
				1512.5,
				1433.0,
				1517.5,
				1351.0,
				1518.5,
				1296.0,
				1521.5,
				1232.9999999999964,
				1531.4999999999964,
				1198.0,
				1489.5,
				1189.9999999999964,
				1475.4999999999964,
				1178.9999999999964,
				1464.4999999999964,
				1166.9999999999964,
				1454.4999999999964,
				1153.9999999999964,
				1445.4999999999964,
				1138.9999999999964,
				1441.4999999999964,
				1123.9999999999964,
				1437.4999999999964,
				1108.9999999999964,
				1439.4999999999964,
				1093.9999999999964,
				1443.4999999999964,
				1079.9999999999964,
				1449.4999999999964,
				1065.9999999999964,
				1457.4999999999964,
				1055.9999999999964,
				1468.4999999999964,
				1044.9999999999964,
				1480.4999999999964,
				1033.9999999999964,
				1491.4999999999964,
				1021.9999999999964,
				1501.4999999999964,
				1012.9999999999964,
				1513.4999999999964,
				1001.9999999999964,
				1527.4999999999964,
				990.0,
				1536.5
			]
		}
	],
	"metadata.model": {
		"metadata.model.gender": "FEMALE",
		"metadata.model.age": "30대",
		"metadata.model.job": "homemaker",
		"metadata.model.type": "wear",
		"metadata.model.usually_size": "L",
		"metadata.model.body_height": "157",
		"metadata.model.waist_height": "85",
		"metadata.model.chest_size_male": "null",
		"metadata.model.breast_size_female": "103.0",
		"metadata.model.waist_size": "87",
		"metadata.model.hip_seize": "94",
		"metadata.model.back_length": "39",
		"metadata.model.shoulders_width": "40",
		"metadata.model.arm_length": "52",
		"metadata.model.weight": "64"
	},
	"metadata.clothes": {
		"metadata.clothes.type": "02top_01blouse",
		"metadata.clothes.season": "summer",
		"metadata.clothes.fiber_composition": "Polyester",
		"metadata.clothes.elasticity": "contain little",
		"metadata.clothes.transparency": "none at all",
		"metadata.clothes.isfleece": "fleece_none",
		"metadata.clothes.color": "Pink,Green,Black",
		"metadata.clothes.washing_method": "Do Not Washing",
		"metadata.clothes.bleach": "Do not any bleach",
		"metadata.clothes.ironing": "Ironing 80~120℃ : Place a cloth between the iron and textile",
		"metadata.clothes.drycleaning": "DRYCLEAN",
		"metadata.clothes.wringing": "none",
		"metadata.clothes.drying": "none",
		"metadata.clothes.top_length_type": "normal",
		"metadata.clothes.sleeve_length_type": "short sleeves",
		"metadata.clothes.topneck_color_design": "square neck",
		"metadata.clothes.topsleeve_design": "cape sleeve",
		"metadata.clothes.pants_silhouette": "null",
		"metadata.clothes.skirt_design": "null",
		"metadata.top.front_length": "57.0",
		"metadata.top.chest_size": "84.0",
		"metadata.top.waist_size": "100.0",
		"metadata.top.hem_size": "116.0",
		"metadata.top.shoulder_width": "38.0",
		"metadata.top.sleeve_length": "15.0",
		"metadata.top.sleeve_cuff_size": "46.0",
		"metadata.pants.pants_length": "null",
		"metadata.pants.waist_size": "null",
		"metadata.pants.hip_size": "null",
		"metadata.pants.front_rise_length": "null",
		"metadata.pants.back_rise_length": "null",
		"metadata.pants.inner_seam_length": "null",
		"metadata.pants.pants_waist_size": "null",
		"metadata.skirt.length": "null",
		"metadata.skirt.waist_size": "null",
		"metadata.skirt.hip_size": "null",
		"metadata.skirt.hem_size": "null",
		"metadata.dress.front_length": "null",
		"metadata.dress.chest_size": "null",
		"metadata.dress.waist_size": "null",
		"metadata.dress.hip_size": "null",
		"metadata.dress.hem_size": "null",
		"metadata.dress.shoulder_width": "null",
		"metadata.dress.sleeve_length": "null",
		"metadata.dress.cuff_size": "null",
		"metadata.jumpsuit.front_length": "null",
		"metadata.jumpsuit.inner_seam_length": "null",
		"metadata.jumpsuit.chest_size": "null",
		"metadata.jumpsuit.waist_size": "null",
		"metadata.jumpsuit.hip_size": "null",
		"metadata.jumpsuit.shoulder_width": "null",
		"metadata.jumpsuit.sleeve_length": "null",
		"metadata.jumpsuit.cuffs_size": "null",
		"metadata.jumpsuit.front_rise_length": "null",
		"metadata.jumpsuit.back_rise_length": "null",
		"metadata.jumpsuit.pants_waist_size": "null"
	}
}