{
	"dataset": {
		"dataset.id": 174610,
		"dataset.name": "01_sou_034922_174610_wear_02top_01blouse_woman",
		"dataset.image_path": "./008.의류 통합 데이터(3-1)/원천데이터/상품/상의/blouse/01_sou_034922_174610_wear_02top_01blouse_woman.jpg",
		"dataset.label_path": "./008.의류 통합 데이터(3-1)/라벨링데이터/상품/상의/blouse/01_sou_034922_174610_wear_02top_01blouse_woman.json",
		"dataset.category": 5,
		"dataset.type": 1,
		"dataset.width": 1704,
		"dataset.height": 3740,
		"dataset.file_size": 353464
	},
	"annotation": [
		{
			"annotation_type": "Polygon",
			"annotation_id": 167,
			"annotation_point_count": 81.0,
			"annotation_point": [
				909.6212684013808,
				961.9813399770901,
				865.5642502470619,
				1011.1218602261397,
				826.5907341874736,
				1055.178878380455,
				802.86772441207,
				1067.0403832681586,
				782.5337160331546,
				1053.4843776822127,
				785.9227174296393,
				1028.0668672085667,
				784.228216731397,
				1002.6493567349244,
				777.451171875,
				978.92578125,
				756.0,
				1008.0,
				748.6437020682934,
				1041.6228727945127,
				738.4766978788357,
				1050.095376285728,
				714.7536881034321,
				1061.956881173428,
				689.3361776297861,
				1063.6513818716703,
				663.9186671561401,
				1068.734883966401,
				643.5846587772248,
				1083.9853902505893,
				636.8066559842518,
				1109.4029007242352,
				626.6396517947942,
				1134.8204111978775,
				611.388671875,
				1153.458984375,
				576.0,
				1304.0,
				583.0,
				1348.0,
				522.0,
				1577.0,
				446.0,
				1790.0,
				406.0,
				1873.0,
				383.75,
				1951.095703125,
				416.2843351149004,
				1969.395895096528,
				450.8521493590579,
				1979.5628992859856,
				461.01915354851735,
				1979.5628992859856,
				475.0,
				1968.0,
				501.10000000000036,
				1905.0,
				533.90625,
				1869.208984375,
				582.7411008354065,
				1781.9337535445484,
				594.4104054124255,
				1754.7707504534992,
				599.8037814774361,
				1741.1402182164748,
				607.9428762664502,
				1724.7639672554433,
				616.8664621194657,
				1700.9350511864031,
				616.8664621194657,
				1711.8198646994206,
				614.8071730764641,
				1728.196115660452,
				614.8071730764641,
				1754.7707504534992,
				614.8071730764641,
				1774.4810884365324,
				614.8071730764641,
				1786.738761311557,
				616.180032438464,
				1798.996434186578,
				615.4936027574622,
				1807.8219586565938,
				608.0,
				1881.0,
				597.0,
				1909.0,
				608.0,
				1924.0,
				601.0,
				1936.0,
				605.0,
				1952.0,
				638.9000000000015,
				1985.1000000000022,
				707.2999999999993,
				1985.1000000000022,
				742.0,
				1996.0,
				782.0,
				2000.0,
				944.9000000000015,
				1967.4000000000015,
				1053.0,
				1909.0,
				1096.0,
				1917.0,
				1103.0,
				1865.0,
				1092.4000000000015,
				1806.6000000000022,
				1081.4000000000015,
				1724.7000000000007,
				1081.0,
				1691.0,
				1118.0,
				1826.0,
				1165.0,
				1917.0,
				1181.73046875,
				1985.19921875,
				1168.5531754979347,
				2068.943066516349,
				1241.7556056620342,
				2079.1914067393227,
				1298.8535011900312,
				2089.4397469622963,
				1300.6103595139684,
				1955.3328949016686,
				1273.0,
				1889.0,
				1262.0,
				1790.0,
				1195.1000000000022,
				1423.0,
				1186.0,
				1328.0,
				1193.0,
				1308.0,
				1175.0,
				1190.0,
				1145.1568654571602,
				1046.7063748892433,
				1123.1283563800025,
				1019.5943637173514,
				1094.3218445098719,
				1007.7328588296514,
				1070.5988347344683,
				1004.3438574331667,
				1041.7923228643376,
				1000.9548560366784,
				1019.7638137871763,
				995.8713539419514,
				999.429805408261,
				982.3153483560054,
				984.1792991240727,
				960.2868392788478,
				965.5397914433997,
				941.6473315981748,
				946.900390625,
				926.396484375
			]
		}
	],
	"metadata.model": {
		"metadata.model.gender": "FEMALE",
		"metadata.model.age": "30대",
		"metadata.model.job": "office job",
		"metadata.model.type": "wear",
		"metadata.model.usually_size": "M",
		"metadata.model.body_height": "168",
		"metadata.model.waist_height": "106",
		"metadata.model.chest_size_male": "null",
		"metadata.model.breast_size_female": "81.0",
		"metadata.model.waist_size": "69",
		"metadata.model.hip_seize": "87",
		"metadata.model.back_length": "42",
		"metadata.model.shoulders_width": "43",
		"metadata.model.arm_length": "54",
		"metadata.model.weight": "56"
	},
	"metadata.clothes": {
		"metadata.clothes.type": "02top_01blouse",
		"metadata.clothes.season": "spring&fall",
		"metadata.clothes.fiber_composition": "Polyester",
		"metadata.clothes.elasticity": "none",
		"metadata.clothes.transparency": "none",
		"metadata.clothes.isfleece": "fleece_none",
		"metadata.clothes.color": "Blue",
		"metadata.clothes.washing_method": "Do Not Washing",
		"metadata.clothes.bleach": "none",
		"metadata.clothes.ironing": "Do not lron",
		"metadata.clothes.drycleaning": "DRYCLEAN : petroleum solvent only",
		"metadata.clothes.wringing": "none",
		"metadata.clothes.drying": "Line dry in shade",
		"metadata.clothes.top_length_type": "normal",
		"metadata.clothes.sleeve_length_type": "long sleeves",
		"metadata.clothes.topneck_color_design": "shirts collar",
		"metadata.clothes.topsleeve_design": "shirt sleeve",
		"metadata.clothes.pants_silhouette": "null",
		"metadata.clothes.skirt_design": "null",
		"metadata.top.front_length": "60.0",
		"metadata.top.chest_size": "86.0",
		"metadata.top.waist_size": "78.0",
		"metadata.top.hem_size": "86.0",
		"metadata.top.shoulder_width": "35.0",
		"metadata.top.sleeve_length": "60.0",
		"metadata.top.sleeve_cuff_size": "18.0",
		"metadata.pants.pants_length": "null",
		"metadata.pants.waist_size": "null",
		"metadata.pants.hip_size": "null",
		"metadata.pants.front_rise_length": "null",
		"metadata.pants.back_rise_length": "null",
		"metadata.pants.inner_seam_length": "null",
		"metadata.pants.pants_waist_size": "null",
		"metadata.skirt.length": "null",
		"metadata.skirt.waist_size": "null",
		"metadata.skirt.hip_size": "null",
		"metadata.skirt.hem_size": "null",
		"metadata.dress.front_length": "null",
		"metadata.dress.chest_size": "null",
		"metadata.dress.waist_size": "null",
		"metadata.dress.hip_size": "null",
		"metadata.dress.hem_size": "null",
		"metadata.dress.shoulder_width": "null",
		"metadata.dress.sleeve_length": "null",
		"metadata.dress.cuff_size": "null",
		"metadata.jumpsuit.front_length": "null",
		"metadata.jumpsuit.inner_seam_length": "null",
		"metadata.jumpsuit.chest_size": "null",
		"metadata.jumpsuit.waist_size": "null",
		"metadata.jumpsuit.hip_size": "null",
		"metadata.jumpsuit.shoulder_width": "null",
		"metadata.jumpsuit.sleeve_length": "null",
		"metadata.jumpsuit.cuffs_size": "null",
		"metadata.jumpsuit.front_rise_length": "null",
		"metadata.jumpsuit.back_rise_length": "null",
		"metadata.jumpsuit.pants_waist_size": "null"
	}
}