{
	"dataset": {
		"dataset.id": 189,
		"dataset.name": "01_sou_000038_000189_wear_01outer_02jacket_man",
		"dataset.image_path": "./008.의류 통합 데이터(3-1)/원천데이터/상품/상의/jacket/01_sou_000038_000189_wear_01outer_02jacket_man.jpg",
		"dataset.label_path": "./008.의류 통합 데이터(3-1)/라벨링데이터/상품/상의/jacket/01_sou_000038_000189_wear_01outer_02jacket_man.json",
		"dataset.category": 2,
		"dataset.type": 1,
		"dataset.width": 608,
		"dataset.height": 1080,
		"dataset.file_size": 54154
	},
	"annotation": [
		{
			"annotation_type": "Polygon",
			"annotation_id": 77,
			"annotation_point_count": 117.0,
			"annotation_point": [
				136.6201171875,
				541.1318359375,
				135.67877801879695,
				554.7839087731954,
				135.20803205591437,
				569.8477795854396,
				135.20803205591437,
				576.9089690286783,
				134.26654013014922,
				584.4409044347994,
				139.5597265670258,
				587.3460491252445,
				149.96915189433275,
				587.3460491252445,
				155.40015641292848,
				583.7253794461794,
				166.71474916000443,
				576.4387817170646,
				169.88283512918497,
				572.4107866991071,
				170.29999999999927,
				556.6000000000022,
				181.20703125,
				535.134765625,
				183.1768689986293,
				530.4069711732445,
				185.97425209795983,
				519.3750378237728,
				189.52023067457594,
				505.5851211369336,
				192.60000000000036,
				491.0,
				204.8000000000011,
				459.5,
				209.20000000000073,
				483.3000000000011,
				203.0,
				510.0,
				204.279296875,
				602.689453125,
				205.18436450005538,
				608.164899779862,
				213.78345498783165,
				608.5722251187544,
				228.26613370408813,
				611.7855694589271,
				245.46431467964067,
				613.5506459274693,
				270.8090024330886,
				614.0032296373538,
				280.7658440505147,
				613.5506459274693,
				294.3433553470022,
				613.5506459274693,
				313.80445487196994,
				612.645478507704,
				331.0026358475261,
				609.4773925385234,
				341.41206117483307,
				605.8567228594584,
				346.3904819835443,
				602.2360531803934,
				348.45595324174246,
				595.2680615811005,
				347.9852072788599,
				592.9143317666876,
				347.0437153530929,
				585.8531423234472,
				346.57296939021035,
				578.7919528802086,
				346.57296939021035,
				571.2600174740874,
				346.57296939021035,
				563.7280820679644,
				347.5144613159755,
				552.9009249216651,
				346.1022234273278,
				545.8397354784247,
				346.1022234273278,
				530.7758646661805,
				345.1607315015626,
				525.5976590744722,
				345.1607315015626,
				518.065723668351,
				348.45595324174246,
				511.4752801879931,
				344.68998553868005,
				505.35558267051965,
				343.7484936129149,
				491.2332037840406,
				344.2192395757975,
				483.23052241503683,
				346.1022234273278,
				476.1693329717964,
				346.57296939021035,
				469.1081435285578,
				347.9852072788599,
				462.04695408531916,
				349.8681640625,
				454.9853515625,
				376.0,
				494.0,
				383.955078125,
				512.625,
				393.91177152125965,
				527.1071573398185,
				401.1531108793861,
				544.3505966863631,
				404.3211968485666,
				551.999261383382,
				405.67894797821646,
				559.6931844513929,
				409.2996176572815,
				562.8612704205771,
				416.5409570154079,
				566.074614760746,
				431.92880315142975,
				567.8396912292883,
				438.2649750897908,
				563.7664378403424,
				442.3382284787367,
				561.5035192909272,
				437.8000000000011,
				535.6000000000004,
				425.60000000000036,
				512.8000000000011,
				407.0,
				461.0,
				396.0,
				445.8000000000011,
				392.5930947216202,
				431.90979754157706,
				383.7242407809117,
				415.8667751265384,
				379.48752711496854,
				401.8008857556051,
				377.84933116413777,
				396.94278741865674,
				376.21113521330517,
				392.0281995661626,
				373.9515545914692,
				387.452548806943,
				371.974421547362,
				382.87689804772344,
				369.65835140998024,
				378.3012472885039,
				367.7377078814188,
				373.7255965292861,
				365.42163774403525,
				369.14994577006655,
				362.8231200289247,
				364.8567425885776,
				358.8688539407103,
				360.958966015909,
				355.31001446131813,
				358.02151120752205,
				350.73436370209856,
				355.7054410701385,
				345.8197758496044,
				354.0672451193077,
				340.90518799710844,
				352.1466015907463,
				335.7081525668855,
				350.1694685466391,
				330.4546276211149,
				348.19233550253193,
				325.5400397686208,
				345.93275488069594,
				320.6254519161248,
				343.95562183658876,
				316.38873825018163,
				341.69604121475095,
				311.361328125,
				339.5498046875,
				309.2786177731432,
				337.0672575599565,
				302.4898621248976,
				330.23324354072247,
				298.41660873595174,
				329.3280761209571,
				289.81751824817184,
				325.25482273201123,
				282.12359518016456,
				323.94232997334984,
				269.90383501332326,
				322.99190418259604,
				258.13665855636646,
				323.94232997334984,
				249.53756806858655,
				327.5629996524149,
				241.84364500057927,
				329.3280761209571,
				243.85250242072289,
				334.98415183974976,
				242.5302734375,
				340.7001953125,
				238.60738280308578,
				343.31566885260145,
				234.03068594172692,
				345.6040172832818,
				229.45398908036805,
				347.8923657139603,
				224.55038530034108,
				350.18071414464066,
				219.9736884389822,
				352.1421556566511,
				215.39699157762334,
				354.4305040873314,
				210.49338779759637,
				356.06503868067375,
				205.9166909362375,
				357.6995732740161,
				200.6861802375406,
				359.0072009486903,
				196.10948337618174,
				361.6224562980369,
				192.1866003521609,
				365.2184324033915,
				188.59062424680633,
				368.81440850874424,
				183.36011354811126,
				378.2947091501301,
				177.80269593074627,
				393.9862412462171,
				175.18744058139964,
				397.58221735157167,
				170.28383680137267,
				411.9661217729845,
				165.38023302134388,
				426.3500261943991,
				159.8228154039807,
				441.71465137181804,
				143.80437638922376,
				518.0147261890415
			]
		}
	],
	"metadata.model": {
		"metadata.model.gender": "MALE",
		"metadata.model.age": "40대",
		"metadata.model.job": "Others",
		"metadata.model.type": "wear",
		"metadata.model.usually_size": "L",
		"metadata.model.body_height": "176",
		"metadata.model.waist_height": "104",
		"metadata.model.chest_size_male": "97.0",
		"metadata.model.breast_size_female": "null",
		"metadata.model.waist_size": "90",
		"metadata.model.hip_seize": "100",
		"metadata.model.back_length": "43",
		"metadata.model.shoulders_width": "46",
		"metadata.model.arm_length": "57",
		"metadata.model.weight": "81"
	},
	"metadata.clothes": {
		"metadata.clothes.type": "01outer_02jacket",
		"metadata.clothes.season": "spring&fall",
		"metadata.clothes.fiber_composition": "Nylon",
		"metadata.clothes.elasticity": "none",
		"metadata.clothes.transparency": "none at all",
		"metadata.clothes.isfleece": "fleece_none",
		"metadata.clothes.color": "Gray",
		"metadata.clothes.washing_method": "Do Not Washing",
		"metadata.clothes.bleach": "Do not any bleach",
		"metadata.clothes.ironing": "Ironing 80~120℃ : Place a cloth between the iron and textile",
		"metadata.clothes.drycleaning": "DRYCLEAN : petroleum solvent only",
		"metadata.clothes.wringing": "none",
		"metadata.clothes.drying": "Line dry in shade",
		"metadata.clothes.top_length_type": "normal",
		"metadata.clothes.sleeve_length_type": "long sleeves",
		"metadata.clothes.topneck_color_design": "tailored collar",
		"metadata.clothes.topsleeve_design": "basic sleeve",
		"metadata.clothes.pants_silhouette": "null",
		"metadata.clothes.skirt_design": "null",
		"metadata.top.front_length": "74.0",
		"metadata.top.chest_size": "90.0",
		"metadata.top.waist_size": "92.0",
		"metadata.top.hem_size": "98.0",
		"metadata.top.shoulder_width": "44.0",
		"metadata.top.sleeve_length": "57.0",
		"metadata.top.sleeve_cuff_size": "28.0",
		"metadata.pants.pants_length": "null",
		"metadata.pants.waist_size": "null",
		"metadata.pants.hip_size": "null",
		"metadata.pants.front_rise_length": "null",
		"metadata.pants.back_rise_length": "null",