{
	"dataset": {
		"dataset.id": 178642,
		"dataset.name": "01_sou_035729_178642_back_02top_02t-shirt_man",
		"dataset.image_path": "./008.의류 통합 데이터(3-1)/원천데이터/상품/상의/t-shirt/01_sou_035729_178642_back_02top_02t-shirt_man.jpg",
		"dataset.label_path": "./008.의류 통합 데이터(3-1)/라벨링데이터/상품/상의/t-shirt/01_sou_035729_178642_back_02top_02t-shirt_man.json",
		"dataset.category": 6,
		"dataset.type": 1,
		"dataset.width": 4032,
		"dataset.height": 2268,
		"dataset.file_size": 1095360
	},
	"annotation": [
		{
			"annotation_type": "Polygon",
			"annotation_id": 199,
			"annotation_point_count": 125.0,
			"annotation_point": [
				2015.6000000000004,
				524.0,
				1996.8296622034468,
				553.91135672983,
				1975.8071579445714,
				570.5080706184162,
				1944.8266253525453,
				582.6789941367115,
				1888.3977981313546,
				597.0628128401531,
				1839.71410405817,
				601.4886032104423,
				1803.2013335032825,
				601.4886032104423,
				1744.5596110969473,
				589.3176796921471,
				1666.0018320243107,
				572.7209658035608,
				1621.7439283214153,
				560.5500422852656,
				1585.2314453125,
				538.4208984375,
				1564.4150390625,
				540.7197265625,
				1553.657446326264,
				543.0251418051339,
				1499.1034330813764,
				558.3924694797515,
				1488.346303709146,
				560.6975686309434,
				1477.5891743369139,
				564.5394005495982,
				1465.2953121972205,
				568.3812324682513,
				1453.7698164412595,
				571.4546980031737,
				1442.2443206852968,
				575.2965299218286,
				1431.4871913130664,
				580.6750946079446,
				1419.193329173373,
				585.2852929103283,
				1408.436199801141,
				588.3587584452525,
				1396.91070404518,
				592.2005903639056,
				1385.3852082892172,
				596.810788666291,
				1373.8597125332544,
				601.4209869686765,
				1362.3342167772935,
				606.0311852710602,
				1351.5770874050613,
				610.6413835734456,
				1340.819958032831,
				615.2515818758311,
				1330.0628286605988,
				619.0934137944841,
				1317.7689665209073,
				622.1668793294084,
				1306.2434707649445,
				626.0087112480614,
				1295.4863413927123,
				632.1556423179081,
				1283.9608456367514,
				637.5342070040242,
				1273.2037162645192,
				642.1444053064079,
				1262.446586892289,
				648.2913363762545,
				1251.6894575200567,
				654.4382674461012,
				1241.700694531557,
				661.3535648996785,
				1231.7119315430555,
				669.0372287369864,
				1221.7231685545557,
				675.1841598068331,
				1211.734405566056,
				681.3310908766798,
				1201.7456425775545,
				686.7096555627959,
				1191.7568795890547,
				692.8565866326426,
				1181.7681166005532,
				701.3086168536811,
				1171.7793536120535,
				707.4555479235278,
				1100.935973032072,
				752.9428378403918,
				1013.2653686483882,
				810.3398067050821,
				920.9077293239443,
				869.2735083372354,
				945.4000000000015,
				920.0,
				996.0,
				981.0,
				1010.9000000000015,
				1005.2000000000007,
				1032.013508411419,
				1037.4689097359078,
				1048.7000000000007,
				1057.7000000000007,
				1073.1000000000004,
				1073.300000000001,
				1109.2343299763652,
				1150.726114697829,
				1124.9000000000015,
				1171.800000000001,
				1120.759825732328,
				1192.5252459727853,
				1155.300000000001,
				1193.9000000000015,
				1212.800000000001,
				1176.9000000000015,
				1255.6000000000004,
				1174.7000000000007,
				1247.300000000001,
				1223.2000000000007,
				1244.7000000000007,
				1379.2000000000007,
				1248.2734375,
				1502.80078125,
				1244.290396591281,
				1615.6584665622686,
				1234.996236813673,
				1693.9949561163921,
				1236.3239739247601,
				1736.4825436711708,
				1231.0130254804135,
				1793.575239447904,
				1219.1000000000004,
				1840.0,
				1211.0,
				1880.0,
				1178.6000000000004,
				1964.300000000001,
				1173.0,
				2017.300000000001,
				1174.130859375,
				2089.0703125,
				1242.361489621564,
				2098.290906442333,
				1292.151631287321,
				2097.368866781855,
				1380.66743869311,
				2092.7586684794715,
				1454.4306115312665,
				2087.22643051661,
				1475.6375237222364,
				2091.8366288189936,
				1505.1427928574994,
				2089.070509837564,
				1569.685569090887,
				2092.7586684794715,
				1619.4757107566438,
				2097.368866781855,
				1679.7000000000007,
				2092.5,
				2024.7000000000007,
				2088.800000000001,
				2266.0,
				2109.0,
				2386.2000000000007,
				2115.9000000000015,
				2377.9000000000015,
				1963.0,
				2354.0576171875,
				1717.6103515625,
				2358.6463454605073,
				1692.3729924614909,
				2354.0576860045912,
				1483.5889872173084,
				2360.9406751884653,
				1228.9183874139653,
				2367.4000000000015,
				1120.7000000000007,
				2468.9000000000015,
				1139.4000000000015,
				2506.7000000000007,
				1018.8000000000011,
				2659.038546358006,
				837.3832299468704,
				2652.1785712840574,
				821.3397398545712,
				2527.703217119666,
				748.3141987447962,
				2514.4258460087985,
				739.4626180042178,
				2500.042027305357,
				730.6110372636376,
				2486.7646561944894,
				719.5465613379147,
				2471.2743898984754,
				710.6949805973363,
				2454.677676009891,
				701.8433998567562,
				2439.187409713877,
				692.9918191161778,
				2423.697143417865,
				681.9273431904548,
				2409.3133247144233,
				669.7564196721578,
				2394.9295060109835,
				660.9048389315794,
				2380.545687307542,
				649.8403630058565,
				2367.2683161966743,
				637.6694394875594,
				2352.8844974932326,
				628.8178587469811,
				2336.287783604648,
				622.1791731915473,
				2318.5846221234897,
				616.6469352286858,
				2303.0943558274776,
				608.901802080678,
				2286.4976419388913,
				603.3695641178165,
				2269.900928050307,
				596.7308785623827,
				2253.3042141617207,
				592.3050881920935,
				2238.920395458281,
				583.4535074515134,
				2223.430129162267,
				575.7083743035073,
				2206.8334152736807,
				571.2825839332181,
				2190.2367013850962,
				566.8567935629289,
				2173.63998749651,
				562.4310031926398,
				2157.0432736079256,
				558.0052128223506,
				2140.4465597193393,
				552.4729748594873,
				2123.849845830755,
				548.0471844891981,
				2107.2531319421687,
				542.5149465263366,
				2089.549970461012,
				540.302051341192,
				2071.8468089798534,
				535.8762609709029,
				2057.4629902764136,
				532.556918193186,
				2043.0791015625,
				527.0244140625
			]
		}
	],
	"metadata.model": {
		"metadata.model.gender": "MALE",
		"metadata.model.age": "20대",
		"metadata.model.job": "university student/graduate student",
		"metadata.model.type": "back",
		"metadata.model.usually_size": "XL",
		"metadata.model.body_height": "185",
		"metadata.model.waist_height": "114",
		"metadata.model.chest_size_male": "96.0",
		"metadata.model.breast_size_female": "null",
		"metadata.model.waist_size": "98",
		"metadata.model.hip_seize": "114",
		"metadata.model.back_length": "50",
		"metadata.model.shoulders_width": "51",
		"metadata.model.arm_length": "60",
		"metadata.model.weight": "88"
	},
	"metadata.clothes": {
		"metadata.clothes.type": "02top_02t-shirt",
		"metadata.clothes.season": "summer",
		"metadata.clothes.fiber_composition": "Cotton",
		"metadata.clothes.elasticity": "contain",
		"metadata.clothes.transparency": "none at all",
		"metadata.clothes.isfleece": "fleece_none",
		"metadata.clothes.color": "White,Black",
		"metadata.clothes.washing_method": "none",
		"metadata.clothes.bleach": "none",
		"metadata.clothes.ironing": "none",
		"metadata.clothes.drycleaning": "none",
		"metadata.clothes.wringing": "none",
		"metadata.clothes.drying": "none",
		"metadata.clothes.top_length_type": "normal",
		"metadata.clothes.sleeve_length_type": "short sleeves",
		"metadata.clothes.topneck_color_design": "round neck",
		"metadata.clothes.topsleeve_design": "basic sleeve",
		"metadata.clothes.pants_silhouette": "null",
		"metadata.clothes.skirt_design": "null",
		"metadata.top.front_length": "69.0",
		"metadata.top.chest_size": "98.0",
		"metadata.top.waist_size": "96.0",
		"metadata.top.hem_size": "96.0",
		"metadata.top.shoulder_width": "48.0",