{
	"dataset": {
		"dataset.id": 470859,
		"dataset.name": "01_sou_094172_470859_wear_02top_02t-shirt_woman",
		"dataset.image_path": "./008.의류 통합 데이터(3-1)/원천데이터/상품/상의/t-shirt/01_sou_094172_470859_wear_02top_02t-shirt_woman.jpg",
		"dataset.label_path": "./008.의류 통합 데이터(3-1)/라벨링데이터/상품/상의/t-shirt/01_sou_094172_470859_wear_02top_02t-shirt_woman.json",
		"dataset.category": 6,
		"dataset.type": 1,
		"dataset.width": 2268,
		"dataset.height": 4032,
		"dataset.file_size": 940118
	},
	"annotation": [
		{
			"annotation_type": "Polygon",
			"annotation_id": 39,
			"annotation_point_count": 272.0,
			"annotation_point": [
				785.865234375,
				1605.935546875,
				791.7601706962851,
				1633.8057761233213,
				792.8320892316115,
				1663.8194951125079,
				791.22421142862,
				1691.6893770310417,
				792.83203125,
				1721.703125,
				792.83203125,
				1721.703125,
				782.1129038783292,
				1775.2990227866394,
				746.2036329448383,
				1879.811079981133,
				706.005859375,
				2012.193359375,
				669.5614576688749,
				2151.0064694191606,
				657.7703537802627,
				2197.0989664382687,
				644.907331356324,
				2246.9431783310283,
				641.6915757503411,
				2271.5973046435756,
				649.1950054976369,
				2280.7086121938664,
				682.42448009281,
				2288.748001208827,
				708.1505249406873,
				2293.03567535014,
				719.4056695616346,
				2301.075064365101,
				726.3731400412653,
				2306.970616309405,
				733.3406105208996,
				2305.8986977740788,
				735.4844475915561,
				2283.9243677998493,
				756.3868590304555,
				2275.349019517227,
				765.4981665807427,
				2276.9568973202186,
				790.15229289329,
				2263.0219563609535,
				799.2636004435808,
				2257.6623636843105,
				806.2310709232152,
				2247.4791375986933,
				809.982785796863,
				2240.511667119059,
				856.6112420836362,
				2242.6555041897154,
				954.691788066164,
				2234.6161151747547,
				1082.250093770217,
				2225.5048076244675,
				1258.0447335640347,
				2220.6811742154896,
				1274.6594708616212,
				2236.223992977746,
				1311.1047010627772,
				2228.1846039627853,
				1320.751967880733,
				2237.295911513076,
				1370.0602205058276,
				2233.5441966394283,
				1356.661238814224,
				2261.9500378256234,
				1376.491731717797,
				2259.806200754967,
				1376.491731717797,
				2283.9243677998493,
				1395.25030608604,
				2281.2445714615315,
				1407.5773692423136,
				2269.453467572919,
				1444.0225994434695,
				2264.629834163945,
				1440.8068438374867,
				2255.518526613654,
				1448.3102735847824,
				2250.158933937015,
				1427.943821413548,
				2148.862632348504,
				1366.8444648998411,
				1890.5302653344152,
				1352.909523940576,
				1842.829890512312,
				1324.5036827543809,
				1779.0507376602873,
				1307.3529861891293,
				1730.814403570519,
				1300.385515709495,
				1697.048969707681,
				1301.457434244825,
				1677.2184768041116,
				1303.0653120478164,
				1633.2698168556562,
				1313.2485381334336,
				1597.8965051898267,
				1328.2553976280287,
				1572.170460341953,
				1335.222868107663,
				1541.0848228174364,
				1340.0,
				1531.4000000000015,
				1351.837890625,
				1570.5625,
				1351.837890625,
				1570.5625,
				1392.5705097477185,
				1657.9239431682036,
				1422.0482694692437,
				1726.5267294292062,
				1452.5979477260953,
				1781.1945747309437,
				1528.7041637343937,
				1894.817939475728,
				1580.1562534301484,
				1988.074852049278,
				1598.9148277983877,
				2011.6570598264989,
				1621.9610763079436,
				2033.6313898007247,
				1625.17683191393,
				2042.2067380833505,
				1625.17683191393,
				2060.9653124515935,
				1624.1049133786,
				2086.691357299471,
				1626.2487504492565,
				2107.0578094707053,
				1634.8240987318823,
				2113.4893206826746,
				1681.452555018659,
				2116.7050762886574,
				1719.5056630228064,
				2111.345483612018,
				1743.0878708000273,
				2097.4105426527494,
				1747.3755449413402,
				2089.9071129054537,
				1736.656359588058,
				2067.932782931228,
				1730.2248483760886,
				2058.821475380937,
				1729.6888891084236,
				2043.814615886342,
				1722.721418628793,
				2029.3437156594118,
				1722.1854593611279,
				2017.0166525031382,
				1704.498803528215,
				1976.2837481606693,
				1681.9885142863204,
				1931.799128944549,
				1674.4850845390247,
				1903.9292470260189,
				1661.622062115086,
				1875.52340583982,
				1657.8703472414381,
				1857.300790739242,
				1649.2949989588124,
				1840.6860534416555,
				1635.8960172672123,
				1818.1757641997647,
				1571.5809051475226,
				1676.1465582687852,
				1565.6853532032146,
				1661.675658041855,
				1553.358290046941,
				1650.9564726885728,
				1557.6459641882539,
				1633.8057761233213,
				1539.423349087676,
				1628.9821427143434,
				1524.4164895930808,
				1594.1447903161788,
				1517.9849783811114,
				1582.3536864275702,
				1521.200733987098,
				1565.2029898623186,
				1501.90620035119,
				1539.4769450144413,
				1497.618526209877,
				1520.182411378537,
				1494.4027706038942,
				1507.3193889545983,
				1491.7229742655727,
				1494.4563665306596,
				1484.755503785942,
				1471.9460772887687,
				1481.5397481799555,
				1463.370729006143,
				1480.467829644629,
				1455.8672992588472,
				1480.467829644629,
				1447.8279102438864,
				1476.7161147709776,
				1439.788521228922,
				1474.0363184326598,
				1432.2850914816263,
				1472.4284406296647,
				1423.7097431990005,
				1470.8205628266733,
				1416.2063134517048,
				1470.2846035590082,
				1408.166924436744,
				1468.6767257560168,
				1397.4477390834618,
				1466.5328886853604,
				1391.0162278714924,
				1464.389051614704,
				1383.5127981241967,
				1460.101377473391,
				1373.8655313062409,
				1457.4215811350732,
				1366.8980608266102,
				1454.7417847967517,
				1358.3227125439844,
				1452.0619884584303,
				1350.819282796685,
				1448.3102735847824,
				1341.7079752463978,
				1445.0945179787996,
				1334.2045454990985,
				1441.342803105148,
				1327.2370750194677,
				1438.1270474991652,
				1317.589808201512,
				1434.3753326255173,
				1307.9425413835597,
				1432.2314955548609,
				1300.439111636264,
				1429.0157399488744,
				1292.9356818889646,
				1424.7280658075615,
				1285.4322521416689,
				1420.9763509339136,
				1277.9288223943731,
				1417.7605953279308,
				1270.4253926470737,
				1413.472921186618,
				1263.9938814351044,
				1408.113328509975,
				1257.562370223135,
				1403.8256543686657,
				1249.5229812081743,
				1399.5379802273528,
				1243.62742926387,
				1393.6424282830449,
				1237.1959180519007,
				1386.6749578034141,
				1232.3722846429264,
				1379.7074873237798,
				1227.0126919662835,
				1373.8119353794755,
				1221.6530992896442,
				1367.9163834351712,
				1215.7575473453398,
				1360.4129536878718,
				1210.933913936362,
				1353.445483208241,
				1207.182199062714,
				1347.5499312639367,
				1202.3585656537362,
				1339.510542248976,
				1198.0708915124233,
				1332.0071125016766,
				1194.3191766387754,
				1323.9677234867158,
				1190.0315024974625,
				1318.0721715424115,
				1185.7438283561496,
				1310.0327825274508,
				1181.4561542148367,
				1302.5293527801514,
				1176.6325208058588,
				1295.0259230328556,
				1174.4886837352024,
				1285.3786562149035,
				1170.7369688615545,
				1277.3392671999427,
				1168.593131790898,
				1270.3717967203083,
				1164.3054576495852,
				1262.3324077053476,
				1161.0897020436023,
				1254.2930186903868,
				1158.4099057052808,
				1245.717670407761,
				1156.2660686346244,
				1237.1423221251353,
				1154.122231563968,
				1230.174851645501,
				1152.5143537609765,
				1222.1354626305401,
				1150.37051669032,
				1222.1354626305401,
				1150.37051669032,
				1168.5390625,
				1128.931640625,
				1066.70703125,
				1115.533203125,
				1036.6935560187703,
				1111.2454901508427,
				997.0325702116279,
				1114.4612457568255,
				940.2208878392339,
				1120.3567977011335,
				890.9126352141393,
				1132.147901589742,
				848.035893801014,
				1143.9390054783507,
				848.035893801014,
