{
	"dataset": {
		"dataset.id": 76503,
		"dataset.name": "01_sou_015301_076503_wear_02top_02t-shirt_woman",
		"dataset.image_path": "./008.의류 통합 데이터(3-1)/원천데이터/상품/상의/t-shirt/01_sou_015301_076503_wear_02top_02t-shirt_woman.jpg",
		"dataset.label_path": "./008.의류 통합 데이터(3-1)/라벨링데이터/상품/상의/t-shirt/01_sou_015301_076503_wear_02top_02t-shirt_woman.json",
		"dataset.category": 6,
		"dataset.type": 1,
		"dataset.width": 608,
		"dataset.height": 1080,
		"dataset.file_size": 45887
	},
	"annotation": [
		{
			"annotation_type": "Polygon",
			"annotation_id": 100,
			"annotation_point_count": 121.0,
			"annotation_point": [
				246.0,
				396.0,
				235.25708266818765,
				400.907262469942,
				233.4922865637618,
				402.19075054588757,
				230.92531041187067,
				403.47423862183314,
				229.0000782979514,
				405.239034726259,
				227.23528219352738,
				407.16426684017824,
				225.63092209859497,
				409.0894989540957,
				224.02656200366255,
				411.4960390964952,
				222.74307392771698,
				413.5817072199061,
				221.4595858517714,
				415.98824736230563,
				220.17609777582402,
				418.2343514952099,
				219.2134817188653,
				420.80132764710106,
				218.4113016714,
				423.368303798994,
				217.9296875,
				425.4541015625,
				207.73023119570098,
				447.0365141975053,
				199.9433548777979,
				473.5118936783765,
				196.20565424520464,
				482.544670207144,
				196.82860435063776,
				488.1512211560348,
				193.40237877075924,
				495.31514736850477,
				197.45155445606906,
				501.2331733701121,
				214.27120730273964,
				510.2659498988796,
				228.5990597276832,
				515.5610257950539,
				232.95971046570776,
				514.3151255841894,
				234.8285607820053,
				511.51185010974405,
				238.87773646731512,
				510.2659498988796,
				241.0580618363274,
				505.28234905542195,
				242.615234375,
				509.3310546875,
				246.90000000000146,
				518.5,
				245.3000000000011,
				524.1000000000004,
				241.90000000000146,
				528.9000000000015,
				239.0,
				538.0,
				238.90000000000146,
				562.6000000000004,
				232.6482354129912,
				579.1019365491447,
				231.09086014941204,
				589.6920883414932,
				232.6484375,
				594.9873046875,
				233.60000000000036,
				598.4000000000015,
				231.71381025484334,
				616.478942875081,
				239.18921152002986,
				619.2822183495246,
				257.56623963028323,
				620.2166435076742,
				280.9268685839925,
				622.7084439294031,
				320.484200278941,
				626.4461445619963,
				365.33660787006374,
				627.3805697201442,
				389.3201869292061,
				625.823194456565,
				419.2216796875,
				623.01953125,
				419.2252528238769,
				602.4764088385346,
				418.5979766760465,
				581.6032542641551,
				413.62302791738693,
				563.9746314889017,
				401.68315089660064,
				541.9118152548435,
				409.21046467057386,
				527.0518596148431,
				410.508277390225,
				520.3681241086433,
				411.8060901098761,
				516.6693578576396,
				417.42994522836125,
				521.2333325884101,
				423.0538003468464,
				517.7724986693429,
				430.408072424867,
				512.3433154588038,
				434.3015105838185,
				510.3965963793289,
				435.59932330346965,
				509.9639921394446,
				438.62755298265256,
				508.44987729985223,
				441.87208478178036,
				507.3683667001442,
				445.3329187008476,
				505.4432778326627,
				448.57745049997357,
				503.90753278107513,
				450.52416957945024,
				502.415048153478,
				450.7404716993915,
				502.415048153478,
				453.9850034985175,
				504.34013702095945,
				457.22953529764527,
				504.5780693528959,
				459.60885861700444,
				502.60972006142583,
				460.25776497683,
				499.36518826229985,
				461.33927557653806,
				496.12065646317205,
				460.6903692167125,
				493.0924267839873,
				457.22953529764527,
				488.3554103572642,
				450.09156533956593,
				464.97315119155974,
				441.8720703125,
				438.1513671875,
				436.4438385726917,
				418.39478750470334,
				435.48122251573113,
				417.1112994287578,
				433.7164264113071,
				414.86519529585166,
				432.2725023258681,
				413.10039919142764,
				430.6681422309357,
				411.1751670775084,
				428.4220380980296,
				409.41037097308254,
				425.85506194613845,
				407.48513885916327,
				423.44852180374073,
				405.5599067452458,
				421.6837256993149,
				404.11598265980683,
				419.4376215664088,
				402.19075054588757,
				417.03108142401106,
				400.2655184319683,
				414.9454133005984,
				398.6611583370359,
				412.6993091676941,
				396.73592622311844,
				410.9345703125,
				395.93359375,
				397.0,
				390.0,
				378.49556363884585,
				386.89529596325156,
				370.0237306077943,
				384.2636201706264,
				367.3199541085214,
				383.1821095709183,
				364.7964293758687,
				382.10059897120846,
				362.81365994306907,
				380.11782953840884,
				360.1098834437962,
				380.29808130502715,
				359.9296316771779,
				383.0018578043,
				357.7666104777618,
				384.98462723709963,
				355.60358927834386,
				386.78714490328093,
				353.2603163123076,
				388.4094108028439,
				350.5565398130366,
				389.8514249357886,
				348.39351861361865,
				391.11318730211497,
				345.8699938809641,
				392.55520143506146,
				342.98596561507475,
				392.55520143506146,
				339.74143381594877,
				392.55520143506146,
				336.49690201682097,
				392.37494966844315,
				333.6128737509316,
				392.19469790182484,
				331.08934901827706,
				392.0144461352065,
				327.8448172191511,
				392.0144461352065,
				324.9607889532617,
				391.8341943685882,
				321.89650892075224,
				391.8341943685882,
				319.3729841880995,
				391.2934390687333,
				316.1284523889735,
				391.11318730211497,
				313.7851794229373,
				390.57243200226185,
				310.9011511570461,
				389.8514249357886,
				308.01712289115676,
				388.95016610269704,
				305.4935981585022,
				387.868655502989,
				302.9700734258495,
				386.96739666989924,
				300.2662969265766,
				385.70563430357106,
				298.283527493777,
				383.90311663738976,
				296.8415133608323,
				381.74009543797183,
				296.4810098275957,
				377.5943048057561,
				291.0734568290518,
				383.1821095709183,
				284.4041414641815,
				385.34513077033444,
				270.1640625,
				390.572265625
			]
		}
	],
	"metadata.model": {
		"metadata.model.gender": "FEMALE",
		"metadata.model.age": "30대",
		"metadata.model.job": "entertainment and sports",
		"metadata.model.type": "wear",
		"metadata.model.usually_size": "L",
		"metadata.model.body_height": "161",
		"metadata.model.waist_height": "94",
		"metadata.model.chest_size_male": "null",
		"metadata.model.breast_size_female": "102.0",
		"metadata.model.waist_size": "86",
		"metadata.model.hip_seize": "106",
		"metadata.model.back_length": "41",
		"metadata.model.shoulders_width": "45",
		"metadata.model.arm_length": "52",
		"metadata.model.weight": "65"
	},
	"metadata.clothes": {
		"metadata.clothes.type": "02top_02t-shirt",
		"metadata.clothes.season": "summer",
		"metadata.clothes.fiber_composition": "Cotton",
		"metadata.clothes.elasticity": "contain",
		"metadata.clothes.transparency": "none",
		"metadata.clothes.isfleece": "fleece_none",
		"metadata.clothes.color": "White",
		"metadata.clothes.washing_method": "none",
		"metadata.clothes.bleach": "none",
		"metadata.clothes.ironing": "none",
		"metadata.clothes.drycleaning": "none",
		"metadata.clothes.wringing": "none",
		"metadata.clothes.drying": "none",
		"metadata.clothes.top_length_type": "normal",
		"metadata.clothes.sleeve_length_type": "short sleeves",
		"metadata.clothes.topneck_color_design": "round neck",
		"metadata.clothes.topsleeve_design": "ribbed sleeve",
		"metadata.clothes.pants_silhouette": "null",
		"metadata.clothes.skirt_design": "null",
		"metadata.top.front_length": "55.0",
		"metadata.top.chest_size": "110.0",
		"metadata.top.waist_size": "110.0",
		"metadata.top.hem_size": "112.0",
		"metadata.top.shoulder_width": "47.0",
		"metadata.top.sleeve_length": "19.0",
		"metadata.top.sleeve_cuff_size": "30.0",
		"metadata.pants.pants_length": "null",
		"metadata.pants.waist_size": "null",