{
	"dataset": {
		"dataset.id": 337433,
		"dataset.name": "01_sou_067487_337433_wear_02top_02t-shirt_woman",
		"dataset.image_path": "./008.의류 통합 데이터(3-1)/원천데이터/상품/상의/t-shirt/01_sou_067487_337433_wear_02top_02t-shirt_woman.jpg",
		"dataset.label_path": "./008.의류 통합 데이터(3-1)/라벨링데이터/상품/상의/t-shirt/01_sou_067487_337433_wear_02top_02t-shirt_woman.json",
		"dataset.category": 6,
		"dataset.type": 1,
		"dataset.width": 2232,
		"dataset.height": 3968,
		"dataset.file_size": 702647
	},
	"annotation": [
		{
			"annotation_type": "Polygon",
			"annotation_id": 168,
			"annotation_point_count": 106.0,
			"annotation_point": [
				519.0,
				2097.0,
				550.0,
				2146.0,
				550.0,
				2216.0,
				572.478515625,
				2223.3984375,
				572.478515625,
				2223.3984375,
				599.4716113683171,
				2227.5513331618695,
				618.1589184670811,
				2221.322230795615,
				649.3000000000011,
				2227.6000000000004,
				661.7626350308674,
				2177.7185142318285,
				665.9153699417056,
				2152.802104766808,
				692.9000000000015,
				2144.5,
				709.5190865054901,
				2096.7401834705124,
				726.1000000000004,
				2055.2000000000007,
				742.7409657921853,
				2038.6018947187968,
				767.6573752572058,
				2009.5327503429398,
				798.8000000000011,
				1974.2000000000007,
				840.3000000000011,
				1907.800000000001,
				842.0,
				1920.0,
				832.0,
				1998.0,
				847.0,
				2068.0,
				846.5595703125,
				2150.7255859375,
				875.6284829389606,
				2146.5730024005534,
				923.4000000000015,
				2138.300000000001,
				960.759765625,
				2129.9619140625,
				1033.4324095507582,
				2119.5802254801147,
				1074.9597586591262,
				2115.4274905692764,
				1128.9000000000015,
				2107.1000000000004,
				1160.0908203125,
				2102.9697265625,
				1214.076378172158,
				2102.969285836767,
				1259.7564621913625,
				2102.969285836767,
				1282.5965042009648,
				2102.969285836767,
				1362.7000000000007,
				2104.5,
				1426.6000000000004,
				2119.9000000000015,
				1452.8586355452717,
				2125.8093278463693,
				1448.7059006344352,
				2092.587448559674,
				1440.400390625,
				2046.9072265625,
				1459.0877379115263,
				2034.4491598079603,
				1463.2404728223628,
				2005.3800154321034,
				1465.31640625,
				1965.9287109375,
				1469.4695751886193,
				1941.012624314133,
				1463.2404728223628,
				1893.2561728395103,
				1450.7822265625,
				1839.2705078125,
				1471.0,
				1855.0,
				1557.0,
				2044.0,
				1618.0,
				2105.0,
				1658.0,
				2187.0,
				1668.0,
				2269.0,
				1708.0,
				2269.0,
				1754.0,
				2224.0,
				1754.0,
				2195.0,
				1733.0,
				2163.0,
				1723.0,
				2080.0,
				1738.0,
				2068.0,
				1743.5500793038445,
				1990.845443244174,
				1743.6000000000004,
				1965.9000000000015,
				1718.6000000000004,
				1903.6000000000004,
				1704.0986328125,
				1855.8818359375,
				1691.6408929183854,
				1814.3542095336124,
				1679.182688185876,
				1779.055962791499,
				1658.4000000000015,
				1729.2000000000007,
				1635.5789716220897,
				1673.1612225651625,
				1614.8152970679057,
				1623.3284036351215,
				1594.0516225137217,
				1571.4192172496605,
				1569.1352130487012,
				1504.9754586762738,
				1550.4482421875,
				1455.142578125,
				1527.6078639403331,
				1399.0807184499354,
				1504.7678219307309,
				1353.4006344307309,
				1471.5458984375,
				1299.4150390625,
				1403.0,
				1266.2000000000007,
				1359.4221000514444,
				1255.8113640260672,
				1301.2838112997288,
				1239.2004243827196,
				1276.3674018347083,
				1237.1240569273014,
				1251.451171875,
				1222.58984375,
				1228.6109503600856,
				1235.0476894718831,
				1180.8544988854628,
				1245.429526748976,
				1128.9453125000036,
				1249.5822616598125,
				1060.4251864711969,
				1241.2767918381378,
				1018.8974609375,
				1239.2001953125,
				993.9814278978083,
				1249.5822616598125,
				971.1413858882061,
				1255.8113640260672,
				946.2249764231856,
				1262.0404663923218,
				921.3085669581651,
				1266.1932013031583,
				892.2394225823082,
				1274.498671124833,
				867.3230131172877,
				1291.1096107681788,
				846.5593385631037,
				1305.6441829561081,
				829.9482421875,
				1320.1787109375,
				815.4138267318285,
				1349.2478995198944,
				792.5737847222263,
				1376.2406764403331,
				780.1155799897151,
				1390.7752486282625,
				767.6572265625,
				1405.3095703125,
				746.8937007030218,
				1450.9899048353946,
				728.2063936042559,
				1490.4408864883444,
				705.3663515946537,
				1540.2737054183854,
				682.5263095850514,
				1573.4955847050787,
				665.9153699417056,
				1610.8701989026104,
				649.304430298358,
				1646.1684456447238,
				636.8466796875,
				1673.1611328125,
				620.2352859225011,
				1718.841306584367,
				605.7007137345718,
				1756.2159207818968,
				589.0897740912242,
				1789.437800068592,
				574.5556640625,
				1818.5068359375,
				564.1733646262037,
				1864.1870284636534,
				553.7915273491126,
				1905.7143775720215,
				543.4096900720197,
				1945.1653592249695,
				530.9514853395103,
				1986.6927083333376,
				520.5696480624174,
				2032.372792352542
			]
		}
	],
	"metadata.model": {
		"metadata.model.gender": "FEMALE",
		"metadata.model.age": "20대",
		"metadata.model.job": "not employed",
		"metadata.model.type": "wear",
		"metadata.model.usually_size": "M",
		"metadata.model.body_height": "160",
		"metadata.model.waist_height": "101",
		"metadata.model.chest_size_male": "null",
		"metadata.model.breast_size_female": "85.0",
		"metadata.model.waist_size": "72",
		"metadata.model.hip_seize": "90",
		"metadata.model.back_length": "38",
		"metadata.model.shoulders_width": "43",
		"metadata.model.arm_length": "53",
		"metadata.model.weight": "50"
	},
	"metadata.clothes": {
		"metadata.clothes.type": "02top_02t-shirt",
		"metadata.clothes.season": "winter",
		"metadata.clothes.fiber_composition": "synthetic fiber Others",
		"metadata.clothes.elasticity": "contain little",
		"metadata.clothes.transparency": "none at all",
		"metadata.clothes.isfleece": "fleece_contain",
		"metadata.clothes.color": "Orange",
		"metadata.clothes.washing_method": "none",
		"metadata.clothes.bleach": "none",
		"metadata.clothes.ironing": "none",
		"metadata.clothes.drycleaning": "none",
		"metadata.clothes.wringing": "none",
		"metadata.clothes.drying": "none",
		"metadata.clothes.top_length_type": "normal",
		"metadata.clothes.sleeve_length_type": "long sleeves",
		"metadata.clothes.topneck_color_design": "round neck",
		"metadata.clothes.topsleeve_design": "ribbed sleeve",
		"metadata.clothes.pants_silhouette": "null",
		"metadata.clothes.skirt_design": "null",
		"metadata.top.front_length": "58.0",
		"metadata.top.chest_size": "118.0",
		"metadata.top.waist_size": "118.0",
		"metadata.top.hem_size": "98.0",
		"metadata.top.shoulder_width": "50.0",
		"metadata.top.sleeve_length": "68.0",
		"metadata.top.sleeve_cuff_size": "20.0",
		"metadata.pants.pants_length": "null",
		"metadata.pants.waist_size": "null",
		"metadata.pants.hip_size": "null",
		"metadata.pants.front_rise_length": "null",
		"metadata.pants.back_rise_length": "null",
		"metadata.pants.inner_seam_length": "null",
		"metadata.pants.pants_waist_size": "null",
		"metadata.skirt.length": "null",
		"metadata.skirt.waist_size": "null",
		"metadata.skirt.hip_size": "null",
		"metadata.skirt.hem_size": "null",
		"metadata.dress.front_length": "null",
		"metadata.dress.chest_size": "null",
		"metadata.dress.waist_size": "null",
		"metadata.dress.hip_size": "null",
		"metadata.dress.hem_size": "null",
		"metadata.dress.shoulder_width": "null",
		"metadata.dress.sleeve_length": "null",
		"metadata.dress.cuff_size": "null",
		"metadata.jumpsuit.front_length": "null",
		"metadata.jumpsuit.inner_seam_length": "null",
		"metadata.jumpsuit.chest_size": "null",
		"metadata.jumpsuit.waist_size": "null",
		"metadata.jumpsuit.hip_size": "null",
		"metadata.jumpsuit.shoulder_width": "null",
		"metadata.jumpsuit.sleeve_length": "null",
		"metadata.jumpsuit.cuffs_size": "null",