{
	"dataset": {
		"dataset.id": 138210,
		"dataset.name": "01_sou_027642_138210_wear_02top_02t-shirt_woman",
		"dataset.image_path": "./008.의류 통합 데이터(3-1)/원천데이터/상품/상의/t-shirt/01_sou_027642_138210_wear_02top_02t-shirt_woman.jpg",
		"dataset.label_path": "./008.의류 통합 데이터(3-1)/라벨링데이터/상품/상의/t-shirt/01_sou_027642_138210_wear_02top_02t-shirt_woman.json",
		"dataset.category": 6,
		"dataset.type": 1,
		"dataset.width": 607,
		"dataset.height": 1080,
		"dataset.file_size": 63560
	},
	"annotation": [
		{
			"annotation_type": "Polygon",
			"annotation_id": 195,
			"annotation_point_count": 120.0,
			"annotation_point": [
				311.0,
				246.0,
				297.0,
				262.0,
				281.0,
				306.0,
				281.0,
				336.0,
				289.0,
				365.0,
				300.0,
				374.0,
				300.34715467967544,
				377.9742101678603,
				298.4256929101648,
				378.8281931765323,
				295.2232566276489,
				380.10916768953757,
				292.2343160973014,
				381.39014220254467,
				289.4588713191206,
				383.09810821988685,
				286.4699307887731,
				384.5925784850606,
				283.2674945062572,
				386.72753600673786,
				280.70554548024484,
				388.00851051974314,
				277.71660494989555,
				389.7164765370853,
				274.7276644195481,
				391.4244425544275,
				272.37921114570236,
				393.9863915804399,
				270.2442536240251,
				396.54834060645226,
				268.1092961023478,
				399.53728113680154,
				265.9743385806705,
				402.31272591498237,
				264.26637256332833,
				405.30166644532983,
				262.3449107938195,
				408.50410272784575,
				261.0639362808124,
				411.2795475060266,
				259.1424745113036,
				415.54946254938113,
				256.5805254852912,
				419.8193775927357,
				233.9501953125,
				463.7998046875,
				221.0,
				479.0,
				213.0,
				496.0,
				205.8000000000011,
				506.8000000000011,
				188.0,
				530.0,
				156.60000000000036,
				565.0,
				151.0,
				577.0,
				138.0,
				594.0,
				157.0,
				605.5,
				177.0,
				590.3000000000011,
				194.0,
				578.6000000000004,
				227.70000000000073,
				548.1000000000004,
				261.0,
				512.0,
				261.0,
				529.0,
				252.892578125,
				550.283203125,
				262.0,
				540.4000000000015,
				275.7000000000007,
				538.1000000000004,
				289.3355199222551,
				537.3767006802736,
				306.79786200194576,
				538.1359329446077,
				331.09329446064294,
				542.6913265306139,
				357.6664237123441,
				548.0059523809541,
				374.3695335276989,
				551.0428814382904,
				379.6841593780373,
				555.5982750242965,
				388.0357142857156,
				555.5982750242965,
				392.59110787172176,
				557.8759718172987,
				397.90000000000146,
				526.0,
				399.0,
				500.0,
				408.0,
				488.0,
				436.0,
				527.0,
				459.0,
				551.0,
				479.0,
				586.0,
				494.0,
				604.0,
				505.0,
				612.0,
				509.0,
				623.0,
				518.4085479429887,
				632.7151832955424,
				521.5720157110482,
				624.2792692473831,
				528.4261958751777,
				619.5340675952939,
				534.7531314112966,
				620.0613122233044,
				544.2435347154751,
				620.5885568513149,
				553.734375,
				626.9150390625,
				552.0,
				616.0,
				546.0,
				613.0,
				536.0,
				598.0,
				535.0,
				586.0,
				524.0,
				577.0,
				494.0,
				529.0,
				446.0,
				441.0,
				440.62868994777637,
				423.0004643000375,
				440.48042900877044,
				422.125724759906,
				439.2943414967267,
				420.1983325528363,
				438.1082539846848,
				418.10785331286024,
				437.07042741164696,
				416.047026260685,
				435.43955708258727,
				413.9565470207108,
				433.9569476925335,
				412.0439809075415,
				432.47433830247974,
				409.96832776146584,
				431.2882507904378,
				407.7444136763861,
				430.2504242174,
				405.9652824083205,
				429.3608585833681,
				403.8896292622467,
				428.91607576635215,
				401.6508890832647,
				428.02651013232025,
				399.5900620310895,
				427.5817273153025,
				397.2178870070038,
				426.6921616812706,
				395.2904947999341,
				425.6543351082328,
				392.7700588368425,
				424.7647694742009,
				390.6944056907687,
				423.43042102315303,
				388.322230666683,
				422.0960725721052,
				386.08349048770106,
				420.6134631820514,
				384.17092437453175,
				418.8343319139876,
				382.24353216746204,
				417.20346158492794,
				380.46440089939824,
				415.1278084388523,
				378.5370086923285,
				413.2004162317826,
				376.7578774242629,
				410.8282412076969,
				375.40870287931466,
				408.6043271226172,
				373.7778325502568,
				406.82519585455157,
				372.60657113211346,
				404.4530208304659,
				371.2722226810656,
				402.37736768439026,
				371.1239617420597,
				400.1534535993105,
				370.97570080305377,
				397.78127857522486,
				370.82743986404967,
				395.4091035511392,
				369.93787423001777,
				392.8886675880476,
				368.88522156307954,
				390.9612753809779,
				367.9956559290458,
				389.1821441129141,
				366.8243945109043,
				389.4786659909241,
				366.5278726328943,
				390.813014441972,
				364.60048042582457,
				390.9612753809779,
				362.3617402468426,
				390.9612753809779,
				360.00439131665735,
				390.66475350296787,
				357.6322162925717,
				390.8134765625,
				355.6904296875,
				390.8134765625,
				355.6904296875,
				383.0,
				348.0,
				377.0,
				295.0,
				369.0,
				265.0,
				359.0,
				254.0,
				347.0,
				247.0,
				322.0,
				243.0
			]
		}
	],
	"metadata.model": {
		"metadata.model.gender": "FEMALE",
		"metadata.model.age": "20대",
		"metadata.model.job": "university student/graduate student",
		"metadata.model.type": "wear",
		"metadata.model.usually_size": "S",
		"metadata.model.body_height": "163",
		"metadata.model.waist_height": "102",
		"metadata.model.chest_size_male": "null",
		"metadata.model.breast_size_female": "85.0",
		"metadata.model.waist_size": "73",
		"metadata.model.hip_seize": "92",
		"metadata.model.back_length": "40",
		"metadata.model.shoulders_width": "38",
		"metadata.model.arm_length": "54",
		"metadata.model.weight": "53"
	},
	"metadata.clothes": {
		"metadata.clothes.type": "02top_02t-shirt",
		"metadata.clothes.season": "winter",
		"metadata.clothes.fiber_composition": "Cotton",
		"metadata.clothes.elasticity": "contain",
		"metadata.clothes.transparency": "contain",
		"metadata.clothes.isfleece": "fleece_none",
		"metadata.clothes.color": "Black,White",
		"metadata.clothes.washing_method": "none",
		"metadata.clothes.bleach": "none",
		"metadata.clothes.ironing": "none",
		"metadata.clothes.drycleaning": "none",
		"metadata.clothes.wringing": "none",
		"metadata.clothes.drying": "none",
		"metadata.clothes.top_length_type": "normal",
		"metadata.clothes.sleeve_length_type": "long sleeves",
		"metadata.clothes.topneck_color_design": "hood",
		"metadata.clothes.topsleeve_design": "ribbed sleeve",
		"metadata.clothes.pants_silhouette": "null",
		"metadata.clothes.skirt_design": "null",
		"metadata.top.front_length": "40.0",
		"metadata.top.chest_size": "86.0",
		"metadata.top.waist_size": "84.0",
		"metadata.top.hem_size": "80.0",
		"metadata.top.shoulder_width": "46.0",
		"metadata.top.sleeve_length": "49.0",
		"metadata.top.sleeve_cuff_size": "16.0",
		"metadata.pants.pants_length": "null",
		"metadata.pants.waist_size": "null",
		"metadata.pants.hip_size": "null",
		"metadata.pants.front_rise_length": "null",
		"metadata.pants.back_rise_length": "null",
		"metadata.pants.inner_seam_length": "null",
		"metadata.pants.pants_waist_size": "null",
		"metadata.skirt.length": "null",
		"metadata.skirt.waist_size": "null",
		"metadata.skirt.hip_size": "null",
		"metadata.skirt.hem_size": "null",
		"metadata.dress.front_length": "null",
		"metadata.dress.chest_size": "null",
		"metadata.dress.waist_size": "null",
		"metadata.dress.hip_size": "null",
		"metadata.dress.hem_size": "null",
		"metadata.dress.shoulder_width": "null",
		"metadata.dress.sleeve_length": "null",
		"metadata.dress.cuff_size": "null",
		"metadata.jumpsuit.front_length": "null",
		"metadata.jumpsuit.inner_seam_length": "null",
		"metadata.jumpsuit.chest_size": "null",
		"metadata.jumpsuit.waist_size": "null",