{
	"dataset": {
		"dataset.id": 66686,
		"dataset.name": "01_sou_013338_066686_front_02top_02t-shirt_woman",
		"dataset.image_path": "./008.의류 통합 데이터(3-1)/원천데이터/상품/상의/t-shirt/01_sou_013338_066686_front_02top_02t-shirt_woman.jpg",
		"dataset.label_path": "./008.의류 통합 데이터(3-1)/라벨링데이터/상품/상의/t-shirt/01_sou_013338_066686_front_02top_02t-shirt_woman.json",
		"dataset.category": 6,
		"dataset.type": 1,
		"dataset.width": 3869,
		"dataset.height": 2268,
		"dataset.file_size": 897643
	},
	"annotation": [
		{
			"annotation_type": "Polygon",
			"annotation_id": 99,
			"annotation_point_count": 229.0,
			"annotation_point": [
				2430.7000000000007,
				198.20000000000073,
				2284.9432779030612,
				152.3157412626988,
				2255.143625516739,
				146.15029594139014,
				2210.9579340473683,
				130.73668263812033,
				2203.764914505842,
				133.81940529877465,
				2168.8273910184325,
				127.65395997746782,
				2143.1380355129804,
				110.18519823376118,
				2109.2280862457883,
				141.0124248403008,
				2068.12511743707,
				164.64663190531428,
				2007.498238444212,
				192.39113585119958,
				1944.8162110109151,
				201.63930383316074,
				1871.8584413754397,
				204.72202649381506,
				1800.9558201803993,
				202.66687805337824,
				1758.8252771514635,
				194.44628429163458,
				1707.4465661405666,
				184.17054208945592,
				1672.5090426531533,
				166.70178034574928,
				1645.7921129274873,
				150.26059282226197,
				1611.8821636602952,
				118.40579199550484,
				1598.5236987974604,
				129.70910841790283,
				1572.834343292012,
				142.0399990605183,
				1554.3380073280896,
				145.12272172117264,
				1540.9795424652548,
				143.06757328073581,
				1530.7038002630761,
				153.3433154829163,
				1466.9941986095619,
				167.7293545659668,
				1401.2294485156126,
				191.36356163098026,
				1357.0437570462382,
				233.49410465991787,
				1299.04296875,
				270.3271484375,
				1289.7661893503027,
				275.32208416845606,
				1281.2030708484854,
				281.7444230448182,
				1271.2127659297003,
				286.73957550421073,
				1260.5088678024294,
				291.0211347551194,
				1249.8049696751586,
				295.3026940060281,
				1239.8146647563735,
				300.29784646542066,
				1230.5379530460705,
				306.7201853417828,
				1220.5476481272854,
				313.85611742662877,
				1211.270936416986,
				319.564863094507,
				1201.2806314982008,
				324.5600155538996,
				1192.0039197878978,
				329.55516801329213,
				1182.7272080775983,
				334.5503204726865,
				1172.0233099503275,
				340.25906614056294,
				1162.7465982400245,
				345.9678118084412,
				1152.7562933212394,
				351.6765574763176,
				1143.47958161094,
				358.09889635268155,
				1134.2028699006369,
				364.52123522904367,
				1124.2125649818518,
				372.37076052237535,
				1115.6494464800344,
				378.79309939873747,
				1105.6591415612493,
				385.92903148358346,
				1096.3824298509498,
				391.6377771514617,
				1087.1057181406468,
				398.0601160278238,
				1077.1154132218617,
				403.76886169570207,
				1067.1251083030766,
				408.7640141550946,
				1057.1348033842914,
				413.7591666144872,
				1047.1444984655027,
				418.75431907387974,
				1037.8677867552033,
				425.17665795024186,
				1028.5910750449038,
				432.31259003508967,
				1020.0279565430865,
				438.7349289114518,
				1010.7512448327834,
				444.4436745793282,
				1000.7609399139983,
				450.86601345569215,
				990.7706349952132,
				456.5747591235686,
				981.4939232849138,
				462.9970979999307,
				972.2172115746107,
				468.70584366780895,
				963.6540930727933,
				475.12818254417107,
				954.3773813624939,
				481.5505214205332,
				945.1006696521945,
				487.25926708841143,
				936.5375511503771,
				493.68160596477355,
				927.260839440074,
				500.1039448411357,
				919.4113141467424,
				507.23987692598166,
				910.134602436443,
				513.6622158023456,
				900.1442975176578,
				519.3709614702238,
				890.8675858073548,
				525.7933003465841,
				883.0180605140231,
				533.6428256399158,
				875.1685352206914,
				541.4923509332475,
				868.7461963443311,
				550.7690626435506,
				860.8966710509994,
				560.7593675623357,
				853.7607389661498,
				570.0360792726351,
				847.3384000897895,
				578.5991977744525,
				839.4888747964578,
				588.5895026932376,
				832.3529427116118,
				597.8662144035407,
				825.2170106267622,
				607.1429261138401,
				818.7946717504019,
				616.4196378241395,
				812.372332874038,
				624.9827563259569,
				805.236400789192,
				634.973061244742,
				798.100468704346,
				644.249772955045,
				790.2509434110143,
				653.5264846653445,
				782.4014181176826,
				662.8031963756475,
				775.265486032833,
				672.079908085947,
				768.129553947987,
				681.35661979625,
				760.993621863141,
				689.9197382980637,
				755.2848761952628,
				697.7692635913954,
				748.1489441104168,
				707.7595685101805,
				740.2994188170851,
				717.7498734289693,
				733.1634867322391,
				727.0265851392687,
				726.7411478558752,
				736.3032968495718,
				720.3188089795112,
				745.5800085598712,
				713.1828768946652,
				754.1431270616886,
				706.7605380183049,
				762.7062455635023,
				557.0,
				970.0,
				335.10000000000036,
				1568.6000000000022,
				287.0,
				1814.0,
				297.0,
				1991.0,
				254.0,
				2076.0,
				287.0,
				2104.0,
				362.0,
				2112.0,
				449.0,
				2190.0,
				482.0,
				2190.0,
				557.0,
				2062.0,
				633.0,
				2010.9000000000015,
				761.2000000000007,
				1839.7000000000007,
				979.7999999999993,
				1367.5,
				1022.099609375,
				1263.587890625,
				1044.2953776775794,
				1183.683765501708,
				1044.2953776775794,
				1118.5766629086975,
				1067.9706877114004,
				1078.624577226623,
				1072.4098083427416,
				1111.1781285231264,
				1085.7271702367689,
				1199.9605411499579,
				1088.0,
				1665.0,
				1153.0,
				1885.0,
				1272.0,
				2083.0,
				1275.7999999999993,
				2202.100000000002,
				1302.5,
				2198.2000000000007,
				1329.7000000000007,
				2170.2000000000007,
				1484.052734375,
				2133.890625,
				1656.68439966179,
				2114.365957346872,
				1815.9584037955756,
				2104.0902151446935,
				1981.3978532506662,
				2103.0626409244724,
				2128.3409667418346,
				2109.228086245781,
				2220.8226465614534,
				2118.476254227742,
				2321.5249201428123,
				2114.365957346872,
				2447.9165492296233,
				2119.5038284479597,
				2515.7364477640076,
				2120.531402668181,
				2559.922139233382,
				2140.0553128523206,
				2588.694217399483,
				2135.945015971447,
				2593.832088500574,
				2093.814472942511,
				2584.583920518613,
				2043.4633361518318,
				2590.749365839918,
				1977.6985860578825,
				2604.600000000002,
				1967.6000000000022,
				2621.2999999999993,
				1940.2999999999993,
				2631.100000000002,
				1890.5,
				2627.2999999999993,
				1400.2999999999993,
				2641.600000000002,
				1236.4000000000015,
				2940.600000000002,
				1642.0,
				3090.2000000000007,
				1860.2000000000007,
				3229.2999999999993,
				1984.9000000000015,
				3273.600000000002,
				2012.1000000000022,
				3288.2000000000007,
				2013.5,
				3313.2881787861843,
				2043.035180226747,
				3324.4202328385472,
				2065.299288331469,
				3343.2590935425433,
				2102.120697889277,
				3368.092137197811,
				2119.2469348929117,
				3384.3620623512616,
				2120.1032467430923,
				3401.4882993548927,
				2113.25275194164,
				3416.045600807982,
				2079.8565897845547,
				3431.4592141112516,
				2062.7303527809236,
				3500.820473975964,
				2012.2079536202073,
				3578.7448523424937,
				1979.6681033133027,
				3585.595347143946,
				1962.5418663096716,
				3566.75648643995,
				1941.13407005513,
				3495.682602874873,
				1858.0718205875128,
				3504.24572137669,
				1852.077637636241,
				3508.527280627597,
				1840.0892717336974,
				3504.24572137669,
				1756.1707104158959,
				3493.113667324331,
				1686.8094505511835,
				3475.987430320696,
				1615.73556698611,
				3422.896484375,
				1450.466796875,
				3369.8047608981724,
				1327.1584734748976,
				3296.161941782553,
