{
	"dataset": {
		"dataset.id": 79604,
		"dataset.name": "01_sou_015921_079604_wear_02top_02t-shirt_woman",
		"dataset.image_path": "./008.의류 통합 데이터(3-1)/원천데이터/상품/상의/t-shirt/01_sou_015921_079604_wear_02top_02t-shirt_woman.jpg",
		"dataset.label_path": "./008.의류 통합 데이터(3-1)/라벨링데이터/상품/상의/t-shirt/01_sou_015921_079604_wear_02top_02t-shirt_woman.json",
		"dataset.category": 6,
		"dataset.type": 1,
		"dataset.width": 607,
		"dataset.height": 1080,
		"dataset.file_size": 61883
	},
	"annotation": [
		{
			"annotation_type": "Polygon",
			"annotation_id": 185,
			"annotation_point_count": 113.0,
			"annotation_point": [
				152.10000000000036,
				421.60000000000036,
				172.60000000000218,
				433.6000000000022,
				188.3000000000011,
				450.0,
				199.5,
				434.90000000000146,
				203.0,
				433.0,
				206.0,
				443.0,
				210.0,
				474.0,
				203.0,
				492.0,
				204.0,
				513.0,
				199.0,
				527.0,
				201.0,
				574.0,
				198.20000000000073,
				583.9000000000015,
				192.20000000000073,
				614.9000000000015,
				219.60000000000036,
				622.7000000000007,
				325.0,
				628.4000000000015,
				371.0,
				627.0,
				398.0,
				627.4000000000015,
				402.10000000000036,
				620.2000000000007,
				408.10000000000036,
				621.0,
				399.2000000000007,
				576.0,
				399.7000000000007,
				530.9000000000015,
				392.90000000000146,
				515.4000000000015,
				392.40000000000146,
				495.60000000000036,
				387.60000000000036,
				482.8000000000011,
				382.0,
				438.0,
				385.2000000000007,
				436.5,
				394.2000000000007,
				453.10000000000036,
				402.3000000000011,
				468.3000000000011,
				434.0,
				449.90000000000146,
				455.7000000000007,
				444.10000000000036,
				451.0,
				434.0,
				435.0,
				406.0,
				420.40225339345125,
				361.1532835488233,
				418.486361078345,
				357.32149891861263,
				415.8520091450755,
				353.9686873671799,
				414.8940629875233,
				350.6158758157453,
				413.93611682997107,
				347.26306426431074,
				411.30176489670157,
				343.43127963410006,
				410.1043321997604,
				340.79692770083057,
				408.18843988465596,
				337.20462961000885,
				405.7935744907736,
				334.3307911373504,
				403.1592225575041,
				331.93592574346985,
				401.0038437030107,
				329.0620872708114,
				398.6089783091302,
				325.9487622587658,
				395.7351398364717,
				323.3144103254963,
				392.86130136381325,
				320.9195449316139,
				390.22694943054375,
				318.0457064589573,
				386.63465133972204,
				315.4113545256878,
				383.0423532489003,
				314.2139218287466,
				379.9290282368547,
				312.0585429742532,
				376.3367301460312,
				310.38213719853593,
				372.98391859459844,
				308.9452179622076,
				369.15213396438776,
				307.0293256471032,
				366.03880895234215,
				305.831892950162,
				363.1649704796837,
				303.6765140956686,
				359.8121589282491,
				302.7185679381164,
				356.9383204555925,
				301.0421621623991,
				339.4558030802582,
				292.1811602050366,
				338.49785692270416,
				291.22321404748436,
				336.58196460759973,
				288.3493755748277,
				334.1870992137174,
				284.99656402339315,
				332.031720359224,
				282.1227255507347,
				328.9183953471784,
				279.72786015685415,
				325.5655837957456,
				277.8119678417479,
				322.4522587836982,
				275.41710244786736,
				319.09944723226545,
				273.7406966721501,
				315.26766260205477,
				273.9801832115372,
				311.4358779718441,
				274.45915629031515,
				307.6040933416334,
				274.93812936909126,
				303.77230871142274,
				274.93812936909126,
				299.9405240812139,
				274.2196697509262,
				296.5877125297793,
				273.5012101327611,
				292.2769548207925,
				272.5432639752089,
				288.44517019058185,
				272.78275051459786,
				283.17646632404285,
				273.022237053985,
				279.8236547726083,
				273.9801832115372,
				276.4708432211755,
				275.8960755266435,
				273.11803166974096,
				278.290940920524,
				270.962890625,
				280.4462890625,
				266.0018878101455,
				288.4758180510653,
				254.9169921875,
				290.265625,
				252.2827027429721,
				291.94167366564943,
				249.40886427031364,
				294.8155121383061,
				246.0560527188809,
				296.97089099279947,
				242.94272770683347,
				299.12626984729286,
				239.82940269478786,
				301.0421621623991,
				236.23710460396615,
				302.2395948593403,
				232.16583343436832,
				302.95805447750354,
				228.81302188293375,
				304.1554871744447,
				225.46021033149918,
				306.3108660289381,
				222.10739878006643,
				308.22675834404254,
				218.75458722863186,
				310.38213719853593,
				215.64126221658626,
				313.01648913180543,
				212.2884506651517,
				314.9323814469117,
				208.69615257432997,
				317.08776030140507,
				205.8223141016715,
				319.24313915589846,
				202.94847562901305,
				321.39851801039185,
				199.83515061696744,
				323.55389686488525,
				196.72182560492183,
				326.4277353375419,
				195.52439290798065,
				330.0200334283636,
				194.3269602110413,
				333.61233151918714,
				192.650554435324,
				337.20462961000885,
				190.49517558083062,
				340.5574411614434,
				188.81876980511333,
				343.9102527128762,
				186.66339095061994,
				346.5446046461457,
				183.78955247796148,
				349.6579296581931,
				181.87366016285705,
				352.7712546702387,
				176.10616684646266,
				363.20163610212694,
				172.7350773103244,
				370.50566343042556,
				165.99289823804975,
				379.4952355267942,
				165.4310499820258,
				387.9229593671389,
				154.194084861565,
				404.21655879180616,
				143.3000000000011,
				420.40000000000146
			]
		}
	],
	"metadata.model": {
		"metadata.model.gender": "FEMALE",
		"metadata.model.age": "50대 이상",
		"metadata.model.job": "homemaker",
		"metadata.model.type": "wear",
		"metadata.model.usually_size": "XL",
		"metadata.model.body_height": "157",
		"metadata.model.waist_height": "96",
		"metadata.model.chest_size_male": "null",
		"metadata.model.breast_size_female": "94.0",
		"metadata.model.waist_size": "85",
		"metadata.model.hip_seize": "96",
		"metadata.model.back_length": "36",
		"metadata.model.shoulders_width": "36",
		"metadata.model.arm_length": "54",
		"metadata.model.weight": "59"
	},
	"metadata.clothes": {
		"metadata.clothes.type": "02top_02t-shirt",
		"metadata.clothes.season": "summer",
		"metadata.clothes.fiber_composition": "Viscos rayon,Polyester",
		"metadata.clothes.elasticity": "contain",
		"metadata.clothes.transparency": "none at all",
		"metadata.clothes.isfleece": "fleece_none",
		"metadata.clothes.color": "Black,Blue",
		"metadata.clothes.washing_method": "none",
		"metadata.clothes.bleach": "none",
		"metadata.clothes.ironing": "none",
		"metadata.clothes.drycleaning": "none",
		"metadata.clothes.wringing": "none",
		"metadata.clothes.drying": "none",
		"metadata.clothes.top_length_type": "normal",
		"metadata.clothes.sleeve_length_type": "short sleeves",
		"metadata.clothes.topneck_color_design": "polo collar",
		"metadata.clothes.topsleeve_design": "ribbed sleeve",
		"metadata.clothes.pants_silhouette": "null",
		"metadata.clothes.skirt_design": "null",
		"metadata.top.front_length": "64.0",
		"metadata.top.chest_size": "100.0",
		"metadata.top.waist_size": "96.0",
		"metadata.top.hem_size": "100.0",
		"metadata.top.shoulder_width": "39.0",
		"metadata.top.sleeve_length": "20.0",
		"metadata.top.sleeve_cuff_size": "26.0",
		"metadata.pants.pants_length": "null",
		"metadata.pants.waist_size": "null",
		"metadata.pants.hip_size": "null",
		"metadata.pants.front_rise_length": "null",
		"metadata.pants.back_rise_length": "null",
		"metadata.pants.inner_seam_length": "null",
		"metadata.pants.pants_waist_size": "null",
		"metadata.skirt.length": "null",
		"metadata.skirt.waist_size": "null",
		"metadata.skirt.hip_size": "null",
		"metadata.skirt.hem_size": "null",
		"metadata.dress.front_length": "null",
		"metadata.dress.chest_size": "null",
		"metadata.dress.waist_size": "null",
		"metadata.dress.hip_size": "null",
		"metadata.dress.hem_size": "null",
		"metadata.dress.shoulder_width": "null",