{
	"dataset": {
		"dataset.id": 448090,
		"dataset.name": "01_sou_089618_448090_wear_02top_02t-shirt_woman",
		"dataset.image_path": "./008.의류 통합 데이터(3-1)/원천데이터/상품/상의/t-shirt/01_sou_089618_448090_wear_02top_02t-shirt_woman.jpg",
		"dataset.label_path": "./008.의류 통합 데이터(3-1)/라벨링데이터/상품/상의/t-shirt/01_sou_089618_448090_wear_02top_02t-shirt_woman.json",
		"dataset.category": 6,
		"dataset.type": 1,
		"dataset.width": 2268,
		"dataset.height": 4032,
		"dataset.file_size": 838832
	},
	"annotation": [
		{
			"annotation_type": "Polygon",
			"annotation_id": 165,
			"annotation_point_count": 103.0,
			"annotation_point": [
				588.0,
				1275.0,
				557.0,
				1337.0,
				524.7999999999993,
				1476.0,
				473.0,
				1692.0,
				448.0,
				1707.0,
				442.0,
				1750.0,
				400.0,
				1777.0,
				370.0,
				1892.0,
				333.0,
				1919.0,
				327.0,
				1966.0,
				335.70644718792755,
				1987.6629846220494,
				332.5478304815533,
				2011.3526099198607,
				315.1754385964905,
				2052.414627102735,
				307.278896830554,
				2082.421485813298,
				321.4926720092408,
				2077.683560753736,
				343.60298895386586,
				2077.683560753736,
				414.67186484730337,
				2101.3731860515472,
				460.4716796875,
				2126.642578125,
				454.0,
				2066.0,
				503.0,
				2043.0,
				521.0,
				2012.0,
				521.0,
				1981.0,
				630.2999999999993,
				1945.2999999999993,
				648.2999999999993,
				1902.2999999999993,
				642.0,
				1854.0,
				696.0,
				1830.7999999999993,
				733.0,
				1802.2999999999993,
				721.0,
				1831.0,
				721.0,
				1900.0,
				685.0,
				1969.0,
				697.0,
				2016.0,
				733.692152191179,
				2044.5180853368001,
				727.374918778427,
				2112.4283445238616,
				784.2300194931777,
				2134.5386614684867,
				932.6850046928012,
				2140.855894881235,
				1095.353765071115,
				2162.9662118258602,
				1218.5398166197374,
				2172.4420619449847,
				1336.9879431088011,
				2150.3317450003597,
				1340.146484375,
				2079.263671875,
				1408.5,
				2016.1000000000022,
				1393.2999999999993,
				1924.6000000000022,
				1430.9000000000015,
				1856.2999999999993,
				1436.0,
				1869.0,
				1442.0,
				1939.0,
				1460.0,
				1962.0,
				1539.0,
				2016.0,
				1575.0,
				2054.0,
				1635.0,
				2074.0,
				1660.7461555122354,
				2107.6904194642993,
				1670.2220056313636,
				2120.3248862898,
				1708.1254061078616,
				2106.1111111111095,
				1731.815031405673,
				2088.7387192260467,
				1746.0288065843633,
				2068.2077106346114,
				1730.2357230524867,
				2049.2560103963624,
				1719.180564580176,
				2017.6698433326128,
				1723.9184896397383,
				1998.7181430943601,
				1736.5529564652352,
				1978.187134502925,
				1709.705078125,
				1965.552734375,
				1696.2999999999993,
				1956.4000000000015,
				1714.0,
				1900.0,
				1708.0,
				1827.0,
				1678.0,
				1780.0,
				1660.7461555122354,
				1717.6012562269862,
				1521.7670204317365,
				1403.3188939426764,
				1488.6015450148006,
				1341.7258681683634,
				1453.856761244675,
				1311.7190094578,
				1438.063677712802,
				1273.815608981302,
				1423.8499025341116,
				1237.49151685799,
				1384.3671937044237,
				1210.643274853799,
				1366.9948018193645,
				1193.27088296874,
				1324.3534762833006,
				1177.4777994368633,
				1299.0845426322994,
				1164.8433326113627,
				1251.7052920366768,
				1152.2088657858621,
				1235.9122085048002,
				1141.1537073135514,
				1226.4363583856757,
				1115.8847736625503,
				1223.2777416792997,
				1111.146848602988,
				1199.5881163814884,
				1104.8296151902396,
				1204.3260414410506,
				1128.5192404880509,
				1210.643274853799,
				1145.8916323731137,
				1198.0088080283022,
				1155.3674824922382,
				1183.7950328496117,
				1156.9467908454244,
				1174.3191827304872,
				1156.9467908454244,
				1158.5260991986142,
				1139.5743989603652,
				1133.257165547613,
				1136.4157822539892,
				1087.4572233051767,
				1120.6226987221125,
				1049.553822828675,
				1107.988231896612,
				999.0159555266764,
				1074.8227564796762,
				1003.7538805862387,
				1057.4503645946133,
				983.2228719947998,
				1059.0296729477996,
				961.1125550501783,
				1073.24344812649,
				956.3746299906124,
				1082.7192982456145,
				946.8987798714879,
				1084.2986065988007,
				935.8436213991772,
				1084.2986065988007,
				899.5195292758654,
				1089.036531658363,
				867.9333622121158,
				1100.0916901306773,
				818.9748032633033,
				1106.4089235434258,
				777.9127860804256,
				1128.5192404880509,
				765.2783192549286,
				1137.9950906071754,
				747.9059273698658,
				1150.629557432676,
				735.2714605443653,
				1169.581257670925,
				700.5266767742396,
				1186.9536495559878,
				668.94050971049,
				1205.9053497942368,
				635.775390625,
				1220.119140625
			]
		}
	],
	"metadata.model": {
		"metadata.model.gender": "FEMALE",
		"metadata.model.age": "20대",
		"metadata.model.job": "not employed",
		"metadata.model.type": "wear",
		"metadata.model.usually_size": "M",
		"metadata.model.body_height": "165",
		"metadata.model.waist_height": "97",
		"metadata.model.chest_size_male": "null",
		"metadata.model.breast_size_female": "96.0",
		"metadata.model.waist_size": "78",
		"metadata.model.hip_seize": "96",
		"metadata.model.back_length": "42",
		"metadata.model.shoulders_width": "43",
		"metadata.model.arm_length": "54",
		"metadata.model.weight": "58"
	},
	"metadata.clothes": {
		"metadata.clothes.type": "02top_02t-shirt",
		"metadata.clothes.season": "winter",
		"metadata.clothes.fiber_composition": "Cotton",
		"metadata.clothes.elasticity": "none",
		"metadata.clothes.transparency": "none at all",
		"metadata.clothes.isfleece": "fleece_contain",
		"metadata.clothes.color": "Red",
		"metadata.clothes.washing_method": "none",
		"metadata.clothes.bleach": "none",
		"metadata.clothes.ironing": "none",
		"metadata.clothes.drycleaning": "none",
		"metadata.clothes.wringing": "none",
		"metadata.clothes.drying": "none",
		"metadata.clothes.top_length_type": "normal",
		"metadata.clothes.sleeve_length_type": "long sleeves",
		"metadata.clothes.topneck_color_design": "round neck",
		"metadata.clothes.topsleeve_design": "ribbed sleeve",
		"metadata.clothes.pants_silhouette": "null",
		"metadata.clothes.skirt_design": "null",
		"metadata.top.front_length": "56.0",
		"metadata.top.chest_size": "106.0",
		"metadata.top.waist_size": "104.0",
		"metadata.top.hem_size": "100.0",
		"metadata.top.shoulder_width": "53.0",
		"metadata.top.sleeve_length": "48.0",
		"metadata.top.sleeve_cuff_size": "16.0",
		"metadata.pants.pants_length": "null",
		"metadata.pants.waist_size": "null",
		"metadata.pants.hip_size": "null",
		"metadata.pants.front_rise_length": "null",
		"metadata.pants.back_rise_length": "null",
		"metadata.pants.inner_seam_length": "null",
		"metadata.pants.pants_waist_size": "null",
		"metadata.skirt.length": "null",
		"metadata.skirt.waist_size": "null",
		"metadata.skirt.hip_size": "null",
		"metadata.skirt.hem_size": "null",
		"metadata.dress.front_length": "null",
		"metadata.dress.chest_size": "null",
		"metadata.dress.waist_size": "null",
		"metadata.dress.hip_size": "null",
		"metadata.dress.hem_size": "null",
		"metadata.dress.shoulder_width": "null",
		"metadata.dress.sleeve_length": "null",
		"metadata.dress.cuff_size": "null",
		"metadata.jumpsuit.front_length": "null",
		"metadata.jumpsuit.inner_seam_length": "null",
		"metadata.jumpsuit.chest_size": "null",
		"metadata.jumpsuit.waist_size": "null",
		"metadata.jumpsuit.hip_size": "null",
		"metadata.jumpsuit.shoulder_width": "null",
		"metadata.jumpsuit.sleeve_length": "null",
		"metadata.jumpsuit.cuffs_size": "null",
		"metadata.jumpsuit.front_rise_length": "null",
		"metadata.jumpsuit.back_rise_length": "null",
		"metadata.jumpsuit.pants_waist_size": "null"
	}
}