{
	"dataset": {
		"dataset.id": 414703,
		"dataset.name": "01_sou_082941_414703_wear_02top_02t-shirt_man",
		"dataset.image_path": "./008.의류 통합 데이터(3-1)/원천데이터/상품/상의/t-shirt/01_sou_082941_414703_wear_02top_02t-shirt_man.jpg",
		"dataset.label_path": "./008.의류 통합 데이터(3-1)/라벨링데이터/상품/상의/t-shirt/01_sou_082941_414703_wear_02top_02t-shirt_man.json",
		"dataset.category": 6,
		"dataset.type": 1,
		"dataset.width": 2268,
		"dataset.height": 4032,
		"dataset.file_size": 702958
	},
	"annotation": [
		{
			"annotation_type": "Polygon",
			"annotation_id": 163,
			"annotation_point_count": 134.0,
			"annotation_point": [
				911.8216763666042,
				1768.3728575454697,
				894.8816699843683,
				1837.980169153223,
				862.6917274622047,
				1975.2688983716762,
				862.6917274622047,
				2000.109000537741,
				856.6782217163054,
				2100.8057438121996,
				849.4069892784555,
				2151.3899392041694,
				848.2671744638737,
				2184.1301371540612,
				844.6512102245088,
				2186.1739430284833,
				840.7601182712806,
				2208.2627680559017,
				848.5029982186134,
				2207.791120546419,
				868.0763698621267,
				2207.5552967916774,
				906.7121616805471,
				2213.254370864588,
				976.7911207977832,
				2220.0932597520805,
				1022.5802331766827,
				2221.3116824849094,
				1142.9682599720236,
				2225.6744219476204,
				1228.650890861296,
				2228.9366505548733,
				1273.1429725891212,
				2230.5874168380615,
				1368.1406417906674,
				2238.251688867147,
				1454.0197924755594,
				2242.260692697746,
				1500.634287996052,
				2241.789045188263,
				1500.634287996052,
				2246.151784650974,
				1521.3081704950237,
				2246.348304446592,
				1523.1947605329533,
				2248.038374688904,
				1526.771420813193,
				2247.645335097668,
				1527.5574999956643,
				2243.1253797984627,
				1545.4000000000015,
				2239.9000000000015,
				1544.418898459653,
				2232.867046467225,
				1540.80293422029,
				2222.844536890727,
				1538.1695689590142,
				2210.306573930324,
				1535.8113314116035,
				2173.28224443597,
				1529.247570237976,
				2153.0800094464794,
				1528.972442524111,
				2096.600220185983,
				1531.5665038262632,
				2065.9431320696367,
				1531.5665038262632,
				1987.6889494547086,
				1521.6226021680122,
				1914.387065689345,
				1522.7231130234704,
				1890.0972189510103,
				1514.9016251578905,
				1834.7572445050937,
				1514.5085855666548,
				1759.6866825791712,
				1504.7612037040217,
				1670.7811270417697,
				1501.93131864713,
				1575.0366826168756,
				1511.8359163462555,
				1526.4569891402061,
				1518.203157724267,
				1502.127838442746,
				1524.7669188978944,
				1520.718611108172,
				1540.331286710807,
				1543.9079469910484,
				1565.4465165907368,
				1594.9637898925012,
				1599.5623531099518,
				1658.8327234682201,
				1610.4495497871667,
				1688.8216442794655,
				1661.07304913826,
				1662.9596391761897,
				1745.576561253827,
				1627.5860759650222,
				1748.5243581880914,
				1632.4990708554615,
				1776.0371295745554,
				1615.7948882279652,
				1828.1148754132191,
				1588.5965485144898,
				1795.0995497494623,
				1522.1335536366187,
				1707.373112985766,
				1356.270846135365,
				1652.0724424989749,
				1257.4999968579596,
				1628.4900670248626,
				1215.248240800176,
				1589.800000000001,
				1166.0,
				1580.916081798543,
				1156.3969307097868,
				1578.1866401927418,
				1153.2125821696864,
				1575.9121055212436,
				1150.0282336295859,
				1573.6375708497435,
				1147.071338556636,
				1571.1355827110929,
				1143.9097353632515,
				1569.0885015067433,
				1140.4751880092863,
				1567.2688737695426,
				1137.5182929363364,
				1565.4492460323436,
				1134.333944396236,
				1563.1747113608435,
				1131.6045027904365,
				1560.6727232221929,
				1129.3299681189364,
				1557.9432816163935,
				1126.8279799802858,
				1554.3040261419937,
				1125.4632591773861,
				1551.1196776018933,
				1123.6436314401853,
				1547.7078755946422,
				1121.8240037029864,
				1544.296073587393,
				1121.1416433015365,
				1541.1117250472926,
				1119.7769224986368,
				1537.2450161057423,
				1118.639655162886,
				1533.833214098493,
				1117.5023878271368,
				1530.4214120912438,
				1116.820027425687,
				1527.2370635511434,
				1116.5925739585364,
				1482.65625,
				1105.015625,
				1438.1409929896563,
				1099.2229534675462,
				1381.1502522605533,
				1088.6108845041963,
				1362.6773914724981,
				1078.3918551320803,
				1355.2096392390304,
				1061.0981131177323,
				1340.6671743633287,
				1066.600667395025,
				1334.3785409035645,
				1067.7797861687304,
				1342.239332728268,
				1074.0684196284928,
				1337.1298828125,
				1077.212890625,
				1332.0203033561538,
				1074.8544988109643,
				1287.6068295465757,
				1085.4665677743142,
				1236.1186430947655,
				1088.2178449129606,
				1195.635565197541,
				1082.7152906356678,
				1147.291695475611,
				1084.6804885918446,
				1101.3060633010937,
				1082.7152906356678,
				1082.4000000000015,
				1071.7000000000007,
				1066.5,
				1096.300000000001,
				1035.8693384670023,
				1101.539703502549,
				974.7568359375,
				1111.583984375,
				940.3661766800578,
				1119.4994292687115,
				936.5449584319394,
				1120.3182617504517,
				932.4507960232386,
				1121.4100383927707,
				928.3566336145395,
				1122.228870874511,
				924.2624712058387,
				1123.3206475168317,
				919.895364636559,
				1124.4124241591508,
				916.0741463884387,
				1126.050089122631,
				911.9799839797397,
				1127.9606982466921,
				908.704654052779,
				1130.4171956919108,
				906.2481566075585,
				1133.9654697794504,
				904.3375474834993,
				1137.7866880275706,
				902.1539941988594,
				1141.6079062756908,
				899.6974967536389,
				1145.7020686843916,
				897.5139434689991,
				1149.2503427719312,
				894.511557702619,
				1152.7986168594707,
				891.7821160968197,
				1157.1657234287504,
				890.41739529392,
				1158.2575000710713,
				825.9206901488669,
				1264.9786668578527,
				819.0424973022509,
				1281.3553164926525,
				741.7447110259964,
				1413.3511125491386,
				682.8160667567754,
				1509.973345394459,
				649.3804070857241,
				1565.926898313357,
				626.4258031809477,
				1606.6501670718935,
				675.9924627422752,
				1643.2519790056704,
				681.4513459538739,
				1632.334212582471,
				723.757690843775,
				1644.8623495530937,
				766.3096854781961,
				1662.1397149178065,
				816.5587054409734,
				1682.8288822897703,
				796.7702537989244,
				1712.4160292966426,
				808.3703806235735,
				1707.8578618149568,
				822.6999490540238,
				1712.1703795521207,
				834.0817205502099,
				1710.805658749221,
				839.5406037618086,
				1701.4982628734433,
				860.6937762067591,
				1664.6508011951428,
				883.4300247830724,
				1616.6126289330641,
				921.0963189431131,
				1539.3694314889235,
				920.8233747825325,
				1610.3349132397234,
				921.369140625,
				1733.16015625
			]
		}
	],
	"metadata.model": {
		"metadata.model.gender": "MALE",
		"metadata.model.age": "20대",
		"metadata.model.job": "not employed",
		"metadata.model.type": "wear",
		"metadata.model.usually_size": "L",
		"metadata.model.body_height": "170",
		"metadata.model.waist_height": "98",
		"metadata.model.chest_size_male": "88.0",
		"metadata.model.breast_size_female": "null",
		"metadata.model.waist_size": "74",
		"metadata.model.hip_seize": "95",
		"metadata.model.back_length": "43",
		"metadata.model.shoulders_width": "43",
		"metadata.model.arm_length": "56",
		"metadata.model.weight": "61"
	},
	"metadata.clothes": {
		"metadata.clothes.type": "02top_02t-shirt",
		"metadata.clothes.season": "summer",
		"metadata.clothes.fiber_composition": "Cotton",
		"metadata.clothes.elasticity": "contain",
		"metadata.clothes.transparency": "contain little",
		"metadata.clothes.isfleece": "fleece_none",
		"metadata.clothes.color": "White,Blue,Pink",
		"metadata.clothes.washing_method": "none",
		"metadata.clothes.bleach": "none",
		"metadata.clothes.ironing": "none",
		"metadata.clothes.drycleaning": "none",