{
	"dataset": {
		"dataset.id": 501156,
		"dataset.name": "01_sou_100232_501156_front_02top_02t-shirt_woman",
		"dataset.image_path": "./008.의류 통합 데이터(3-1)/원천데이터/상품/상의/t-shirt/01_sou_100232_501156_front_02top_02t-shirt_woman.jpg",
		"dataset.label_path": "./008.의류 통합 데이터(3-1)/라벨링데이터/상품/상의/t-shirt/01_sou_100232_501156_front_02top_02t-shirt_woman.json",
		"dataset.category": 6,
		"dataset.type": 1,
		"dataset.width": 4032,
		"dataset.height": 2268,
		"dataset.file_size": 760903
	},
	"annotation": [
		{
			"annotation_type": "Polygon",
			"annotation_id": 66,
			"annotation_point_count": 85.0,
			"annotation_point": [
				2570.0,
				410.0,
				2561.863074848454,
				411.64452715230254,
				2517.50014891542,
				439.31172827182854,
				2465.0283203125,
				445.990234375,
				2358.0,
				474.0,
				2261.3400282053244,
				479.381467824247,
				2190.2639425706784,
				476.0423228615455,
				2127.7742296972665,
				477.473384988416,
				2048.5888671875,
				468.41015625,
				1992.3003483533776,
				457.91553592116543,
				1941.2591324949426,
				441.6968318166146,
				1887.35546875,
				417.845703125,
				1823.7000000000007,
				454.90000000000146,
				1713.7000000000007,
				492.3000000000011,
				1695.1000000000004,
				496.60000000000036,
				1672.6964733519544,
				519.9282280856205,
				1639.305023724939,
				547.5954292051465,
				1571.568359375,
				591.9580078125,
				1522.5093652609849,
				629.8700530032747,
				1476.4864072607797,
				663.5286342273048,
				1437.3325474695612,
				699.2479449140319,
				1390.622679648457,
				737.7148948843533,
				1319.1840582750046,
				787.1724019890517,
				1260.1098136777255,
				835.942999272851,
				1255.3017578125,
				839.3779296875,
				1221.0,
				866.0,
				1351.0,
				1043.0,
				1470.5,
				1164.2000000000007,
				1528.2000000000007,
				1113.9000000000015,
				1586.9000000000015,
				1044.1000000000004,
				1591.0,
				1060.0,
				1581.420729801528,
				1107.6162290982938,
				1591.676238474758,
				1182.8232927019817,
				1588.257735583682,
				1258.0303563056696,
				1591.676238474758,
				1357.1669401468935,
				1596.8039928113722,
				1434.0832551961212,
				1595.0947265625,
				1543.4755859375,
				1589.1000000000004,
				1605.300000000001,
				1589.8952186911356,
				1670.1491827661212,
				1582.79715054185,
				1725.96060571413,
				1581.0226335045281,
				1792.4191308860682,
				1572.4362607432959,
				1819.3230988712621,
				1548.966796875,
				1858.248046875,
				1542.7000000000007,
				1928.1000000000004,
				1537.300000000001,
				1953.7000000000007,
				1625.1886452889048,
				1964.3682290129236,
				1753.7781637611188,
				1964.3682290129236,
				1870.4978805282062,
				1961.4007785866415,
				1938.7492403326905,
				1963.3790788708302,
				2046.5666058209317,
				1963.3790788708302,
				2123.7203169042605,
				1959.4224783024529,
				2196.9174274192137,
				1957.444178018266,
				2287.9189453125,
				1953.4873046875,
				2417.497909106167,
				1951.5092771657019,
				2526.3044247365033,
				1952.4984273077953,
				2604.4472859619254,
				1952.4984273077953,
				2678.633546618972,
				1955.4658777340774,
				2733.0368044341412,
				1953.4875774498905,
				2760.7330084127716,
				1956.4550278761726,
				2767.657059407429,
				1951.5092771657019,
				2834.9192690698183,
				1957.444178018266,
				2821.8393612302098,
				1899.9014370283403,
				2825.1785061929113,
				1856.4925525132203,
				2822.7934026481253,
				1791.6177360950205,
				2814.3024340286847,
				1709.5224720834613,
				2799.903354039692,
				1588.8274860655292,
				2803.582992568283,
				1542.297863381431,
				2804.7699727387953,
				1443.7785092288723,
				2808.3309132503327,
				1340.511234394262,
				2810.7048735913595,
				1278.788265527599,
				2810.7048735913595,
				1176.7079708635029,
				2815.453125,
				1074.6279296875,
				2846.6000000000004,
				1087.7000000000007,
				2907.300000000001,
				1127.6000000000004,
				2936.4000000000015,
				1140.0,
				3158.2000000000007,
				916.4000000000015,
				3181.7400376415153,
				873.1048205834632,
				3185.1745867460086,
				841.5069688221283,
				3132.969440357716,
				802.3531090309098,
				3051.9140625,
				734.3486328125,
				2933.765592297126,
				651.2329484332204,
				2852.023323610196,
				592.845613656842,
				2797.070537938309,
				548.8833851193322,
				2737.99609375,
				500.7998046875,
				2632.0,
				453.0
			]
		}
	],
	"metadata.model": {
		"metadata.model.gender": "FEMALE",
		"metadata.model.age": "20대",
		"metadata.model.job": "entertainment and sports",
		"metadata.model.type": "front",
		"metadata.model.usually_size": "S",
		"metadata.model.body_height": "158",
		"metadata.model.waist_height": "93",
		"metadata.model.chest_size_male": "null",
		"metadata.model.breast_size_female": "82.0",
		"metadata.model.waist_size": "61",
		"metadata.model.hip_seize": "86",
		"metadata.model.back_length": "42",
		"metadata.model.shoulders_width": "41",
		"metadata.model.arm_length": "52",
		"metadata.model.weight": "46"
	},
	"metadata.clothes": {
		"metadata.clothes.type": "02top_02t-shirt",
		"metadata.clothes.season": "summer",
		"metadata.clothes.fiber_composition": "Cotton",
		"metadata.clothes.elasticity": "none at all",
		"metadata.clothes.transparency": "none at all",
		"metadata.clothes.isfleece": "fleece_none",
		"metadata.clothes.color": "White,Blue",
		"metadata.clothes.washing_method": "none",
		"metadata.clothes.bleach": "none",
		"metadata.clothes.ironing": "none",
		"metadata.clothes.drycleaning": "none",
		"metadata.clothes.wringing": "none",
		"metadata.clothes.drying": "none",
		"metadata.clothes.top_length_type": "normal",
		"metadata.clothes.sleeve_length_type": "short sleeves",
		"metadata.clothes.topneck_color_design": "boat neck",
		"metadata.clothes.topsleeve_design": "basic sleeve",
		"metadata.clothes.pants_silhouette": "null",
		"metadata.clothes.skirt_design": "null",
		"metadata.top.front_length": "50.0",
		"metadata.top.chest_size": "72.0",
		"metadata.top.waist_size": "72.0",
		"metadata.top.hem_size": "72.0",
		"metadata.top.shoulder_width": "32.0",
		"metadata.top.sleeve_length": "26.0",
		"metadata.top.sleeve_cuff_size": "32.0",
		"metadata.pants.pants_length": "null",
		"metadata.pants.waist_size": "null",
		"metadata.pants.hip_size": "null",
		"metadata.pants.front_rise_length": "null",
		"metadata.pants.back_rise_length": "null",
		"metadata.pants.inner_seam_length": "null",
		"metadata.pants.pants_waist_size": "null",
		"metadata.skirt.length": "null",
		"metadata.skirt.waist_size": "null",
		"metadata.skirt.hip_size": "null",
		"metadata.skirt.hem_size": "null",
		"metadata.dress.front_length": "null",
		"metadata.dress.chest_size": "null",
		"metadata.dress.waist_size": "null",
		"metadata.dress.hip_size": "null",
		"metadata.dress.hem_size": "null",
		"metadata.dress.shoulder_width": "null",
		"metadata.dress.sleeve_length": "null",
		"metadata.dress.cuff_size": "null",
		"metadata.jumpsuit.front_length": "null",
		"metadata.jumpsuit.inner_seam_length": "null",
		"metadata.jumpsuit.chest_size": "null",
		"metadata.jumpsuit.waist_size": "null",
		"metadata.jumpsuit.hip_size": "null",
		"metadata.jumpsuit.shoulder_width": "null",
		"metadata.jumpsuit.sleeve_length": "null",
		"metadata.jumpsuit.cuffs_size": "null",
		"metadata.jumpsuit.front_rise_length": "null",
		"metadata.jumpsuit.back_rise_length": "null",
		"metadata.jumpsuit.pants_waist_size": "null"
	}
}