{
	"dataset": {
		"dataset.id": 137130,
		"dataset.name": "01_sou_027426_137130_wear_02top_02t-shirt_woman",
		"dataset.image_path": "./008.의류 통합 데이터(3-1)/원천데이터/상품/상의/t-shirt/01_sou_027426_137130_wear_02top_02t-shirt_woman.jpg",
		"dataset.label_path": "./008.의류 통합 데이터(3-1)/라벨링데이터/상품/상의/t-shirt/01_sou_027426_137130_wear_02top_02t-shirt_woman.json",
		"dataset.category": 6,
		"dataset.type": 1,
		"dataset.width": 607,
		"dataset.height": 1080,
		"dataset.file_size": 48995
	},
	"annotation": [
		{
			"annotation_type": "Polygon",
			"annotation_id": 115,
			"annotation_point_count": 114.0,
			"annotation_point": [
				270.90000000000146,
				382.60000000000036,
				257.7000000000007,
				385.0,
				249.0,
				391.60000000000036,
				240.10000000000036,
				398.90000000000146,
				233.0,
				409.0,
				228.0,
				426.0,
				225.0,
				455.0,
				220.0,
				472.7000000000007,
				216.0,
				509.0,
				209.0,
				526.0,
				205.0,
				546.6000000000004,
				198.0,
				559.0,
				197.0,
				569.7000000000007,
				189.0,
				576.0,
				188.9287109375,
				584.361328125,
				185.7647662239524,
				592.2703744196115,
				179.96507531584393,
				597.0155760717007,
				179.5,
				608.7000000000007,
				175.0,
				608.0,
				176.2744140625,
				613.8876953125,
				172.0564058956934,
				620.2143397041382,
				169.90000000000146,
				629.7000000000007,
				176.27436291977392,
				632.8682107763761,
				183.65578771191213,
				634.9771892884164,
				192.09170176007137,
				636.5589231724462,
				201.60000000000036,
				637.6000000000004,
				202.6365943202709,
				630.2319876363272,
				203.6910835762901,
				623.3778074721977,
				207.20000000000073,
				611.9000000000015,
				212.0,
				603.0,
				215.0,
				604.0,
				223.0,
				616.0,
				223.19921875,
				627.068359375,
				223.7263794406681,
				634.4499446604059,
				223.7263794406681,
				641.3041248245354,
				230.5805596047976,
				644.9948372206054,
				239.01647365295503,
				648.1583049886649,
				247.45238770111428,
				650.7945281287139,
				255.361057121263,
				653.9579958967734,
				262.742481913403,
				657.1214636648328,
				270.12390670554123,
				660.2849314328923,
				277.50533149768125,
				662.9211545729431,
				285.9412455458405,
				666.0846223410026,
				293.8499149659892,
				667.6663562250324,
				301.75858438613795,
				668.1936008530429,
				310.1944984342972,
				668.1936008530429,
				317.5759232264354,
				667.1391115970218,
				326.01183727459465,
				666.6118669690131,
				333.9205066947434,
				665.5573777129921,
				341.8291761148921,
				663.4483992009536,
				350.26509016305135,
				660.8121760609029,
				354.4830471871319,
				658.7031975488626,
				354.4830471871319,
				646.5765711046351,
				355.5375364431511,
				639.1951463124951,
				356.59202569917034,
				627.0685198682677,
				359.7000000000007,
				619.8000000000011,
				358.0,
				615.3000000000011,
				355.0,
				607.0,
				356.0,
				596.0,
				358.0,
				599.0,
				359.0,
				609.0,
				362.60000000000036,
				615.6000000000004,
				367.0,
				617.0,
				375.60000000000036,
				632.2000000000007,
				372.90000000000146,
				639.2000000000007,
				378.7000000000007,
				636.6000000000004,
				386.6449694957373,
				635.5044339164269,
				394.55363891588604,
				636.0316785444356,
				402.9895529640453,
				636.0316785444356,
				405.62577610409426,
				638.6679016844864,
				405.09853147608555,
				631.2864768923464,
				404.0440422200645,
				624.4322967282169,
				403.60000000000036,
				615.5,
				409.10000000000036,
				609.0,
				408.0,
				601.0,
				405.0,
				591.0,
				397.0,
				579.0,
				397.60000000000036,
				571.2000000000007,
				393.0,
				562.0,
				395.10000000000036,
				553.4000000000015,
				392.0,
				534.0,
				387.60000000000036,
				515.6000000000004,
				378.7363000755886,
				498.42083063384416,
				378.7363000755886,
				495.7846074937934,
				378.7363000755886,
				487.87593807364465,
				378.7363000755886,
				478.9127793974767,
				380.31803395961833,
				471.00410997732615,
				378.7363000755886,
				463.62268518518795,
				378.20905544757807,
				455.1867711370287,
				378.20905544757807,
				447.27810171688,
				378.20905544757807,
				438.8421876687207,
				378.20905544757807,
				430.4062736205615,
				379.7907893316078,
				422.49760420041275,
				378.7363000755886,
				414.588934780264,
				378.20905544757807,
				406.6802653601153,
				377.2000000000007,
				398.2000000000007,
				373.5,
				390.90000000000146,
				367.10000000000036,
				383.5,
				362.9189453125,
				378.208984375,
				359.2000000000007,
				373.40000000000146,
				353.7000000000007,
				370.40000000000146,
				347.0,
				363.0,
				339.0,
				362.0,
				330.2297942986752,
				358.7010042112106,
				326.01183727459465,
				361.8644719792701,
				319.15765711046515,
				366.0824290033506,
				311.8000000000011,
				370.3000000000011,
				305.40000000000146,
				374.0,
				297.0133827340487,
				378.20905544757807,
				289.1047133139,
				381.37252321563756,
				282.2505331497705,
				384.53599098369705,
				274.86910835763047,
				386.6449694957373,
				276.97808686967073,
				383.4815017276778,
				275.90000000000146,
				378.7000000000007
			]
		}
	],
	"metadata.model": {
		"metadata.model.gender": "FEMALE",
		"metadata.model.age": "40대",
		"metadata.model.job": "homemaker",
		"metadata.model.type": "wear",
		"metadata.model.usually_size": "L",
		"metadata.model.body_height": "158",
		"metadata.model.waist_height": "90",
		"metadata.model.chest_size_male": "null",
		"metadata.model.breast_size_female": "94.0",
		"metadata.model.waist_size": "82",
		"metadata.model.hip_seize": "95",
		"metadata.model.back_length": "38",
		"metadata.model.shoulders_width": "37",
		"metadata.model.arm_length": "49",
		"metadata.model.weight": "57"
	},
	"metadata.clothes": {
		"metadata.clothes.type": "02top_02t-shirt",
		"metadata.clothes.season": "spring&fall",
		"metadata.clothes.fiber_composition": "Cotton",
		"metadata.clothes.elasticity": "none",
		"metadata.clothes.transparency": "none at all",
		"metadata.clothes.isfleece": "fleece_none",
		"metadata.clothes.color": "Blue",
		"metadata.clothes.washing_method": "none",
		"metadata.clothes.bleach": "none",
		"metadata.clothes.ironing": "none",
		"metadata.clothes.drycleaning": "none",
		"metadata.clothes.wringing": "none",
		"metadata.clothes.drying": "none",
		"metadata.clothes.top_length_type": "long",
		"metadata.clothes.sleeve_length_type": "long sleeves",
		"metadata.clothes.topneck_color_design": "round neck",
		"metadata.clothes.topsleeve_design": "ribbed sleeve",
		"metadata.clothes.pants_silhouette": "null",
		"metadata.clothes.skirt_design": "null",
		"metadata.top.front_length": "62.0",
		"metadata.top.chest_size": "96.0",
		"metadata.top.waist_size": "98.0",
		"metadata.top.hem_size": "92.0",
		"metadata.top.shoulder_width": "45.0",
		"metadata.top.sleeve_length": "52.0",
		"metadata.top.sleeve_cuff_size": "12.0",
		"metadata.pants.pants_length": "null",
		"metadata.pants.waist_size": "null",
		"metadata.pants.hip_size": "null",
		"metadata.pants.front_rise_length": "null",
		"metadata.pants.back_rise_length": "null",
		"metadata.pants.inner_seam_length": "null",
		"metadata.pants.pants_waist_size": "null",
		"metadata.skirt.length": "null",
		"metadata.skirt.waist_size": "null",
		"metadata.skirt.hip_size": "null",
		"metadata.skirt.hem_size": "null",
		"metadata.dress.front_length": "null",
		"metadata.dress.chest_size": "null",
		"metadata.dress.waist_size": "null",
		"metadata.dress.hip_size": "null",
		"metadata.dress.hem_size": "null",
		"metadata.dress.shoulder_width": "null",
		"metadata.dress.sleeve_length": "null",
		"metadata.dress.cuff_size": "null",
		"metadata.jumpsuit.front_length": "null",
		"metadata.jumpsuit.inner_seam_length": "null",
		"metadata.jumpsuit.chest_size": "null",
		"metadata.jumpsuit.waist_size": "null",
		"metadata.jumpsuit.hip_size": "null",
		"metadata.jumpsuit.shoulder_width": "null",