{
	"dataset": {
		"dataset.id": 413997,
		"dataset.name": "01_sou_082800_413997_back_02top_02t-shirt_man",
		"dataset.image_path": "./008.의류 통합 데이터(3-1)/원천데이터/상품/상의/t-shirt/01_sou_082800_413997_back_02top_02t-shirt_man.jpg",
		"dataset.label_path": "./008.의류 통합 데이터(3-1)/라벨링데이터/상품/상의/t-shirt/01_sou_082800_413997_back_02top_02t-shirt_man.json",
		"dataset.category": 6,
		"dataset.type": 1,
		"dataset.width": 4032,
		"dataset.height": 2268,
		"dataset.file_size": 883404
	},
	"annotation": [
		{
			"annotation_type": "Polygon",
			"annotation_id": 57,
			"annotation_point_count": 126.0,
			"annotation_point": [
				1767.0,
				423.0,
				1595.3187306936234,
				486.44481887110123,
				1571.7298511654008,
				502.1707385565842,
				1544.2094917158083,
				519.8623982027511,
				1520.6206121875857,
				537.5540578489163,
				1495.065992698679,
				555.2457174950832,
				1463.614153327715,
				570.9716371805662,
				1436.0937938781226,
				588.6632968267331,
				1412.5049143499,
				604.3892165122143,
				1384.9845549003076,
				622.0808761583812,
				1357.4641954507151,
				639.7725358045482,
				1329.9438360011209,
				653.5327155293435,
				1300.4577365908426,
				667.2928952541406,
				1270.9716371805662,
				679.0873350182519,
				1243.451277730972,
				690.8817747823632,
				1213.9651783206955,
				712.5049143499,
				1188.410558831787,
				728.2308340353811,
				1164.8216793035645,
				745.9224936815481,
				1139.2670598146578,
				761.6484133670292,
				1109.7809604043796,
				777.3743330525122,
				1082.2606009547853,
				793.1002527379933,
				1056.7059814658787,
				808.8261724234744,
				1029.1856220162863,
				824.5520921089555,
				999.699522606008,
				832.415051951697,
				974.1449031170996,
				848.1409716371782,
				942.6930637461373,
				865.8326312833451,
				917.1384442572289,
				883.5242909295121,
				893.5495647290063,
				903.1816905363648,
				862.097725358044,
				914.9761303004761,
				836.5431058691356,
				926.7705700645874,
				812.9541015625,
				940.5302734375,
				564.8000000000011,
				1066.9000000000015,
				414.40000000000146,
				1173.4000000000015,
				372.90000000000146,
				1213.300000000001,
				420.0,
				1322.0,
				462.0,
				1370.0,
				480.0,
				1376.0,
				907.0,
				1201.0,
				1239.0,
				1129.0,
				1322.0,
				1080.0,
				1342.0,
				1080.0,
				1363.0,
				1105.0,
				1363.0,
				1527.0,
				1430.1962890625,
				1840.83984375,
				1455.7511934849736,
				1838.8739118225203,
				1489.1687728166235,
				1829.045212019093,
				1518.6548722269,
				1825.1137320977232,
				1550.106711597864,
				1823.1479921370392,
				1577.6270710474564,
				1819.2165122156675,
				1609.0789104184205,
				1813.3192923336119,
				1640.5307497893828,
				1809.387812412242,
				1670.016849199661,
				1805.4563324908722,
				1699.5029486099393,
				1805.4563324908722,
				1734.8862679022732,
				1805.4563324908722,
				1768.3038472339213,
				1805.4563324908722,
				1791.8927267621439,
				1805.4563324908722,
				1831.2075259758476,
				1803.4905925301864,
				1862.6593653468117,
				1803.4905925301864,
				1882.3167649536626,
				1803.4905925301864,
				1927.528784049422,
				1803.4905925301864,
				1958.980623420386,
				1803.4905925301864,
				1992.3982027520342,
				1803.4905925301864,
				2023.8500421229965,
				1803.4905925301864,
				2057.2676214546464,
				1803.4905925301864,
				2090.6852007862944,
				1803.4905925301864,
				2122.1370401572567,
				1803.4905925301864,
				2149.657399606851,
				1805.4563324908722,
				2181.109238977813,
				1811.3535523729279,
				2212.5610783487773,
				1815.2850322942977,
				2242.0471777590537,
				1817.2507722549835,
				2275.4647570907036,
				1823.1479921370392,
				2306.916596461666,
				1832.9766919404647,
				2338.36843583263,
				1836.9081718618345,
				2367.8545352429082,
				1844.771131704576,
				2422.895254142093,
				1856.5655714686873,
				2438.6211738275742,
				1742.5526537489459,
				2464.1757933164827,
				1709.135074417296,
				2503.4905925301864,
				1542.0471777590537,
				2565.0,
				1056.0,
				2658.0,
				1159.0,
				2979.0,
				1352.0,
				3062.0,
				1388.0,
				3083.0,
				1424.0,
				3248.0,
				1539.0,
				3269.0,
				1550.7000000000007,
				3311.0,
				1478.0,
				3411.9000000000015,
				1400.0,
				3404.0,
				1382.0,
				3197.0,
				1159.0,
				3010.0,
				1002.0,
				2955.610783487784,
				940.5307497893828,
				2939.884863802301,
				926.7705700645874,
				2916.2959842740784,
				907.1131704577347,
				2890.7413647851718,
				887.4557708508837,
				2867.152485256949,
				865.8326312833451,
				2845.5293456894105,
				846.1752316764941,
				2816.0432462791323,
				822.5863521482715,
				2792.4543667509133,
				804.8946925021046,
				2768.8654872226907,
				789.1687728166235,
				2743.3108677337805,
				769.5113732097707,
				2719.721988205558,
				749.8539736029179,
				2698.098848638023,
				728.2308340353811,
				2676.4757090704843,
				708.5734344285302,
				2588.0174108396495,
				631.9095759618067,
				2562.462791350743,
				616.1836562763256,
				2532.9766919404647,
				598.4919966301586,
				2507.4220724515562,
				576.8688570626218,
				2483.8331929233336,
				561.1429373771389,
				2456.312833473741,
				545.4170176916577,
				2426.826734063463,
				523.793878124121,
				2405.203594495926,
				511.99943836000966,
				2377.6832350463337,
				498.23925863521254,
				2348.1971356360555,
				486.44481887110123,
				2320.676776186463,
				476.61611906767575,
				2289.224936815499,
				468.7531592249343,
				2259.7388374052207,
				458.9244594215088,
				2235.9636363636346,
				451.59999999999854,
				2181.6606060606046,
				448.2060606060586,
				2129.0545454545445,
				439.72121212121056,
				2103.5999999999985,
				453.2969696969685,
				2059.4787878787865,
				468.56969696969463,
				2015.357421875,
				473.66015625,
				2015.357421875,
				473.66015625,
				1912.0,
				472.0,
				1850.0,
				460.0,
				1798.0,
				423.0
			]
		}
	],
	"metadata.model": {
		"metadata.model.gender": "MALE",
		"metadata.model.age": "20대",
		"metadata.model.job": "entertainment and sports",
		"metadata.model.type": "back",
		"metadata.model.usually_size": "L",
		"metadata.model.body_height": "172",
		"metadata.model.waist_height": "102",
		"metadata.model.chest_size_male": "92.0",
		"metadata.model.breast_size_female": "null",
		"metadata.model.waist_size": "77",
		"metadata.model.hip_seize": "97",
		"metadata.model.back_length": "47",
		"metadata.model.shoulders_width": "47",
		"metadata.model.arm_length": "58",
		"metadata.model.weight": "64"
	},
	"metadata.clothes": {
		"metadata.clothes.type": "02top_02t-shirt",
		"metadata.clothes.season": "winter",
		"metadata.clothes.fiber_composition": "Cotton",
		"metadata.clothes.elasticity": "contain",
		"metadata.clothes.transparency": "none at all",
		"metadata.clothes.isfleece": "fleece_none",
		"metadata.clothes.color": "Black",
		"metadata.clothes.washing_method": "none",
		"metadata.clothes.bleach": "none",
		"metadata.clothes.ironing": "none",
		"metadata.clothes.drycleaning": "none",
		"metadata.clothes.wringing": "none",
		"metadata.clothes.drying": "none",
		"metadata.clothes.top_length_type": "long",
		"metadata.clothes.sleeve_length_type": "long sleeves",
		"metadata.clothes.topneck_color_design": "round neck",
		"metadata.clothes.topsleeve_design": "ribbed sleeve",
		"metadata.clothes.pants_silhouette": "null",
		"metadata.clothes.skirt_design": "null",
		"metadata.top.front_length": "63.0",
		"metadata.top.chest_size": "106.0",
		"metadata.top.waist_size": "104.0",
		"metadata.top.hem_size": "100.0",
		"metadata.top.shoulder_width": "51.0",
		"metadata.top.sleeve_length": "58.0",
		"metadata.top.sleeve_cuff_size": "14.0",
		"metadata.pants.pants_length": "null",
		"metadata.pants.waist_size": "null",
		"metadata.pants.hip_size": "null",
		"metadata.pants.front_rise_length": "null",
		"metadata.pants.back_rise_length": "null",
		"metadata.pants.inner_seam_length": "null",