{
	"dataset": {
		"dataset.id": 347338,
		"dataset.name": "01_sou_069468_347338_wear_02top_02t-shirt_man",
		"dataset.image_path": "./008.의류 통합 데이터(3-1)/원천데이터/상품/상의/t-shirt/01_sou_069468_347338_wear_02top_02t-shirt_man.jpg",
		"dataset.label_path": "./008.의류 통합 데이터(3-1)/라벨링데이터/상품/상의/t-shirt/01_sou_069468_347338_wear_02top_02t-shirt_man.json",
		"dataset.category": 6,
		"dataset.type": 1,
		"dataset.width": 2268,
		"dataset.height": 4032,
		"dataset.file_size": 829968
	},
	"annotation": [
		{
			"annotation_type": "Polygon",
			"annotation_id": 22,
			"annotation_point_count": 188.0,
			"annotation_point": [
				585.0,
				1752.0,
				526.1000000000004,
				1866.2000000000007,
				496.0,
				1940.4000000000015,
				500.767578125,
				1961.337890625,
				505.7963480239996,
				1978.940329218105,
				496.99545370944907,
				2024.2020714072205,
				485.6800181621711,
				2060.662919281789,
				487.4401970250801,
				2066.8235453019734,
				500.0129031887245,
				2064.686185254155,
				515.7287858932777,
				2057.3940156792414,
				535.5936616318359,
				2057.3940156792414,
				551.3095443363891,
				2060.537192220152,
				568.1569705956717,
				2063.6803687610627,
				579.5981332045867,
				2076.2530749247053,
				581.7354932524067,
				2090.8374140745327,
				585.8844862864098,
				2091.9689576292585,
				598.4571924500524,
				2081.407884451801,
				631.0205014138883,
				2043.6897659608694,
				660.3149067751783,
				2011.2521840586705,
				671.8817964457303,
				2008.10900751776,
				736.7569602501299,
				1941.0964836655367,
				773.4692622479688,
				1892.8172919971475,
				778.7497988366995,
				1881.3761293882308,
				835.0,
				1793.4000000000015,
				829.5,
				1874.7000000000007,
				799.9000000000015,
				2026.1000000000022,
				826.6000000000004,
				2149.0,
				868.3369140625,
				2141.759765625,
				870.0835242788107,
				2111.201705641255,
				882.306988604576,
				2108.5823918571623,
				895.4035575250382,
				2107.7092872624635,
				908.5001264455004,
				2105.0899734783743,
				922.4697999606597,
				2103.3437642889767,
				936.4394734758189,
				2101.5975550995827,
				949.5360423962811,
				2099.8513459101887,
				962.6326113167415,
				2098.1051367207947,
				973.9829710478098,
				2095.485822936702,
				988.825749157666,
				2091.9934045579103,
				1001.9223180781282,
				2088.5009861791223,
				1015.0188869985905,
				2087.6278815844234,
				1026.3692467296569,
				2086.7547769897246,
				1041.212024839513,
				2084.135463205632,
				1055.1816983546742,
				2082.389254016238,
				1067.4051626804376,
				2079.769940232145,
				1081.3748361955968,
				2077.150626448052,
				1095.344509710756,
				2074.531312663963,
				1108.4410786312183,
				2071.0388942851714,
				1122.4107521463775,
				2066.6733713116846,
				1135.5073210668415,
				2064.054057527592,
				1147.7307853926031,
				2063.180952932893,
				1162.5735635024612,
				2062.307848338198,
				1176.5432370176204,
				2062.307848338198,
				1190.5129105327796,
				2062.307848338198,
				1205.3556886426377,
				2062.307848338198,
				1218.452257563098,
				2064.9271621222906,
				1232.4219310782573,
				2065.800266716986,
				1244.6453954040226,
				2066.6733713116846,
				1260.3612781085758,
				2068.4195805010786,
				1272.584742434341,
				2069.2926850957774,
				1287.427520544199,
				2070.1657896904726,
				1302.2702986540571,
				2070.1657896904726,
				1316.2399721692163,
				2071.0388942851714,
				1329.3365410896768,
				2071.91199887987,
				1341.560005415442,
				2071.91199887987,
				1357.2758881199952,
				2071.91199887987,
				1371.2455616351544,
				2072.7851034745654,
				1384.3421305556185,
				2073.658208069264,
				1400.0580132601717,
				2073.658208069264,
				1413.1545821806321,
				2074.531312663963,
				1427.1242556957914,
				2074.531312663963,
				1441.9670338056494,
				2073.658208069264,
				1455.9367073208086,
				2073.658208069264,
				1470.7794854306667,
				2073.658208069264,
				1484.749158945826,
				2073.658208069264,
				1499.5919370556803,
				2073.658208069264,
				1502.2112508397731,
				2075.404417258658,
				1502.2112508397731,
				2107.7092872624635,
				1503.9574600291708,
				2114.694124020043,
				1511.8154013814456,
				2114.694124020043,
				1517.0540289496312,
				2124.2982745617155,
				1527.5312840860024,
				2128.663797535206,
				1540.6278530064628,
				2133.0293205086928,
				1559.8361540898077,
				2132.156215913994,
				1577.298245983755,
				2132.156215913994,
				1591.2679194989141,
				2133.0293205086928,
				1600.0,
				2133.0,
				1601.4000000000015,
				2015.7000000000007,
				1574.0,
				1768.1000000000022,
				1647.0,
				1945.0,
				1675.0,
				1980.0,
				1697.787109375,
				1996.82421875,
				1713.5025627565592,
				1992.4594807624017,
				1732.710863839904,
				2030.0029783343925,
				1750.172955733855,
				2063.180952932893,
				1753.665374112643,
				2063.180952932893,
				1764.1426292490141,
				2056.1961161753134,
				1776.3660935747794,
				2050.0843840124326,
				1789.4626624952398,
				2049.2112794177337,
				1801.686126821005,
				2048.3381748230386,
				1816.5289049308594,
				2047.4650702283398,
				1830.4985784460223,
				2047.4650702283398,
				1843.5951473664827,
				2048.3381748230386,
				1856.6917162869431,
				2049.2112794177337,
				1869.7882852074072,
				2051.8305932018266,
				1876.7731219649868,
				2049.2112794177337,
				1866.2958668286155,
				1962.7739245426856,
				1872.4075989915,
				1943.5656234593407,
				1881.1386449384736,
				1939.200100485854,
				1880.2655403437748,
				1884.1945110199158,
				1871.5344943968012,
				1857.1282685842925,
				1769.2999999999993,
				1605.0,
				1672.0,
				1316.0,
				1604.9000000000015,
				1163.800000000003,
				1572.1294667831462,
				1103.3770719819731,
				1565.6335685985978,
				1093.9475423592412,
				1558.2994900031408,
				1083.7846048769625,
				1551.8035918185888,
				1075.717118421957,
				1543.7361053635868,
				1067.7544045183167,
				1534.306575740855,
				1060.5250984742215,
				1524.8770461181193,
				1052.4576120192178,
				1516.0761518035688,
				1045.9617138346675,
				1505.913214321292,
				1040.8278588178473,
				1494.2834611199214,
				1037.8942273796638,
				1483.387115778096,
				1036.427411660572,
				1469.5571389980905,
				1034.3319606332989,
				1458.660793656265,
				1033.598552773752,
				1447.7644483144395,
				1032.1317370546603,
				1436.763330421254,
				1030.6649213355686,
				1425.1335772198836,
				1029.1981056164768,
				1413.5038240185131,
				1027.731289897385,
				1403.3408865362326,
				1026.2644741782933,
				1391.711133334862,
				1024.7976584592016,
				1380.8147879930402,
				1022.5974348805648,
				1370.5470779593961,
				1017.5683524151063,
				1360.3841404771192,
				1013.1679052578311,
				1350.2212029948387,
				1008.7674581005558,
				1339.3248576530168,
				1004.4717834946441,
				1329.8953280302849,
				997.8711127587321,
				1321.0944337157343,
				991.3752145741837,
				1313.8651276716373,
				986.9747674169084,
				1312.3983119525474,
				987.7081752764534,
				1313.1317198120923,
				991.3752145741837,
				1313.1317198120923,
				1001.5381520564606,
				1306.5310490761804,
				1010.2342738196476,
				1267.9747501743404,
				1022.5974348805648,
				1224.389368807042,
				1031.3983291951154,
				1213.388250913853,
				1034.9605959414803,
				1202.491905572031,
				1038.6276352392088,
				1191.5955602302056,
				1040.0944509583005,
				1180.69921488838,
				1039.3610430987555,
				1169.8028695465546,
				1037.160819520117,
				1156.7063006260942,
				1036.427411660572,
				1145.8099552842687,
				1036.427411660572,
				1134.0754295315346,
				1036.427411660572,
				1122.445676330166,
				1036.427411660572,
				1111.5493309883423,
				1037.160819520117,
				1100.6529856465168,
				1040.0944509583005,
				1089.0232324451463,
				1042.294674536939,
				1078.8602949628694,
				1040.0944509583005,
				1068.592584929227,
				1036.427411660572,
				1072.2596242269556,
				1030.6649213355686,
