{
	"dataset": {
		"dataset.id": 347180,
		"dataset.name": "01_sou_069436_347180_wear_02top_02t-shirt_woman",
		"dataset.image_path": "./008.의류 통합 데이터(3-1)/원천데이터/상품/상의/t-shirt/01_sou_069436_347180_wear_02top_02t-shirt_woman.jpg",
		"dataset.label_path": "./008.의류 통합 데이터(3-1)/라벨링데이터/상품/상의/t-shirt/01_sou_069436_347180_wear_02top_02t-shirt_woman.json",
		"dataset.category": 6,
		"dataset.type": 1,
		"dataset.width": 2268,
		"dataset.height": 4032,
		"dataset.file_size": 882672
	},
	"annotation": [
		{
			"annotation_type": "Polygon",
			"annotation_id": 64,
			"annotation_point_count": 207.0,
			"annotation_point": [
				643.5947265625,
				1738.984375,
				649.0882852650993,
				1746.3088909135913,
				655.8028480813064,
				1754.2442833327477,
				662.5174108975134,
				1760.9588461489548,
				669.8423885151951,
				1767.6734089651654,
				677.7777809343497,
				1773.7775569798978,
				686.3235881549772,
				1778.660875391688,
				694.8693953756065,
				1784.1546086049457,
				703.4152025962339,
				1790.2587566196817,
				711.3505950153885,
				1795.752489832943,
				719.2859874345431,
				1801.8566378476753,
				727.8317946551706,
				1805.5191266565162,
				736.9880166772728,
				1809.181615465357,
				746.1442386993749,
				1812.844104274198,
				754.0796311185295,
				1815.2857634800894,
				789.0,
				1834.0,
				770.392578125,
				1989.2099609375,
				773.0293482154739,
				2001.5159944320185,
				771.2713535872299,
				2014.7009541438456,
				770.3923562731088,
				2027.0069165415516,
				769.5133589589859,
				2041.0708735674998,
				770.3923562731088,
				2054.255833279327,
				771.2713535872299,
				2067.440792991154,
				772.150350901351,
				2080.6257527029775,
				773.0293482154739,
				2095.5687070430467,
				772.150350901351,
				2106.995672126628,
				771.2713535872299,
				2122.817623780822,
				770.3923562731088,
				2136.002583492649,
				772.150350901351,
				2150.0665405185937,
				774.787342843716,
				2163.251500230421,
				775.6663401578389,
				2177.315457256369,
				776.54533747196,
				2191.379414282317,
				774.787342843716,
				2204.5643739941443,
				773.908345529595,
				2217.7493337059714,
				773.908345529595,
				2231.813290731916,
				774.787342843716,
				2244.998250443743,
				774.787342843716,
				2259.062207469691,
				774.787342843716,
				2273.1261644956394,
				773.908345529595,
				2285.432126893342,
				773.0293482154739,
				2300.375081233411,
				772.150350901351,
				2313.560040945238,
				772.150350901351,
				2328.5029952853074,
				773.908345529595,
				2341.6879549971345,
				773.908345529595,
				2355.7519120230827,
				771.2713535872299,
				2368.93687173491,
				772.1000000000004,
				2382.100000000002,
				770.5322265625,
				2394.328125,
				794.749275419028,
				2398.151939373911,
				824.4891234521074,
				2403.2501990367236,
				851.254986681879,
				2404.0999089805264,
				915.8329424108524,
				2411.322443502846,
				926.0294617364798,
				2414.721283278057,
				929.8531564835885,
				2419.8195429408697,
				992.306837353055,
				2424.9178026036825,
				1070.0552972109654,
				2431.2906271821994,
				1142.705078125,
				2437.6640625,
				1253.1677901003532,
				2439.3628716483217,
				1257.8411947912646,
				2418.1201230532643,
				1263.78916439788,
				2375.2097708912515,
				1269.6628306942584,
				2383.879826074979,
				1269.6628306942584,
				2397.9437831009272,
				1267.0258387518916,
				2412.0077401268754,
				1265.2678441236494,
				2425.192699838699,
				1262.2999999999993,
				2438.0,
				1276.958984375,
				2438.9375,
				1290.5550276276517,
				2438.0883067326176,
				1297.35270717807,
				2434.264611985509,
				1298.627272093774,
				2418.969832997067,
				1299.548739374397,
				2404.975761613903,
				1300.427736688518,
				2391.790801902076,
				1301.7000000000007,
				2378.5,
				1303.943725945006,
				2362.783890536055,
				1304.822723259127,
				2349.5989308242315,
				1308.338712515615,
				2336.4139711124044,
				1307.4597152014903,
				2323.229011400581,
				1309.1000000000022,
				2309.600000000002,
				1308.338712515615,
				2295.1010973486846,
				1307.974609375,
				2281.7421875,
				1306.274661587995,
				2253.7012489275257,
				1303.3006767846855,
				2242.230164686196,
				1300.751546953281,
				2192.5221329737615,
				1299.4769820375768,
				2158.9585901935716,
				1297.6925911555918,
				2114.0089341664316,
				1297.0128232005518,
				2089.2398893045975,
				1296.2905697483184,
				2070.121415569047,
				1298.669742060276,
				2057.771822535811,
				1301.3067340026391,
				2044.5868628239841,
				1303.064728630885,
				2030.5229057980396,
				1305.7017205732482,
				2017.3379460862125,
				1306.5807178873729,
				2003.2739890602643,
				1307.4597152014903,
				1990.9680266625583,
				1306.5807178873729,
				1976.025072322489,
				1304.822723259127,
				1964.5981072389077,
				1301.306640625,
				1952.2919921875,
				1285.2000000000007,
				1821.7000000000007,
				1285.1000000000022,
				1810.7000000000007,
				1307.455078125,
				1813.1015625,
				1289.1020236237491,
				1777.9231600943203,
				1281.4546341295318,
				1753.9613396790955,
				1275.8465485004344,
				1721.332477837088,
				1275.2999999999993,
				1711.1000000000022,
				1293.1796875,
				1701.958984375,
				1324.7898412634459,
				1695.3313535567395,
				1364.5562666333935,
				1691.2527458264885,
				1378.3215677229891,
				1690.2330938939267,
				1384.9493052846447,
				1686.6643121299567,
				1402.283388138214,
				1683.6053563322675,
				1424.7157306545923,
				1682.0758784334248,
				1439.5006836767534,
				1742.7451684209045,
				1460.403548294289,
				1726.4307374999044,
				1479.2671090466974,
				1707.5671767474923,
				1479.2671090466974,
				1702.4689170846796,
				1478.2474571141356,
				1689.7232679276458,
				1471.1000000000022,
				1666.2999999999993,
				1458.8825674948785,
				1630.5947853049183,
				1454.2799719659488,
				1607.1215481073814,
				1414.5206275122,
				1497.5089653568903,
				1390.0560620468932,
				1421.5661391295616,
				1387.0112680816019,
				1413.9187496353406,
				1384.4267336692028,
				1406.2713601411197,
				1382.4086725526722,
				1398.6239706468987,
				1378.832809872507,
				1390.9765811526777,
				1375.7880159072156,
				1382.7981229435827,
				1373.2388860758074,
				1375.6818021642393,
				1371.185420378286,
				1368.0344126700184,
				1368.1406264129946,
				1360.8826873096841,
				1364.5647637328257,
				1353.766366530337,
				1362.0156339014175,
				1346.1189770361161,
				1359.962168203896,
				1337.9405188270212,
				1357.4130383724914,
				1331.319862181561,
				1354.8639085410832,
				1323.67247268734,
				1352.8458474245526,
				1316.0250831931226,
				1349.7656488782704,
				1308.8733578327847,
				1347.7475877617399,
				1301.2259683385637,
				1342.649328098927,
				1295.136380407981,
				1336.52433558735,
				1289.5070520302907,
				1329.9036789418897,
				1284.4087923674779,
				1324.805419279077,
				1278.2837998559044,
				1318.1493580526258,
				1273.7166089079656,
				1311.0330372732824,
				1268.6183492451528,
				1306.9615104592303,
				1262.4933567335793,
				1300.8365179476568,
				1256.8994329368797,
				1295.7382582848404,
				1251.801173274067,
				1290.0381207451683,
				1246.9861502591848,
				1290.0381207451683,
				1246.9861502591848,
				1290.0381207451683,
				1246.9861502591848,
				1290.0381207451683,
				1246.9861502591848,
				1290.0381207451683,
				1246.9861502591848,
				1290.0381207451683,
				1246.9861502591848,
				1290.0381207451683,
				1246.9861502591848,
				1290.0381207451683,
				1246.9861502591848,
				1290.0381207451683,
				1246.9861502591848,
				1290.0381207451683,
				1246.9861502591848,
				1287.2057542658258,
				1245.5699670195172,
				1282.6031587368998,
				1242.3835547302588,
				1277.2924715881345,
				1239.5511882509163,
				1273.0439218691245,
				1236.7188217715775,
				1268.0872805302752,
				1234.5945469120707,
				1263.4846850013455,
				1232.1162262426478,
				1258.5280436624998,
