{
	"dataset": {
		"dataset.id": 411288,
		"dataset.name": "01_sou_082258_411288_wear_02top_02t-shirt_woman",
		"dataset.image_path": "./008.의류 통합 데이터(3-1)/원천데이터/상품/상의/t-shirt/01_sou_082258_411288_wear_02top_02t-shirt_woman.jpg",
		"dataset.label_path": "./008.의류 통합 데이터(3-1)/라벨링데이터/상품/상의/t-shirt/01_sou_082258_411288_wear_02top_02t-shirt_woman.json",
		"dataset.category": 6,
		"dataset.type": 1,
		"dataset.width": 2268,
		"dataset.height": 4032,
		"dataset.file_size": 690780
	},
	"annotation": [
		{
			"annotation_type": "Polygon",
			"annotation_id": 150,
			"annotation_point_count": 240.0,
			"annotation_point": [
				673.1000000000022,
				1877.2000000000007,
				650.6708513517187,
				1928.7063337423497,
				636.1000000000022,
				1966.2999999999993,
				590.6701739094024,
				2063.318379905919,
				576.7331744473631,
				2082.1396450404536,
				572.4804948532037,
				2102.1398708545603,
				559.1329757309504,
				2129.4243894388565,
				553.069749378883,
				2132.45600261489,
				525.1957504548045,
				2177.340719915599,
				520.3114847823053,
				2196.7093596513623,
				508.1850320781741,
				2209.467398433837,
				491.21641944010116,
				2239.783530194163,
				486.37425950615943,
				2259.194275668484,
				479.08996673596994,
				2280.4155679007163,
				471.80567396578044,
				2287.068274592566,
				463.931900855805,
				2307.7000864850124,
				461.53187375811285,
				2314.9422735166445,
				479.08996673596994,
				2317.3844063528923,
				493.65855227635075,
				2322.226566286834,
				508.1850320781741,
				2329.510859057027,
				522.1641372787708,
				2339.195178924907,
				522.7536176185531,
				2345.2584052769744,
				529.4063243104029,
				2345.2584052769744,
				537.3222031589357,
				2334.353018990965,
				545.7854566086935,
				2328.2897926389014,
				548.8170697847272,
				2320.416019528926,
				585.1964278971209,
				2284.6261417563182,
				608.2282668872576,
				2254.3100099959884,
				691.9344751366116,
				2120.329549910759,
				762.2510585251512,
				1991.1912497594712,
				773.7999999999993,
				1973.0,
				779.2196711632241,
				1950.5592120529182,
				855.0,
				1789.2999999999993,
				867.1000000000022,
				1775.2999999999993,
				870.7996525225499,
				1756.535968786815,
				877.4000000000015,
				1744.4000000000015,
				882.2945191483414,
				1730.4725166206445,
				887.1366790822831,
				1751.0622227745334,
				885.3261323243714,
				1772.9151010851056,
				890.1682922583132,
				1798.3469671729363,
				893.1999054343469,
				1863.2319102877482,
				888.4000000000015,
				1891.2000000000007,
				891.3893586764389,
				1937.843279009001,
				881.7050388085554,
				2031.8232874660207,
				881.7050388085554,
				2054.855126456161,
				876.8628788746137,
				2070.0131923363224,
				864.1048400921427,
				2113.676843218909,
				853.1994538061372,
				2151.235162010871,
				852.6099734663512,
				2165.80374755125,
				842.294067520128,
				2205.8041991794635,
				835.9361009981694,
				2273.426015300418,
				819.7253916541049,
				2358.3111842293365,
				809.6200144006652,
				2385.5957028136327,
				819.2201227914338,
				2412.880221397929,
				821.2411982421218,
				2438.143664531537,
				847.5572848396296,
				2453.806999274373,
				967.3060052929286,
				2468.4597962918633,
				1113.328706605178,
				2474.0177537812597,
				1254.8039881533768,
				2470.480871742555,
				1321.4994780261004,
				2461.8913010771284,
				1342.6786645197753,
				2453.806999274373,
				1363.9420624905615,
				2446.227966334289,
				1359.899911589182,
				2423.9961363767143,
				1356.3209238119234,
				2390.1431225776832,
				1346.7629211597086,
				2280.4997793778275,
				1337.1628127689364,
				2174.3933182166766,
				1329.5416740902983,
				2119.824281048088,
				1326.552166652822,
				2084.4554606610363,
				1325.5416289274763,
				1942.9801791128375,
				1331.6048552795437,
				1875.2741515147682,
				1332.6000000000022,
				1824.2999999999993,
				1331.6048552795437,
				1757.041237649486,
				1334.59436271702,
				1764.1150017268992,
				1370.0052888426253,
				1857.0844724585731,
				1376.5737840573638,
				1879.3163024161477,
				1404.5,
				1940.5,
				1422.6000000000022,
				1973.2999999999993,
				1458.28125,
				2041.501953125,
				1495.8728152228832,
				2113.048625599651,
				1532.8584959704822,
				2177.3188249315463,
				1557.46003689399,
				2199.1514924876137,
				1592.3235884183705,
				2234.5203128746616,
				1591.776213817142,
				2250.1836476174976,
				1602.9000000000015,
				2263.4000000000015,
				1618.0501946760924,
				2267.868057811025,
				1627.6924088054184,
				2293.6367698073045,
				1633.2082605562573,
				2300.2052650220394,
				1639.3135926468785,
				2310.3106422754827,
				1644.8294443977175,
				2317.889675215567,
				1649.4189699003218,
				2313.3422554515164,
				1663.06122919247,
				2305.7632225114357,
				1677.1666516087316,
				2301.215802747385,
				1693.3352552142424,
				2299.1947272966972,
				1703.9459013303567,
				2301.7210716100562,
				1708.7000000000007,
				2306.600000000002,
				1708.03015797029,
				2295.1525763953214,
				1711.0,
				2285.100000000002,
				1709.9939228323892,
				2276.579267276724,
				1705.9003093616666,
				2258.450407620665,
				1704.4383045506947,
				2237.982340267048,
				1702.0990968531369,
				2232.4267219853537,
				1698.298828125,
				2228.625,
				1688.4088838031894,
				2228.7939324310464,
				1687.7999999999993,
				2219.7999999999993,
				1680.7877451245513,
				2206.8989483819205,
				1668.2999999999993,
				2188.2000000000007,
				1657.6295889187422,
				2170.2669558381895,
				1655.145350343937,
				2161.003693355866,
				1647.9873747894162,
				2153.0036030302217,
				1640.8293992348954,
				2147.1087996323804,
				1639.9872844637757,
				2142.0561110056587,
				1635.7767106081737,
				2131.5296763666556,
				1631.14453125,
				2129.845703125,
				1634.0,
				2123.9000000000015,
				1632.7999999999993,
				2116.100000000002,
				1626.8821596572416,
				2112.1536933900898,
				1622.6912576026916,
				2112.590245687439,
				1622.2547053053459,
				2104.9942357135733,
				1611.3408978716252,
				2088.579869333258,
				1614.0864072325858,
				2082.425028379559,
				1612.624402421614,
				2077.454212022254,
				1609.701171875,
				2071.60546875,
				1603.30833560041,
				2068.760395033627,
				1581.2999999999993,
				2022.2000000000007,
				1579.5830936936327,
				2013.7108022638458,
				1578.1210888826572,
				2007.570382057762,
				1571.3958667521838,
				2001.7223628138709,
				1569.3490600168225,
				1992.07313106145,
				1566.1326494326822,
				1983.5935031578083,
				1561.455078125,
				1977.74609375,
				1557.7999999999993,
				1967.2000000000007,
				1552.8428900268955,
				1952.7247943983348,
				1545.072259134089,
				1940.0647777752201,
				1541.7999999999993,
				1930.5,
				1529.2690659700638,
				1917.6259896914962,
				1530.3167914837031,
				1907.410665933534,
				1529.2690659700638,
				1893.0917505804973,
				1492.7732939117086,
				1775.833803512629,
				1450.689652447294,
				1607.0626853576068,
				1438.3788776620568,
				1577.9883023541843,
				1436.9819103105438,
				1572.4004329481177,
				1434.1879756075105,
				1567.4237367583446,
				1432.0925245802355,
				1562.185109190159,
				1430.3463153908415,
				1556.597239784096,
				1428.6001062014475,
				1551.9697854321967,
				1426.5046551741725,
				1546.3819160261337,
				1424.0599623090202,
				1541.8417721337064,
				1421.266027605987,
				1536.9523864034018,
				1419.4325079571245,
				1531.6264483757477,
				1416.6385732540912,
				1526.387820807562,
				1414.8923640646972,
				1521.1491932393765,
				1413.8446385510615,
				1516.2598075090718,
				1412.0984293616639,
				1511.9815949950535,
				1407.5582854692366,
				1507.4414511026262,
				1404.0658670904486,
				1503.2505490480798,
				1400.1368964143112,
				1496.5276436689091,
				1396.2952361976422,
				1491.2890161007235,
				1393.501301494609,
				1486.399630370419,
				1389.3103994400626,
				1482.9072119916273,
