{
	"dataset": {
		"dataset.id": 111678,
		"dataset.name": "01_sou_022336_111678_wear_02top_02t-shirt_woman",
		"dataset.image_path": "./008.의류 통합 데이터(3-1)/원천데이터/상품/상의/t-shirt/01_sou_022336_111678_wear_02top_02t-shirt_woman.jpg",
		"dataset.label_path": "./008.의류 통합 데이터(3-1)/라벨링데이터/상품/상의/t-shirt/01_sou_022336_111678_wear_02top_02t-shirt_woman.json",
		"dataset.category": 6,
		"dataset.type": 1,
		"dataset.width": 607,
		"dataset.height": 1080,
		"dataset.file_size": 69657
	},
	"annotation": [
		{
			"annotation_type": "Polygon",
			"annotation_id": 136,
			"annotation_point_count": 155.0,
			"annotation_point": [
				161.14980562040364,
				438.0701973862306,
				188.8642578125,
				452.8173828125,
				206.5,
				461.5,
				243.0,
				428.0,
				243.0,
				450.0,
				233.0,
				480.0,
				231.0,
				516.2000000000007,
				233.5,
				541.3000000000029,
				230.8583984375,
				558.560546875,
				230.97541780232677,
				570.1138029139365,
				231.7922812996021,
				571.6425046016957,
				233.42600829415278,
				572.447698620439,
				234.94304050337814,
				572.8094524549451,
				236.6934622832523,
				573.0428420255957,
				238.44388406312828,
				573.509621166897,
				240.31100062832957,
				573.8480360443391,
				242.29481197885434,
				574.0930950935217,
				244.04523375873032,
				574.0930950935217,
				245.7956555386063,
				574.2097898788452,
				247.19599296250635,
				574.3148151856403,
				249.41319388368174,
				574.3148151856403,
				251.63039480485713,
				574.3148151856403,
				253.73090094070722,
				574.3148151856403,
				255.5980175059085,
				574.2097898788452,
				257.6985236417586,
				574.2097898788452,
				259.7990297776105,
				574.2097898788452,
				261.78284112813526,
				574.2097898788452,
				263.64995769333655,
				574.0930950935217,
				265.6337690438613,
				574.0930950935217,
				267.6175803943861,
				573.9764003081946,
				269.718086530238,
				573.9764003081946,
				271.9352874514134,
				573.9764003081946,
				274.1524883725888,
				573.9764003081946,
				276.01960493779006,
				573.9764003081946,
				278.23680585896545,
				573.9764003081946,
				280.1039224241649,
				574.0930950935217,
				281.9710389893662,
				574.0930950935217,
				283.954850339891,
				574.0930950935217,
				285.58857733444165,
				574.0930950935217,
				287.80577825561704,
				574.0930950935217,
				289.6728948208183,
				574.0930950935217,
				291.6567061713431,
				574.0930950935217,
				293.6405175218697,
				574.0930950935217,
				295.62432887239447,
				574.0930950935217,
				297.37475065227045,
				574.0930950935217,
				299.59195157344584,
				574.0930950935217,
				301.6924577092959,
				574.0930950935217,
				303.7929638451478,
				573.9764003081946,
				305.7767751956726,
				573.8480360443391,
				307.7605865461974,
				573.6263159522205,
				309.62770311139866,
				573.6263159522205,
				311.61151446192343,
				573.6263159522205,
				313.82871538310064,
				573.6263159522205,
				315.6958319483001,
				573.6263159522205,
				317.7963380841502,
				573.6263159522205,
				319.6634546493515,
				573.7430107375476,
				321.29718164390215,
				573.9764003081946,
				323.51438256507754,
				574.2097898788452,
				325.3814991302788,
				574.3148151856403,
				327.3653104808036,
				574.5598742348229,
				329.3491218313302,
				574.6765690201464,
				331.33293318185497,
				574.6765690201464,
				333.08335496173095,
				574.7815943269379,
				381.51169087161907,
				573.2762315962464,
				396.599609375,
				570.1357421875,
				397.0,
				512.5,
				388.0,
				463.2000000000007,
				390.8000000000011,
				440.2000000000007,
				391.0056812574512,
				424.1873093223112,
				394.8196614947901,
				429.5268816545886,
				407.27866360343614,
				442.2401491123892,
				413.88956268149195,
				447.833986793823,
				417.44927756967627,
				451.9022323803183,
				428.12842223423104,
				446.0541293497299,
				431.43387177325894,
				439.6974956208287,
				438.29903620047116,
				435.8835153834898,
				451.2665690074282,
				430.7982084003688,
				462.19997902113755,
				427.4927588613409,
				429.8251991127454,
				359.416233439033,
				428.64891567666746,
				357.0636665668808,
				427.30459174972384,
				354.87914018559604,
				426.1283083136477,
				352.526573313442,
				424.9520248775716,
				350.00596595042225,
				423.7757414414955,
				347.8214395691375,
				422.59945800541936,
				345.4688726969853,
				421.4231745693414,
				343.1163058248312,
				420.0788506423978,
				340.9317794435465,
				418.7345267154542,
				338.41117208052674,
				417.7262837702456,
				336.226645699242,
				416.71804082503695,
				334.04211931795726,
				415.3737168980915,
				331.689552445805,
				414.3654739528847,
				329.3369855736528,
				413.0211500259393,
				326.8163782106312,
				412.1809475716,
				324.1277303567422,
				411.00466413552385,
				321.77516348458994,
				409.1562187359741,
				320.0947585759095,
				406.97169235468937,
				318.2463131763616,
				405.79540891861325,
				316.22982728594434,
				404.1150040099328,
				314.0453009046596,
				402.2665586103849,
				312.53293648684667,
				400.58615370170446,
				310.51645059643124,
				398.5696678112872,
				308.499964706014,
				396.3851414300025,
				306.81955979733357,
				394.20061504871774,
				305.64327636125745,
				391.680007685698,
				304.46699292518133,
				389.15940032267645,
				303.7948309617095,
				386.806640625,
				303.291015625,
				367.61326913509583,
				298.58022683923446,
				353.8829402806714,
				293.2406545069589,
				345.2379184093661,
				290.6980010153984,
				342.4409995686492,
				287.9010821746815,
				339.1355500296213,
				285.358428683121,
				340.15261142624513,
				290.1894703170856,
				336.3386311889044,
				294.66454046223225,
				327.9478746667555,
				301.02117419113347,
				317.7772607005154,
				304.3266237301614,
				304.30119719524555,
				304.8351544284742,
				288.79101089672804,
				303.05529698438113,
				279.89172367626816,
				298.7327860487294,
				288.0282148492606,
				294.66454046223225,
				278.1118662321751,
				291.35909092320435,
				273.0265592490541,
				299.2413167470404,
				268.9583136625588,
				298.7327860487294,
				265.6494140625,
				300.43359375,
				248.1734284843842,
				305.97935734299426,
				245.98890210310128,
				306.98760028820107,
				243.63633523094722,
				308.1638837242772,
				241.1157278679275,
				309.0040861786183,
				238.76316099577525,
				310.1803696146944,
				236.746675105358,
				311.86077452337486,
				234.73018921494076,
				313.5411794320553,
				232.71370332452534,
				315.3896248316032,
				230.6972174341081,
				317.23807023115296,
				229.01681252542767,
				319.2545561215684,
				227.50444810761473,
				321.4390825028531,
				225.8240431989343,
				323.62360888413787,
				223.97559779938638,
				325.6400947745551,
				222.12715239983845,
				327.65658066497235,
				220.61478798202552,
				329.8411070462571,
				218.7663425824776,
				331.8575929366725,
				216.91789718292785,
				333.87407882708976,
				215.4055327651149,
				336.0586052083745,
				214.0612088381713,
				338.24313158965924,
				212.38080392949087,
				340.09157698920717,
				210.86843951167793,
				342.6121843522269,
				209.1880346029975,
				344.62867024264415,
				208.01175116692139,
				346.8131966239289,
				207.00350822171276,
				349.1657634960811,
				206.16330576737346,
				351.8544113499702,
				205.49114380390165,
				354.37501871299173,
				204.48290085869303,
				356.5595450942765,
				203.6426984043519,
				358.9121119664287,
				202.8024959500126,
				361.60075982031776,
				202.1303339865408,
				364.2894076742068,
				196.5849977878952,
				372.52339172673965
			]
		}
	],
	"metadata.model": {
		"metadata.model.gender": "FEMALE",
		"metadata.model.age": "20대",
		"metadata.model.job": "entertainment and sports",
		"metadata.model.type": "wear",
		"metadata.model.usually_size": "M",
		"metadata.model.body_height": "164",
		"metadata.model.waist_height": "97",
		"metadata.model.chest_size_male": "null",