{
	"dataset": {
		"dataset.id": 501563,
		"dataset.name": "01_sou_100313_501563_wear_02top_02t-shirt_man",
		"dataset.image_path": "./008.의류 통합 데이터(3-1)/원천데이터/상품/상의/t-shirt/01_sou_100313_501563_wear_02top_02t-shirt_man.jpg",
		"dataset.label_path": "./008.의류 통합 데이터(3-1)/라벨링데이터/상품/상의/t-shirt/01_sou_100313_501563_wear_02top_02t-shirt_man.json",
		"dataset.category": 6,
		"dataset.type": 1,
		"dataset.width": 2268,
		"dataset.height": 4032,
		"dataset.file_size": 607839
	},
	"annotation": [
		{
			"annotation_type": "Polygon",
			"annotation_id": 73,
			"annotation_point_count": 242.0,
			"annotation_point": [
				990.6339948023196,
				943.517578418483,
				984.2611702238028,
				946.4915632217908,
				977.8883456452859,
				948.6158380812958,
				971.0906660948658,
				949.4655480250985,
				964.7178415163489,
				952.0146778565049,
				959.1947268816348,
				954.13895271601,
				952.8219023031179,
				956.6880825474182,
				946.0242227526996,
				959.2372123788246,
				940.0762531460841,
				960.9366322664282,
				933.2785735956659,
				962.6360521540337,
				926.905749017149,
				963.9106170697378,
				920.9577794105317,
				966.8846018730455,
				914.5849548320148,
				969.8585866763533,
				908.2121302534979,
				972.832571479661,
				901.839305674981,
				975.3817013110674,
				895.4664810964641,
				977.9308311424757,
				888.2439465741445,
				980.9048159457816,
				881.8711219956276,
				983.0290908052884,
				875.9231523890121,
				986.0030756085944,
				869.9751827823966,
				988.977060411904,
				864.0272131757793,
				992.3759001871113,
				857.6543885972624,
				996.1995949342236,
				852.1312739625482,
				999.1735797375295,
				844.0590294964277,
				1002.9972744846418,
				838.9607698336131,
				1005.1215493441487,
				832.5879452550962,
				1008.520389119356,
				826.2151206765793,
				1011.4943739226655,
				820.2671510699638,
				1014.8932136978729,
				815.1688914071492,
				1017.8671985011824,
				808.7960668286323,
				1020.8411833044884,
				803.2729521939182,
				1025.089733023502,
				799.874112418709,
				1030.6128476582162,
				797.3249825873027,
				1036.5608172648317,
				792.6515778963894,
				1043.7833517871513,
				789.6775930930817,
				1048.881611449964,
				786.2787533178725,
				1054.4047260846783,
				782.455058570762,
				1060.3526956912938,
				779.4810737674543,
				1066.3006652979093,
				777.3567989079493,
				1073.0983448483275,
				774.8076690765411,
				1079.4711694268444,
				772.2585392451347,
				1084.5694290896608,
				762.80078125,
				1103.263671875,
				750.5654443798503,
				1133.342779863895,
				740.8787510205038,
				1209.8166748061012,
				724.0544941332191,
				1300.5656968041803,
				715.8972786727172,
				1348.9991636009108,
				711.3088449761854,
				1367.8627243533228,
				701.6221516168389,
				1397.9424563639222,
				708.7597151447771,
				1401.0014121616114,
				737.8197952228147,
				1404.0603679592969,
				773.5076128625115,
				1412.7274093860833,
				789.8220437835134,
				1416.2961911500497,
				815.0414349155744,
				1421.9892477735339,
				821.4142594940913,
				1424.1135226330407,
				828.6367940164109,
				1425.3880875487448,
				835.0096185949278,
				1426.2377974925475,
				841.3824431734447,
				1427.512362408248,
				847.7552677519616,
				1428.786927323952,
				853.7032373585771,
				1430.4863472115576,
				860.9257718808967,
				1431.3360571553603,
				870.6974362346227,
				1434.3100419586663,
				871.7000000000007,
				1423.0,
				876.6454058412382,
				1437.7088817338772,
				877.495115785041,
				1444.081706312394,
				877.495115785041,
				1451.729095806615,
				876.2205508693369,
				1458.101920385132,
				873.2465660660291,
				1464.4747449636488,
				873.2465660660291,
				1470.8475695421657,
				874.0962760098319,
				1477.645249092584,
				876.6454058412382,
				1484.8677836149036,
				878.3448257288437,
				1491.2406081934205,
				880.0442456164474,
				1497.6134327719374,
				878.7696807007451,
				1504.4111123223556,
				874.0962760098319,
				1509.9342269570698,
				871.1222912065241,
				1515.8821965636853,
				869.84772629082,
				1522.2550211422022,
				868.1483064032163,
				1528.627845720719,
				866.4488865156109,
				1553.6942890628852,
				863.8997566842045,
				1583.009282124065,
				863.8997566842045,
				1602.1277558596157,
				864.3246116561058,
				1608.5005804381326,
				865.1743215999086,
				1614.8734050166495,
				865.1743215999086,
				1622.095939538969,
				865.1743215999086,
				1629.3184740612887,
				863.0500467404017,
				1635.6912986398056,
				859.2000000000007,
				1650.1000000000022,
				852.2655281336647,
				1702.0434487314378,
				849.2065723359756,
				1711.2203161245016,
				847.9829900169007,
				1721.0089746771046,
				845.5358253787508,
				1730.1858420701683,
				842.4768695810617,
				1738.7509183036964,
				840.0297049429118,
				1744.868829899071,
				843.088660740601,
				1758.940026568438,
				838.8061226238369,
				1768.728685121041,
				836.3589579856853,
				1777.9055525141048,
				836.3589579856853,
				1787.6942110667078,
				836.3589579856853,
				1797.4828696193108,
				836.3589579856853,
				1815.224813245899,
				822.8995524758575,
				1851.320491658622,
				819.2288055186327,
				1863.5563148493748,
				816.7816408804811,
				1872.7331822424385,
				813.7226850827938,
				1881.9100496355022,
				808.2165646469548,
				1895.9812463048693,
				812.4991027637188,
				1905.158113697933,
				838.8061226238369,
				1920.452892686375,
				858.9952308885786,
				1926.5708042817496,
				919.5625556828036,
				1934.5240893557384,
				999.0954064226971,
				1942.4773744297272,
				1079.2400483221281,
				1953.4896153014051,
				1150.2078228284918,
				1961.442900375394,
				1237.6939586423723,
				1966.3372296516973,
				1298.8730745961366,
				1966.949020811233,
				1334.3569618493202,
				1970.6197677684613,
				1374.123387219268,
				1970.007976608922,
				1419.395933025051,
				1962.6664826944689,
				1443.8675794065566,
				1954.71319762048,
				1454.2680291186953,
				1950.430659503716,
				1449.3736998423956,
				1932.6887158771278,
				1446.2999999999993,
				1910.1000000000022,
				1450.5972821614705,
				1891.086917028566,
				1448.7619086828563,
				1860.4973590516856,
				1451.2090733210098,
				1839.6964596274047,
				1457.3269849163844,
				1812.7776486077491,
				1454.2680291186953,
				1791.3649580239326,
				1446.3147440447065,
				1752.8221149730634,
				1442.0322059279424,
				1680.018966988082,
				1437.1378766516427,
				1628.6285095869207,
				1437.1378766516427,
				1594.3682046528156,
				1435.9142943325678,
				1530.7419240609015,
				1432.243547375343,
				1514.835353912924,
				1428.5728004181146,
				1506.2702776793958,
				1429.184591577654,
				1495.8698279672572,
				1430.4081738967288,
				1486.0811694146541,
				1431.6317562158038,
				1477.516093181126,
				1431.6317562158038,
				1467.727434628523,
				1434.0789208539536,
				1458.5505672354593,
				1442.64453125,
				1436.525390625,
				1447.7779445679407,
				1423.178841694862,
				1449.0525094836412,
				1417.2308720882465,
				1449.902219427444,
				1410.8580475097297,
				1449.902219427444,
				1403.63551298741,
				1449.902219427444,
				1388.765588970873,
				1455.8501890340594,
				1406.6094977907196,
				1457.549608921665,
				1412.9823223692365,
				1460.0987387530731,
				1418.5054370039506,
				1463.4975785282804,
				1424.8782615824675,
				1464.7721434439845,
				1431.2510861609844,
				1465.196998415886,
				1437.6239107395013,
				1466.47156333159,
				1443.9967353180182,
				1470.2952580786987,
				1458.4418043626574,
				1483.0409072357324,
				1460.5660792221643,
				1519.578434819232,
				1455.0429645874501,
				1561.2142220655442,
				1444.4215902899195,
				1610.9222537779751,
				1430.4013762171817,
				1631.7401474011313,
				1424.8782615824675,
				1645.3355065019678,
				1421.4794218072602,
				1638.5378269515495,
				1390.8898638303763,
				1624.942467850713,
				1336.0835724551325,
				1610.0725438341724,
