{
	"dataset": {
		"dataset.id": 414697,
		"dataset.name": "01_sou_082940_414697_back_02top_02t-shirt_man",
		"dataset.image_path": "./008.의류 통합 데이터(3-1)/원천데이터/상품/상의/t-shirt/01_sou_082940_414697_back_02top_02t-shirt_man.jpg",
		"dataset.label_path": "./008.의류 통합 데이터(3-1)/라벨링데이터/상품/상의/t-shirt/01_sou_082940_414697_back_02top_02t-shirt_man.json",
		"dataset.category": 6,
		"dataset.type": 1,
		"dataset.width": 3264,
		"dataset.height": 1836,
		"dataset.file_size": 449915
	},
	"annotation": [
		{
			"annotation_type": "Polygon",
			"annotation_id": 157,
			"annotation_point_count": 128.0,
			"annotation_point": [
				1530.7334587372552,
				277.5390150175408,
				1506.2597736704174,
				285.03781181393424,
				1504.7301683537407,
				283.769358624495,
				1497.865598152066,
				284.1051256452283,
				1454.3651152436323,
				294.9615926489623,
				1443.7698003671358,
				297.1627320071075,
				1407.0965802136288,
				308.653425605562,
				1348.0388920111836,
				331.9705798232044,
				1310.7919921875,
				347.9013671875,
				1307.9855480944334,
				349.4130202156375,
				1305.1788536052718,
				350.4925180960836,
				1302.1562595400228,
				352.4356142808865,
				1299.133665474772,
				354.1628108896002,
				1296.5428705617014,
				356.10590707440497,
				1293.952075648629,
				358.0490032592079,
				1291.3612807355585,
				359.9920994440108,
				1288.1227870942184,
				362.1510952049048,
				1285.5319921811479,
				363.8782918136185,
				1282.5093981158989,
				366.25318715060166,
				1280.1345027789157,
				368.1962833354046,
				1277.327808289756,
				370.57117867238594,
				1274.305214224505,
				372.7301744332799,
				1270.8508210070777,
				374.88917019417204,
				1268.044126517916,
				376.83226637897496,
				1265.4533316048455,
				378.5594629876905,
				1262.2148379635055,
				380.070760020315,
				1259.1922438982565,
				381.7979566290287,
				1254.6583528003812,
				385.6841489986364,
				1227.8868053653096,
				402.3084163575113,
				1155.9055412578127,
				457.2489860037531,
				1103.3393487895592,
				497.988717852817,
				1042.1178286757167,
				547.1226252202341,
				983.6570596212441,
				592.1900208920924,
				1028.7244552931043,
				650.3150229258317,
				1086.8867647735915,
				715.6030547352293,
				1142.5121678751984,
				779.6599408019356,
				1180.7523007921318,
				824.0931098790752,
				1223.0589454046221,
				797.3809780073443,
				1228.0208358221353,
				789.9194886576988,
				1250.1068442970864,
				770.9299982628509,
				1253.5018219511749,
				756.0070195635599,
				1259.732165558129,
				752.9105014834568,
				1275.8862900001113,
				756.6412461582804,
				1270.625940008611,
				775.2949695323932,
				1260.0306251321144,
				806.7078396944016,
				1242.123050692966,
				911.4671501634239,
				1234.512331556327,
				1005.4819159689578,
				1224.2154762538175,
				1134.4164519308324,
				1217.0524464781574,
				1244.1003453706217,
				1204.5171443707532,
				1286.0339155156307,
				1193.8845220475068,
				1343.30084627416,
				1191.2730007751325,
				1365.3122398556134,
				1211.7547890399092,
				1372.3260398442799,
				1277.3039729765442,
				1380.34714089515,
				1367.9610685747375,
				1395.9043461891597,
				1455.2978014123382,
				1404.7089036217421,
				1547.2606576467206,
				1411.4242440364233,
				1615.3840554089838,
				1415.3042184982387,
				1719.0241424755604,
				1418.6991961523272,
				1831.1330199539843,
				1422.9149376348778,
				1893.3618411300267,
				1422.3180184869052,
				1957.5306495369787,
				1424.705695078792,
				1998.904607980763,
				1424.5564652917983,
				2021.550228156937,
				1419.9303418950185,
				2057.253454694992,
				1409.8573312729968,
				2077.7725504065165,
				1401.0154663936682,
				2067.699539784495,
				1331.3624633147265,
				2064.1553323434127,
				1303.1580335730669,
				2055.5000046978257,
				1262.1198421500158,
				2037.778967492417,
				1195.8618167251643,
				2031.8470834594482,
				1166.687393368049,
				2020.1325451805042,
				1110.5769934587152,
				2017.4091015678841,
				1092.0351924248462,
				2025.9525068732291,
				1028.0156138048878,
				2038.3012717468919,
				947.3196064884705,
				2043.3377770579027,
				908.63178421056,
				2047.1431366262223,
				880.0169725546693,
				2048.3742823689136,
				851.9617726000015,
				2045.9866057770269,
				814.7289407452699,
				2041.4724047204909,
				791.635631208117,
				2042.7408579099301,
				775.3695844258909,
				2055.350774910832,
				800.9998003419223,
				2072.586815308514,
				838.8668587913726,
				2092.5836067655637,
				862.3332427960086,
				2120.899958847467,
				855.804439615069,
				2129.7791311735455,
				846.2164258007742,
				2138.4717662658823,
				827.3015502994222,
				2148.6566992281496,
				809.1701311797842,
				2177.868430032011,
				770.9299982628509,
				2223.2715927246045,
				723.5495408926017,
				2265.91400435783,
				681.0563590463698,
				2306.579121313396,
				642.0327697477242,
				2255.915608629304,
				592.6750176998194,
				2203.8344129687775,
				544.2499518206205,
				2141.9413588134685,
				488.2887816982784,
				2092.956681233045,
				443.96753496138444,
				2052.571370128102,
				409.20943040762904,
				2051.016893180258,
				407.65495345978707,
				2046.3534623367304,
				404.8568949536693,
				2042.0009268827707,
				402.0588364475534,
				2038.270182207947,
				398.94988255186763,
				2034.2285421435572,
				396.1518240457499,
				2029.8760066895957,
				393.0428701500641,
				2025.8343666252058,
				389.93391625437835,
				2021.7927265608141,
				386.8249623586926,
				2017.1292957172845,
				384.02690385257665,
				2013.3985510424627,
				381.2288453464589,
				2009.046015588503,
				378.430786840343,
				2005.0043755241113,
				375.9436237237933,
				2000.9627354597196,
				372.8346698281075,
				1997.853515625,
				369.7255859375,
				1979.2808909911964,
				360.13770211811607,
				1897.8387347398148,
				325.92677344999174,
				1855.233630553339,
				307.60881709661226,
				1839.3779656853421,
				303.8780724217886,
				1830.6853305930053,
				298.5804149835403,
				1802.0705189371147,
				283.65743628424934,
				1798.6382338362782,
				283.95589585823654,
				1778.8279796129682,
				270.6744448158661,
				1759.428107303891,
				292.6858383973213,
				1735.924415852507,
				312.08571070639846,
				1704.5861605839964,
				321.4125723934558,
				1669.517160640662,
				332.2317319504418,
				1637.059681969704,
				333.3509553528893,
				1612.0636926483912,
				329.24713621058436,
				1579.9792884449162,
				314.3241575112934,
				1553.864075721156,
				300.14732774696677,
				1530.7333984375,
				276.6435546875
			]
		}
	],
	"metadata.model": {
		"metadata.model.gender": "MALE",
		"metadata.model.age": "20대",
		"metadata.model.job": "not employed",
		"metadata.model.type": "back",
		"metadata.model.usually_size": "L",
		"metadata.model.body_height": "170",
		"metadata.model.waist_height": "98",
		"metadata.model.chest_size_male": "88.0",
		"metadata.model.breast_size_female": "null",
		"metadata.model.waist_size": "74",
		"metadata.model.hip_seize": "95",
		"metadata.model.back_length": "43",
		"metadata.model.shoulders_width": "43",
		"metadata.model.arm_length": "56",
		"metadata.model.weight": "61"
	},
	"metadata.clothes": {
		"metadata.clothes.type": "02top_02t-shirt",
		"metadata.clothes.season": "summer",
		"metadata.clothes.fiber_composition": "Cotton",
		"metadata.clothes.elasticity": "contain",
		"metadata.clothes.transparency": "contain",
		"metadata.clothes.isfleece": "fleece_none",
		"metadata.clothes.color": "Purple",
		"metadata.clothes.washing_method": "none",
		"metadata.clothes.bleach": "none",
		"metadata.clothes.ironing": "none",
		"metadata.clothes.drycleaning": "none",
		"metadata.clothes.wringing": "none",
		"metadata.clothes.drying": "none",
		"metadata.clothes.top_length_type": "long",
		"metadata.clothes.sleeve_length_type": "short sleeves",
		"metadata.clothes.topneck_color_design": "round neck",