{
	"dataset": {
		"dataset.id": 527874,
		"dataset.name": "01_sou_105575_527874_wear_02top_02t-shirt_woman",
		"dataset.image_path": "./008.의류 통합 데이터(3-1)/원천데이터/상품/상의/t-shirt/01_sou_105575_527874_wear_02top_02t-shirt_woman.jpg",
		"dataset.label_path": "./008.의류 통합 데이터(3-1)/라벨링데이터/상품/상의/t-shirt/01_sou_105575_527874_wear_02top_02t-shirt_woman.json",
		"dataset.category": 6,
		"dataset.type": 1,
		"dataset.width": 3468,
		"dataset.height": 4624,
		"dataset.file_size": 888773
	},
	"annotation": [
		{
			"annotation_type": "Polygon",
			"annotation_id": 169,
			"annotation_point_count": 106.0,
			"annotation_point": [
				958.0,
				1730.0,
				885.0,
				1851.0,
				846.6923828125,
				1936.0966796875,
				925.4121159987135,
				1978.7918278579382,
				905.3985685916359,
				2030.8270511163428,
				910.7355145668571,
				2050.8405985234203,
				946.7598998995982,
				2066.851436449084,
				989.5,
				2074.9000000000015,
				1036.1533203125,
				2041.5009765625,
				1086.8547317491466,
				1993.4684292897964,
				1116.2079346128612,
				1940.0989695375865,
				1131.0,
				1936.0,
				1176.0,
				2092.0,
				1176.0,
				2141.0,
				1126.0,
				2284.0,
				1131.0,
				2445.0,
				1108.2021484375,
				2527.1630859375,
				1200.264833722591,
				2576.5297770826783,
				1459.1067135208032,
				2593.874851502147,
				1680.5899714924708,
				2585.8694325393153,
				1846.035296724318,
				2571.192831107457,
				1874.054263094229,
				2563.187412144627,
				1858.0434251685656,
				2403.0790328879993,
				1838.0,
				2007.0,
				1858.0,
				1918.0,
				1980.300000000001,
				2133.7000000000007,
				2024.7000000000007,
				2125.300000000001,
				2062.795673222312,
				2103.0642723915407,
				2100.329653806146,
				2071.32124881207,
				2127.568599715558,
				2038.2913458982948,
				2165.102580299392,
				2004.778863234158,
				2199.0440227416293,
				1978.3978368809494,
				2204.3523999956287,
				1962.4190851466883,
				1934.1077397920253,
				1551.4219977537068,
				1929.8181420110159,
				1542.842802191688,
				1926.064743952631,
				1535.8722057975465,
				1921.2389464489952,
				1528.9016094034068,
				1916.4131489453612,
				1521.9310130092654,
				1909.978752273846,
				1516.5690157830031,
				1901.3995567118272,
				1511.2070185567409,
				1894.4289603176858,
				1506.9174207757314,
				1886.3859644782933,
				1502.0916232720956,
				1879.9515678067783,
				1496.7296260458334,
				1872.9809714126386,
				1490.8314290969465,
				1866.5465747411235,
				1485.4694318706843,
				1857.4311794564783,
				1479.0350351991692,
				1851.5329825075896,
				1472.0644388050296,
				1849.9243833397122,
				1471.5282390824032,
				1847.2433847265802,
				1467.2386413013937,
				1842.4175872229443,
				1464.5576426882617,
				1834.374591383552,
				1459.7318451846259,
				1826.3315955441594,
				1455.4422474036164,
				1817.2162002595142,
				1450.6164498999806,
				1808.1008049748689,
				1445.2544526737183,
				1800.594008858101,
				1440.964854892709,
				1790.406214128203,
				1436.6752571116995,
				1782.8994180114369,
				1433.9942584985693,
				1775.392621894669,
				1430.2408604401862,
				1766.2772266100237,
				1426.4874623818014,
				1757.6980310480049,
				1423.2702640460448,
				1746.9740365954822,
				1417.9082668197825,
				1734.6414429750785,
				1415.7634679292787,
				1725.5260476904332,
				1412.0100698708939,
				1717.4830518510407,
				1407.184272367258,
				1709.9762557342729,
				1400.7498756957448,
				1697.1074623912446,
				1396.4602779147353,
				1689.6006662744785,
				1392.7068798563523,
				1648.849609375,
				1373.939453125,
				1454.208988041577,
				1368.1489325600724,
				1369.4894318666375,
				1358.4973375528007,
				1322.8400559981583,
				1357.4249381075479,
				1311.5798618230074,
				1363.3231350564365,
				1304.6092654288677,
				1365.4679339469403,
				1293.8852709763432,
				1368.685132282697,
				1284.2336759690716,
				1372.4385303410818,
				1276.190680129679,
				1377.800527567344,
				1268.1476842902848,
				1381.553925625727,
				1258.4960892830131,
				1385.30732368411,
				1249.3806939983679,
				1387.9883222972403,
				1239.7290989910962,
				1392.2779200782497,
				1231.6861031517037,
				1394.9589186913818,
				1220.9621086991792,
				1399.2485164723912,
				1214.527712027666,
				1401.9295150855214,
				1205.4123167430207,
				1405.1467134212799,
				1196.2969214583754,
				1409.4363112022893,
				1187.1815261737302,
				1414.7983084285515,
				1180.747129502215,
				1418.0155067643082,
				1172.1679339401962,
				1421.7689048226912,
				1165.1973375460548,
				1425.5223028810742,
				1153.4009436482793,
				1430.34810038471,
				1143.7493486410076,
				1434.6376981657195,
				1136.2425525242397,
				1437.854896501478,
				1128.1995566848473,
				1442.6806940051138,
				1121.7651600133322,
				1446.4340920634968,
				1114.2583638965662,
				1450.1874901218798,
				1107.2877675024265,
				1453.9408881802628,
				1100.317171108285,
				1459.8390851291515,
				1093.3465747141436,
				1466.2734818006666,
				1087.9845774878831,
				1470.563079581676,
				1083.1587799842473,
				1479.1422751436949,
				1076.7243833127322,
				1487.1852709830873,
				1072.9709852543492,
				1493.083467931976,
				1066.5365885828342,
				1500.590264048742,
				1061.7107910791983,
				1511.3142585012665,
				1059.029792466068,
				1516.6762557275288,
				1007.5546875,
				1600.859375
			]
		}
	],
	"metadata.model": {
		"metadata.model.gender": "FEMALE",
		"metadata.model.age": "40대",
		"metadata.model.job": "office job",
		"metadata.model.type": "wear",
		"metadata.model.usually_size": "M",
		"metadata.model.body_height": "159",
		"metadata.model.waist_height": "95",
		"metadata.model.chest_size_male": "null",
		"metadata.model.breast_size_female": "90.0",
		"metadata.model.waist_size": "90",
		"metadata.model.hip_seize": "110",
		"metadata.model.back_length": "40",
		"metadata.model.shoulders_width": "38",
		"metadata.model.arm_length": "52",
		"metadata.model.weight": "50"
	},
	"metadata.clothes": {
		"metadata.clothes.type": "02top_02t-shirt",
		"metadata.clothes.season": "summer",
		"metadata.clothes.fiber_composition": "Cotton",
		"metadata.clothes.elasticity": "none at all",
		"metadata.clothes.transparency": "none",
		"metadata.clothes.isfleece": "fleece_none",
		"metadata.clothes.color": "White",
		"metadata.clothes.washing_method": "Hand Washing30",
		"metadata.clothes.bleach": "Do not chlorine bleach",
		"metadata.clothes.ironing": "Ironing 80~120℃ : Place a cloth between the iron and textile",
		"metadata.clothes.drycleaning": "DO NOT DRYCLEAN",
		"metadata.clothes.wringing": "none",
		"metadata.clothes.drying": "Drip dry in shade",
		"metadata.clothes.top_length_type": "normal",
		"metadata.clothes.sleeve_length_type": "long sleeves",
		"metadata.clothes.topneck_color_design": "round neck",
		"metadata.clothes.topsleeve_design": "basic sleeve",
		"metadata.clothes.pants_silhouette": "null",
		"metadata.clothes.skirt_design": "null",
		"metadata.top.front_length": "52.0",
		"metadata.top.chest_size": "98.0",
		"metadata.top.waist_size": "96.0",
		"metadata.top.hem_size": "98.0",
		"metadata.top.shoulder_width": "56.0",
		"metadata.top.sleeve_length": "11.0",
		"metadata.top.sleeve_cuff_size": "36.0",
		"metadata.pants.pants_length": "null",
		"metadata.pants.waist_size": "null",
		"metadata.pants.hip_size": "null",
		"metadata.pants.front_rise_length": "null",
		"metadata.pants.back_rise_length": "null",
		"metadata.pants.inner_seam_length": "null",
		"metadata.pants.pants_waist_size": "null",
		"metadata.skirt.length": "null",
		"metadata.skirt.waist_size": "null",
		"metadata.skirt.hip_size": "null",
		"metadata.skirt.hem_size": "null",
		"metadata.dress.front_length": "null",
		"metadata.dress.chest_size": "null",
		"metadata.dress.waist_size": "null",
		"metadata.dress.hip_size": "null",
		"metadata.dress.hem_size": "null",
		"metadata.dress.shoulder_width": "null",
		"metadata.dress.sleeve_length": "null",