{
	"dataset": {
		"dataset.id": 78925,
		"dataset.name": "01_sou_015785_078925_wear_02top_02t-shirt_woman",
		"dataset.image_path": "./008.의류 통합 데이터(3-1)/원천데이터/상품/상의/t-shirt/01_sou_015785_078925_wear_02top_02t-shirt_woman.jpg",
		"dataset.label_path": "./008.의류 통합 데이터(3-1)/라벨링데이터/상품/상의/t-shirt/01_sou_015785_078925_wear_02top_02t-shirt_woman.json",
		"dataset.category": 6,
		"dataset.type": 1,
		"dataset.width": 607,
		"dataset.height": 1080,
		"dataset.file_size": 49925
	},
	"annotation": [
		{
			"annotation_type": "Polygon",
			"annotation_id": 108,
			"annotation_point_count": 64.0,
			"annotation_point": [
				246.29999999999927,
				246.90000000000146,
				225.90000000000146,
				263.2999999999993,
				202.0,
				319.0,
				197.0,
				340.0,
				183.70000000000073,
				366.7000000000007,
				193.10000000000218,
				363.7999999999993,
				216.60000000000218,
				368.5,
				233.20000000000073,
				377.5,
				232.79999999999927,
				391.1000000000022,
				226.29999999999927,
				399.7999999999993,
				215.0,
				409.0,
				224.0,
				410.0,
				225.0,
				455.0,
				224.0,
				460.0,
				223.0,
				485.0,
				220.0,
				499.0,
				217.0,
				537.0,
				225.0,
				546.0,
				234.0,
				550.0,
				261.306640625,
				557.498046875,
				276.46546278247297,
				558.5553164031517,
				298.3219623131936,
				555.030074543356,
				323.35117951772736,
				553.6199777994407,
				339.21476788679865,
				553.2674536134618,
				351.90563858205496,
				553.9725019854195,
				370.23689625298175,
				552.5624052415005,
				380.1075734604037,
				551.1523084975852,
				394.2085408995772,
				558.4143067287587,
				395.26611345751553,
				541.493145801749,
				397.3812585733922,
				529.507323478454,
				397.02873438741153,
				513.9962592953598,
				394.9135892715367,
				496.3700499963943,
				394.9140625,
				481.9169921875,
				397.0,
				465.0,
				397.0,
				434.0,
				399.0,
				417.0,
				403.6796875,
				425.7421875,
				412.4927953457063,
				421.92281732065385,
				423.0685209250878,
				417.51626499591293,
				430.7065449546408,
				413.9910231361191,
				439.22587944914085,
				411.0533215862906,
				432.4691658845368,
				400.1838258519274,
				424.53737170000204,
				388.4330196526171,
				420.4245895302429,
				380.20745531309876,
				418.07442829037973,
				366.10648787392347,
				416.89934767044906,
				354.6494518295949,
				412.4927953457063,
				342.604875475301,
				394.0,
				319.0,
				376.0,
				292.0,
				353.0,
				280.0,
				336.0,
				261.0,
				330.0,
				259.0,
				330.75390625,
				270.2255859375,
				338.8622437008198,
				275.8661716663082,
				341.3299130026753,
				281.5065586419787,
				337.099622770922,
				279.39141352610204,
				330.04913905133617,
				272.3409298065162,
				327.2289455635,
				270.22578469063956,
				310.0,
				256.0,
				295.5,
				248.79999999999927,
				278.93313208432846,
				240.61375306837363,
				270.8250758068043,
				238.14608376651813,
				268.70993069092765,
				243.43394655620796,
				267.2998046875,
				247.3115234375
			]
		}
	],
	"metadata.model": {
		"metadata.model.gender": "FEMALE",
		"metadata.model.age": "20대",
		"metadata.model.job": "university student/graduate student",
		"metadata.model.type": "wear",
		"metadata.model.usually_size": "M",
		"metadata.model.body_height": "164",
		"metadata.model.waist_height": "109",
		"metadata.model.chest_size_male": "null",
		"metadata.model.breast_size_female": "73.0",
		"metadata.model.waist_size": "65",
		"metadata.model.hip_seize": "88",
		"metadata.model.back_length": "43",
		"metadata.model.shoulders_width": "37",
		"metadata.model.arm_length": "53",
		"metadata.model.weight": "49"
	},
	"metadata.clothes": {
		"metadata.clothes.type": "02top_02t-shirt",
		"metadata.clothes.season": "summer",
		"metadata.clothes.fiber_composition": "Cotton",
		"metadata.clothes.elasticity": "contain",
		"metadata.clothes.transparency": "none at all",
		"metadata.clothes.isfleece": "fleece_none",
		"metadata.clothes.color": "White,Pink",
		"metadata.clothes.washing_method": "none",
		"metadata.clothes.bleach": "none",
		"metadata.clothes.ironing": "none",
		"metadata.clothes.drycleaning": "none",
		"metadata.clothes.wringing": "none",
		"metadata.clothes.drying": "none",
		"metadata.clothes.top_length_type": "normal",
		"metadata.clothes.sleeve_length_type": "short sleeves",
		"metadata.clothes.topneck_color_design": "polo collar",
		"metadata.clothes.topsleeve_design": "basic sleeve",
		"metadata.clothes.pants_silhouette": "null",
		"metadata.clothes.skirt_design": "null",
		"metadata.top.front_length": "50.0",
		"metadata.top.chest_size": "98.0",
		"metadata.top.waist_size": "98.0",
		"metadata.top.hem_size": "98.0",
		"metadata.top.shoulder_width": "47.0",
		"metadata.top.sleeve_length": "24.0",
		"metadata.top.sleeve_cuff_size": "30.0",
		"metadata.pants.pants_length": "null",
		"metadata.pants.waist_size": "null",
		"metadata.pants.hip_size": "null",
		"metadata.pants.front_rise_length": "null",
		"metadata.pants.back_rise_length": "null",
		"metadata.pants.inner_seam_length": "null",
		"metadata.pants.pants_waist_size": "null",
		"metadata.skirt.length": "null",
		"metadata.skirt.waist_size": "null",
		"metadata.skirt.hip_size": "null",
		"metadata.skirt.hem_size": "null",
		"metadata.dress.front_length": "null",
		"metadata.dress.chest_size": "null",
		"metadata.dress.waist_size": "null",
		"metadata.dress.hip_size": "null",
		"metadata.dress.hem_size": "null",
		"metadata.dress.shoulder_width": "null",
		"metadata.dress.sleeve_length": "null",
		"metadata.dress.cuff_size": "null",
		"metadata.jumpsuit.front_length": "null",
		"metadata.jumpsuit.inner_seam_length": "null",
		"metadata.jumpsuit.chest_size": "null",
		"metadata.jumpsuit.waist_size": "null",
		"metadata.jumpsuit.hip_size": "null",
		"metadata.jumpsuit.shoulder_width": "null",
		"metadata.jumpsuit.sleeve_length": "null",
		"metadata.jumpsuit.cuffs_size": "null",
		"metadata.jumpsuit.front_rise_length": "null",
		"metadata.jumpsuit.back_rise_length": "null",
		"metadata.jumpsuit.pants_waist_size": "null"
	}
}