{
	"dataset": {
		"dataset.id": 443184,
		"dataset.name": "01_sou_088637_443184_wear_02top_02t-shirt_woman",
		"dataset.image_path": "./008.의류 통합 데이터(3-1)/원천데이터/상품/상의/t-shirt/01_sou_088637_443184_wear_02top_02t-shirt_woman.jpg",
		"dataset.label_path": "./008.의류 통합 데이터(3-1)/라벨링데이터/상품/상의/t-shirt/01_sou_088637_443184_wear_02top_02t-shirt_woman.json",
		"dataset.category": 6,
		"dataset.type": 1,
		"dataset.width": 1960,
		"dataset.height": 4032,
		"dataset.file_size": 725463
	},
	"annotation": [
		{
			"annotation_type": "Polygon",
			"annotation_id": 84,
			"annotation_point_count": 152.0,
			"annotation_point": [
				558.0,
				1724.0,
				558.0,
				1734.0,
				615.9921875,
				1778.29296875,
				675.3624368449637,
				1804.1717469066207,
				746.9120492156944,
				1814.8280721533265,
				777.3586927777105,
				1741.7561276044944,
				785.0,
				1811.0,
				778.0,
				1975.0,
				788.0,
				2004.0,
				770.0,
				2059.0,
				756.0,
				2237.0,
				1051.0,
				2233.0,
				1209.0,
				2208.0,
				1376.6000000000022,
				2214.100000000002,
				1336.0,
				2046.0,
				1319.6000000000022,
				2001.0,
				1328.1000000000022,
				1925.6000000000022,
				1299.51953125,
				1869.6328125,
				1299.5186298662447,
				1828.5290617562314,
				1317.7866160034537,
				1766.113442454105,
				1317.7866160034537,
				1679.3405083023645,
				1373.0,
				1756.0,
				1378.6796875,
				1784.380859375,
				1393.9032249084885,
				1813.3057399752252,
				1521.7791278689438,
				1760.0241137417033,
				1570.7000000000007,
				1731.5,
				1563.0,
				1717.0,
				1482.7552845391328,
				1574.88552689047,
				1458.1770172274628,
				1528.5143251754307,
				1392.675781801594,
				1404.2456261899024,
				1390.8392985653554,
				1399.6544180993042,
				1388.6967347897444,
				1395.675371087451,
				1385.94140625,
				1392.001953125,
				1383.1507590098881,
				1389.3957337126012,
				1380.4462424063495,
				1386.6912171090626,
				1377.0041303654834,
				1383.2491050681965,
				1374.545478907723,
				1381.0363187562143,
				1371.840962304188,
				1378.3318021526757,
				1369.6281759922022,
				1375.627285549137,
				1366.677794242889,
				1372.4310386540492,
				1363.7274124935757,
				1369.7265220505105,
				1360.7770307442624,
				1366.7761403011973,
				1357.580783849171,
				1363.3340282603313,
				1355.3679975371851,
				1360.6295116567962,
				1352.1717506420973,
				1357.679129907483,
				1348.7296386012313,
				1355.220478449719,
				1345.5333917061398,
				1352.515961846184,
				1342.5830099568266,
				1350.5490406799727,
				1338.6491676244113,
				1348.3362543679905,
				1334.2235950004397,
				1346.861063493332,
				1330.535617813799,
				1345.3858726186772,
				1326.8476406271548,
				1344.4024120355716,
				1323.4055285862923,
				1343.418951452466,
				1319.717551399648,
				1342.9272211609132,
				1316.0295742130074,
				1342.435490869364,
				1312.0957318805886,
				1341.4520302862584,
				1308.1618895481697,
				1340.4685697031528,
				1304.7197775073073,
				1339.7309742658254,
				1300.7859351748884,
				1337.7640530996177,
				1297.3438231340224,
				1336.534727370734,
				1293.9017110931563,
				1335.3054016418537,
				1290.2137339065157,
				1333.5843456214207,
				1287.0174870114242,
				1331.8632896009876,
				1283.3295098247836,
				1329.89636843478,
				1279.8873977839175,
				1327.9294472685724,
				1276.6911508888297,
				1325.7166609565866,
				1273.0031737021854,
				1324.2414700819281,
				1269.5610616613194,
				1322.7662792072733,
				1265.6272193289042,
				1321.291088332615,
				1261.6933769964853,
				1320.0617626037347,
				1258.4971301013939,
				1318.5865717290799,
				1255.0550180605278,
				1317.1113808544214,
				1251.3670408738872,
				1315.3903248339884,
				1247.924928833021,
				1313.9151339593336,
				1244.2369516463805,
				1312.1940779389006,
				1240.3031093139616,
				1310.4730219184676,
				1236.3692669815428,
				1308.9978310438091,
				1232.681289794902,
				1307.5226401691543,
				1229.4850428998143,
				1306.2933144402741,
				1225.79706571317,
				1304.572258419841,
				1221.8632233807548,
				1303.0970675451827,
				1218.4211113398887,
				1301.6218766705279,
				1214.9789992990227,
				1300.1466857958694,
				1211.2910221123784,
				1298.9173600669892,
				1207.3571797799632,
				1297.9338994838836,
				1203.669202593319,
				1296.9504389007816,
				1199.4894951151255,
				1295.966978317676,
				1195.5556527827102,
				1294.9835177345703,
				1191.6218104502914,
				1293.7541920056901,
				1187.6879681178725,
				1292.7707314225845,
				1183.7541257854537,
				1291.7872708394825,
				1180.066148598813,
				1291.2955405479297,
				1139.005859375,
				1279.001953125,
				1008.0,
				1276.0,
				913.0,
				1285.0,
				890.677954717401,
				1300.869529324449,
				887.2260080707056,
				1301.135063681886,
				883.5380308840649,
				1302.3447201991075,
				880.1155880548613,
				1303.8199110737623,
				875.9260459708348,
				1305.531132488366,
				872.9756642215216,
				1306.7702928230756,
				869.5237175748262,
				1308.245483697734,
				865.8357403881819,
				1309.7206745723888,
				862.1477632015412,
				1311.1958654470473,
				858.7253203723376,
				1312.9365906791427,
				855.037343185697,
				1314.3822777363057,
				851.5853965389979,
				1315.6214380710153,
				847.661388812412,
				1317.0966289456737,
				843.7078772683308,
				1318.3357892803833,
				840.5214649790723,
				1319.8109801550418,
				836.5974572524865,
				1321.2861710296966,
				833.1455106057911,
				1322.761361904355,
				829.4575334191468,
				1324.2365527790098,
				826.2711211298883,
				1325.7117436536682,
				822.3176095858107,
				1327.6884994257089,
				818.6296323991664,
				1329.635751380254,
				814.9416552125258,
				1331.1109422549125,
				811.7552429232674,
				1332.8221636695125,
				808.0672657366267,
				1334.0613240042258,
				804.3792885499861,
				1335.3004843389353,
				800.1897464659596,
				1336.2741103162116,
				796.501769279319,
				1337.7493011908664,
				792.8137920926747,
				1339.2244920655248,
				788.8897843660889,
				1340.9652172976203,
				785.2018071794482,
				1342.440408172275,
				781.7498605327492,
				1344.387660126824,
				778.0618833461085,
				1346.364415898861,
				774.8754710568501,
				1348.3116678534097,
				771.6890587675916,
				1351.0260190627778,
				768.9747075582236,
				1353.5043397322006,
				766.0243258089104,
				1356.425217664022,
				763.3099745995423,
				1359.13956887339,
				760.1235623102839,
				1361.8539200827581,
				756.6716156635848,
				1364.3027369346892,
				753.4852033743264,
				1366.2794927067298,
				750.068359375,
				1367.7998046875,
				743.4761559534854,
				1376.5890276560276,
				737.4334300630508,
				1381.5330761118385,
				730.8413654553005,
				1388.6744794369006,
				725.8973169994861,
				1395.8158827619627,
				720.9532685436789,
				1403.5066248043368,
				716.5585588051763,
				1411.7467055640227,
				713.8118652186167,
				1419.9867863237087,
				709.9664941974297,
				1428.7762058007065,
				708.3184780454903,
				1437.0162865603925,
				706.1211231762427,
				1445.2563673200784,
				702.2757521550557,
				1453.4964480797644,
				697.8810424165567,
				1460.088512687511,
				693.4863326780578,
				1467.229916012573,
				689.6409616568708,
				1475.469996772259,
				688.542284222247,
				1477.6673516415103,
				635.2564286429406,
				1597.4231920156126
			]
		}
	],
	"metadata.model": {
		"metadata.model.gender": "FEMALE",
		"metadata.model.age": "30대",
		"metadata.model.job": "not employed",
		"metadata.model.type": "wear",
		"metadata.model.usually_size": "S",
		"metadata.model.body_height": "159",
		"metadata.model.waist_height": "94",
		"metadata.model.chest_size_male": "null",
		"metadata.model.breast_size_female": "82.0",
		"metadata.model.waist_size": "73",
		"metadata.model.hip_seize": "90",
		"metadata.model.back_length": "42",
		"metadata.model.shoulders_width": "39",
		"metadata.model.arm_length": "52",
		"metadata.model.weight": "54"
	},