{
	"dataset": {
		"dataset.id": 524859,
		"dataset.name": "01_sou_104972_524859_wear_02top_02t-shirt_woman",
		"dataset.image_path": "./008.의류 통합 데이터(3-1)/원천데이터/상품/상의/t-shirt/01_sou_104972_524859_wear_02top_02t-shirt_woman.jpg",
		"dataset.label_path": "./008.의류 통합 데이터(3-1)/라벨링데이터/상품/상의/t-shirt/01_sou_104972_524859_wear_02top_02t-shirt_woman.json",
		"dataset.category": 6,
		"dataset.type": 1,
		"dataset.width": 1808,
		"dataset.height": 3216,
		"dataset.file_size": 502286
	},
	"annotation": [
		{
			"annotation_type": "Polygon",
			"annotation_id": 154,
			"annotation_point_count": 129.0,
			"annotation_point": [
				577.1000000000004,
				1236.5,
				476.0,
				1472.0,
				429.2000000000007,
				1574.1000000000004,
				393.2000000000007,
				1662.800000000001,
				384.0,
				1706.0,
				365.10000000000036,
				1741.300000000001,
				363.7208932683352,
				1763.914654433991,
				372.1336233391776,
				1771.8015888754053,
				384.7527184454393,
				1772.8531801342597,
				405.2587890625,
				1772.853515625,
				407.3619305108259,
				1799.6687572350675,
				406.3000000000011,
				1840.7000000000007,
				419.98102561708765,
				1859.083663360383,
				441.01285079419176,
				1869.073780319508,
				470.9833984375,
				1868.0224609375,
				500.4277569195074,
				1861.1868458780937,
				509.36628261977603,
				1851.722524548397,
				517.7790126906184,
				1838.0518381832808,
				547.7493635679912,
				1825.9585387064453,
				561.4000000000015,
				1812.300000000001,
				565.6264149685285,
				1796.5139834585007,
				581.4002838513552,
				1763.8094953081054,
				608.7416565815893,
				1720.1684580656165,
				621.3607516878528,
				1684.41435526454,
				645.0215550120938,
				1641.8249092809056,
				658.6922413772099,
				1604.4934195915484,
				665.5275845597698,
				1592.925915744141,
				677.6208840366035,
				1566.1103386433333,
				664.4759933009136,
				1638.6701355043406,
				660.7954238949205,
				1664.9599169757203,
				640.8154296875,
				1758.5517578125,
				634.0,
				1791.7000000000007,
				625.0413210938459,
				1894.732607035574,
				633.4540511646865,
				1926.8061404306573,
				645.0215550120938,
				1925.754549171801,
				652.38269382408,
				1904.1969283652707,
				660.7954238949205,
				1898.413176441567,
				679.724066554314,
				1892.1036288884352,
				696.549526695997,
				1888.423059482442,
				727.5714688322241,
				1887.3714682235877,
				774.367279851278,
				1894.2068114061458,
				820.6372952409056,
				1896.3099939238564,
				892.6712964724848,
				1897.9925399380245,
				934.7349468266912,
				1905.8794743794388,
				993.6240573225805,
				1912.7148175619968,
				1033.05872952965,
				1913.240613191425,
				1076.1739711427126,
				1909.0342481560037,
				1161.878658739408,
				1891.1571967554664,
				1199.7359440581931,
				1879.063897278631,
				1190.2716227284982,
				1805.9783047881974,
				1176.6009363633802,
				1736.573281703757,
				1236.541638118124,
				1841.7324075892739,
				1251.7900390625,
				1871.1767578125,
				1280.6921615885767,
				1887.4870945772836,
				1317.5100268436327,
				1919.5581937333409,
				1333.2717245313343,
				1917.4586625741686,
				1349.58112599969,
				1905.8960272048134,
				1369.0246102128986,
				1883.288032258939,
				1392.1498809516106,
				1857.5155265803987,
				1408.9765582128057,
				1843.8533600518695,
				1408.4592824199663,
				1834.3902558416867,
				1390.0503497924383,
				1808.6177501631464,
				1387.950818633266,
				1800.7369013192965,
				1396.37937125777,
				1804.4186878448018,
				1413.206048518965,
				1798.120094367283,
				1423.7037043148284,
				1783.9102240581014,
				1427.902766633175,
				1759.719973745894,
				1431.0672773658407,
				1728.7138541633303,
				1427.902766633175,
				1720.8025773316658,
				1416.887835044472,
				1700.3245415327783,
				1397.4139228434506,
				1652.9785924940443,
				1348.5161464261964,
				1533.0923205065046,
				1316.9623230629786,
				1456.8702110321938,
				1299.1010942161047,
				1402.191116930262,
				1271.7463331712315,
				1311.0592934270444,
				1260.3662657287605,
				1256.714907191068,
				1244.1481482238469,
				1231.3075373662978,
				1196.224067416646,
				1154.4160121600762,
				1193.7898283915165,
				1150.1560938661041,
				1191.3555893663888,
				1145.8961755721302,
				1188.9213503412611,
				1141.940537156297,
				1186.4871113161335,
				1137.9848987404657,
				1183.748592412865,
				1134.0292603246326,
				1180.705793631456,
				1130.3779017869401,
				1177.358714971906,
				1127.0308231273902,
				1174.315916190495,
				1123.075184711557,
				1171.8816771653674,
				1118.5109865394425,
				1170.055997896523,
				1113.9467883673296,
				1168.2303186276768,
				1109.6868700733557,
				1166.7089192369713,
				1105.1226719012411,
				1163.9704003337029,
				1101.167033485408,
				1160.623321674153,
				1097.819954825858,
				1156.9719631364605,
				1094.777156044449,
				1152.7120448424866,
				1091.734357263038,
				1148.7564064266553,
				1089.3001182379103,
				1144.8007680108221,
				1087.1701590909233,
				1137.498050935439,
				1081.3888414062458,
				1119.5455381251231,
				1071.7735972569917,
				1051.0830078125,
				1033.1298828125,
				1039.2156502959078,
				1030.6958137079619,
				1021.2631374855919,
				1036.7814112707802,
				984.4452722305359,
				1043.4755685898817,
				936.9776112405452,
				1045.9098076150094,
				900.46402586363,
				1044.0841283461632,
				859.9948020708816,
				1038.6070905396264,
				826.5240154753756,
				1029.478694195397,
				807.6586630306356,
				1027.653014926551,
				786.3590715607679,
				1032.2172130986655,
				750.7583258182749,
				1048.830894445162,
				732.8058130079589,
				1060.089249936378,
				728.2416148358443,
				1062.5234889615058,
				723.9816965418704,
				1064.9577279866335,
				719.4174983697558,
				1067.3919670117612,
				715.4618599539244,
				1069.8262060368888,
				711.810501416232,
				1072.5647249401572,
				707.5505831222581,
				1074.998963965285,
				703.5949447064268,
				1077.4332029904126,
				699.6393062905936,
				1079.5631621373996,
				695.6836678747622,
				1082.301681040668,
				691.7280294589291,
				1085.0401999439382,
				687.7723910430959,
				1088.0829987253474,
				683.8167526272646,
				1090.8215176286158,
				680.4696739677129,
				1094.1685962881656,
				676.8183154300223,
				1097.819954825858,
				673.7755166486113,
				1100.8627536072672,
				670.4284379890614,
				1104.8183920231004,
				667.9941989639337,
				1108.7740304389317,
				663.7342806699598,
				1115.1639078798926,
				626.3076171875,
				1162.6318359375
			]
		}
	],
	"metadata.model": {
		"metadata.model.gender": "FEMALE",
		"metadata.model.age": "40대",
		"metadata.model.job": "office job",
		"metadata.model.type": "wear",
		"metadata.model.usually_size": "S",
		"metadata.model.body_height": "153",
		"metadata.model.waist_height": "95",
		"metadata.model.chest_size_male": "null",
		"metadata.model.breast_size_female": "79.0",
		"metadata.model.waist_size": "66",
		"metadata.model.hip_seize": "87",
		"metadata.model.back_length": "40",
		"metadata.model.shoulders_width": "34",
		"metadata.model.arm_length": "49",
		"metadata.model.weight": "47"
	},
	"metadata.clothes": {
		"metadata.clothes.type": "02top_02t-shirt",
		"metadata.clothes.season": "spring&fall",
		"metadata.clothes.fiber_composition": "Polyester,synthetic fiber Others",
		"metadata.clothes.elasticity": "none at all",
		"metadata.clothes.transparency": "none at all",
		"metadata.clothes.isfleece": "fleece_none",
		"metadata.clothes.color": "Beige",
		"metadata.clothes.washing_method": "Hand Washing30",
		"metadata.clothes.bleach": "Do not chlorine bleach",
		"metadata.clothes.ironing": "Ironing 80~120℃",
		"metadata.clothes.drycleaning": "none",
		"metadata.clothes.wringing": "none",
		"metadata.clothes.drying": "Drip dry in shade",
		"metadata.clothes.top_length_type": "long",
		"metadata.clothes.sleeve_length_type": "long sleeves",
		"metadata.clothes.topneck_color_design": "round neck",