{
	"dataset": {
		"dataset.id": 221850,
		"dataset.name": "01_sou_044370_221850_wear_02top_02t-shirt_woman",
		"dataset.image_path": "./008.의류 통합 데이터(3-1)/원천데이터/상품/상의/t-shirt/01_sou_044370_221850_wear_02top_02t-shirt_woman.jpg",
		"dataset.label_path": "./008.의류 통합 데이터(3-1)/라벨링데이터/상품/상의/t-shirt/01_sou_044370_221850_wear_02top_02t-shirt_woman.json",
		"dataset.category": 6,
		"dataset.type": 1,
		"dataset.width": 2268,
		"dataset.height": 4032,
		"dataset.file_size": 841370
	},
	"annotation": [
		{
			"annotation_type": "Polygon",
			"annotation_id": 51,
			"annotation_point_count": 261.0,
			"annotation_point": [
				1009.7999999999993,
				1281.1000000000022,
				1006.3400000000038,
				1287.2400000000016,
				993.5900000000038,
				1310.4600000000028,
				982.390000000003,
				1338.1600000000035,
				979.890000000003,
				1344.9600000000028,
				971.7900000000027,
				1354.060000000005,
				964.1900000000023,
				1358.560000000005,
				960.6900000000023,
				1361.1600000000035,
				959.390000000003,
				1362.060000000005,
				958.0900000000038,
				1363.060000000005,
				957.2900000000027,
				1364.260000000002,
				956.390000000003,
				1365.560000000005,
				955.890000000003,
				1367.260000000002,
				954.9900000000034,
				1368.4600000000028,
				954.2900000000027,
				1369.760000000002,
				954.2900000000027,
				1369.8600000000042,
				953.890000000003,
				1371.260000000002,
				954.9100000000035,
				1416.7000000000044,
				958.5100000000039,
				1438.4900000000016,
				961.4900000000034,
				1449.2400000000016,
				968.3600000000024,
				1462.9700000000048,
				970.1500000000033,
				1466.550000000003,
				966.2700000000041,
				1474.6200000000026,
				963.2900000000027,
				1514.0300000000025,
				977.3200000000033,
				1561.810000000005,
				982.9900000000016,
				1592.270000000004,
				983.2900000000045,
				1674.3800000000047,
				978.510000000002,
				1820.9900000000016,
				974.6800000000039,
				1861.550000000003,
				970.7000000000025,
				1876.9800000000032,
				956.7700000000041,
				1905.3500000000022,
				955.0200000000041,
				1919.7800000000025,
				963.2400000000034,
				1943.670000000002,
				964.7300000000032,
				1961.0900000000038,
				964.4800000000032,
				1968.300000000003,
				962.9900000000034,
				1979.5000000000036,
				961.7400000000034,
				2003.390000000003,
				951.6800000000039,
				2089.090000000004,
				948.9200000000037,
				2126.8800000000047,
				950.600000000004,
				2133.730000000003,
				947.8400000000038,
				2139.3700000000026,
				949.8800000000028,
				2143.3300000000017,
				950.2400000000034,
				2151.2500000000036,
				954.2000000000025,
				2155.6900000000023,
				957.2000000000025,
				2167.3300000000017,
				956.8400000000038,
				2176.800000000003,
				954.8000000000029,
				2197.6900000000023,
				948.2000000000025,
				2254.800000000003,
				944.2400000000034,
				2292.010000000002,
				943.0800000000036,
				2346.550000000003,
				938.0800000000036,
				2356.7500000000036,
				938.1800000000039,
				2359.7500000000036,
				938.2800000000025,
				2361.7500000000036,
				936.8800000000028,
				2361.850000000002,
				936.9800000000032,
				2363.2500000000036,
				937.9800000000032,
				2364.9500000000044,
				936.9800000000032,
				2367.7500000000036,
				936.4800000000032,
				2372.9500000000044,
				937.0800000000036,
				2374.650000000005,
				937.3800000000028,
				2375.7500000000036,
				936.1800000000039,
				2376.4500000000044,
				935.7800000000025,
				2378.050000000003,
				936.8800000000028,
				2378.050000000003,
				938.1800000000039,
				2377.4500000000044,
				939.0800000000036,
				2376.9500000000044,
				939.3800000000028,
				2376.7500000000036,
				939.9800000000032,
				2377.050000000003,
				941.5800000000036,
				2377.850000000002,
				947.7800000000025,
				2377.2500000000036,
				952.5800000000036,
				2375.850000000002,
				961.7800000000025,
				2375.9500000000044,
				962.8800000000028,
				2375.9500000000044,
				963.4800000000032,
				2376.9500000000044,
				963.9800000000032,
				2378.550000000003,
				963.7800000000025,
				2379.9500000000044,
				962.9800000000032,
				2381.350000000002,
				962.8800000000028,
				2382.9500000000044,
				962.8800000000028,
				2384.350000000002,
				962.6800000000039,
				2385.650000000005,
				961.1800000000039,
				2386.050000000003,
				959.5800000000036,
				2386.650000000005,
				959.8800000000028,
				2388.150000000005,
				961.1800000000039,
				2389.150000000005,
				961.6800000000039,
				2390.4500000000044,
				962.3800000000028,
				2391.150000000005,
				963.5800000000036,
				2390.350000000002,
				964.0800000000036,
				2388.9500000000044,
				964.4800000000032,
				2389.150000000005,
				1067.5400000000045,
				2398.560000000005,
				1208.5700000000033,
				2410.600000000002,
				1353.0400000000045,
				2437.8300000000017,
				1459.7900000000045,
				2441.060000000005,
				1489.060000000005,
				2438.9400000000023,
				1503.3600000000042,
				2435.9400000000023,
				1508.4600000000028,
				2434.140000000003,
				1509.760000000002,
				2433.840000000004,
				1511.060000000005,
				2433.2400000000052,
				1512.560000000005,
				2432.5400000000045,
				1514.1600000000035,
				2431.9400000000023,
				1515.4600000000028,
				2431.5400000000045,
				1515.4600000000028,
				2430.5400000000045,
				1515.4600000000028,
				2428.7400000000052,
				1515.4600000000028,
				2427.140000000003,
				1515.4600000000028,
				2425.4400000000023,
				1515.1600000000035,
				2423.840000000004,
				1514.9600000000028,
				2422.2400000000052,
				1514.6600000000035,
				2420.5400000000045,
				1514.3600000000042,
				2419.2400000000052,
				1513.8400000000038,
				2412.3200000000033,
				1513.6300000000047,
				2402.090000000004,
				1511.4800000000032,
				2395.640000000003,
				1512.2000000000044,
				2389.1900000000023,
				1502.170000000002,
				2298.5400000000045,
				1508.260000000002,
				2258.050000000003,
				1504.4600000000028,
				2212.1900000000023,
				1497.5800000000017,
				2129.2000000000044,
				1492.420000000002,
				2105.1200000000026,
				1485.5400000000045,
				2028.5800000000017,
				1484.6300000000047,
				1962.9700000000048,
				1481.900000000005,
				1921.9100000000035,
				1479.1600000000035,
				1901.010000000002,
				1478.7500000000036,
				1798.7400000000016,
				1476.010000000002,
				1755.4500000000044,
				1469.760000000002,
				1686.3300000000017,
				1474.560000000005,
				1659.2300000000032,
				1474.930000000004,
				1656.010000000002,
				1468.4600000000028,
				1619.680000000004,
				1465.4700000000048,
				1588.2400000000016,
				1456.3500000000022,
				1580.150000000005,
				1452.8200000000033,
				1574.9700000000048,
				1451.9900000000016,
				1569.3700000000026,
				1453.2400000000016,
				1544.0700000000033,
				1449.010000000002,
				1505.510000000002,
				1443.7800000000025,
				1488.5900000000038,
				1442.5400000000045,
				1471.420000000002,
				1440.050000000003,
				1469.920000000002,
				1446.020000000004,
				1449.270000000004,
				1455.4800000000032,
				1432.8500000000022,
				1470.9100000000035,
				1414.430000000004,
				1495.0400000000045,
				1392.7900000000045,
				1525.560000000005,
				1370.430000000004,
				1569.760000000002,
				1341.8400000000038,
				1592.0800000000017,
				1322.550000000003,
				1596.680000000004,
				1321.9700000000048,
				1604.890000000003,
				1339.2500000000036,
				1609.930000000004,
				1360.560000000005,
				1617.8500000000022,
				1395.270000000004,
				1619.2900000000045,
				1420.3200000000033,
				1619.7200000000048,
				1430.4000000000015,
				1620.8700000000026,
				1430.8400000000038,
				1624.4500000000044,
				1408.020000000004,
				1624.2000000000044,
				1387.6200000000026,
				1621.2200000000048,
				1340.8400000000038,
				1617.3300000000017,
				1324.8300000000017,
				1611.7100000000028,
				1314.6100000000042,
				1607.5400000000045,
				1309.1300000000047,
				1602.4900000000016,
				1307.4000000000015,
