{
	"dataset": {
		"dataset.id": 342847,
		"dataset.name": "01_sou_068570_342847_back_02top_02t-shirt_woman",
		"dataset.image_path": "./008.의류 통합 데이터(3-1)/원천데이터/상품/상의/t-shirt/01_sou_068570_342847_back_02top_02t-shirt_woman.jpg",
		"dataset.label_path": "./008.의류 통합 데이터(3-1)/라벨링데이터/상품/상의/t-shirt/01_sou_068570_342847_back_02top_02t-shirt_woman.json",
		"dataset.category": 6,
		"dataset.type": 1,
		"dataset.width": 3549,
		"dataset.height": 2662,
		"dataset.file_size": 1234037
	},
	"annotation": [
		{
			"annotation_type": "Polygon",
			"annotation_id": 131,
			"annotation_point_count": 85.0,
			"annotation_point": [
				1045.4000000000015,
				994.2999999999993,
				962.0,
				1001.0,
				930.0,
				1023.0,
				620.4000000000015,
				1137.4000000000015,
				151.15238101683826,
				1339.8616195517025,
				137.74638983002296,
				1369.354800162695,
				89.48482155748934,
				1404.2103772484152,
				31.83905945418701,
				1435.0441569780887,
				23.795464742097465,
				1445.7689499275402,
				22.45486562341648,
				1452.4719455209488,
				50.607447115726245,
				1510.1177076242493,
				70.7164338959501,
				1524.8642979297474,
				78.759765625,
				1561.060546875,
				113.0,
				1577.0,
				189.0,
				1550.0,
				276.0,
				1550.0,
				374.0,
				1528.0,
				538.0,
				1519.0,
				646.0,
				1496.0,
				832.0,
				1478.0,
				1115.0,
				1420.0,
				1148.0,
				1434.0,
				1169.0,
				1461.0,
				1171.7000000000007,
				1612.0,
				1232.0,
				1918.7000000000007,
				1431.0,
				1916.0,
				1638.0,
				1893.0,
				1877.0,
				1893.0,
				1986.0,
				1902.0,
				2080.274512799482,
				1921.6816370594643,
				2097.7023013423423,
				1923.0222361781452,
				2101.724098698385,
				1902.9132493979232,
				2119.1518872412453,
				1833.2020952264866,
				2151.3262660896,
				1788.9623243099995,
				2160.7104599203703,
				1760.809742817688,
				2187.522442294001,
				1680.3737956967998,
				2206.290829955542,
				1602.6190468132736,
				2245.168204397305,
				1490.0087208440273,
				2265.277191177527,
				1409.572773723139,
				2280.0234375,
				1374.716796875,
				2335.0,
				1403.0,
				2640.0,
				1443.0,
				3032.0,
				1510.0,
				3152.0,
				1519.0,
				3294.0,
				1510.0,
				3384.7000000000007,
				1528.0,
				3430.7000000000007,
				1495.1000000000022,
				3438.7000000000007,
				1414.6000000000022,
				3457.0,
				1385.0,
				3477.100000000002,
				1366.0,
				3359.0,
				1322.0,
				3328.9000000000015,
				1282.7999999999993,
				3174.0,
				1215.0,
				2684.0,
				1068.0,
				2389.0,
				997.0,
				2204.0,
				921.0,
				2149.985666970919,
				924.2758927604445,
				2103.06469781707,
				896.123311268133,
				2065.5279224939877,
				877.3549236065955,
				2026.6505480522246,
				855.9053377076889,
				1990.4543718478235,
				837.1369500461478,
				1952.9175965247414,
				818.3685623846104,
				1934.149208863204,
				796.9189764857038,
				1919.4026185577059,
				780.8317870615283,
				1885.8876405906703,
				762.0633993999872,
				1855.0538608609968,
				747.3168090944891,
				1818.8576846565957,
				732.5702187889947,
				1777.2991119774706,
				735.2514170263566,
				1731.718741942299,
				736.5920161450376,
				1679.4353763137224,
				733.9108179076757,
				1589.6152353620637,
				737.9326152637186,
				1489.0703014609535,
				721.8454258395432,
				1454.2147243752333,
				736.5920161450376,
				1442.1493323071008,
				752.6792055692167,
				1408.6343543400617,
				780.8317870615283,
				1404.6125569840187,
				810.3249676725209,
				1379.1411737290691,
				835.7963509274668,
				1345.6261957620336,
				850.542941232965,
				1316.133015151041,
				858.5865359450545,
				1290.661631896095,
				874.6737253692299,
				1274.574442471916,
				882.7173200813195,
				1231.67527067411,
				897.4639103868176,
				1182.0731032828953,
				917.5728971670396,
				1129.789737654315,
				933.6600865912151,
				1113.703125,
				937.681640625
			]
		}
	],
	"metadata.model": {
		"metadata.model.gender": "FEMALE",
		"metadata.model.age": "20대",
		"metadata.model.job": "Others",
		"metadata.model.type": "back",
		"metadata.model.usually_size": "L",
		"metadata.model.body_height": "166",
		"metadata.model.waist_height": "100",
		"metadata.model.chest_size_male": "null",
		"metadata.model.breast_size_female": "94.0",
		"metadata.model.waist_size": "82",
		"metadata.model.hip_seize": "101",
		"metadata.model.back_length": "40",
		"metadata.model.shoulders_width": "40",
		"metadata.model.arm_length": "54",
		"metadata.model.weight": "67"
	},
	"metadata.clothes": {
		"metadata.clothes.type": "02top_02t-shirt",
		"metadata.clothes.season": "winter",
		"metadata.clothes.fiber_composition": "Cotton",
		"metadata.clothes.elasticity": "contain",
		"metadata.clothes.transparency": "none at all",
		"metadata.clothes.isfleece": "fleece_none",
		"metadata.clothes.color": "Black",
		"metadata.clothes.washing_method": "none",
		"metadata.clothes.bleach": "Do not chlorine bleach",
		"metadata.clothes.ironing": "Ironing 80~120℃ : Place a cloth between the iron and textile",
		"metadata.clothes.drycleaning": "DO NOT DRYCLEAN",
		"metadata.clothes.wringing": "none",
		"metadata.clothes.drying": "Drip dry in shade",
		"metadata.clothes.top_length_type": "normal",
		"metadata.clothes.sleeve_length_type": "long sleeves",
		"metadata.clothes.topneck_color_design": "Others",
		"metadata.clothes.topsleeve_design": "ribbed sleeve",
		"metadata.clothes.pants_silhouette": "null",
		"metadata.clothes.skirt_design": "null",
		"metadata.top.front_length": "51.0",
		"metadata.top.chest_size": "100.0",
		"metadata.top.waist_size": "90.0",
		"metadata.top.hem_size": "80.0",
		"metadata.top.shoulder_width": "46.0",
		"metadata.top.sleeve_length": "54.0",
		"metadata.top.sleeve_cuff_size": "18.0",
		"metadata.pants.pants_length": "null",
		"metadata.pants.waist_size": "null",
		"metadata.pants.hip_size": "null",
		"metadata.pants.front_rise_length": "null",
		"metadata.pants.back_rise_length": "null",
		"metadata.pants.inner_seam_length": "null",
		"metadata.pants.pants_waist_size": "null",
		"metadata.skirt.length": "null",
		"metadata.skirt.waist_size": "null",
		"metadata.skirt.hip_size": "null",
		"metadata.skirt.hem_size": "null",
		"metadata.dress.front_length": "null",
		"metadata.dress.chest_size": "null",
		"metadata.dress.waist_size": "null",
		"metadata.dress.hip_size": "null",
		"metadata.dress.hem_size": "null",
		"metadata.dress.shoulder_width": "null",
		"metadata.dress.sleeve_length": "null",
		"metadata.dress.cuff_size": "null",
		"metadata.jumpsuit.front_length": "null",
		"metadata.jumpsuit.inner_seam_length": "null",
		"metadata.jumpsuit.chest_size": "null",
		"metadata.jumpsuit.waist_size": "null",
		"metadata.jumpsuit.hip_size": "null",
		"metadata.jumpsuit.shoulder_width": "null",
		"metadata.jumpsuit.sleeve_length": "null",
		"metadata.jumpsuit.cuffs_size": "null",
		"metadata.jumpsuit.front_rise_length": "null",
		"metadata.jumpsuit.back_rise_length": "null",
		"metadata.jumpsuit.pants_waist_size": "null"
	}
}