{
	"dataset": {
		"dataset.id": 65470,
		"dataset.name": "01_sou_013094_065470_wear_02top_02t-shirt_woman",
		"dataset.image_path": "./008.의류 통합 데이터(3-1)/원천데이터/상품/상의/t-shirt/01_sou_013094_065470_wear_02top_02t-shirt_woman.jpg",
		"dataset.label_path": "./008.의류 통합 데이터(3-1)/라벨링데이터/상품/상의/t-shirt/01_sou_013094_065470_wear_02top_02t-shirt_woman.json",
		"dataset.category": 6,
		"dataset.type": 1,
		"dataset.width": 2268,
		"dataset.height": 4032,
		"dataset.file_size": 683253
	},
	"annotation": [
		{
			"annotation_type": "Polygon",
			"annotation_id": 94,
			"annotation_point_count": 153.0,
			"annotation_point": [
				866.8141219697318,
				1839.442674371263,
				863.0378036268157,
				1843.9742563827622,
				858.5062216153165,
				1848.1282065599717,
				853.219375935234,
				1852.2821567371793,
				846.7996347522749,
				1854.1703159086373,
				840.7575254036092,
				1855.3032114115122,
				835.0930478892351,
				1855.3032114115122,
				828.6733067062778,
				1857.9466342515534,
				822.2535655233187,
				1860.9676889258863,
				816.5890880089446,
				1862.8558480973443,
				810.9246104945705,
				1864.3663754345107,
				805.2601329801964,
				1865.8769027716771,
				798.8403917972391,
				1867.3874301088435,
				792.42065061428,
				1868.89795744601,
				786.3785412656143,
				1871.5413802860512,
				780.7140637512402,
				1872.6742757889278,
				774.6719544025746,
				1873.8071712918027,
				768.629845053907,
				1875.317698628969,
				762.5877357052414,
				1877.9611214690103,
				756.9232581908673,
				1880.6045443090516,
				751.6364125107848,
				1884.003230817676,
				747.1048304992837,
				1887.4019173263005,
				741.4403529849096,
				1891.5558675035081,
				736.5311391391187,
				1894.9545540121326,
				731.6219252933279,
				1897.5979768521756,
				725.5798159446622,
				1901.7519270293833,
				721.0482339331611,
				1905.905877206591,
				717.6495474245366,
				1911.1927228866734,
				714.2508609159122,
				1916.479568566756,
				711.2298062415794,
				1922.14404608113,
				709.3416470701213,
				1927.808523595506,
				707.0758560643717,
				1933.8506329441716,
				705.9429605614969,
				1939.8927422928373,
				705.1876968929137,
				1945.934851641503,
				704.4324332243305,
				1951.9769609901705,
				703.2995377214556,
				1958.3967021731278,
				702.1666422185808,
				1964.4388115217935,
				700.6561148814144,
				1970.4809208704592,
				699.145587544248,
				1976.145398384835,
				697.2574283727881,
				1981.8098758992091,
				694.6140055327469,
				1986.719089745,
				692.7258463612889,
				1991.2506717564993,
				690.0824235212476,
				1997.6704129394584,
				687.0613688469148,
				2003.3348904538325,
				686.3061051783316,
				2004.845417790999,
				652.2814769086563,
				2095.4770580209897,
				631.5872523894741,
				2156.91775746024,
				635.4013339158191,
				2164.54592051293,
				642.4630492170727,
				2154.7652560047773,
				687.6278165983531,
				2153.141439117324,
				734.9073222516654,
				2165.641052832376,
				755.0350990194092,
				2176.5168496599745,
				759.3778651137618,
				2181.9547480737747,
				739.8165360974563,
				2221.1151692898165,
				751.2210174930642,
				2274.3990211083674,
				756.1302313388551,
				2323.8687914005714,
				757.2253636583009,
				2342.37275128086,
				761.039445184646,
				2356.496181883367,
				763.1919466401087,
				2375.528826331665,
				765.9108958470079,
				2392.93765389251,
				765.3822112790003,
				2401.6609492646476,
				749.0685160376015,
				2441.350055048697,
				734.378637683656,
				2493.0100899797926,
				716.4411255548039,
				2576.7310676422476,
				691.4041349412691,
				2689.8318020125917,
				672.3714904929711,
				2754.5578984101776,
				690.4222921721102,
				2767.359617592665,
				715.7236250696496,
				2773.4017269413307,
				741.024957967189,
				2778.3109407871216,
				747.0670673158547,
				2731.8622251692505,
				754.9973358359803,
				2684.2806140485045,
				774.2565593848522,
				2626.880575236177,
				783.3197234078525,
				2703.539837597378,
				789.3618327565182,
				2734.883279843585,
				855.4474037575546,
				2736.771439015043,
				926.8198204386736,
				2742.435916529417,
				1046.6046382759796,
				2751.8389492032784,
				1122.282057868022,
				2748.553552244941,
				1178.2470957100431,
				2731.0691983172383,
				1188.2165761353408,
				2716.11497767929,
				1186.4039433307407,
				2705.2391808516913,
				1186.4039433307407,
				2701.613915242491,
				1194.5607909514401,
				2694.3633840240927,
				1204.5302713767396,
				2681.2217961907427,
				1195.9202655548906,
				2620.951755437798,
				1186.857101531892,
				2523.5227421905565,
				1190.4823671410904,
				2461.893226834163,
				1199.9986893652404,
				2400.7168696789176,
				1219.484492014688,
				2262.503618328181,
				1220.3908084169889,
				2215.3751654085845,
				1221.297124819288,
				2200.420944770636,
				1239.8766110664365,
				2196.3425209602865,
				1284.7392729802832,
				2170.059345293588,
				1307.3971830377814,
				2153.29249185104,
				1330.508251296429,
				2129.7282653912425,
				1293.3643840755067,
				2045.8788929051298,
				1278.4101634375584,
				2006.0009712039337,
				1276.1443724318087,
				1999.6567563878343,
				1275.2380560295078,
				1998.7504399855352,
				1272.9722650237582,
				1991.499908767135,
				1270.7064740180085,
				1984.702535749886,
				1267.9875248111093,
				1978.8114791349362,
				1264.8154174030587,
				1971.5609479165378,
				1262.0964681961595,
				1966.1230495027376,
				1258.924360788109,
				1958.8725182843373,
				1255.2990951789106,
				1951.6219870659388,
				1253.033304173161,
				1944.3714558475403,
				1249.8611967651104,
				1938.0272410314392,
				1247.1422475582112,
				1931.6830262153399,
				1243.9701401501607,
				1924.4324949969414,
				1241.2511909432615,
				1918.088280180842,
				1237.1727671329118,
				1911.2909071635931,
				1233.094343322562,
				1905.3998505486434,
				1228.5627613110628,
				1899.5087939336936,
				1224.0311792995635,
				1894.524053721043,
				1218.5932808857633,
				1889.9924717095437,
				1211.7959078685144,
				1886.3672061003454,
				1204.5453766501141,
				1883.1950986922948,
				1198.2011618340148,
				1880.0229912842442,
				1190.497472414465,
				1877.304042077345,
				1184.1532575983656,
				1873.6787764681449,
				1177.8090427822663,
				1871.4129854623952,
				1170.1053533627182,
				1869.1471944566456,
				1163.3079803454675,
				1867.3345616520455,
				1154.244816322469,
				1866.4282452497464,
				1147.44744330522,
				1865.9750870485968,
				1139.7437538856702,
				1864.6156124451463,
				1132.4932226672718,
				1862.8029796405463,
				1124.789533247722,
				1860.5371886347966,
				1118.4453184316226,
				1857.3650812267479,
				1111.6479454143719,
				1854.1929738186973,
				1106.2100470005735,
				1850.5677082094971,
				1098.5063575810236,
				1847.848759002598,
				1092.1621427649243,
				1844.2234933933978,
				1087.1774025522755,
				1841.051385985349,
				1079.9268713338752,
				1840.145069583048,
				1076.301605724675,
				1844.6766515945474,
				1083.5521369430753,
				1848.755075404897,
				1091.7089845637747,
				1855.5524484221478,
				1100.3193359375,
				1863.255859375,
				1107.1163634028726,
				1872.7724600658457,
				1110.2884708109232,
				1885.4608896980444,
				1107.1163634028726,
				1899.055635732544,
				1088.5368771557241,
				1920.8072293877412,
				1069.5042327074261,
				1927.1514442038406,
				1046.3931644487784,
				1931.6830262153399,
				1017.3910395751809,
				1931.6830262153399,
				969.3562702532854,
				1916.7288055773915,
				919.9620263279394,
				1888.632997106095,
				876.9119972186927,
				1857.8182394278974,
				872.3804152071934,
				1848.3019172037475,
				876.4588390175431,
				1844.2234933933978,
				883.255859375,
				1844.2236328125
			]
		}
	],
	"metadata.model": {
		"metadata.model.gender": "FEMALE",
		"metadata.model.age": "20대",
		"metadata.model.job": "university student/graduate student",
		"metadata.model.type": "wear",