{
	"dataset": {
		"dataset.id": 64884,
		"dataset.name": "01_sou_012977_064884_wear_02top_02t-shirt_woman",
		"dataset.image_path": "./008.의류 통합 데이터(3-1)/원천데이터/상품/상의/t-shirt/01_sou_012977_064884_wear_02top_02t-shirt_woman.jpg",
		"dataset.label_path": "./008.의류 통합 데이터(3-1)/라벨링데이터/상품/상의/t-shirt/01_sou_012977_064884_wear_02top_02t-shirt_woman.json",
		"dataset.category": 6,
		"dataset.type": 1,
		"dataset.width": 1853,
		"dataset.height": 3292,
		"dataset.file_size": 443625
	},
	"annotation": [
		{
			"annotation_type": "Polygon",
			"annotation_id": 114,
			"annotation_point_count": 133.0,
			"annotation_point": [
				565.0,
				1471.0,
				497.0,
				1731.0,
				459.53125,
				1833.701171875,
				476.1041817208388,
				1856.4880715688778,
				537.2151965786725,
				1883.4183493028395,
				578.6463930924583,
				1891.7045886055967,
				618.006029780554,
				1885.489909128526,
				632.5069485603781,
				1876.1678899129256,
				640.7931878631352,
				1833.7009134862965,
				669.7950254227835,
				1767.4109990642391,
				669.7950254227835,
				1791.2339370596674,
				649.0794271658924,
				1864.774310871635,
				647.0078673402022,
				1881.3467894771493,
				662.5445660328733,
				1937.2789047707593,
				663.9000000000015,
				2007.0,
				652.0,
				2239.0,
				656.0,
				2335.0,
				663.0,
				2347.0,
				716.0,
				2379.0,
				745.40625,
				2386.806640625,
				881.0941276430895,
				2396.1294061609296,
				1038.532674395472,
				2396.1294061609296,
				1126.5739669872673,
				2388.8789467710194,
				1202.1859006249251,
				2369.1991284269716,
				1248.7959967029346,
				2342.26885069301,
				1281.9409539139633,
				2309.123893481981,
				1285.0482936524968,
				2286.3367353994,
				1276.76171875,
				2264.5859375,
				1284.0125137396499,
				2191.0449834176943,
				1270.547374872669,
				2037.7495563166885,
				1257.0822360056918,
				1967.3165222432544,
				1256.046456092845,
				1874.0963300872354,
				1248.7959967029346,
				1811.9495353165585,
				1234.2950779231105,
				1743.5880610688146,
				1231.1877381845734,
				1728.0513623761435,
				1244.65234375,
				1693.87109375,
				1248.7959967029346,
				1714.5862235091627,
				1266.4042552212923,
				1732.194482027524,
				1301.6207722580111,
				1833.7009134862965,
				1338.9088491204166,
				1844.0587126147439,
				1397.94830415256,
				1840.9513728762104,
				1439.3795006663458,
				1823.3431143578491,
				1487.0253766571986,
				1785.0192575826004,
				1496.347395872799,
				1770.5183388027726,
				1410.3776631066976,
				1536.432078499889,
				1389.6620648498028,
				1480.499963206279,
				1358.6000000000022,
				1384.1000000000022,
				1351.5750778324,
				1370.2369813546939,
				1349.195372014121,
				1366.917917976567,
				1346.4399231719035,
				1362.6594970385959,
				1344.3733365402404,
				1358.4636999379436,
				1342.5572452578708,
				1353.8921598133566,
				1340.4280347888816,
				1350.0094818993202,
				1338.298824319896,
				1345.7510609613491,
				1335.919118501617,
				1341.2421446740846,
				1334.4161464058634,
				1337.2968429227258,
				1331.660697563646,
				1333.3515411713706,
				1329.280991745367,
				1329.4688632573343,
				1326.5255429031495,
				1325.2104423193632,
				1323.8327178982545,
				1321.327764405327,
				1321.077269056037,
				1317.3824626539717,
				1319.010682424374,
				1312.8735463667072,
				1316.5683527687725,
				1308.9282446153484,
				1313.5624085772615,
				1304.9829428639932,
				1311.12007892166,
				1301.0376411126344,
				1308.427253916765,
				1297.1549631986018,
				1305.421309725254,
				1293.209661447243,
				1302.1022463471272,
				1289.5774788825001,
				1298.4700637823844,
				1286.258415504377,
				1295.1510004042611,
				1282.626232939634,
				1291.2056986529024,
				1278.9940503748912,
				1288.1997544613914,
				1275.4244916474745,
				1284.8806910832682,
				1272.355923618641,
				1280.9353893319094,
				1269.6630986137461,
				1277.3032067671666,
				1266.6571544222352,
				1273.107409666518,
				1264.2148247666337,
				1268.5358695419309,
				1262.398733484264,
				1264.6531916278946,
				1259.705908479369,
				1260.7078898765394,
				1256.6999642878582,
				1256.4494689385647,
				1254.2576346322567,
				1253.1304055604414,
				1251.5648096273617,
				1249.247727646405,
				1248.8093607851442,
				1244.989306708434,
				1247.6195078760065,
				1240.7935096077854,
				1245.4902974070174,
				1236.5350886698106,
				1242.7974724021224,
				1232.339291569162,
				1241.5449956556622,
				1227.517578125,
				1238.9140625,
				1079.9638709092578,
				1188.4100277840917,
				1047.854693611076,
				1200.8393867382256,
				1002.2803774459098,
				1204.982506389606,
				902.8455058128275,
				1223.6265448208105,
				844.8418306935273,
				1216.3760854308966,
				804.4464140925884,
				1209.1256260409828,
				757.6401673536166,
				1225.6489782818062,
				703.2618019447,
				1253.0990936417802,
				699.5043717053122,
				1255.0821818236764,
				696.4775529013605,
				1256.856523881168,
				693.2419879729969,
				1258.8396120630641,
				689.9542365135349,
				1261.1358194315799,
				686.4055523985553,
				1264.1626382355316,
				683.6396662501174,
				1267.1894570394834,
				680.6128474461657,
				1270.164089312333,
				678.1078939532417,
				1272.721229336359,
				675.3420078048039,
				1275.487115484797,
				672.0542563453382,
				1278.5139342887487,
				668.8186914169783,
				1281.0188877816727,
				665.7918726130265,
				1283.7847739301105,
				663.0259864645886,
				1286.550660078552,
				660.2601003161508,
				1289.3165462269899,
				657.4942141677129,
				1292.0824323754277,
				654.9892606747853,
				1295.3701838348898,
				652.4321206507593,
				1298.6057487632534,
				649.9271671578317,
				1301.6325675672051,
				647.4222136649078,
				1304.6593863711569,
				644.9172601719838,
				1307.9471378306189,
				642.881985458982,
				1311.2348892900845,
				641.107643401494,
				1314.7313868739584,
				638.6026899085664,
				1318.019138333424,
				636.6196017266666,
				1321.515635917298,
				634.3233943581545,
				1325.3252526877877,
				632.3403061762547,
				1328.5608176161513,
				630.0440988077389,
				1331.8485690756133,
				627.8000779703289,
				1334.875387879565,
				625.764803257327,
				1338.1631393390307,
				624.2513938553493,
				1341.6596369229046,
				622.7379844533752,
				1345.4170671622924,
				621.2245750513976,
				1349.2266839327822,
				619.7111656494235,
				1352.723181516656,
				617.7280774675237,
				1356.2718656316356,
				615.6928027545218,
				1359.5074305599956,
				613.4487819171118,
				1362.7951820194612,
				611.4135072041099,
				1366.0829334789269,
				606.873046875,
				1370.623046875
			]
		}
	],
	"metadata.model": {
		"metadata.model.gender": "FEMALE",
		"metadata.model.age": "30대",
		"metadata.model.job": "entertainment and sports",
		"metadata.model.type": "wear",
		"metadata.model.usually_size": "L",
		"metadata.model.body_height": "161",
		"metadata.model.waist_height": "94",
		"metadata.model.chest_size_male": "null",
		"metadata.model.breast_size_female": "102.0",
		"metadata.model.waist_size": "86",
		"metadata.model.hip_seize": "106",
		"metadata.model.back_length": "41",
		"metadata.model.shoulders_width": "45",
		"metadata.model.arm_length": "52",
		"metadata.model.weight": "65"
	},
	"metadata.clothes": {
		"metadata.clothes.type": "02top_02t-shirt",
		"metadata.clothes.season": "summer",
		"metadata.clothes.fiber_composition": "Cotton",
		"metadata.clothes.elasticity": "contain",
		"metadata.clothes.transparency": "none at all",
		"metadata.clothes.isfleece": "fleece_none",
		"metadata.clothes.color": "Gray",
		"metadata.clothes.washing_method": "Hand Washing30",
		"metadata.clothes.bleach": "Do not chlorine bleach",
		"metadata.clothes.ironing": "Ironing 80~120℃ : Place a cloth between the iron and textile",
		"metadata.clothes.drycleaning": "none",
		"metadata.clothes.wringing": "Do not wringing",
		"metadata.clothes.drying": "Line dry in shade",