{
	"dataset": {
		"dataset.id": 470571,
		"dataset.name": "01_sou_094115_470571_front_02top_02t-shirt_woman",
		"dataset.image_path": "./008.의류 통합 데이터(3-1)/원천데이터/상품/상의/t-shirt/01_sou_094115_470571_front_02top_02t-shirt_woman.jpg",
		"dataset.label_path": "./008.의류 통합 데이터(3-1)/라벨링데이터/상품/상의/t-shirt/01_sou_094115_470571_front_02top_02t-shirt_woman.json",
		"dataset.category": 6,
		"dataset.type": 1,
		"dataset.width": 4032,
		"dataset.height": 3024,
		"dataset.file_size": 824018
	},
	"annotation": [
		{
			"annotation_type": "Polygon",
			"annotation_id": 151,
			"annotation_point_count": 128.0,
			"annotation_point": [
				1936.0,
				380.0,
				1878.533203125,
				435.93359375,
				1865.7008970471434,
				451.72638708396335,
				1850.8948812360104,
				453.70052252544883,
				1836.0888654248774,
				460.6099965706435,
				1823.2569850552281,
				469.49360605732363,
				1808.4509692440952,
				478.3772155440038,
				1794.6320211537059,
				485.28668958919843,
				1781.8001407840566,
				491.20909591365125,
				1766.0070572521836,
				495.1573667966204,
				1751.2010414410506,
				498.11856995884773,
				1735.407957909174,
				502.06684084181506,
				1718.6278066565574,
				507.0021794455279,
				1704.808858566168,
				510.9504503284952,
				1687.0416395928078,
				516.8728566529498,
				1672.2356237816748,
				519.8340598151735,
				1658.4166756912855,
				523.7823306981445,
				1642.6235921594089,
				528.7176693018555,
				1626.830508627536,
				533.6530079055665,
				1611.0374250956593,
				537.6012787885338,
				1598.20554472601,
				542.5366173922448,
				1583.3995289148806,
				545.4978205544721,
				1567.606445383004,
				550.4331591581831,
				1549.83984375,
				556.35546875,
				1536.0202783192544,
				557.3426332033778,
				1522.2013302288651,
				564.2521072485724,
				1508.3823821384722,
				574.1227844559944,
				1497.5246372103102,
				585.9675971049,
				1487.6539600028882,
				597.8124097538093,
				1477.7832827954662,
				609.657222402715,
				1469.886741029528,
				623.4761704931043,
				1459.0289961013623,
				637.2951185834936,
				1452.1195220561676,
				651.1140666738866,
				1444.2229802902293,
				664.9330147642759,
				1433.3652353620673,
				678.7519628546652,
				1424.4816258753854,
				691.5838432243145,
				1413.6238809472234,
				703.4286558732201,
				1403.7532037398014,
				715.2734685221258,
				1394.869594253123,
				726.1312134502914,
				1385.985984766441,
				742.911364702908,
				1378.0894430005028,
				755.7432450725573,
				1370.1929012345681,
				768.5751254422066,
				1347.5,
				804.1000000000022,
				1262.60251967367,
				903.8034031838833,
				1019.0,
				1101.0,
				885.2999999999993,
				1189.4000000000015,
				547.5,
				1433.1000000000022,
				458.8000000000011,
				1507.0,
				416.2000000000007,
				1546.7999999999993,
				572.0,
				1725.0,
				607.0,
				1748.5,
				855.7999999999993,
				1599.2999999999993,
				1240.728515625,
				1410.109375,
				1252.5739116309305,
				1401.818551007149,
				1347.332412822183,
				1354.4393004115263,
				1382.8668507689,
				1326.0117500541492,
				1401.818551007149,
				1295.2152371669945,
				1450.3822828676675,
				1262.0497617500587,
				1451.6000000000022,
				1300.0,
				1464.5,
				1417.2000000000007,
				1478.0,
				1466.0,
				1478.0,
				1662.0,
				1444.0,
				1970.0,
				1376.7000000000007,
				2286.5,
				1453.1875,
				2301.919921875,
				1593.0506822612115,
				2296.803118908385,
				1801.1403508771946,
				2276.3352826510745,
				1971.7056530214431,
				2260.98440545809,
				2140.565302144252,
				2266.1013645224193,
				2345.2436647173527,
				2269.5126705653056,
				2681.257309941524,
				2295.097465886942,
				2824.5321637426932,
				2305.331384015597,
				2783.5964912280724,
				1994.9025341130618,
				2747.5,
				1764.1000000000022,
				2716.0,
				1543.0,
				2664.100000000002,
				1340.7000000000007,
				2684.4000000000015,
				1302.4000000000015,
				2704.0,
				1227.0,
				2750.0,
				1255.0,
				2819.0,
				1340.0,
				3071.0,
				1473.0,
				3289.0,
				1571.0,
				3449.0,
				1620.0,
				3638.100000000002,
				1724.7999999999993,
				3766.600000000002,
				1565.4000000000015,
				3803.576998050685,
				1507.0857699805092,
				3682.4756335282655,
				1418.3918128654987,
				3445.38986354776,
				1254.649122807019,
				3256.9399471758916,
				1120.7608882030145,
				3155.76550579982,
				1064.004494260338,
				3086.670765347866,
				1015.4736646571837,
				3036.4948228768044,
				971.0556172237848,
				2978.915872500176,
				950.491706374989,
				2946.013615142103,
				917.5894490169158,
				2909.8203125,
				898.669921875,
				2857.7000000000007,
				879.1000000000022,
				2795.2999999999993,
				820.6000000000022,
				2745.1782362284284,
				759.6915159555247,
				2745.1782362284284,
				746.859635585879,
				2741.229965345461,
				733.040687495486,
				2735.30755902101,
				717.2476039636131,
				2728.398084975812,
				701.4545204317365,
				2722.475678651361,
				687.6355723413471,
				2715.566204606166,
				672.8295565302142,
				2708.656730560968,
				660.9847438813085,
				2699.7731210742895,
				648.1528635116592,
				2691.876579308351,
				635.3209831420099,
				2681.018834380189,
				621.5020350516206,
				2672.1352248935073,
				609.657222402715,
				2662.2645476860853,
				597.8124097538093,
				2649.4326673164396,
				587.9417325463874,
				2636.6007869467903,
				579.0581230597054,
				2623.768906577141,
				572.1486490145107,
				2607.975823045268,
				566.2262426900561,
				2593.169807234135,
				565.2391749693161,
				2576.3896559815184,
				563.2650395278324,
				2562.5707078911255,
				559.3167686448614,
				2548.751759800736,
				557.3426332033778,
				2531.9716085481195,
				551.4202268789231,
				2518.1526604577266,
				549.4460914374395,
				2503.3466446465936,
				547.4719559959558,
				2487.5535611147207,
				545.4978205544721,
				2472.7475453035877,
				541.5495496715048,
				2457.9415294924547,
				539.5754142300175,
				2348.376953125,
				512.923828125,
				2257.0,
				464.0,
				2200.0,
				401.10000000000036,
				2040.0,
				415.0
			]
		}
	],
	"metadata.model": {
		"metadata.model.gender": "FEMALE",
		"metadata.model.age": "40대",
		"metadata.model.job": "homemaker",
		"metadata.model.type": "front",
		"metadata.model.usually_size": "M",
		"metadata.model.body_height": "159",
		"metadata.model.waist_height": "95",
		"metadata.model.chest_size_male": "null",
		"metadata.model.breast_size_female": "87.0",
		"metadata.model.waist_size": "84",
		"metadata.model.hip_seize": "92",
		"metadata.model.back_length": "39",
		"metadata.model.shoulders_width": "39",
		"metadata.model.arm_length": "52",
		"metadata.model.weight": "57"
	},
	"metadata.clothes": {
		"metadata.clothes.type": "02top_02t-shirt",
		"metadata.clothes.season": "winter",
		"metadata.clothes.fiber_composition": "Cotton,Polyester",
		"metadata.clothes.elasticity": "contain",
		"metadata.clothes.transparency": "contain",
		"metadata.clothes.isfleece": "fleece_none",
		"metadata.clothes.color": "Black",
		"metadata.clothes.washing_method": "none",
		"metadata.clothes.bleach": "none",
		"metadata.clothes.ironing": "none",
		"metadata.clothes.drycleaning": "none",
		"metadata.clothes.wringing": "none",
		"metadata.clothes.drying": "none",
		"metadata.clothes.top_length_type": "long",
		"metadata.clothes.sleeve_length_type": "long sleeves",
		"metadata.clothes.topneck_color_design": "Chinese collar",
		"metadata.clothes.topsleeve_design": "basic sleeve",
		"metadata.clothes.pants_silhouette": "null",
		"metadata.clothes.skirt_design": "null",
		"metadata.top.front_length": "57.0",
		"metadata.top.chest_size": "94.0",
		"metadata.top.waist_size": "98.0",
		"metadata.top.hem_size": "104.0",
		"metadata.top.shoulder_width": "42.0",
		"metadata.top.sleeve_length": "50.0",
		"metadata.top.sleeve_cuff_size": "14.0",
		"metadata.pants.pants_length": "null",
		"metadata.pants.waist_size": "null",
		"metadata.pants.hip_size": "null",