{
	"dataset": {
		"dataset.id": 505015,
		"dataset.name": "01_sou_101003_505015_wear_02top_02t-shirt_man",
		"dataset.image_path": "./008.의류 통합 데이터(3-1)/원천데이터/상품/상의/t-shirt/01_sou_101003_505015_wear_02top_02t-shirt_man.jpg",
		"dataset.label_path": "./008.의류 통합 데이터(3-1)/라벨링데이터/상품/상의/t-shirt/01_sou_101003_505015_wear_02top_02t-shirt_man.json",
		"dataset.category": 6,
		"dataset.type": 1,
		"dataset.width": 2268,
		"dataset.height": 4032,
		"dataset.file_size": 791813
	},
	"annotation": [
		{
			"annotation_type": "Polygon",
			"annotation_id": 125,
			"annotation_point_count": 216.0,
			"annotation_point": [
				640.074301811328,
				1535.0325854358907,
				645.2564574779444,
				1523.5578121740982,
				707.0721715011477,
				1552.0596683404856,
				766.2968076910438,
				1580.191370530687,
				785.54481445276,
				1590.185527887732,
				779.2521968575838,
				1602.0304551257104,
				788.876200238441,
				1602.4006091018982,
				808.494360976345,
				1611.2843045303816,
				825.5214438809398,
				1614.2455363398767,
				848.1008364283371,
				1558.7224399118495,
				847.3605284759633,
				1553.910438221421,
				866.2383812614935,
				1514.303962769427,
				871.7906909042958,
				1571.3076751022018,
				865.8682272853057,
				1600.9199931971507,
				853.0,
				1797.0,
				860.0,
				1921.0,
				845.7001953125,
				2141.2626953125,
				853.3756786505946,
				2150.2175373007412,
				854.654930792296,
				2157.893050150953,
				870.005956492716,
				2164.2893108594617,
				882.7984779097333,
				2176.4422062056274,
				907.1042686020664,
				2187.3158494100917,
				984.4990231750235,
				2193.7121101186003,
				1129.0545151873212,
				2201.387622968812,
				1219.2417911772936,
				2193.0724840477505,
				1358.0406485519343,
				2183.4780929849876,
				1456.5430634629683,
				2168.7666933554174,
				1490.4432452180645,
				2153.4156676549956,
				1499.3980102099777,
				2145.7401548047856,
				1500.0376362808274,
				2139.9835201671285,
				1473.300000000001,
				1857.300000000001,
				1484.3212890625,
				1663.95703125,
				1541.3252030310723,
				1645.8196705086193,
				1629.0516953873557,
				1606.5833490328132,
				1623.1292317683656,
				1588.0756502234708,
				1576.5,
				1424.300000000001,
				1535.1888155477518,
				1307.3591860110646,
				1529.8871309929928,
				1287.3484507050525,
				1528.8160836081915,
				1283.77829275572,
				1528.2805599157928,
				1281.6361979861194,
				1527.2095125309916,
				1279.3155953190526,
				1526.1384651461922,
				1276.6379768570532,
				1525.245925658859,
				1273.7818504975876,
				1523.9963703765916,
				1270.5687083431876,
				1522.9253229917922,
				1267.7125819837202,
				1521.8542756069928,
				1264.499439829322,
				1521.3187519145922,
				1261.8218213673208,
				1520.2477045297928,
				1258.6086792129208,
				1519.3551650424597,
				1255.9310607509215,
				1518.2841176576603,
				1253.0749343914558,
				1517.5700860677935,
				1250.3973159294565,
				1516.6775465804603,
				1247.541189569989,
				1515.7850070931272,
				1244.328047415589,
				1514.892467605794,
				1241.114905261189,
				1514.3569439133935,
				1238.794302594124,
				1513.8214202209929,
				1235.581160439724,
				1513.4644044260604,
				1232.7250340802566,
				1512.9288807336598,
				1229.868907720791,
				1512.7503728361935,
				1226.4772576689247,
				1512.214849143793,
				1223.7996392069253,
				1511.500817553926,
				1220.5864970525254,
				1511.1438017589935,
				1217.908878590526,
				1510.608278066593,
				1215.0527522310585,
				1510.0727543741941,
				1212.3751337690592,
				1509.7157385792598,
				1208.8049758197267,
				1509.7157385792598,
				1206.3058652551936,
				1509.7157385792598,
				1202.557199408393,
				1509.5372306817935,
				1199.7010730489274,
				1509.5372306817935,
				1196.6664387919936,
				1509.5372306817935,
				1193.4532966375937,
				1509.3587227843273,
				1190.7756781755943,
				1508.8231990919267,
				1188.098059713595,
				1508.109375,
				1185.5986328125,
				1507.6450469686497,
				1182.332254625424,
				1507.4665390711834,
				1179.8331440608908,
				1506.7525074813166,
				1176.4414940090246,
				1506.216983788916,
				1173.7638755470252,
				1505.502952199049,
				1171.086257085024,
				1504.610412711716,
				1167.159083340759,
				1504.0748890193172,
				1164.8384806736922,
				1503.3608574294503,
				1161.8038464167585,
				1502.4683179421172,
				1159.3047358522253,
				1501.397270557316,
				1156.0915936978254,
				1500.683238967451,
				1153.413975235826,
				1499.790699480116,
				1150.5578488763604,
				1498.898159992783,
				1147.3447067219604,
				1497.6486047105172,
				1143.774548772628,
				1496.9345731206504,
				1141.8109619004936,
				1495.6850178383847,
				1138.240803951161,
				1494.6139704535835,
				1135.741693386628,
				1493.5429230687841,
				1133.9566144119617,
				1492.1148598890504,
				1131.4575038474286,
				1490.8653046067848,
				1129.1369011803617,
				1489.437241427051,
				1126.4592827183624,
				1488.0091782473173,
				1124.3171879487618,
				1485.1530518878517,
				1120.568522101963,
				1483.5464808106517,
				1118.4264273323624,
				1482.2969255283842,
				1116.46284046023,
				1481.0473702461186,
				1113.9637298956968,
				1479.083783373986,
				1111.1076035362294,
				1477.8342280917186,
				1108.9655087666306,
				1476.406164911985,
				1106.1093824071631,
				1475.1566096297192,
				1103.788779740098,
				1474.0855622449199,
				1101.4681770730313,
				1472.4789911677199,
				1098.2550349186313,
				1471.2294358854524,
				1096.1129401490307,
				1469.9798806031868,
				1093.6138295844976,
				1468.9088332183856,
				1090.9362111224982,
				1466.5882305513205,
				1088.6156084554314,
				1463.9106120893193,
				1087.3660531731657,
				1461.23299362732,
				1085.5809741984995,
				1458.3768672678543,
				1083.6173873263651,
				1455.8777567033212,
				1081.6538004542326,
				1453.9141698311869,
				1080.0472293770326,
				1451.4150592666538,
				1078.0836425049001,
				1448.9159487021207,
				1076.298563530232,
				1446.9521484375,
				1074.6923828125,
				1321.4167257784611,
				1008.7106466958103,
				1325.11826554033,
				1011.3017245291194,
				1325.11826554033,
				1017.5943421242955,
				1323.6376496355824,
				1023.1466517670979,
				1320.6764178260873,
				1028.3288074337142,
				1315.124108183285,
				1030.9198852670215,
				1307.7210286595473,
				1032.030347195583,
				1302.168719016745,
				1032.030347195583,
				1295.8761014215688,
				1030.9198852670215,
				1289.9536378025787,
				1029.8094233384618,
				1284.7714821359623,
				1028.6989614099002,
				1279.589326469346,
				1027.2183455051527,
				1273.6668628503576,
				1024.6272676718454,
				1267.0040912789937,
				1022.0361898385381,
				1262.9323975409388,
				1020.5555739337906,
				1255.1591640410152,
				1018.7048040528553,
				1247.7560845172775,
				1017.5943421242955,
				1242.2037748744751,
				1016.8540341719217,
				1235.911157279299,
				1015.743572243362,
				1229.248385707935,
				1013.5226483862407,
				1223.325922088945,
				1011.3017245291194,
				1217.0333044937688,
				1009.450954648184,
				1210.7406868985927,
				1006.8598768148768,
				1206.29883918435,
				1004.6389529577555,
				1201.1166835177355,
				1001.3075671720744,
				1196.674835803493,
				997.9761813863915,
				1191.4926801368765,
				995.0149495768983,
				1185.2000625417004,
				992.794025719777,
				1179.2775989227102,
				990.9432558388417,
				1174.4655972322817,
				988.3521780055344,
				1169.2834415656653,
				984.6506382436655,
				1163.360977946677,
				981.6894064341705,
				1156.698206375313,
				979.8386365532369,
				1151.5160507086966,
				978.7281746246772,
				1145.9637410658943,
				977.2475587199297,
				1140.0412774469041,
				975.3967888389943,
				1135.2292757564755,
				972.0654030533133,
				1131.5277359946067,
				967.9937093152585,
				1127.085888280366,
				962.0712456962683,
				1123.384348518497,
				958.3697059343995,
				1119.3126547804422,
				954.2980121963446,
