{
	"dataset": {
		"dataset.id": 497815,
		"dataset.name": "01_sou_099563_497815_wear_02top_02t-shirt_woman",
		"dataset.image_path": "./008.의류 통합 데이터(3-1)/원천데이터/상품/상의/t-shirt/01_sou_099563_497815_wear_02top_02t-shirt_woman.jpg",
		"dataset.label_path": "./008.의류 통합 데이터(3-1)/라벨링데이터/상품/상의/t-shirt/01_sou_099563_497815_wear_02top_02t-shirt_woman.json",
		"dataset.category": 6,
		"dataset.type": 1,
		"dataset.width": 3024,
		"dataset.height": 4032,
		"dataset.file_size": 1246764
	},
	"annotation": [
		{
			"annotation_type": "Polygon",
			"annotation_id": 125,
			"annotation_point_count": 102.0,
			"annotation_point": [
				1595.0,
				1437.0,
				1582.0,
				1409.0,
				1590.9000000000015,
				1365.0,
				1543.4553454554225,
				1381.33068817795,
				1509.2970057145722,
				1393.5665113687028,
				1481.766403535381,
				1401.2139008629238,
				1453.7265625,
				1409.37109375,
				1426.633366737653,
				1428.460165351371,
				1400.753719709941,
				1448.2504836666812,
				1377.9187370384316,
				1480.219459406795,
				1365.7400796136244,
				1509.1437707907098,
				1355.0837543669186,
				1551.7690717775295,
				1347.4720934764155,
				1592.8720405862477,
				1335.293436051612,
				1635.4973415730674,
				1327.6817751611088,
				1682.6896390941874,
				1320.070114270602,
				1734.4489331496115,
				1315.5031177363016,
				1758.8062479992223,
				1277.0,
				1863.0,
				1216.0,
				2116.0,
				1156.0,
				2317.0,
				1145.001953125,
				2410.365234375,
				1154.1359068576276,
				2419.498413294921,
				1176.9708895291405,
				2428.632406363522,
				1196.7612078444472,
				2431.6770707197247,
				1233.297180118865,
				2430.1547385416234,
				1231.7748479407637,
				2398.1857628015096,
				1264.6000000000022,
				2361.600000000002,
				1282.0,
				2305.2999999999993,
				1310.9361212020012,
				2239.863216279038,
				1350.5167578326182,
				2185.059257867415,
				1362.6954152574217,
				2142.4339568805954,
				1368.784743969827,
				2107.420316784279,
				1382.486328125,
				2090.673828125,
				1377.0,
				2134.0,
				1373.0,
				2239.0,
				1364.216796875,
				2284.01171875,
				1394.6643909975392,
				2308.36816429357,
				1426.633366737653,
				2322.0691538964747,
				1487.526653861678,
				2344.904136567984,
				1533.1966192047003,
				2347.948800924187,
				1591.0452419725261,
				2361.6497905270917,
				1696.086162261472,
				2366.2167870613957,
				1795.0377538380162,
				2366.2167870613957,
				1904.6456706612662,
				2358.6051261708926,
				1950.3156360042885,
				2337.292475677481,
				1959.449629072893,
				2320.5468217183734,
				1962.494293429092,
				2293.1448425125636,
				1947.0,
				2267.0,
				1948.7933038261872,
				2241.3855484571395,
				1965.5389577852948,
				2207.8942405389244,
				1957.9272968947917,
				2174.402932620709,
				1949.300000000001,
				2139.4000000000015,
				1941.181642935684,
				2115.031977674782,
				1939.6593107575827,
				2089.15233064707,
				1950.3156360042885,
				2115.031977674782,
				1962.494140625,
				2139.388671875,
				1999.0,
				2290.0,
				2016.0,
				2437.0,
				2046.6000000000022,
				2502.100000000002,
				2021.865234375,
				2568.6875,
				2052.3118919370354,
				2574.77629546119,
				2102.5,
				2574.7999999999993,
				2134.517829554472,
				2574.77629546119,
				2155.7999999999993,
				2570.2000000000007,
				2154.2999999999993,
				2551.9000000000015,
				2151.0,
				2446.0,
				2129.6000000000004,
				2332.1000000000004,
				2125.0,
				2276.0,
				2088.8478642114496,
				2020.6473826325382,
				2085.8031998552506,
				1996.2900677829275,
				2087.3255320333483,
				1971.9327529333168,
				2091.8925285676523,
				1920.1734588778927,
				2085.8031998552506,
				1865.3695004662695,
				2079.713871142845,
				1821.2218673013485,
				2075.146484375,
				1799.91015625,
				2069.057545896143,
				1755.7615836430195,
				2059.9235528275385,
				1682.6896390941874,
				2052.3118919370354,
				1623.3186841482602,
				2041.6555666903296,
				1570.0370579147348,
				2035.5662379779278,
				1527.4117569279188,
				2029.4769092655224,
				1503.054442078308,
				2015.7759196626175,
				1472.607798516292,
				2003.5972622378104,
				1440.6388227761781,
				1988.4000000000015,
				1420.7999999999993,
				1951.83796818239,
				1387.3571965426527,
				1929.002985510877,
				1379.7455356521496,
				1906.1680028393675,
				1369.0892104054474,
				1880.2999999999993,
				1358.4000000000015,
				1843.7523835372413,
				1343.2095633777353,
				1833.0364943032364,
				1343.0937407068486,
				1824.8792788427345,
				1335.9561771789085,
				1805.5058921240452,
				1331.3677434823767,
				1815.7024114496708,
				1340.0347849091595,
				1813.1532816182626,
				1349.7214782685078,
				1803.9764142251988,
				1363.9966053243843,
				1785.6226794390714,
				1380.820862211669,
				1759.1117291924384,
				1397.1352931326728,
				1726.9926933167153,
				1414.9792019525194,
				1685.6967900479249,
				1436.3918925363396,
				1658.676013835011,
				1448.1178897608079,
				1633.1847155209434,
				1449.6473676596543,
				1607.693359375,
				1445.568359375
			]
		}
	],
	"metadata.model": {
		"metadata.model.gender": "FEMALE",
		"metadata.model.age": "30대",
		"metadata.model.job": "office job",
		"metadata.model.type": "wear",
		"metadata.model.usually_size": "S",
		"metadata.model.body_height": "164",
		"metadata.model.waist_height": "104",
		"metadata.model.chest_size_male": "null",
		"metadata.model.breast_size_female": "80.0",
		"metadata.model.waist_size": "67",
		"metadata.model.hip_seize": "87",
		"metadata.model.back_length": "43",
		"metadata.model.shoulders_width": "43",
		"metadata.model.arm_length": "53",
		"metadata.model.weight": "48"
	},
	"metadata.clothes": {
		"metadata.clothes.type": "02top_02t-shirt",
		"metadata.clothes.season": "winter",
		"metadata.clothes.fiber_composition": "Polyester",
		"metadata.clothes.elasticity": "contain little",
		"metadata.clothes.transparency": "contain little",
		"metadata.clothes.isfleece": "fleece_none",
		"metadata.clothes.color": "Black,Gray,Yellow",
		"metadata.clothes.washing_method": "none",
		"metadata.clothes.bleach": "none",
		"metadata.clothes.ironing": "none",
		"metadata.clothes.drycleaning": "none",
		"metadata.clothes.wringing": "none",
		"metadata.clothes.drying": "none",
		"metadata.clothes.top_length_type": "normal",
		"metadata.clothes.sleeve_length_type": "long sleeves",
		"metadata.clothes.topneck_color_design": "round neck",
		"metadata.clothes.topsleeve_design": "ribbed sleeve",
		"metadata.clothes.pants_silhouette": "null",
		"metadata.clothes.skirt_design": "null",
		"metadata.top.front_length": "55.0",
		"metadata.top.chest_size": "88.0",
		"metadata.top.waist_size": "84.0",
		"metadata.top.hem_size": "80.0",
		"metadata.top.shoulder_width": "34.0",
		"metadata.top.sleeve_length": "57.0",
		"metadata.top.sleeve_cuff_size": "16.0",
		"metadata.pants.pants_length": "null",
		"metadata.pants.waist_size": "null",
		"metadata.pants.hip_size": "null",
		"metadata.pants.front_rise_length": "null",
		"metadata.pants.back_rise_length": "null",
		"metadata.pants.inner_seam_length": "null",
		"metadata.pants.pants_waist_size": "null",
		"metadata.skirt.length": "null",
		"metadata.skirt.waist_size": "null",
		"metadata.skirt.hip_size": "null",
		"metadata.skirt.hem_size": "null",
		"metadata.dress.front_length": "null",
		"metadata.dress.chest_size": "null",
		"metadata.dress.waist_size": "null",
		"metadata.dress.hip_size": "null",
		"metadata.dress.hem_size": "null",
		"metadata.dress.shoulder_width": "null",
		"metadata.dress.sleeve_length": "null",
		"metadata.dress.cuff_size": "null",
		"metadata.jumpsuit.front_length": "null",
		"metadata.jumpsuit.inner_seam_length": "null",
		"metadata.jumpsuit.chest_size": "null",
		"metadata.jumpsuit.waist_size": "null",
		"metadata.jumpsuit.hip_size": "null",
		"metadata.jumpsuit.shoulder_width": "null",
		"metadata.jumpsuit.sleeve_length": "null",
		"metadata.jumpsuit.cuffs_size": "null",