{
	"dataset": {
		"dataset.id": 178260,
		"dataset.name": "01_sou_035652_178260_wear_02top_02t-shirt_woman",
		"dataset.image_path": "./008.의류 통합 데이터(3-1)/원천데이터/상품/상의/t-shirt/01_sou_035652_178260_wear_02top_02t-shirt_woman.jpg",
		"dataset.label_path": "./008.의류 통합 데이터(3-1)/라벨링데이터/상품/상의/t-shirt/01_sou_035652_178260_wear_02top_02t-shirt_woman.json",
		"dataset.category": 6,
		"dataset.type": 1,
		"dataset.width": 2268,
		"dataset.height": 4032,
		"dataset.file_size": 893941
	},
	"annotation": [
		{
			"annotation_type": "Polygon",
			"annotation_id": 17,
			"annotation_point_count": 187.0,
			"annotation_point": [
				804.0,
				2021.0,
				790.0,
				2261.0,
				778.0,
				2333.0,
				784.0,
				2356.0,
				801.0,
				2382.0,
				801.0,
				2420.0,
				815.8000000000011,
				2440.1000000000004,
				828.892578125,
				2438.697265625,
				836.2046184991505,
				2437.7431544230003,
				806.9574182718698,
				2495.283841826671,
				800.2814269156443,
				2503.867259284678,
				799.0098095144567,
				2507.682111488237,
				798.6919051641617,
				2511.496963691794,
				810.1046713398064,
				2510.9565262962915,
				824.6964810184163,
				2516.7741759067176,
				846.1550246634324,
				2522.337502036906,
				916.093981728669,
				2528.695589042836,
				975.7964187143571,
				2526.184144675495,
				985.1110161780452,
				2527.137857726384,
				981.1372117993378,
				2541.475343924758,
				1008.286243314662,
				2538.836737817297,
				1016.4563851172825,
				2535.975598664627,
				1044.9406149038514,
				2533.3052021221374,
				1048.2468201469346,
				2529.776463833845,
				1038.5507374628905,
				2514.7713784998487,
				1057.9746932660091,
				2509.684908895104,
				1075.8409177526737,
				2506.1561706068132,
				1082.2625856286631,
				2505.7111045163983,
				1087.9848639340016,
				2510.129974985519,
				1087.0947317531718,
				2501.292234047276,
				1080.4823212670035,
				2493.1220922446555,
				1078.7000000000007,
				2482.5,
				1120.0932033139507,
				2484.570465221679,
				1187.9022012322002,
				2478.434911260956,
				1306.4805238928056,
				2453.0025632372344,
				1388.1819419190124,
				2420.8942238572836,
				1414.9494882139807,
				2402.646514150263,
				1446.422018893336,
				2398.195853246112,
				1469.3111321146862,
				2388.6587227372165,
				1482.6631148271408,
				2383.254348782175,
				1493.1539583869271,
				2352.7355311537085,
				1508.9855950316942,
				2350.319458091455,
				1525.9298969024985,
				2350.319458091455,
				1541.5707909370867,
				2341.0366510627955,
				1553.746527553445,
				2329.9099988024172,
				1531.2388995524507,
				2305.0180881742,
				1523.5456142752737,
				2290.4580689306185,
				1533.2416969593178,
				2289.726888924937,
				1538.9957656996849,
				2285.7530845462297,
				1543.6371692140146,
				2279.776482760655,
				1542.9695700783923,
				2276.2477444723645,
				1541.1893057167326,
				2273.164072274487,
				1538.9957656996849,
				2269.8578670314037,
				1538.105633518855,
				2266.774194833528,
				1541.1893057167326,
				2264.326331336244,
				1544.0822353044296,
				2261.4651921835757,
				1546.2757753214755,
				2259.2716521665297,
				1549.1369144741457,
				2256.823788669246,
				1552.2205866720215,
				2254.185182561785,
				1555.3360493049277,
				2252.182385154916,
				1558.4197215028034,
				2250.6564442734943,
				1561.0583276102643,
				2247.3502390304093,
				1561.7259267458867,
				2244.234776397503,
				1563.2836580623407,
				2239.847696363411,
				1564.141999808142,
				2236.732233730505,
				1564.3645328533494,
				2234.093627623044,
				1564.3645328533494,
				2230.342356289546,
				1564.3645328533494,
				2225.9234858204236,
				1563.7287241527556,
				2221.949681441716,
				1556.6076667061134,
				2190.604312502479,
				1564.014838068022,
				2135.257165115854,
				1575.0,
				2014.0,
				1575.0,
				1866.0,
				1564.0,
				1790.0,
				1552.0,
				1763.0,
				1530.0,
				1740.0,
				1510.0,
				1702.0,
				1456.0,
				1657.0,
				1402.2000000000007,
				1582.4000000000015,
				1391.6000000000004,
				1571.1000000000004,
				1386.3274998756096,
				1565.8330743381848,
				1383.678296956472,
				1563.4046383289751,
				1380.8083271274063,
				1561.1969692296934,
				1378.1591242082686,
				1558.7685332204837,
				1375.509921289131,
				1556.78163103113,
				1372.8607183699933,
				1554.5739619318483,
				1369.7699816309996,
				1552.1455259226386,
				1366.0169441622202,
				1550.1586237332867,
				1363.5885081530105,
				1547.730187724077,
				1360.9393052338728,
				1545.9640524446513,
				1357.8485684948791,
				1543.9771502552976,
				1354.7578317558855,
				1541.32794733616,
				1351.6670950168918,
				1539.3410451468062,
				1348.7971251878262,
				1537.5749098673823,
				1345.2648546289747,
				1536.2503084078126,
				1342.174117889981,
				1534.2634062184588,
				1339.0833811509874,
				1532.497270939035,
				1335.5511105921378,
				1529.8480680198973,
				1332.6811407630703,
				1528.0819327404715,
				1329.5904040240766,
				1526.0950305511178,
				1326.499667285083,
				1524.328895271694,
				1323.8504643659453,
				1521.4589254426264,
				1320.9804945368796,
				1519.4720232532745,
				1318.55205852767,
				1516.3812865142809,
				1316.5651563383162,
				1513.5113166852134,
				1314.3574872390345,
				1510.8621137660757,
				1311.9290512298248,
				1507.99214393701,
				1309.2798483106872,
				1505.5637079278004,
				1306.4098784816215,
				1502.9145050086627,
				1303.9814424724118,
				1500.486068999453,
				1301.1114726433461,
				1498.1900931362015,
				1286.32008967816,
				1487.372514549721,
				1283.0085860292384,
				1481.4118079816617,
				1279.2555485604607,
				1480.3079734320218,
				1275.9440449115373,
				1479.424905792308,
				1272.6325412626156,
				1477.658770512884,
				1269.76257143355,
				1475.6718683235304,
				1266.6718346945563,
				1473.6849661341766,
				1264.6849325052026,
				1470.152695575327,
				1263.8018648654906,
				1467.0619588363334,
				1262.6980303158489,
				1463.088154457626,
				1262.256496495993,
				1459.9974177186323,
				1260.7109375,
				1457.1279296875,
				1254.5667434893821,
				1452.6847345941787,
				1252.0235086870107,
				1454.5921606959582,
				1248.5265608337486,
				1457.4532998486266,
				1243.7579955793008,
				1458.7249172498123,
				1240.2610477260387,
				1454.5921606959582,
				1220.6000000000004,
				1453.9000000000015,
				1186.535212525925,
				1445.3729345373577,
				1177.6338907176214,
				1443.783412785875,
				1164.949507140791,
				1435.9629657685819,
				1156.111766202548,
				1435.0728335877502,
				1153.9182261855021,
				1434.1827014069204,
				1149.4993557163798,
				1432.4024370452607,
				1145.7480843828798,
				1430.6539631186297,
				1142.8869452302115,
				1428.6511657117608,
				1138.0230086706742,
				1428.6511657117608,
				1134.271737337176,
				1428.6511657117608,
				1130.2979329584687,
				1428.6511657117608,
				1127.2142607605929,
				1426.2350926495074,
				1124.766397263309,
				1423.819019587254,
				1122.7953902914705,
				1420.9260899995552,
				1120.570059839396,
				1418.5100169373018,
				1117.4863876415184,
				1416.0939438750484,
				1114.62524848885,
				1414.0911464681794,
				1111.5415762909743,
				1412.9784812421422,
				1106.9001727766445,
				1411.8976064511335,
				1103.3714344883538,
				1411.0074742703036,
				1100.92357099107,
				1411.0074742703036,
				1096.5047005219476,
				1409.2272099086422,
				1093.4210283240718,
				1406.5886038011813,
				1090.5598891714035,
				1404.172530738928,
				1087.031150883111,
				1403.5049316033055,
				1083.9474786852352,
				1401.2796011512291,
				1080.1644169167066,
				1399.7536602698056,
				1076.8582116736234,
				1398.8635280889757,
				1073.5520064305383,
				1397.3057967725235,
				1069.8007350970402,
				1397.083263727316,
				1065.6043976731253,
				1397.083263727316,
				1062.743258520457,
				1397.083263727316,
				1050.090665378655,
				1391.5517280321565,
				1035.5624365701042,
				1388.2455227890714,
