{
	"dataset": {
		"dataset.id": 342721,
		"dataset.name": "01_sou_068545_342721_front_02top_02t-shirt_woman",
		"dataset.image_path": "./008.의류 통합 데이터(3-1)/원천데이터/상품/상의/t-shirt/01_sou_068545_342721_front_02top_02t-shirt_woman.jpg",
		"dataset.label_path": "./008.의류 통합 데이터(3-1)/라벨링데이터/상품/상의/t-shirt/01_sou_068545_342721_front_02top_02t-shirt_woman.json",
		"dataset.category": 6,
		"dataset.type": 1,
		"dataset.width": 3264,
		"dataset.height": 1836,
		"dataset.file_size": 564086
	},
	"annotation": [
		{
			"annotation_type": "Polygon",
			"annotation_id": 5,
			"annotation_point_count": 90.0,
			"annotation_point": [
				1731.0,
				321.0,
				1703.0,
				336.0,
				1517.0,
				336.0,
				1360.0,
				348.0,
				1364.7999999999993,
				400.90000000000146,
				1371.2420132120424,
				433.25552983539274,
				1376.9952079272261,
				431.8172311565959,
				1392.0973440545822,
				449.79596464154383,
				1399.2888374485628,
				472.0895941628787,
				1404.3228828243482,
				488.6300289690298,
				1401.4462854667545,
				493.66407434481334,
				1389.9398960363906,
				510.20450915096444,
				1383.4675519818084,
				513.0811065085582,
				1364.0505198180654,
				520.2725999025351,
				1333.8462475633532,
				528.1832426359106,
				1312.990916720817,
				541.8470800844734,
				1288.5398391812887,
				551.1960214966457,
				1275.595703125,
				561.263671875,
				1221.4000000000015,
				641.7000000000007,
				1062.1000000000022,
				782.7999999999993,
				963.9000000000015,
				866.2999999999993,
				593.9000000000015,
				1165.2000000000007,
				598.0,
				1185.0,
				647.7999999999993,
				1225.0,
				668.6331086203172,
				1248.7708807125855,
				711.7820689841901,
				1284.7283476824778,
				746.3012372752892,
				1253.8049260883708,
				778.6629575481929,
				1225.758101851854,
				815.3395738574836,
				1191.238933560755,
				846.2629954515942,
				1168.945304039422,
				913.8630333549954,
				1130.111239711936,
				990.0928633311705,
				1086.2431300086646,
				1048.3439598223958,
				1051.7239617175655,
				1109.4716536712185,
				1010.0133000324895,
				1159.8121074290684,
				976.9324304201873,
				1200.803619774746,
				946.0090088260804,
				1245.390625,
				905.736328125,
				1275.0,
				965.0,
				1302.9000000000015,
				1066.1000000000022,
				1316.5866634178055,
				1175.4176480940005,
				1317.305812757204,
				1216.4091604396817,
				1310.1143193632233,
				1279.694302306696,
				1305.080273987438,
				1358.0815803010628,
				1295.012183235871,
				1449.413546404594,
				1286.3823911630934,
				1472.4263252653254,
				1288.5390625,
				1517.732421875,
				1374.8377599090345,
				1524.2050777019722,
				1470.4846220489526,
				1524.2050777019722,
				1505.7229396794464,
				1527.081675059566,
				1580.513671875,
				1520.609375,
				1902.0,
				1494.0,
				1950.6000000000022,
				1487.7999999999993,
				2061.625379034005,
				1478.8986693199076,
				2045.8040935672543,
				1391.162449913365,
				2029.2636587611014,
				1326.4390093675574,
				2009.8466265973584,
				1251.6474780701756,
				1999.05859375,
				1196.9921875,
				1980.2000000000007,
				951.1000000000022,
				1980.2999999999993,
				857.9000000000015,
				2023.0,
				884.0,
				2401.0,
				1081.0,
				2621.123565085556,
				1173.9793494152073,
				2639.102298570502,
				1182.609141487981,
				2649.8895386614713,
				1168.945304039422,
				2659.957629413042,
				1156.719765269656,
				2679.374661576785,
				1135.8644344271197,
				2701.668291098118,
				1101.3452661360207,
				2721.8044726012595,
				1075.4558899176955,
				2724.6810699588495,
				1048.128215020577,
				2718.927734375,
				1047.408203125,
				2723.600000000002,
				1038.6000000000022,
				2551.0,
				948.6000000000022,
				2123.0,
				699.0,
				2009.0,
				622.0,
				1876.1000000000022,
				516.0,
				1866.7359080571805,
				513.0811065085582,
				1853.7912199480197,
				506.60876245397594,
				1824.306097032706,
				500.13641839939555,
				1805.6082142083615,
				494.38322368421177,
				1788.3486300628138,
				491.5066263266199,
				1777.5613899718446,
				489.3491783084264,
				1770.3698965778676,
				469.2129968052868,
				1758.1443578081016,
				439.0087245505747,
				1756.7060591293048,
				410.96190031405786,
				1763.178403183887,
				403.77040692007904,
				1759.5826564868985,
				386.51082277453133,
				1757.4252084687032,
				368.5320892895834,
				1757.4252084687032,
				355.5874011804226,
				1758.1443578081016,
				339.7661157136681,
				1741.603515625,
				320.3486328125
			]
		}
	],
	"metadata.model": {
		"metadata.model.gender": "FEMALE",
		"metadata.model.age": "20대",
		"metadata.model.job": "university student/graduate student",
		"metadata.model.type": "front",
		"metadata.model.usually_size": "M",
		"metadata.model.body_height": "163",
		"metadata.model.waist_height": "94",
		"metadata.model.chest_size_male": "null",
		"metadata.model.breast_size_female": "84.0",
		"metadata.model.waist_size": "74",
		"metadata.model.hip_seize": "91",
		"metadata.model.back_length": "41",
		"metadata.model.shoulders_width": "40",
		"metadata.model.arm_length": "54",
		"metadata.model.weight": "53"
	},
	"metadata.clothes": {
		"metadata.clothes.type": "02top_02t-shirt",
		"metadata.clothes.season": "winter",
		"metadata.clothes.fiber_composition": "Cotton",
		"metadata.clothes.elasticity": "contain",
		"metadata.clothes.transparency": "none at all",
		"metadata.clothes.isfleece": "fleece_none",
		"metadata.clothes.color": "Black,Gray,Brown",
		"metadata.clothes.washing_method": "none",
		"metadata.clothes.bleach": "none",
		"metadata.clothes.ironing": "none",
		"metadata.clothes.drycleaning": "none",
		"metadata.clothes.wringing": "none",
		"metadata.clothes.drying": "none",
		"metadata.clothes.top_length_type": "long",
		"metadata.clothes.sleeve_length_type": "long sleeves",
		"metadata.clothes.topneck_color_design": "turtle neck",
		"metadata.clothes.topsleeve_design": "basic sleeve",
		"metadata.clothes.pants_silhouette": "null",
		"metadata.clothes.skirt_design": "null",
		"metadata.top.front_length": "64.0",
		"metadata.top.chest_size": "86.0",
		"metadata.top.waist_size": "84.0",
		"metadata.top.hem_size": "90.0",
		"metadata.top.shoulder_width": "40.0",
		"metadata.top.sleeve_length": "55.0",
		"metadata.top.sleeve_cuff_size": "14.0",
		"metadata.pants.pants_length": "null",
		"metadata.pants.waist_size": "null",
		"metadata.pants.hip_size": "null",
		"metadata.pants.front_rise_length": "null",
		"metadata.pants.back_rise_length": "null",
		"metadata.pants.inner_seam_length": "null",
		"metadata.pants.pants_waist_size": "null",
		"metadata.skirt.length": "null",
		"metadata.skirt.waist_size": "null",
		"metadata.skirt.hip_size": "null",
		"metadata.skirt.hem_size": "null",
		"metadata.dress.front_length": "null",
		"metadata.dress.chest_size": "null",
		"metadata.dress.waist_size": "null",
		"metadata.dress.hip_size": "null",
		"metadata.dress.hem_size": "null",
		"metadata.dress.shoulder_width": "null",
		"metadata.dress.sleeve_length": "null",
		"metadata.dress.cuff_size": "null",
		"metadata.jumpsuit.front_length": "null",
		"metadata.jumpsuit.inner_seam_length": "null",
		"metadata.jumpsuit.chest_size": "null",
		"metadata.jumpsuit.waist_size": "null",
		"metadata.jumpsuit.hip_size": "null",
		"metadata.jumpsuit.shoulder_width": "null",
		"metadata.jumpsuit.sleeve_length": "null",
		"metadata.jumpsuit.cuffs_size": "null",
		"metadata.jumpsuit.front_rise_length": "null",
		"metadata.jumpsuit.back_rise_length": "null",
		"metadata.jumpsuit.pants_waist_size": "null"
	}
}