{
	"dataset": {
		"dataset.id": 475405,
		"dataset.name": "01_sou_095081_475405_wear_02top_02t-shirt_woman",
		"dataset.image_path": "./008.의류 통합 데이터(3-1)/원천데이터/상품/상의/t-shirt/01_sou_095081_475405_wear_02top_02t-shirt_woman.jpg",
		"dataset.label_path": "./008.의류 통합 데이터(3-1)/라벨링데이터/상품/상의/t-shirt/01_sou_095081_475405_wear_02top_02t-shirt_woman.json",
		"dataset.category": 6,
		"dataset.type": 1,
		"dataset.width": 2268,
		"dataset.height": 4032,
		"dataset.file_size": 931547
	},
	"annotation": [
		{
			"annotation_type": "Polygon",
			"annotation_id": 185,
			"annotation_point_count": 114.0,
			"annotation_point": [
				460.52534317260506,
				1444.6698532694681,
				454.3930558567099,
				1475.3312898489494,
				471.91387675927035,
				1465.6948383525414,
				506.0794775192644,
				1470.075043578181,
				537.6169551438743,
				1484.0917003002323,
				595.4356641223276,
				1514.7531368797136,
				626.9731417469375,
				1541.0343682335551,
				622.592936521296,
				1548.9187376397094,
				604.1960745736069,
				1581.332256309448,
				629.6015625,
				1687.3330078125,
				636.0,
				1765.0,
				633.0,
				1826.0,
				601.0,
				1942.0,
				547.0,
				2090.0,
				537.0,
				2186.0,
				508.0,
				2266.0,
				488.4345703125,
				2341.3828125,
				484.784379780609,
				2346.858290147251,
				514.5941097884388,
				2365.109145254086,
				551.0958200021068,
				2374.8429346443954,
				621.6657930818674,
				2385.7934477085,
				707.4448120839897,
				2386.401809545394,
				767.0642720996493,
				2385.7934477085,
				788.9652982278512,
				2373.0178491337138,
				825.4670084415211,
				2373.6262109706076,
				930.7136062242662,
				2368.759316275453,
				995.1999609350823,
				2363.892421580298,
				1056.6445064614236,
				2337.7328625938317,
				1106.5301770867736,
				2348.0750138210387,
				1108.9636244343492,
				2327.999073203522,
				1103.4883679023005,
				2286.0221064578,
				1093.7545785119873,
				2209.976876845991,
				1079.1538944265194,
				2068.8369306864697,
				1073.0702760575768,
				2000.0920431173945,
				1074.8953615682622,
				1889.370188802597,
				1106.5301770867736,
				1692.869315485681,
				1128.4312032149755,
				1605.2652109728733,
				1133.9064597470242,
				1593.7063360718748,
				1150.9405911800714,
				1568.1551389223096,
				1143.0318873004435,
				1475.684139714347,
				1138.8387509865242,
				1397.9117723937343,
				1136.7734837620046,
				1390.535818020453,
				1134.708216537485,
				1384.6350545218265,
				1133.528063837759,
				1379.3243673730612,
				1132.6429493129654,
				1374.6037565741608,
				1130.8727202633781,
				1368.7029930755343,
				1129.1024912137873,
				1363.9823822766302,
				1127.3322621642,
				1360.4419241774558,
				1124.3818804148868,
				1356.3113897284165,
				1122.3166131903672,
				1352.1808552793773,
				1118.186078741328,
				1346.870168130612,
				1115.2356969920147,
				1342.444595506644,
				1112.2853152427015,
				1339.1991755823983,
				1109.0398953184558,
				1334.4785647834979,
				1105.4994372192814,
				1330.9381066843198,
				1101.3689027702421,
				1327.102610410213,
				1096.943330146274,
				1323.8571904859673,
				1094.583024746822,
				1320.6117705617253,
				1091.6326429975088,
				1316.7762742876148,
				1087.2070703735371,
				1313.5308543633728,
				1083.0765359244979,
				1311.1705489639207,
				1078.3559251255974,
				1309.105281739401,
				1073.3402761517646,
				1306.1548999900879,
				1069.7998180525901,
				1303.7945945906358,
				1064.4891309038248,
				1301.7293273661162,
				1060.3585964547856,
				1300.5491746663938,
				1050.0322603321874,
				1296.1236020424221,
				1045.6066877082194,
				1294.0583348179025,
				1041.4761532591801,
				1291.9930675933829,
				1039.115847859728,
				1290.517876718728,
				1034.69027523576,
				1288.7476476691372,
				1025.8391299878203,
				1286.6823804446176,
				1020.8234810139875,
				1284.6171132201016,
				1016.1028702150834,
				1282.8468841705107,
				967.716796875,
				1266.619140625,
				977.2000000000007,
				1281.9000000000015,
				1007.0,
				1317.0,
				1013.0,
				1353.0,
				1007.0,
				1361.0,
				969.0,
				1373.0,
				918.0,
				1369.0,
				751.0,
				1265.0,
				702.8967165325557,
				1224.4486800383893,
				691.5785800811082,
				1224.0918018619923,
				684.1351209734021,
				1224.0918018619923,
				679.5466872768684,
				1224.0918018619923,
				673.8876190511455,
				1225.1624363911833,
				667.5147944726286,
				1226.1820883237451,
				661.1419698941118,
				1226.1820883237451,
				654.7691453155949,
				1226.1820883237451,
				648.753198913475,
				1226.5389665001421,
				640.5959834529731,
				1228.3233573821271,
				634.2231588744562,
				1228.6802355585241,
				630.3484815307183,
				1229.3939919113182,
				623.9756569521996,
				1230.8215046169062,
				616.8890760208888,
				1231.841156549468,
				611.9437641479599,
				1232.911791078659,
				606.641574098634,
				1234.339303784247,
				602.35903598187,
				1236.480572842629,
				595.9862114033531,
				1238.927737480779,
				590.6840213540272,
				1241.069006539161,
				586.0955876574953,
				1243.924031950337,
				581.8130495407313,
				1246.3711965884868,
				575.1343293824466,
				1250.2968565288538,
				570.8517912656826,
				1253.1008993434007,
				566.9771139219447,
				1255.2421684017827,
				562.0318020490158,
				1258.7599675691235,
				555.6589774704971,
				1263.7052794420524,
				551.7333175301319,
				1267.6309393824195,
				547.501762009997,
				1272.5762512553483,
				544.646736598821,
				1276.5019111957154,
				540.7720592550831,
				1281.4472230686442,
				537.9170338439071,
				1285.678778588779,
				513.7001953125,
				1319.837890625
			]
		}
	],
	"metadata.model": {
		"metadata.model.gender": "FEMALE",
		"metadata.model.age": "30대",
		"metadata.model.job": "Others",
		"metadata.model.type": "wear",
		"metadata.model.usually_size": "M",
		"metadata.model.body_height": "162",
		"metadata.model.waist_height": "92",
		"metadata.model.chest_size_male": "null",
		"metadata.model.breast_size_female": "82.0",
		"metadata.model.waist_size": "73",
		"metadata.model.hip_seize": "95",
		"metadata.model.back_length": "43",
		"metadata.model.shoulders_width": "41",
		"metadata.model.arm_length": "53",
		"metadata.model.weight": "52"
	},
	"metadata.clothes": {
		"metadata.clothes.type": "02top_02t-shirt",
		"metadata.clothes.season": "summer",
		"metadata.clothes.fiber_composition": "Cotton,Polyester",
		"metadata.clothes.elasticity": "contain a lot",
		"metadata.clothes.transparency": "contain",
		"metadata.clothes.isfleece": "fleece_none",
		"metadata.clothes.color": "Black,Gray",
		"metadata.clothes.washing_method": "none",
		"metadata.clothes.bleach": "none",
		"metadata.clothes.ironing": "none",
		"metadata.clothes.drycleaning": "none",
		"metadata.clothes.wringing": "none",
		"metadata.clothes.drying": "none",
		"metadata.clothes.top_length_type": "long",
		"metadata.clothes.sleeve_length_type": "short sleeves",
		"metadata.clothes.topneck_color_design": "U-neck",
		"metadata.clothes.topsleeve_design": "basic sleeve",
		"metadata.clothes.pants_silhouette": "null",
		"metadata.clothes.skirt_design": "null",
		"metadata.top.front_length": "63.0",
		"metadata.top.chest_size": "84.0",
		"metadata.top.waist_size": "84.0",
		"metadata.top.hem_size": "86.0",
		"metadata.top.shoulder_width": "37.0",
		"metadata.top.sleeve_length": "13.0",
		"metadata.top.sleeve_cuff_size": "20.0",
		"metadata.pants.pants_length": "null",
		"metadata.pants.waist_size": "null",
		"metadata.pants.hip_size": "null",
		"metadata.pants.front_rise_length": "null",
		"metadata.pants.back_rise_length": "null",
		"metadata.pants.inner_seam_length": "null",
		"metadata.pants.pants_waist_size": "null",
		"metadata.skirt.length": "null",
		"metadata.skirt.waist_size": "null",
		"metadata.skirt.hip_size": "null",
		"metadata.skirt.hem_size": "null",
		"metadata.dress.front_length": "null",
		"metadata.dress.chest_size": "null",
		"metadata.dress.waist_size": "null",