{
	"dataset": {
		"dataset.id": 226924,
		"dataset.name": "01_sou_045385_226924_wear_02top_02t-shirt_man",
		"dataset.image_path": "./008.의류 통합 데이터(3-1)/원천데이터/상품/상의/t-shirt/01_sou_045385_226924_wear_02top_02t-shirt_man.jpg",
		"dataset.label_path": "./008.의류 통합 데이터(3-1)/라벨링데이터/상품/상의/t-shirt/01_sou_045385_226924_wear_02top_02t-shirt_man.json",
		"dataset.category": 6,
		"dataset.type": 1,
		"dataset.width": 2268,
		"dataset.height": 4032,
		"dataset.file_size": 919730
	},
	"annotation": [
		{
			"annotation_type": "Polygon",
			"annotation_id": 115,
			"annotation_point_count": 136.0,
			"annotation_point": [
				747.0,
				1037.0,
				645.0,
				1107.0,
				579.0,
				1208.0,
				547.5,
				1272.9000000000015,
				504.0,
				1457.0,
				464.0,
				1569.0,
				420.0,
				1780.0,
				411.0,
				1933.0,
				416.0,
				2026.0,
				433.0,
				2052.0,
				429.041015625,
				2137.34765625,
				441.37434280355046,
				2140.8714520477806,
				454.58903184956216,
				2142.6334105872484,
				469.5656794350434,
				2142.6334105872484,
				484.5423270205247,
				2142.6334105872484,
				498.63799533627207,
				2142.6334105872484,
				511.85268438228377,
				2142.6334105872484,
				522.0,
				2136.0,
				532.1152075861719,
				2126.775783732035,
				540.9250002835142,
				2115.3230532254893,
				537.4010832045788,
				2102.9893434492114,
				533.8771661256396,
				2089.774654403198,
				537.4010832045788,
				2076.5599653571844,
				543.5679380927177,
				2064.2262555809066,
				553.2587100597921,
				2054.535483613832,
				562.0685027571344,
				2043.9637323770185,
				569.9973161847411,
				2033.3919811402084,
				576.16417107288,
				2021.0582713639305,
				582.3310259610225,
				2010.4865201271205,
				616.1000000000022,
				1896.6000000000022,
				620.1000000000022,
				1831.1000000000022,
				650.0,
				1743.0,
				632.2000000000007,
				1908.9000000000015,
				663.0,
				2097.0,
				666.728515625,
				2110.212890625,
				679.9435290475703,
				2110.2133734610325,
				694.0391973633159,
				2111.9753320005,
				708.1348656790651,
				2111.9753320005,
				722.2305339948107,
				2111.9753320005,
				734.5642437710885,
				2111.9753320005,
				750.4218706263055,
				2111.9753320005,
				762.7555804025833,
				2112.8563112702323,
				777.7322279880646,
				2112.8563112702323,
				791.8278963038101,
				2110.2133734610325,
				804.1616060800916,
				2109.3323941912968,
				820.9002122050406,
				2108.4514149215647,
				835.8768597905218,
				2108.4514149215647,
				850.8535073760031,
				2108.4514149215647,
				864.0681964220166,
				2107.570435651829,
				877.2828854680301,
				2107.570435651829,
				891.3785537837757,
				2107.570435651829,
				906.355201369257,
				2107.570435651829,
				921.3318489547382,
				2107.570435651829,
				937.1894758099552,
				2107.570435651829,
				950.4041648559651,
				2106.6894563820933,
				962.7378746322465,
				2105.8084771123613,
				977.7145222177278,
				2107.570435651829,
				991.8101905334734,
				2109.3323941912968,
				1004.1439003097512,
				2111.0943527307645,
				1019.1205478952324,
				2111.9753320005,
				1033.2162162109817,
				2111.9753320005,
				1046.4309052569952,
				2112.8563112702323,
				1059.645594303005,
				2113.737290539968,
				1072.8602833490186,
				2115.4992490794357,
				1087.8369309344998,
				2117.2612076189034,
				1102.813578519981,
				2119.023166158375,
				1117.7902261054624,
				2119.023166158375,
				1131.0049151514759,
				2119.023166158375,
				1145.9815627369571,
				2119.023166158375,
				1160.9582103224384,
				2119.023166158375,
				1175.053878638184,
				2121.6661039675746,
				1187.3875884144654,
				2125.1900210465137,
				1200.602277460479,
				2126.0710003162458,
				1214.6979457762245,
				2126.9519795859815,
				1228.79361409197,
				2126.9519795859815,
				1244.651240947187,
				2128.713938125449,
				1259.6278885326683,
				2128.713938125449,
				1274.6045361181496,
				2128.713938125449,
				1287.819225164163,
				2127.8329588557135,
				1298.3909764009732,
				2123.428062507046,
				1323.7999999999993,
				2008.5,
				1319.9000000000015,
				1744.2999999999993,
				1322.5,
				1704.7000000000007,
				1342.0,
				1736.0,
				1350.486328125,
				1787.37890625,
				1354.8911135666021,
				1796.9224621557332,
				1356.9609375,
				1807.0859375,
				1372.255785978141,
				1843.7938221917757,
				1382.962131270051,
				1872.8539022698133,
				1387.9278361816323,
				1884.2862397377066,
				1391.5985831388607,
				1894.5643312179382,
				1394.535180704639,
				1904.8424226981697,
				1398.2059276618638,
				1916.588812961294,
				1406.2815709677634,
				1924.66445626719,
				1414.3572142736593,
				1934.2083983559787,
				1419.496260013777,
				1944.4864898362102,
				1422.4328575795553,
				1955.4987307078882,
				1426.8377539282264,
				1965.7768221881197,
				1430.5085008854512,
				1976.7890630597976,
				1434.9133972341224,
				1986.3330051485827,
				1438.5841441913508,
				1998.079395411707,
				1443.7231899314647,
				2006.8891881090494,
				1450.3305344544715,
				2017.9014289807274,
				1454.7354308031427,
				2027.4453710695125,
				1460.608625934703,
				2038.4576119411904,
				1467.2159704577098,
				2048.735703421422,
				1472.3550161978274,
				2059.0137949016535,
				1477.4940619379413,
				2070.0260357733314,
				1482.6331076780589,
				2079.56997786212,
				1484.8355558523945,
				2091.316368125241,
				1484.8355558523945,
				2101.594459605476,
				1484.8355558523945,
				2113.3408498685967,
				1484.101406460948,
				2125.087240131721,
				1481.8989582866125,
				2135.3653316119526,
				1485.877460668722,
				2135.532717673188,
				1507.4438331918136,
				2145.6815988605267,
				1523.9357651212376,
				2152.024649602612,
				1541.6963071990795,
				2158.3677003446974,
				1566.4000000000015,
				2155.4000000000015,
				1592.4407131357693,
				2139.3385481184414,
				1591.1721029873515,
				2124.1152263374315,
				1589.9034928389337,
				2103.8174639627578,
				1588.634882690516,
				2083.5197015880804,
				1594.977933432605,
				2067.0277696586563,
				1605.12681461994,
				2049.2672275808145,
				1610.2012552136111,
				2030.2380753545585,
				1605.12681461994,
				2007.4030926830492,
				1601.3203125,
				1933.82421875,
				1551.2999999999993,
				1658.6000000000022,
				1446.7000000000007,
				1306.2999999999993,
				1356.0,
				1165.9000000000015,
				1258.0,
				1085.0,
				1166.0,
				1026.0,
				1142.4000000000015,
				1011.1000000000022,
				1003.0,
				981.0,
				883.0,
				977.0
			]
		}
	],
	"metadata.model": {
		"metadata.model.gender": "MALE",
		"metadata.model.age": "30대",
		"metadata.model.job": "sales work",
		"metadata.model.type": "wear",
		"metadata.model.usually_size": "XL",
		"metadata.model.body_height": "178",
		"metadata.model.waist_height": "105",
		"metadata.model.chest_size_male": "84.0",
		"metadata.model.breast_size_female": "null",
		"metadata.model.waist_size": "78",
		"metadata.model.hip_seize": "99",
		"metadata.model.back_length": "46",
		"metadata.model.shoulders_width": "47",
		"metadata.model.arm_length": "58",
		"metadata.model.weight": "68"
	},
	"metadata.clothes": {
		"metadata.clothes.type": "02top_02t-shirt",
		"metadata.clothes.season": "winter",
		"metadata.clothes.fiber_composition": "Cotton,Polyester",
		"metadata.clothes.elasticity": "contain",
		"metadata.clothes.transparency": "none at all",
		"metadata.clothes.isfleece": "fleece_contain",
		"metadata.clothes.color": "Black,Red,White",
		"metadata.clothes.washing_method": "none",
		"metadata.clothes.bleach": "none",
		"metadata.clothes.ironing": "none",
		"metadata.clothes.drycleaning": "none",
		"metadata.clothes.wringing": "none",
		"metadata.clothes.drying": "none",
		"metadata.clothes.top_length_type": "normal",
		"metadata.clothes.sleeve_length_type": "long sleeves",
		"metadata.clothes.topneck_color_design": "round neck",
		"metadata.clothes.topsleeve_design": "ribbed sleeve",
		"metadata.clothes.pants_silhouette": "null",