{
	"dataset": {
		"dataset.id": 528097,
		"dataset.name": "01_sou_105620_528097_back_02top_02t-shirt_man",
		"dataset.image_path": "./008.의류 통합 데이터(3-1)/원천데이터/상품/상의/t-shirt/01_sou_105620_528097_back_02top_02t-shirt_man.jpg",
		"dataset.label_path": "./008.의류 통합 데이터(3-1)/라벨링데이터/상품/상의/t-shirt/01_sou_105620_528097_back_02top_02t-shirt_man.json",
		"dataset.category": 6,
		"dataset.type": 1,
		"dataset.width": 3024,
		"dataset.height": 4032,
		"dataset.file_size": 1201149
	},
	"annotation": [
		{
			"annotation_type": "Polygon",
			"annotation_id": 192,
			"annotation_point_count": 98.0,
			"annotation_point": [
				260.0,
				1451.0,
				277.0,
				1497.0,
				548.0,
				1882.0,
				694.7000000000007,
				1828.2000000000007,
				720.0,
				1832.0,
				695.0,
				2076.0,
				695.0,
				2357.0,
				669.0,
				2719.0,
				668.7000000000007,
				3134.7000000000007,
				1547.0,
				3126.0,
				2409.5,
				3109.2000000000007,
				2390.0,
				2692.0,
				2373.7000000000007,
				2465.0,
				2354.7000000000007,
				1821.7999999999993,
				2365.0,
				1823.0,
				2416.0,
				1868.0,
				2518.7000000000007,
				1825.2000000000007,
				2680.0,
				1623.0,
				2777.2000000000007,
				1513.0,
				2314.8458837502876,
				1116.2549365561317,
				2307.528478700264,
				1111.3766665227813,
				2304.6015166802536,
				1108.937531506106,
				2297.2841116302297,
				1103.5714344694206,
				2285.5762635501887,
				1098.205337432737,
				2281.6736475235084,
				1095.7662024160618,
				2273.8684154701477,
				1089.9122783760413,
				2268.5023184334605,
				1085.521835346026,
				2262.1605673901067,
				1081.6192193193456,
				2255.818816346753,
				1075.765295279325,
				2249.4770653033956,
				1071.8626792526447,
				2243.623141263375,
				1067.9600632259644,
				2233.378774193341,
				1063.569620195949,
				2229.963985169994,
				1061.1304851792738,
				2221.6709261133,
				1057.7156961559285,
				2214.3535210632726,
				1055.2765611392533,
				2208.011770019919,
				1051.861772115908,
				2196.7917489432148,
				1047.9591560892277,
				2192.4013059131976,
				1046.0078480758893,
				2184.596073859837,
				1042.593059052544,
				2175.815187799806,
				1038.6904430258637,
				2169.4734367564524,
				1034.2999999958483,
				2161.6682047030918,
				1030.885210972503,
				2154.3507996530643,
				1027.4704219491578,
				2146.0577405963704,
				1023.0799789191424,
				2138.2525085430098,
				1019.177362892462,
				2132.886411506326,
				1015.7625738691167,
				2126.0568334596355,
				1011.8599578424364,
				2118.251601406275,
				1008.9329958224262,
				2109.9585423495773,
				1006.493860805751,
				2102.1533102962167,
				1003.0790717824057,
				2094.3480782428596,
				999.6642827590604,
				2088.0063271995023,
				996.7373207390501,
				2080.2010951461416,
				992.8347047123716,
				2074.8359375,
				989.908203125,
				1845.0,
				962.0,
				1802.0,
				890.0,
				1743.0,
				863.0,
				1598.0,
				845.0,
				1265.0,
				836.0,
				1180.0,
				917.0,
				1095.0,
				972.0,
				1002.1034177757356,
				982.1025106390007,
				940.1493883521871,
				1007.9573418157561,
				939.6615613488539,
				1007.9573418157561,
				923.5632702387975,
				1013.3234388524415,
				914.7823841787667,
				1015.7625738691167,
				905.5136711154009,
				1018.201708885792,
				901.1232280853856,
				1020.1530168991321,
				894.293650038695,
				1022.1043249124723,
				879.6588399386455,
				1026.0069409391526,
				871.8536078852849,
				1028.4460759558278,
				868.9266458652746,
				1029.909556965833,
				860.1457598052439,
				1032.8365189858432,
				843.0718146885174,
				1038.2026160225287,
				835.7544096384918,
				1040.6417510392039,
				830.3883126018081,
				1042.105232049209,
				821.1195995384423,
				1045.5200210725543,
				813.8021944884167,
				1047.4713290858945,
				807.9482704483962,
				1049.4226370992328,
				798.6795573850304,
				1052.349599119243,
				789.4108443216646,
				1055.7643881425884,
				781.605612268304,
				1059.6670041692687,
				774.2882072182801,
				1064.545274202619,
				765.9951481615844,
				1071.3748522493097,
				760.629051124899,
				1076.7409492859952,
				753.7994730782084,
				1083.5705273326857,
				745.0185870181776,
				1089.9122783760413,
				739.6524899814922,
				1094.7905484093917,
				732.3350849314666,
				1098.693164436072,
				725.993333888111,
				1103.5714344694206,
				718.1881018347522,
				1108.937531506106,
				710.3828697813915,
				1114.3036285427916,
				704.041118738036,
				1118.694071572807,
				698.1871946980154,
				1122.5966875994873,
				690.8697896479898,
				1126.9871306295026,
				684.5280386046343,
				1130.4019196528461,
				676.2349795479386,
				1135.2801896861965,
				654.7705078125,
				1146.01171875
			]
		}
	],
	"metadata.model": {
		"metadata.model.gender": "MALE",
		"metadata.model.age": "50대 이상",
		"metadata.model.job": "sales work",
		"metadata.model.type": "back",
		"metadata.model.usually_size": "XL",
		"metadata.model.body_height": "172",
		"metadata.model.waist_height": "97",
		"metadata.model.chest_size_male": "105.0",
		"metadata.model.breast_size_female": "null",
		"metadata.model.waist_size": "103",
		"metadata.model.hip_seize": "101",
		"metadata.model.back_length": "48",
		"metadata.model.shoulders_width": "46",
		"metadata.model.arm_length": "56",
		"metadata.model.weight": "89"
	},
	"metadata.clothes": {
		"metadata.clothes.type": "02top_02t-shirt",
		"metadata.clothes.season": "summer",
		"metadata.clothes.fiber_composition": "Polyester,Polyurethane",
		"metadata.clothes.elasticity": "contain a lot",
		"metadata.clothes.transparency": "none at all",
		"metadata.clothes.isfleece": "fleece_none",
		"metadata.clothes.color": "Black",
		"metadata.clothes.washing_method": "Washing30",
		"metadata.clothes.bleach": "Do not chlorine bleach",
		"metadata.clothes.ironing": "Ironing 80~120℃ : Place a cloth between the iron and textile",
		"metadata.clothes.drycleaning": "none",
		"metadata.clothes.wringing": "none",
		"metadata.clothes.drying": "Drip dry in shade",
		"metadata.clothes.top_length_type": "normal",
		"metadata.clothes.sleeve_length_type": "short sleeves",
		"metadata.clothes.topneck_color_design": "polo collar",
		"metadata.clothes.topsleeve_design": "ribbed sleeve",
		"metadata.clothes.pants_silhouette": "null",
		"metadata.clothes.skirt_design": "null",
		"metadata.top.front_length": "68.0",
		"metadata.top.chest_size": "104.0",
		"metadata.top.waist_size": "104.0",
		"metadata.top.hem_size": "108.0",
		"metadata.top.shoulder_width": "43.0",
		"metadata.top.sleeve_length": "21.0",
		"metadata.top.sleeve_cuff_size": "34.0",
		"metadata.pants.pants_length": "null",
		"metadata.pants.waist_size": "null",
		"metadata.pants.hip_size": "null",
		"metadata.pants.front_rise_length": "null",
		"metadata.pants.back_rise_length": "null",
		"metadata.pants.inner_seam_length": "null",
		"metadata.pants.pants_waist_size": "null",
		"metadata.skirt.length": "null",
		"metadata.skirt.waist_size": "null",
		"metadata.skirt.hip_size": "null",
		"metadata.skirt.hem_size": "null",
		"metadata.dress.front_length": "null",
		"metadata.dress.chest_size": "null",
		"metadata.dress.waist_size": "null",
		"metadata.dress.hip_size": "null",
		"metadata.dress.hem_size": "null",
		"metadata.dress.shoulder_width": "null",
		"metadata.dress.sleeve_length": "null",
		"metadata.dress.cuff_size": "null",
		"metadata.jumpsuit.front_length": "null",
		"metadata.jumpsuit.inner_seam_length": "null",
		"metadata.jumpsuit.chest_size": "null",
		"metadata.jumpsuit.waist_size": "null",
		"metadata.jumpsuit.hip_size": "null",
		"metadata.jumpsuit.shoulder_width": "null",
		"metadata.jumpsuit.sleeve_length": "null",
		"metadata.jumpsuit.cuffs_size": "null",
		"metadata.jumpsuit.front_rise_length": "null",
		"metadata.jumpsuit.back_rise_length": "null",
		"metadata.jumpsuit.pants_waist_size": "null"
	}
}