{
	"dataset": {
		"dataset.id": 277073,
		"dataset.name": "01_sou_055415_277073_wear_02top_02t-shirt_man",
		"dataset.image_path": "./008.의류 통합 데이터(3-1)/원천데이터/상품/상의/t-shirt/01_sou_055415_277073_wear_02top_02t-shirt_man.jpg",
		"dataset.label_path": "./008.의류 통합 데이터(3-1)/라벨링데이터/상품/상의/t-shirt/01_sou_055415_277073_wear_02top_02t-shirt_man.json",
		"dataset.category": 6,
		"dataset.type": 1,
		"dataset.width": 2268,
		"dataset.height": 4032,
		"dataset.file_size": 1000667
	},
	"annotation": [
		{
			"annotation_type": "Polygon",
			"annotation_id": 78,
			"annotation_point_count": 267.0,
			"annotation_point": [
				788.2000000000007,
				2165.7000000000007,
				978.9000000000015,
				2165.6000000000004,
				1052.3129251700666,
				2162.5170068027182,
				1147.551020408162,
				2162.5170068027182,
				1222.5,
				2167.0,
				1292.7000000000007,
				2159.800000000001,
				1383.5,
				2165.2000000000007,
				1449.177734375,
				2168.7958984375,
				1467.9014184045718,
				2159.87997419372,
				1466.11819831492,
				2126.8904025351712,
				1458.985317956316,
				2120.6491322213933,
				1436.6950668356749,
				1958.3761040631343,
				1438.4782869253268,
				1865.9161424147187,
				1424.2125262081172,
				1785.6712383804152,
				1426.8873563425932,
				1758.031326990822,
				1425.1041362529431,
				1720.5837051081471,
				1430.453796521897,
				1618.9401599980283,
				1421.5376960736394,
				1486.9818733638385,
				1447.3943873735825,
				1529.7791555154672,
				1460.7685380459661,
				1563.6603372188401,
				1483.9503992114314,
				1617.1569399083764,
				1574.8946237836426,
				1807.0698794562286,
				1639.0905470110865,
				1899.5298411046442,
				1679.0,
				1930.0,
				1696.1533203125,
				1973.533203125,
				1710.4193505971343,
				1989.5824556320295,
				1730.9263816281236,
				1995.8237259458092,
				1747.0,
				2011.0,
				1754.341796875,
				2075.1611328125,
				1760.5625855999915,
				2077.8980351999908,
				1758.5719295999916,
				2071.4284031999905,
				1764.5438975999914,
				2064.2122751999905,
				1772.7553535999905,
				2060.4797951999917,
				1782.9574655999913,
				2057.493811199991,
				1842.2353515625,
				2049.701171875,
				1854.274508390392,
				2047.9812624383922,
				1862.9000000000015,
				2051.4000000000015,
				1869.3238677503923,
				2057.870841446391,
				1845.6748046875,
				1988.2138671875,
				1844.8149110783925,
				1961.9849232383913,
				1852.296592588791,
				1948.3975016447912,
				1842.3640154111927,
				1921.7816346623913,
				1820.090963558392,
				1917.2238286847914,
				1810.2013845503916,
				1880.0734101503913,
				1786.6383876095915,
				1841.0740703231913,
				1790.3792283647927,
				1822.4988610559922,
				1728.2468732927919,
				1711.6925779967914,
				1724.5490307071923,
				1694.3213174783923,
				1668.8234029055911,
				1581.6661131263918,
				1656.439930060793,
				1568.035693363192,
				1631.3473167044594,
				1478.758503401361,
				1596.9541015625,
				1421.9140625,
				1556.0890819215292,
				1312.9395926138804,
				1539.990567223289,
				1260.3098330234807,
				1513.4280179711932,
				1200.6214939115453,
				1512.3754227793852,
				1199.3212292628414,
				1511.0751581306813,
				1197.154121515001,
				1510.5798192168895,
				1195.977691594746,
				1509.465306660857,
				1193.4390796615608,
				1508.660380925945,
				1191.767310827514,
				1507.7935378268085,
				1189.7240378081206,
				1506.7409426350005,
				1188.0522689740737,
				1505.626430078968,
				1186.2566654115763,
				1504.3261654302642,
				1183.8418882068418,
				1503.397404966905,
				1181.9224499158972,
				1502.6543965962173,
				1180.6221852671933,
				1501.2302972190646,
				1178.7027469762488,
				1499.9919499345851,
				1177.0928955064246,
				1498.9393547427771,
				1175.4211266723778,
				1498.0725116436406,
				1174.244696752121,
				1497.3914206371774,
				1173.3778536529844,
				1496.153073352696,
				1171.5822500904887,
				1495.100478160888,
				1170.2819854417849,
				1493.3048745983924,
				1167.7433735086015,
				1490.766262665209,
				1165.1428442111937,
				1489.2183285596093,
				1163.9044969267125,
				1486.555881897977,
				1161.365884993529,
				1485.1317825208243,
				1160.6847939870659,
				1483.7076831436734,
				1159.2606946099131,
				1482.4693358591921,
				1158.2700167823295,
				1480.5498975682494,
				1156.7220826767298,
				1478.8781287342008,
				1154.9264791142323,
				1476.7110209863604,
				1153.1308755517366,
				1475.6584257945524,
				1151.7686935388083,
				1474.296243781624,
				1149.8492552478656,
				1472.8721444044731,
				1148.4251558707128,
				1471.4480450273204,
				1147.2487259504578,
				1469.9001109217206,
				1145.824626573305,
				1468.3521768161208,
				1144.4624445603768,
				1466.6184906178496,
				1142.79067572633,
				1465.0705565122498,
				1141.4904110776242,
				1463.646457135097,
				1140.4997332500407,
				1461.7270188441526,
				1139.3233033297856,
				1460.3029194670016,
				1138.3326255022002,
				1458.5073159045041,
				1137.1561955819452,
				1456.8974644346818,
				1136.1036003901372,
				1455.3495303290802,
				1134.9890878341048,
				1453.6777614950333,
				1133.8126579138498,
				1451.7583232040888,
				1132.3266411724726,
				1449.7150501846972,
				1131.2740459806646,
				1448.1671160790975,
				1130.6548723384258,
				1446.4953472450488,
				1129.7261118750648,
				1444.947413139449,
				1128.8592687759283,
				1443.3375616696248,
				1128.054343041018,
				1441.4181233786803,
				1127.3113346703285,
				1439.7463545446335,
				1126.5683262996408,
				1437.826916253689,
				1125.8872352931776,
				1436.1551474196403,
				1124.896557465594,
				1399.9334893486011,
				1114.494440275961,
				1266.7802734375,
				1085.904296875,
				1265.7850367999963,
				1080.6789119999958,
				1250.108620799996,
				1062.0165119999965,
				1248.300000000001,
				1042.800000000001,
				1237.2000000000007,
				1014.2000000000007,
				1223.4000000000015,
				1014.4000000000015,
				1223.1000000000004,
				1026.4000000000015,
				1195.0,
				1038.1000000000004,
				1157.45328378265,
				1051.7895548136967,
				1121.7000000000007,
				1067.6000000000004,
				1105.6000000000004,
				1055.9000000000015,
				1047.5,
				1037.6000000000004,
				1023.7000000000007,
				1023.6000000000004,
				1023.0,
				1009.0,
				1007.0,
				1015.1000000000004,
				1004.294921875,
				1035.576171875,
				992.2143648580495,
				1063.2341967142947,
				977.595703125,
				1081.2861328125,
				903.1534611224743,
				1105.393611969448,
				841.956873690393,
				1118.3747062732236,
				838.3539577203646,
				1119.513863528453,
				837.0558482899869,
				1120.202656287429,
				835.6517707428447,
				1121.2093533967018,
				834.2476931957026,
				1121.898146155676,
				832.8701076777506,
				1122.5074628270777,
				831.254093897076,
				1123.1962555860537,
				829.8500163499339,
				1123.9115403742217,
				828.869811269853,
				1124.3089208120928,
				827.2537974891784,
				1125.3156179213638,
				825.1609271830584,
				1126.110378797106,
				824.0482619570212,
				1126.6137273517415,
				822.4587402055386,
				1127.3025201107175,
				820.869218454056,
				1127.9118367821193,
				819.2532046733813,
				1128.6006295410953,
				817.8491271262392,
				1129.209946212497,
				815.6502887033548,
				1129.898738971473,
				814.3521792729771,
				1130.5080556428748,
				812.6566894047301,
				1131.3028165186151,
				811.0671676532475,
				1131.912133190017,
				809.4511538725728,
				1132.7068940657591,
				808.6563929968306,
				1133.1042745036302,
				806.6694908074787,
				1134.0050034961369,
				805.0534770268041,
				1134.6937962551128,
				803.967303829957,
				1135.409081043279,
				801.8479414946469,
				1136.3098100357856,
				800.2584197431643,
				1137.1045709115278,
				798.9603103127865,
				1137.7138875829296,
				797.0528842110089,
				1138.8000607797749,
				795.35739434276,
				1139.5153455679429,
				792.946619686345,
				1140.7074868815544,
				791.0656856137575,
				1141.3168035529561,
