{
	"dataset": {
		"dataset.id": 469676,
		"dataset.name": "01_sou_093936_469676_front_02top_02t-shirt_woman",
		"dataset.image_path": "./008.의류 통합 데이터(3-1)/원천데이터/상품/상의/t-shirt/01_sou_093936_469676_front_02top_02t-shirt_woman.jpg",
		"dataset.label_path": "./008.의류 통합 데이터(3-1)/라벨링데이터/상품/상의/t-shirt/01_sou_093936_469676_front_02top_02t-shirt_woman.json",
		"dataset.category": 6,
		"dataset.type": 1,
		"dataset.width": 4030,
		"dataset.height": 2545,
		"dataset.file_size": 1399136
	},
	"annotation": [
		{
			"annotation_type": "Polygon",
			"annotation_id": 56,
			"annotation_point_count": 97.0,
			"annotation_point": [
				102.0,
				1582.0,
				142.0,
				1749.300000000001,
				173.0,
				1806.800000000001,
				315.0,
				1751.9000000000015,
				526.1000000000004,
				1714.800000000001,
				782.0,
				1675.0,
				1151.800000000001,
				1590.9000000000015,
				1275.800000000001,
				1571.0,
				1375.0,
				1504.0,
				1412.0,
				1593.0,
				1415.0,
				1885.0,
				1440.0,
				2109.9000000000015,
				2153.0,
				2101.0,
				2413.0,
				2130.0,
				2487.0,
				2158.0,
				2528.1000000000004,
				2165.4000000000015,
				2571.300000000001,
				2010.2000000000007,
				2600.1000000000004,
				1955.300000000001,
				2635.0,
				1782.6000000000004,
				2651.4000000000015,
				1624.6000000000004,
				2672.0,
				1589.0,
				2796.0,
				1646.0,
				3135.800000000001,
				1753.0,
				3652.0,
				1850.4000000000015,
				3725.0,
				1842.1000000000004,
				3859.0,
				1874.0,
				3902.5400390625,
				1882.1826171875,
				3914.8409500833422,
				1855.5312475582086,
				3935.3417933140554,
				1814.5295610967823,
				3927.141456021769,
				1750.9769470815718,
				3955.2000000000007,
				1708.800000000001,
				3784.0,
				1618.0,
				3751.300000000001,
				1568.9000000000015,
				3624.0,
				1490.0,
				3253.0,
				1326.0,
				3149.9000000000015,
				1266.1000000000004,
				2781.710939953091,
				1076.154676731263,
				2759.169503530433,
				1069.0363283872648,
				2743.746415451771,
				1060.7315886526012,
				2724.764153201111,
				1054.7996316992703,
				2709.3410651224494,
				1044.122109183274,
				2695.104368434455,
				1034.6309780579431,
				2678.494888965126,
				1023.9534555419468,
				2660.6990181051315,
				1012.0895416352851,
				2645.2759300264715,
				1004.9711932912869,
				2634.598407510475,
				993.1072793846251,
				2631.0392333384752,
				989.5481052126252,
				2614.429753869148,
				978.8705826966288,
				2600.1930571811517,
				970.5658429619652,
				2583.5835777118245,
				961.0747118366344,
				2569.34688102383,
				948.0244065393053,
				2552.737401554501,
				938.5332754139763,
				2534.9415306945084,
				930.2285356793127,
				2518.3320512251794,
				919.5510131633164,
				2501.722571755852,
				906.5007078659874,
				2482.7403095051923,
				897.0095767406565,
				2464.944438645198,
				888.7048370059929,
				2447.1485677852033,
				881.5864886619947,
				2428.1663055345434,
				874.4681403179966,
				2415.1162109375,
				869.72265625,
				2326.0,
				829.0,
				2361.2000000000007,
				748.3000000000011,
				2359.2000000000007,
				594.0,
				2310.2000000000007,
				302.0,
				2203.0,
				160.0,
				2078.9000000000015,
				74.10000000000036,
				1968.0,
				68.0,
				1914.9000000000015,
				185.3000000000011,
				1869.0,
				345.0,
				1812.9000000000015,
				492.90000000000146,
				1773.0,
				798.9000000000015,
				1697.349609375,
				838.8759765625,
				1697.349609375,
				838.8759765625,
				1680.739729414794,
				843.6219641606749,
				1662.9438585547996,
				849.5539211140058,
				1645.1479876948051,
				853.113095286004,
				1627.3521168348125,
				862.6042264113348,
				1611.9290287561507,
				872.0953575366657,
				1596.505940677489,
				878.0273144899966,
				1577.523678426829,
				883.9592714433275,
				1558.5414161761673,
				888.7048370059929,
				1541.9319367068401,
				895.823185349991,
				1527.6952400188457,
				901.7551423033219,
				1509.8993691588512,
				913.6190562099837,
				1494.4762810801894,
				921.9237959446491,
				1475.4940188295295,
				932.6013184606454,
				1462.4437135322005,
				944.4652323673072,
				1445.8342340628733,
				953.956363492638,
				1429.2247545935443,
				961.0747118366344,
				1414.9880579055498,
				971.7522343526307,
				1398.3785784362226,
				981.2433654779616,
				1380.5827075762281,
				987.1753224312924,
				1363.973228106901,
				989.5481052126252,
				1158.9000000000015,
				1075.9000000000015,
				819.0,
				1246.9000000000015,
				439.0,
				1393.0,
				264.39999999999964,
				1519.5
			]
		}
	],
	"metadata.model": {
		"metadata.model.gender": "FEMALE",
		"metadata.model.age": "30대",
		"metadata.model.job": "homemaker",
		"metadata.model.type": "front",
		"metadata.model.usually_size": "S",
		"metadata.model.body_height": "161",
		"metadata.model.waist_height": "97",
		"metadata.model.chest_size_male": "null",
		"metadata.model.breast_size_female": "80.0",
		"metadata.model.waist_size": "74",
		"metadata.model.hip_seize": "92",
		"metadata.model.back_length": "46",
		"metadata.model.shoulders_width": "40",
		"metadata.model.arm_length": "53",
		"metadata.model.weight": "53"
	},
	"metadata.clothes": {
		"metadata.clothes.type": "02top_02t-shirt",
		"metadata.clothes.season": "spring&fall",
		"metadata.clothes.fiber_composition": "Cotton",
		"metadata.clothes.elasticity": "contain little",
		"metadata.clothes.transparency": "none at all",
		"metadata.clothes.isfleece": "fleece_none",
		"metadata.clothes.color": "Gray",
		"metadata.clothes.washing_method": "none",
		"metadata.clothes.bleach": "none",
		"metadata.clothes.ironing": "none",
		"metadata.clothes.drycleaning": "none",
		"metadata.clothes.wringing": "none",
		"metadata.clothes.drying": "none",
		"metadata.clothes.top_length_type": "normal",
		"metadata.clothes.sleeve_length_type": "long sleeves",
		"metadata.clothes.topneck_color_design": "hood",
		"metadata.clothes.topsleeve_design": "ribbed sleeve",
		"metadata.clothes.pants_silhouette": "null",
		"metadata.clothes.skirt_design": "null",
		"metadata.top.front_length": "42.0",
		"metadata.top.chest_size": "96.0",
		"metadata.top.waist_size": "96.0",
		"metadata.top.hem_size": "84.0",
		"metadata.top.shoulder_width": "55.0",
		"metadata.top.sleeve_length": "51.0",
		"metadata.top.sleeve_cuff_size": "18.0",
		"metadata.pants.pants_length": "null",
		"metadata.pants.waist_size": "null",
		"metadata.pants.hip_size": "null",
		"metadata.pants.front_rise_length": "null",
		"metadata.pants.back_rise_length": "null",
		"metadata.pants.inner_seam_length": "null",
		"metadata.pants.pants_waist_size": "null",
		"metadata.skirt.length": "null",
		"metadata.skirt.waist_size": "null",
		"metadata.skirt.hip_size": "null",
		"metadata.skirt.hem_size": "null",
		"metadata.dress.front_length": "null",
		"metadata.dress.chest_size": "null",
		"metadata.dress.waist_size": "null",
		"metadata.dress.hip_size": "null",
		"metadata.dress.hem_size": "null",
		"metadata.dress.shoulder_width": "null",
		"metadata.dress.sleeve_length": "null",
		"metadata.dress.cuff_size": "null",
		"metadata.jumpsuit.front_length": "null",
		"metadata.jumpsuit.inner_seam_length": "null",
		"metadata.jumpsuit.chest_size": "null",
		"metadata.jumpsuit.waist_size": "null",
		"metadata.jumpsuit.hip_size": "null",
		"metadata.jumpsuit.shoulder_width": "null",
		"metadata.jumpsuit.sleeve_length": "null",
		"metadata.jumpsuit.cuffs_size": "null",
		"metadata.jumpsuit.front_rise_length": "null",
		"metadata.jumpsuit.back_rise_length": "null",
		"metadata.jumpsuit.pants_waist_size": "null"
	}
}