{
	"dataset": {
		"dataset.id": 411030,
		"dataset.name": "01_sou_082206_411030_wear_02top_02t-shirt_woman",
		"dataset.image_path": "./008.의류 통합 데이터(3-1)/원천데이터/상품/상의/t-shirt/01_sou_082206_411030_wear_02top_02t-shirt_woman.jpg",
		"dataset.label_path": "./008.의류 통합 데이터(3-1)/라벨링데이터/상품/상의/t-shirt/01_sou_082206_411030_wear_02top_02t-shirt_woman.json",
		"dataset.category": 6,
		"dataset.type": 1,
		"dataset.width": 1576,
		"dataset.height": 2100,
		"dataset.file_size": 208875
	},
	"annotation": [
		{
			"annotation_type": "Polygon",
			"annotation_id": 90,
			"annotation_point_count": 110.0,
			"annotation_point": [
				595.3000000000011,
				751.1000000000004,
				585.0,
				825.0,
				570.0,
				868.5,
				582.0,
				881.0,
				597.0,
				887.1000000000004,
				595.0,
				918.0,
				602.0,
				951.0,
				602.5542488663723,
				1151.5563734100288,
				600.053944006344,
				1166.7434103376108,
				601.8597197385861,
				1179.4764443470158,
				596.5349964255638,
				1197.7194094368533,
				596.5349964255638,
				1200.4975259479943,
				596.627600309268,
				1202.118093912828,
				596.7665061348252,
				1203.7386618776618,
				596.9517139022337,
				1205.3592298424956,
				597.8314507974301,
				1206.9797978073293,
				598.8963954600349,
				1208.461459946604,
				600.1928498319012,
				1209.5727065510619,
				601.5819080874717,
				1210.3135376206992,
				608.3882935397723,
				1214.6196182129715,
				615.7503022943001,
				1222.4446463860222,
				627.7888071759189,
				1230.8252978613018,
				666.6824383319181,
				1235.8722095232115,
				746.3217783180098,
				1246.5679580911128,
				817.6267687706732,
				1257.634122193831,
				843.0928367894812,
				1256.7080833567816,
				871.3370213194321,
				1253.0502299504442,
				885.2276038751461,
				1243.2805202195923,
				894.4879922456221,
				1237.7705891391597,
				898.0532417682552,
				1234.2516415583777,
				900.2757349771691,
				1230.408580384632,
				902.4056243023788,
				1226.6581230945885,
				904.0261922672125,
				1222.6298541534306,
				904.304003918327,
				1218.6015852122764,
				903.7483806160981,
				1214.5733162711185,
				902.9612476046077,
				1210.5450473299607,
				902.4056243023788,
				1206.5630803306558,
				902.4052734375,
				1201.376953125,
				893.0,
				1149.0,
				881.9000000000015,
				1121.0,
				886.0,
				1086.0,
				888.0983242699931,
				1080.8996101433004,
				877.4488776439466,
				1049.877309102205,
				870.0405669475658,
				998.4821536460659,
				863.5582950882326,
				927.1771631934007,
				890.413421362613,
				926.7141437748778,
				899.2107903145643,
				923.0099884266874,
				917.7315670555163,
				913.7496000562114,
				937.6414020520388,
				907.7303476154029,
				952.4580234448003,
				903.5631728486878,
				953.8466796875,
				910.0458984375,
				969.3000000000011,
				900.0,
				960.0,
				871.2000000000007,
				955.2000000000007,
				856.0,
				949.0012405081725,
				807.523084848126,
				945.5446719323882,
				776.2531970346263,
				944.8479991961831,
				772.9038088797952,
				943.669014565683,
				767.7055584634982,
				942.9455467242387,
				763.9274486248505,
				941.3914306203969,
				760.7924213119277,
				940.0516753584652,
				757.4430331570984,
				938.9262809384418,
				754.0936450022673,
				938.0420424655658,
				750.7442568474362,
				936.2467704145784,
				747.3948686926051,
				934.0227766797707,
				744.7153581687417,
				931.7719878397238,
				742.0358476448764,
				929.0924773158586,
				739.356337121013,
				926.4129667919951,
				737.1323433862053,
				923.7334562681299,
				734.6671937042502,
				921.0539457442665,
				732.6575608113508,
				918.1600743784911,
				730.4335670765431,
				915.2662030127176,
				728.8794509727013,
				912.5866924888542,
				726.6286621326562,
				910.7914204378649,
				723.5204299249726,
				908.3262707559097,
				721.0552802430175,
				905.6467602320445,
				718.3757697191522,
				902.5385280243609,
				716.1517759843446,
				899.4035007114398,
				714.3565039333571,
				896.0541125566087,
				712.1325101985494,
				893.5889628746536,
				710.3372381475601,
				872.3136493151706,
				697.7167435801566,
				834.880887296782,
				673.7887146020475,
				815.9903381035383,
				659.5337186150882,
				814.4362219996965,
				672.6365250767849,
				792.8393671773483,
				688.445637167586,
				758.1129107880643,
				710.0692870951734,
				734.5600132832951,
				716.6340878786414,
				712.2664857247419,
				716.0445955633913,
				700.3694589987826,
				705.808865362229,
				697.2076365806224,
				693.9118386362697,
				699.619196052101,
				680.3267202802763,
				645.6538541014706,
				707.6845227289341,
				643.2422946299921,
				708.7831220437183,
				640.2680379485028,
				710.0960822004108,
				637.8564784770242,
				711.3822472518659,
				635.2305581636374,
				712.6952074085602,
				632.4438672188171,
				714.0081675652546,
				629.6571762739986,
				715.4818983533787,
				627.2456168025201,
				716.794858510073,
				624.0837943843599,
				717.7326871934256,
				621.1095377028705,
				718.4561550348681,
				618.108485916142,
				718.8312865082098,
				615.6969264446652,
				719.3939837182206,
				613.4729327098576,
				721.4304117163592,
				611.5972753431524,
				723.8687662930752,
				610.3111102916973,
				726.2803257645537,
				608.998150135003,
				728.8794509727013,
				606.7741564001954,
				731.1302398127482,
				605.0860647701611,
				733.166667810885,
				602.541015625,
				734.748046875
			]
		}
	],
	"metadata.model": {
		"metadata.model.gender": "FEMALE",
		"metadata.model.age": "20대",
		"metadata.model.job": "university student/graduate student",
		"metadata.model.type": "wear",
		"metadata.model.usually_size": "L",
		"metadata.model.body_height": "173",
		"metadata.model.waist_height": "103",
		"metadata.model.chest_size_male": "null",
		"metadata.model.breast_size_female": "87.0",
		"metadata.model.waist_size": "77",
		"metadata.model.hip_seize": "99",
		"metadata.model.back_length": "41",
		"metadata.model.shoulders_width": "43",
		"metadata.model.arm_length": "55",
		"metadata.model.weight": "65"
	},
	"metadata.clothes": {
		"metadata.clothes.type": "02top_02t-shirt",
		"metadata.clothes.season": "spring&fall",
		"metadata.clothes.fiber_composition": "Cotton",
		"metadata.clothes.elasticity": "contain",
		"metadata.clothes.transparency": "none",
		"metadata.clothes.isfleece": "fleece_none",
		"metadata.clothes.color": "Black",
		"metadata.clothes.washing_method": "Hand Washing30",
		"metadata.clothes.bleach": "Do not any bleach",
		"metadata.clothes.ironing": "Ironing 80~120℃ : Place a cloth between the iron and textile",
		"metadata.clothes.drycleaning": "DRYCLEAN : petroleum solvent only",
		"metadata.clothes.wringing": "none",
		"metadata.clothes.drying": "none",
		"metadata.clothes.top_length_type": "normal",
		"metadata.clothes.sleeve_length_type": "short sleeves",
		"metadata.clothes.topneck_color_design": "round neck",
		"metadata.clothes.topsleeve_design": "basic sleeve",
		"metadata.clothes.pants_silhouette": "null",
		"metadata.clothes.skirt_design": "null",
		"metadata.top.front_length": "60.0",
		"metadata.top.chest_size": "98.0",
		"metadata.top.waist_size": "98.0",
		"metadata.top.hem_size": "98.0",
		"metadata.top.shoulder_width": "37.0",
		"metadata.top.sleeve_length": "17.0",
		"metadata.top.sleeve_cuff_size": "32.0",
		"metadata.pants.pants_length": "null",
		"metadata.pants.waist_size": "null",
		"metadata.pants.hip_size": "null",
		"metadata.pants.front_rise_length": "null",
		"metadata.pants.back_rise_length": "null",
		"metadata.pants.inner_seam_length": "null",
		"metadata.pants.pants_waist_size": "null",
		"metadata.skirt.length": "null",
		"metadata.skirt.waist_size": "null",
		"metadata.skirt.hip_size": "null",
		"metadata.skirt.hem_size": "null",
		"metadata.dress.front_length": "null",
		"metadata.dress.chest_size": "null",
		"metadata.dress.waist_size": "null",
		"metadata.dress.hip_size": "null",
		"metadata.dress.hem_size": "null",