{
	"dataset": {
		"dataset.id": 40893,
		"dataset.name": "01_sou_008179_040893_wear_02top_02t-shirt_woman",
		"dataset.image_path": "./008.의류 통합 데이터(3-1)/원천데이터/상품/상의/t-shirt/01_sou_008179_040893_wear_02top_02t-shirt_woman.jpg",
		"dataset.label_path": "./008.의류 통합 데이터(3-1)/라벨링데이터/상품/상의/t-shirt/01_sou_008179_040893_wear_02top_02t-shirt_woman.json",
		"dataset.category": 6,
		"dataset.type": 1,
		"dataset.width": 607,
		"dataset.height": 1080,
		"dataset.file_size": 64585
	},
	"annotation": [
		{
			"annotation_type": "Polygon",
			"annotation_id": 199,
			"annotation_point_count": 129.0,
			"annotation_point": [
				204.0,
				504.0,
				203.89604856934784,
				506.84261769920704,
				225.7911203022286,
				517.9667267247787,
				247.1564725577009,
				524.8530799310902,
				257.92743526500453,
				526.7953846815872,
				270.1109832453967,
				479.1206317148317,
				272.22986115503045,
				490.42131389954557,
				270.64070272280514,
				514.4352635420582,
				269.9345703125,
				515.84765625,
				268.16867849490154,
				541.5039288376283,
				263.16577231937663,
				594.1227302601947,
				261.5471850272952,
				597.8013377421958,
				264.625,
				600.7734375,
				266.80911892165204,
				601.9490739088869,
				268.9936453029368,
				603.2933978358305,
				271.5142526659565,
				603.6294788175655,
				274.37094101071307,
				604.1336002901699,
				276.8915483737346,
				604.6377217627742,
				279.24411524588686,
				604.9738027445092,
				281.9327630997759,
				605.1418432353785,
				284.78945144453246,
				605.1418432353785,
				287.4780992984215,
				605.1418432353785,
				290.16674715231056,
				605.1418432353785,
				293.0234354970671,
				605.1418432353785,
				295.71208335095616,
				605.1418432353785,
				298.5687716957127,
				605.1418432353785,
				301.25741954960176,
				605.1418432353785,
				303.9460674034908,
				605.4779242171135,
				306.46667476651055,
				605.6459647079828,
				308.9872821295321,
				605.6459647079828,
				311.67592998341934,
				606.1500861805871,
				314.3645778373084,
				606.3181266714564,
				316.88518520032994,
				606.3181266714564,
				319.573833054219,
				606.3181266714564,
				322.09444041723873,
				606.3181266714564,
				324.9511287619953,
				606.4861671623221,
				327.63977661588433,
				606.4861671623221,
				330.4964649606409,
				606.4861671623221,
				333.18511281452993,
				606.6542076531914,
				335.7057201775515,
				606.8222481440607,
				338.39436803144054,
				606.8222481440607,
				340.91497539446027,
				606.8222481440607,
				343.6036232483493,
				606.8222481440607,
				346.1242306113709,
				607.1583291257957,
				348.8128784652581,
				607.4944101075307,
				351.16544533741217,
				607.8304910892657,
				353.8540931912994,
				608.33461256187,
				356.20666006345346,
				608.8387340344743,
				358.8953079173425,
				609.0067745253436,
				361.41591528036224,
				609.3428555070786,
				364.1045631342513,
				609.510895997948,
				366.79321098814034,
				609.510895997948,
				369.9859803146319,
				609.6789364888173,
				372.50658767765344,
				609.846976979683,
				375.1952355315425,
				609.846976979683,
				378.05192387629904,
				609.846976979683,
				380.9086122210556,
				609.846976979683,
				385.7817864562294,
				608.1665720710043,
				396.91994036499455,
				605.1585527062052,
				403.6885781318797,
				600.891368027078,
				403.24714523403964,
				581.3211762228239,
				398.0970947592359,
				528.9378056791065,
				394.418487277233,
				517.3134060359807,
				391.6227455909102,
				498.0375028302842,
				398.24423905851654,
				483.91165009939505,
				403.9828667304391,
				525.7006310949437,
				418.8444409577314,
				526.4363525913432,
				430.61598490013967,
				524.3763324014217,
				443.270394638228,
				520.9920135179818,
				460.7802734375,
				512.751953125,
				435.353731262303,
				437.2021766618509,
				426.615625737164,
				419.053803648103,
				425.2713018102204,
				416.86927726681824,
				424.26305886501177,
				414.516710394666,
				423.08677542893565,
				412.16414352251195,
				421.91049199285953,
				409.8115766503597,
				420.5661680659159,
				407.62705026907497,
				419.5579251207073,
				405.27448339692273,
				417.70947972115755,
				403.4260379973748,
				416.19711530334644,
				401.24151161609007,
				414.3486699037967,
				399.2250257256728,
				413.0043459768531,
				397.0404993443881,
				411.32394106817264,
				395.02401345397266,
				409.4754956686247,
				393.1755680544229,
				407.4590097782075,
				391.4951631457425,
				405.27448339692273,
				389.98279872792955,
				403.2579975065055,
				388.3023938192491,
				400.90543063435325,
				387.126110383173,
				398.3848232713335,
				386.1178674379662,
				395.86421590831196,
				385.44570547449257,
				393.3436085452922,
				384.77354351102076,
				390.99104167313817,
				384.10138154754895,
				377.3798828125,
				379.396484375,
				371.4639765895354,
				377.14374654174753,
				367.3439362096924,
				376.8494579431881,
				369.5511006988945,
				379.6451996295109,
				368.815379202495,
				382.88237421367194,
				362.0467414356099,
				388.1795689877563,
				350.56948609176106,
				391.2695992726385,
				321.434914834299,
				392.29960936759926,
				304.9547533149271,
				387.7381360899162,
				297.0089611538024,
				381.41093122087113,
				296.2158203125,
				376.37109375,
				279.24411524588686,
				381.5807741845274,
				270.3379692298804,
				384.77354351102076,
				267.14519990338704,
				386.6219889105687,
				264.7926330312348,
				387.6302318557773,
				262.44006615908256,
				388.80651529185343,
				260.2555397777978,
				389.98279872792955,
				258.0710133965131,
				391.4951631457425,
				255.88648701522834,
				392.8394870726879,
				253.7019606339436,
				394.18381099963153,
				251.51743425265886,
				395.52813492657515,
				249.33290787137412,
				397.0404993443881,
				247.820543453563,
				399.2250257256728,
				246.47621952661757,
				401.40955210695756,
				244.96385510880464,
				403.5940784882423,
				243.78757167272852,
				405.94664536039454,
				242.6112882366524,
				408.2992122325468,
				241.26696430970878,
				410.65177910470084,
				240.25872136450016,
				413.0043459768531,
				239.25047841929154,
				415.3569128490053,
				238.24223547408292,
				417.87752021202687,
				237.5700735106111,
				420.5661680659159,
				236.5618305654025,
				423.08677542893565,
				235.55358762019387,
				425.4393423010879,
				234.71338516585456,
				427.95994966410944,
				234.04122320238275,
				430.3125165362617,
				221.77426736901543,
				462.74433127379416
			]
		}
	],
	"metadata.model": {
		"metadata.model.gender": "FEMALE",
		"metadata.model.age": "20대",
		"metadata.model.job": "entertainment and sports",
		"metadata.model.type": "wear",
		"metadata.model.usually_size": "S",
		"metadata.model.body_height": "153",
		"metadata.model.waist_height": "99",
		"metadata.model.chest_size_male": "null",
		"metadata.model.breast_size_female": "81.0",
		"metadata.model.waist_size": "68",
		"metadata.model.hip_seize": "87",
		"metadata.model.back_length": "38",
		"metadata.model.shoulders_width": "37",
		"metadata.model.arm_length": "51",
		"metadata.model.weight": "47"
	},
	"metadata.clothes": {
		"metadata.clothes.type": "02top_02t-shirt",
		"metadata.clothes.season": "summer",
		"metadata.clothes.fiber_composition": "Cotton",
		"metadata.clothes.elasticity": "contain",
		"metadata.clothes.transparency": "none",
		"metadata.clothes.isfleece": "fleece_none",
		"metadata.clothes.color": "Black,White",
		"metadata.clothes.washing_method": "Washing40_1",
		"metadata.clothes.bleach": "Do not chlorine bleach",
		"metadata.clothes.ironing": "Ironing 140~160℃",
		"metadata.clothes.drycleaning": "DO NOT DRYCLEAN",
		"metadata.clothes.wringing": "none",
		"metadata.clothes.drying": "Drip dry",
		"metadata.clothes.top_length_type": "normal",
		"metadata.clothes.sleeve_length_type": "long sleeves",
		"metadata.clothes.topneck_color_design": "round neck",