{
	"dataset": {
		"dataset.id": 341451,
		"dataset.name": "01_sou_068291_341451_front_02top_02t-shirt_woman",
		"dataset.image_path": "./008.의류 통합 데이터(3-1)/원천데이터/상품/상의/t-shirt/01_sou_068291_341451_front_02top_02t-shirt_woman.jpg",
		"dataset.label_path": "./008.의류 통합 데이터(3-1)/라벨링데이터/상품/상의/t-shirt/01_sou_068291_341451_front_02top_02t-shirt_woman.json",
		"dataset.category": 6,
		"dataset.type": 1,
		"dataset.width": 2947,
		"dataset.height": 2505,
		"dataset.file_size": 525604
	},
	"annotation": [
		{
			"annotation_type": "Polygon",
			"annotation_id": 135,
			"annotation_point_count": 124.0,
			"annotation_point": [
				1569.13986354776,
				446.04044834308115,
				1548.7938596491222,
				464.3518518518522,
				1528.447855750488,
				484.6978557504881,
				1493.859649122809,
				490.80165692007904,
				1461.3060428849894,
				490.80165692007904,
				1420.6140350877213,
				492.8362573099421,
				1386.0258284600386,
				496.90545808967,
				1329.0570175438588,
				496.90545808967,
				1308.7109375,
				490.8017578125,
				1288.3650097465907,
				470.45565302144314,
				1274.123046875,
				466.38671875,
				1255.811403508771,
				472.4902534113062,
				1239.534600389863,
				476.5594541910341,
				1211.0501949317731,
				480.6286549707602,
				1176.4619883040941,
				494.87085769980513,
				1123.5623781676404,
				513.182261208578,
				1088.9741715399614,
				529.459064327486,
				1064.5589668615976,
				541.6666666666679,
				1025.9015594541925,
				555.9088693957128,
				995.3825536062395,
				566.0818713450317,
				940.4483430799228,
				590.4970760233919,
				895.6871345029249,
				618.9814814814818,
				865.168128654972,
				623.0506822612078,
				810.2000000000007,
				663.7000000000007,
				777.7000000000007,
				686.1000000000022,
				753.2651072124754,
				698.3308966861623,
				706.4692982456145,
				732.9191033138413,
				673.9156920077985,
				759.3689083820682,
				649.5,
				777.6796875,
				315.10000000000036,
				1089.0,
				139.0,
				1268.1000000000022,
				9.0,
				1436.0,
				18.0,
				1466.0,
				73.0,
				1486.0,
				73.0,
				1520.0,
				110.0,
				1530.0,
				146.0,
				1564.0,
				146.0,
				1559.0,
				222.0,
				1494.1000000000022,
				321.0,
				1455.1000000000022,
				673.1000000000022,
				1281.2000000000007,
				853.0,
				1127.0,
				893.0,
				1144.2000000000007,
				895.6871345029249,
				1467.4098440545822,
				922.1369395711517,
				1587.451267056531,
				954.6905458089677,
				1721.7348927875246,
				981.1403508771946,
				1776.6691033138413,
				1025.9015594541925,
				1904.8489278752459,
				1070.6627680311904,
				1892.641325536064,
				1123.5623781676404,
				1872.2953216374262,
				1174.427387914231,
				1862.122319688111,
				1202.911793372321,
				1856.0185185185182,
				1280.2266081871348,
				1853.9839181286552,
				1341.2646198830407,
				1851.9493177387922,
				1449.0984405458112,
				1849.9147173489291,
				1544.724658869396,
				1845.845516569203,
				1648.4892787524368,
				1841.7763157894733,
				1752.2538986354775,
				1829.568713450295,
				1815.326171875,
				1835.671875,
				1935.4000000000015,
				1856.0,
				1943.506335282651,
				1847.880116959066,
				1957.7000000000007,
				1843.7999999999993,
				2006.5789473684235,
				1542.690058479533,
				2010.6481481481496,
				1479.617446393764,
				2010.6481481481496,
				1355.5068226120857,
				2006.5789473684235,
				1257.8460038986377,
				1996.4059454191047,
				1176.4619883040941,
				1974.025390625,
				1113.388671875,
				1963.0,
				1053.0,
				1981.0,
				1038.0,
				2000.0,
				1053.0,
				2004.2000000000007,
				1094.2000000000007,
				2053.375,
				1125.59765625,
				2079.8245614035113,
				1135.7699805068223,
				2126.6203703703723,
				1150.0121832358673,
				2216.142787524368,
				1192.738791423002,
				2295.492202729045,
				1223.257797270955,
				2358.564814814814,
				1247.6730019493189,
				2417.5682261208603,
				1280.2266081871348,
				2472.5024366471735,
				1298.5380116959059,
				2505.0560428849894,
				1308.7110136452247,
				2572.197855750488,
				1349.4030214424965,
				2608.820662768034,
				1363.6452241715415,
				2647.478070175439,
				1365.6798245614045,
				2677.997076023392,
				1377.8874269005864,
				2696.308479532163,
				1406.3718323586763,
				2741.0,
				1439.0,
				2755.3118908382057,
				1432.8216374269032,
				2783.7999999999993,
				1436.9000000000015,
				2784.100000000002,
				1396.1000000000022,
				2887.2000000000007,
				1302.7999999999993,
				2814.315302144252,
				1221.223196881092,
				2793.9692982456145,
				1206.980994152047,
				2765.4848927875246,
				1170.358187134505,
				2718.6890838206637,
				1127.6315789473701,
				2677.997076023392,
				1097.1125730994172,
				2639.2999999999993,
				1064.6000000000022,
				2580.336257309944,
				1013.6939571150106,
				2515.2290448343083,
				964.8635477582866,
				2427.7412280701756,
				889.5833333333358,
				2362.6340155945436,
				832.614522417156,
				2279.215399610137,
				769.5419103313834,
				2201.900584795323,
				704.4346978557514,
				2118.4819688109164,
				635.2582846003897,
				2075.7553606237816,
				602.7046783625738,
				2077.7890625,
				602.705078125,
				2077.7890625,
				602.705078125,
				2061.5131578947367,
				588.4624756335288,
				2041.1671539961026,
				578.28947368421,
				2014.7173489278757,
				564.047270955165,
				1974.025341130604,
				547.770467836257,
				1943.506335282651,
				529.459064327486,
				1910.953125,
				517.251953125,
				1892.641325536064,
				513.182261208578,
				1868.2261208577002,
				509.1130604288519,
				1841.7763157894733,
				500.9746588693961,
				1819.3957115009762,
				494.87085769980513,
				1778.7037037037044,
				486.73245614035113,
				1750.2192982456145,
				480.6286549707602,
				1719.7002923976615,
				476.5594541910341,
				1687.1466861598456,
				476.5594541910341,
				1662.7314814814818,
				464.3518518518522,
				1638.316276803118,
				452.1442495126721,
				1595.58984375,
				446.0400390625
			]
		}
	],
	"metadata.model": {
		"metadata.model.gender": "FEMALE",
		"metadata.model.age": "30대",
		"metadata.model.job": "office job",
		"metadata.model.type": "front",
		"metadata.model.usually_size": "L",
		"metadata.model.body_height": "171",
		"metadata.model.waist_height": "102",
		"metadata.model.chest_size_male": "null",
		"metadata.model.breast_size_female": "93.0",
		"metadata.model.waist_size": "76",
		"metadata.model.hip_seize": "98",
		"metadata.model.back_length": "41",
		"metadata.model.shoulders_width": "42",
		"metadata.model.arm_length": "56",
		"metadata.model.weight": "71"
	},
	"metadata.clothes": {
		"metadata.clothes.type": "02top_02t-shirt",
		"metadata.clothes.season": "winter",
		"metadata.clothes.fiber_composition": "Cotton",
		"metadata.clothes.elasticity": "contain a lot",
		"metadata.clothes.transparency": "none at all",
		"metadata.clothes.isfleece": "fleece_contain",
		"metadata.clothes.color": "Blue",
		"metadata.clothes.washing_method": "none",
		"metadata.clothes.bleach": "none",
		"metadata.clothes.ironing": "none",
		"metadata.clothes.drycleaning": "none",
		"metadata.clothes.wringing": "none",
		"metadata.clothes.drying": "none",
		"metadata.clothes.top_length_type": "normal",
		"metadata.clothes.sleeve_length_type": "long sleeves",
		"metadata.clothes.topneck_color_design": "round neck",
		"metadata.clothes.topsleeve_design": "ribbed sleeve",
		"metadata.clothes.pants_silhouette": "null",
		"metadata.clothes.skirt_design": "null",
		"metadata.top.front_length": "73.0",
		"metadata.top.chest_size": "126.0",
		"metadata.top.waist_size": "124.0",
		"metadata.top.hem_size": "98.0",
		"metadata.top.shoulder_width": "56.0",
		"metadata.top.sleeve_length": "59.0",
		"metadata.top.sleeve_cuff_size": "20.0",
		"metadata.pants.pants_length": "null",
		"metadata.pants.waist_size": "null",
		"metadata.pants.hip_size": "null",
		"metadata.pants.front_rise_length": "null",
		"metadata.pants.back_rise_length": "null",
		"metadata.pants.inner_seam_length": "null",