{
	"dataset": {
		"dataset.id": 139115,
		"dataset.name": "01_sou_027823_139115_wear_02top_02t-shirt_woman",
		"dataset.image_path": "./008.의류 통합 데이터(3-1)/원천데이터/상품/상의/t-shirt/01_sou_027823_139115_wear_02top_02t-shirt_woman.jpg",
		"dataset.label_path": "./008.의류 통합 데이터(3-1)/라벨링데이터/상품/상의/t-shirt/01_sou_027823_139115_wear_02top_02t-shirt_woman.json",
		"dataset.category": 6,
		"dataset.type": 1,
		"dataset.width": 607,
		"dataset.height": 1080,
		"dataset.file_size": 36744
	},
	"annotation": [
		{
			"annotation_type": "Polygon",
			"annotation_id": 100,
			"annotation_point_count": 142.0,
			"annotation_point": [
				244.95545727902208,
				412.93538933719174,
				242.8000000000011,
				431.90000000000146,
				235.75893857401388,
				450.82504640182015,
				229.6230212940336,
				467.8790706883847,
				220.54421802845172,
				493.86475394125046,
				214.4230151783995,
				511.7722151636408,
				207.43366096259342,
				526.7367904004277,
				207.58080526187405,
				526.8839346997065,
				209.19939255395548,
				528.6496662910686,
				210.8179798460369,
				530.2535391532219,
				212.43656713811833,
				531.8868408752314,
				214.3494430287592,
				533.490713737383,
				216.26231891940006,
				534.815012430905,
				218.32233910932155,
				536.0068812550744,
				220.52950359852366,
				536.8897470507545,
				222.58952378844515,
				538.0669014449959,
				224.79668827764726,
				538.935052810748,
				226.70956416828813,
				539.9797773356368,
				228.91672865749024,
				541.0097874305975,
				231.27103744597116,
				541.8926532262776,
				233.6253462344539,
				542.7755190219577,
				235.6853664243754,
				543.511240518359,
				239.5111182056571,
				544.3793918841111,
				241.42399409629797,
				544.0998177154797,
				242.0126953125,
				543.8056640625,
				235.3000000000011,
				579.7000000000007,
				232.40000000000146,
				596.0,
				241.90000000000146,
				599.7000000000007,
				247.29858310075906,
				599.1255467279516,
				248.34107103229871,
				596.3286278872365,
				250.24806115096908,
				594.5741969780593,
				253.1975392011791,
				594.4216377685661,
				260.2406893728021,
				594.5487704431434,
				268.12291519663813,
				594.8030357922999,
				273.7167528780701,
				595.8200971889237,
				281.8532440510644,
				597.0914239347039,
				293.04091941392835,
				599.1255467279516,
				303.4657987293249,
				599.1255467279516,
				319.73878107531164,
				601.9224655686685,
				327.6210068991477,
				603.4480576636051,
				327.6210068991477,
				606.4992418534766,
				333.46875,
				607.26171875,
				339.0,
				608.3000000000011,
				346.90000000000146,
				613.5,
				379.7000000000007,
				622.8000000000011,
				391.40000000000146,
				624.0,
				398.81530466283584,
				624.0435509452436,
				398.3000000000011,
				605.7000000000007,
				396.27265117127536,
				584.6324218260579,
				395.0013244254951,
				576.4959306530654,
				396.01838582211894,
				566.3253166868253,
				397.798243266212,
				556.6632334188962,
				399.0693359375,
				553.357421875,
				401.0,
				554.8000000000011,
				421.0,
				555.5,
				424.7503702767499,
				556.1547027205834,
				418.6480018970051,
				541.4073124695351,
				419.91932864278533,
				541.6615778186897,
				423.9875742292825,
				539.3731896762856,
				427.5472891174668,
				538.6103936288182,
				431.6155347039621,
				537.5933322321944,
				436.19231098877026,
				537.5933322321944,
				440.7690872735802,
				537.5933322321944,
				444.83733286007555,
				537.5933322321944,
				448.9055784465727,
				537.5933322321944,
				453.2280893822244,
				539.118924327131,
				456.0250082229413,
				540.8987817712223,
				457.8048656670326,
				543.6957006119392,
				451.1943359375,
				524.1171875,
				443.60000000000036,
				498.5,
				431.0,
				439.2000000000007,
				426.02169702253013,
				406.13814671852924,
				421.69272681474104,
				388.16685956652327,
				421.2889628575158,
				387.3593316520746,
				420.75061091455063,
				385.2059238802103,
				420.21225897158365,
				383.3216920798277,
				419.404731057135,
				381.30287229370515,
				418.32802717120285,
				379.14946452184086,
				417.3859112710106,
				377.1306447357165,
				416.3092073850785,
				375.2464129353357,
				415.23250349914633,
				373.22759314921313,
				414.02121162747244,
				371.74712530605575,
				412.6753317700568,
				369.86289350567495,
				411.19486392690123,
				368.2478376767758,
				409.44522011226036,
				366.6327818478767,
				407.83016428336305,
				364.8831380332376,
				406.34969644020566,
				363.40267019008024,
				404.73464061130653,
				361.92220234692286,
				402.8504088109257,
				360.57632248950904,
				400.83158902480136,
				359.09585464635165,
				399.21653319590405,
				357.88456277467776,
				397.736328125,
				356.5390625,
				393.9842630288713,
				355.28507688732316,
				389.66175209321773,
				353.2509540940755,
				386.61056790334624,
				351.21683130082783,
				382.2880569676945,
				348.1656471109545,
				377.96554603204095,
				346.8943203651743,
				374.40583114385663,
				345.36872827023944,
				370.5918509065159,
				344.3516668736138,
				366.777870669177,
				344.8601975719266,
				363.7266864793037,
				347.1485857143307,
				360.4212369402758,
				349.6912392058912,
				356.86152205209146,
				351.97962734829525,
				353.55607251306355,
				354.2680154906993,
				350.25062297403383,
				356.0478729347924,
				346.4366427366949,
				358.33626107719647,
				343.3854585468216,
				360.1161185212877,
				339.8257436586373,
				361.8959759653808,
				336.01176342129656,
				363.93009875862845,
				331.94351783480124,
				365.7099562027215,
				328.6380682957715,
				367.7440789959692,
				325.0783534075872,
				369.0154057417494,
				321.0101078210919,
				370.03246713837325,
				317.19612758375115,
				370.03246713837325,
				313.127881997254,
				369.26967109090583,
				309.0596364107587,
				369.0154057417494,
				305.24565617341796,
				367.48981364681276,
				303.2115333801703,
				364.18436410778486,
				302.44873733270106,
				360.37038387044413,
				302.9572680310139,
				356.5564036331034,
				303.7200640784813,
				353.2509540940755,
				300.4146145394534,
				355.28507688732316,
				297.6176956987365,
				358.33626107719647,
				295.07504220717783,
				361.13317991791155,
				292.0238580173045,
				363.93009875862845,
				287.7013470816528,
				364.9471601552523,
				284.14163219346847,
				365.7099562027215,
				280.32765195612774,
				366.2184869010325,
				276.7679370679434,
				367.7440789959692,
				273.2082221797591,
				370.03246713837325,
				270.20049006406407,
				371.9005556098,
				267.939411903606,
				373.3541058558094,
				265.67833374314796,
				374.9691616847067,
				263.7402667484712,
				376.2612063478264,
				261.47918858801313,
				378.0377677596134,
				259.54112159333454,
				379.8143291714023,
				257.7645601815457,
				381.75239616608087,
				256.3110099355381,
				384.0134743265389,
				255.01896527241843,
				385.9515413212175,
				253.56541502641085,
				388.21261948167376,
				251.78885361462198,
				390.4736976421318,
				250.658203125,
				392.25
			]
		}
	],
	"metadata.model": {
		"metadata.model.gender": "FEMALE",
		"metadata.model.age": "40대",
		"metadata.model.job": "homemaker",
		"metadata.model.type": "wear",
		"metadata.model.usually_size": "M",
		"metadata.model.body_height": "165",
		"metadata.model.waist_height": "100",
		"metadata.model.chest_size_male": "null",
		"metadata.model.breast_size_female": "82.0",
		"metadata.model.waist_size": "72",
		"metadata.model.hip_seize": "93",
		"metadata.model.back_length": "43",
		"metadata.model.shoulders_width": "43",
		"metadata.model.arm_length": "51",
		"metadata.model.weight": "54"
	},
	"metadata.clothes": {
		"metadata.clothes.type": "02top_02t-shirt",
		"metadata.clothes.season": "summer",
		"metadata.clothes.fiber_composition": "Cotton",
		"metadata.clothes.elasticity": "contain",
		"metadata.clothes.transparency": "none at all",
		"metadata.clothes.isfleece": "fleece_none",