{
	"dataset": {
		"dataset.id": 470042,
		"dataset.name": "01_sou_094009_470042_back_02top_02t-shirt_woman",
		"dataset.image_path": "./008.의류 통합 데이터(3-1)/원천데이터/상품/상의/t-shirt/01_sou_094009_470042_back_02top_02t-shirt_woman.jpg",
		"dataset.label_path": "./008.의류 통합 데이터(3-1)/라벨링데이터/상품/상의/t-shirt/01_sou_094009_470042_back_02top_02t-shirt_woman.json",
		"dataset.category": 6,
		"dataset.type": 1,
		"dataset.width": 3024,
		"dataset.height": 3211,
		"dataset.file_size": 2060515
	},
	"annotation": [
		{
			"annotation_type": "Polygon",
			"annotation_id": 22,
			"annotation_point_count": 73.0,
			"annotation_point": [
				2853.9000000000015,
				825.2000000000007,
				2616.5876290410197,
				685.7677940776957,
				2567.519780630262,
				650.3299035588152,
				2512.9999490627542,
				609.4400298831824,
				2412.138260662863,
				533.112265688671,
				2357.6181640625,
				489.49609375,
				2324.906530154849,
				462.2364846509099,
				2275.8386817440896,
				437.70256044553025,
				2221.3193359375,
				407.716796875,
				2169.525010187448,
				383.1827288780223,
				2117.7311701983144,
				369.5527709861435,
				2046.8553891605534,
				345.01884678076567,
				1986.8835744362932,
				323.21091415376213,
				1935.08984375,
				295.951171875,
				1888.7478776147782,
				295.95099837000816,
				1864.2139534093985,
				295.95099837000816,
				1798.7900390625,
				287.7734375,
				1711.0,
				337.0,
				1532.0,
				365.0,
				1328.0,
				346.0,
				1185.4420503939145,
				301.4029815267586,
				1147.278168296658,
				304.1289731051329,
				1125.4702356696544,
				306.854964683509,
				1062.7724609375,
				312.306640625,
				1040.9644967400163,
				325.93690573213644,
				1016.4305725346367,
				345.01884678076567,
				983.71875,
				355.9228515625,
				940.1028083401234,
				372.27876256451964,
				866.501035723988,
				394.0866951915232,
				803.8032294213517,
				413.1686362401506,
				741.10546875,
				440.4287109375,
				708.3935546875,
				464.962890625,
				555.7379957891862,
				582.1801140994285,
				463.05428212442166,
				655.7818867155656,
				400.35647582178717,
				696.6717603911966,
				367.64457688128095,
				721.2056845965762,
				321.3027200488996,
				748.4656003803302,
				153.0,
				828.7000000000007,
				121.60000000000036,
				871.1000000000004,
				306.0,
				1099.0,
				444.7000000000007,
				1295.2000000000007,
				536.0,
				1268.0,
				553.0,
				1297.0,
				502.0,
				1955.0,
				459.0,
				2153.0,
				416.0,
				2482.0,
				340.0,
				2727.0,
				340.0,
				2812.0,
				357.0,
				2830.0,
				391.0,
				2821.0,
				527.0,
				2859.0,
				942.0107421875,
				2856.474609375,
				1089.2145476772603,
				2845.5709216245577,
				1340.0057728878019,
				2829.2149721543046,
				1500.8392760119532,
				2826.4889805759303,
				1691.6586864982328,
				2821.036997419178,
				1863.3961559358868,
				2807.407039527301,
				2018.7776759032859,
				2799.2290647921745,
				2138.721305351806,
				2799.2290647921745,
				2258.6649348003248,
				2788.3250984786737,
				2343.1706737299646,
				2788.3250984786737,
				2392.238522140722,
				2788.3250984786737,
				2703.6000000000004,
				2751.5,
				2704.5,
				2678.0,
				2550.6000000000004,
				2014.7000000000007,
				2431.2000000000007,
				1301.800000000001,
				2425.76821855474,
				1266.4040002716647,
				2436.672184868241,
				1211.884168704155,
				2444.8501596033675,
				1151.9123539798966,
				2516.5,
				1220.2000000000007,
				2601.5,
				1176.7000000000007,
				2734.9000000000015,
				1024.0,
				2835.0,
				854.0
			]
		}
	],
	"metadata.model": {
		"metadata.model.gender": "FEMALE",
		"metadata.model.age": "30대",
		"metadata.model.job": "university student/graduate student",
		"metadata.model.type": "back",
		"metadata.model.usually_size": "S",
		"metadata.model.body_height": "156",
		"metadata.model.waist_height": "92",
		"metadata.model.chest_size_male": "null",
		"metadata.model.breast_size_female": "81.0",
		"metadata.model.waist_size": "58",
		"metadata.model.hip_seize": "85",
		"metadata.model.back_length": "39",
		"metadata.model.shoulders_width": "38",
		"metadata.model.arm_length": "52",
		"metadata.model.weight": "43"
	},
	"metadata.clothes": {
		"metadata.clothes.type": "02top_02t-shirt",
		"metadata.clothes.season": "summer",
		"metadata.clothes.fiber_composition": "Nylon",
		"metadata.clothes.elasticity": "contain",
		"metadata.clothes.transparency": "none at all",
		"metadata.clothes.isfleece": "fleece_none",
		"metadata.clothes.color": "Blue",
		"metadata.clothes.washing_method": "none",
		"metadata.clothes.bleach": "none",
		"metadata.clothes.ironing": "none",
		"metadata.clothes.drycleaning": "none",
		"metadata.clothes.wringing": "none",
		"metadata.clothes.drying": "none",
		"metadata.clothes.top_length_type": "normal",
		"metadata.clothes.sleeve_length_type": "short sleeves",
		"metadata.clothes.topneck_color_design": "round neck",
		"metadata.clothes.topsleeve_design": "basic sleeve",
		"metadata.clothes.pants_silhouette": "null",
		"metadata.clothes.skirt_design": "null",
		"metadata.top.front_length": "53.0",
		"metadata.top.chest_size": "80.0",
		"metadata.top.waist_size": "76.0",
		"metadata.top.hem_size": "82.0",
		"metadata.top.shoulder_width": "32.0",
		"metadata.top.sleeve_length": "15.0",
		"metadata.top.sleeve_cuff_size": "26.0",
		"metadata.pants.pants_length": "null",
		"metadata.pants.waist_size": "null",
		"metadata.pants.hip_size": "null",
		"metadata.pants.front_rise_length": "null",
		"metadata.pants.back_rise_length": "null",
		"metadata.pants.inner_seam_length": "null",
		"metadata.pants.pants_waist_size": "null",
		"metadata.skirt.length": "null",
		"metadata.skirt.waist_size": "null",
		"metadata.skirt.hip_size": "null",
		"metadata.skirt.hem_size": "null",
		"metadata.dress.front_length": "null",
		"metadata.dress.chest_size": "null",
		"metadata.dress.waist_size": "null",
		"metadata.dress.hip_size": "null",
		"metadata.dress.hem_size": "null",
		"metadata.dress.shoulder_width": "null",
		"metadata.dress.sleeve_length": "null",
		"metadata.dress.cuff_size": "null",
		"metadata.jumpsuit.front_length": "null",
		"metadata.jumpsuit.inner_seam_length": "null",
		"metadata.jumpsuit.chest_size": "null",
		"metadata.jumpsuit.waist_size": "null",
		"metadata.jumpsuit.hip_size": "null",
		"metadata.jumpsuit.shoulder_width": "null",
		"metadata.jumpsuit.sleeve_length": "null",
		"metadata.jumpsuit.cuffs_size": "null",
		"metadata.jumpsuit.front_rise_length": "null",
		"metadata.jumpsuit.back_rise_length": "null",
		"metadata.jumpsuit.pants_waist_size": "null"
	}
}