{
	"dataset": {
		"dataset.id": 225757,
		"dataset.name": "01_sou_045152_225757_back_02top_02t-shirt_man",
		"dataset.image_path": "./008.의류 통합 데이터(3-1)/원천데이터/상품/상의/t-shirt/01_sou_045152_225757_back_02top_02t-shirt_man.jpg",
		"dataset.label_path": "./008.의류 통합 데이터(3-1)/라벨링데이터/상품/상의/t-shirt/01_sou_045152_225757_back_02top_02t-shirt_man.json",
		"dataset.category": 6,
		"dataset.type": 1,
		"dataset.width": 3414,
		"dataset.height": 4008,
		"dataset.file_size": 1720580
	},
	"annotation": [
		{
			"annotation_type": "Polygon",
			"annotation_id": 153,
			"annotation_point_count": 119.0,
			"annotation_point": [
				166.0,
				1323.6000000000022,
				199.0,
				1375.5,
				265.0,
				1478.0,
				352.0,
				1685.0,
				385.970703125,
				1727.61328125,
				407.9494636368054,
				1726.0439754650724,
				431.4980792602273,
				1722.9041600486198,
				455.04669488364743,
				1719.7643446321636,
				480.1652182152957,
				1719.7643446321636,
				503.7138338387176,
				1721.3342523403917,
				528.8323571703659,
				1721.3342523403917,
				552.3809727937878,
				1716.6245292157073,
				575.9295884172061,
				1710.3448983827948,
				597.9082963323999,
				1700.925452133426,
				621.4569119558219,
				1697.7856367169697,
				624.5967273722781,
				1699.3555444251979,
				638.7258967463276,
				1754.3023142131788,
				654.0,
				2127.0,
				622.7999999999993,
				2815.0,
				525.88671875,
				3372.970703125,
				557.5365497076054,
				3379.7533571583335,
				593.7072233051804,
				3379.7533571583335,
				627.6172298029051,
				3382.01402425818,
				661.5272363006334,
				3384.2746913580304,
				695.437242798358,
				3386.535358457877,
				729.3472492960827,
				3388.7960255577273,
				763.2572557938074,
				3388.7960255577273,
				801.6885964912326,
				3391.056692657574,
				837.8592700888075,
				3391.056692657574,
				869.508609486682,
				3388.7960255577273,
				907.9399501841071,
				3388.7960255577273,
				941.8499566818318,
				3386.535358457877,
				980.2812973792534,
				3386.535358457877,
				1014.1913038769817,
				3384.2746913580304,
				1048.1013103747064,
				3382.01402425818,
				1086.532651072128,
				3382.01402425818,
				1124.9639917695495,
				3382.01402425818,
				1156.6133311674275,
				3384.2746913580304,
				1195.0446718648527,
				3384.2746913580304,
				1233.4760125622743,
				3386.535358457877,
				1269.6466861598492,
				3386.535358457877,
				1308.0780268572707,
				3386.535358457877,
				1344.2487004548457,
				3386.535358457877,
				1378.1587069525704,
				3384.2746913580304,
				1412.068713450295,
				3382.01402425818,
				1445.9787199480234,
				3379.7533571583335,
				1482.1493935455946,
				3375.2320229586367,
				1516.059400043323,
				3372.9713558587864,
				1552.2300736408943,
				3370.71068875894,
				1586.1400801386226,
				3368.4500216590895,
				1620.0500866363473,
				3366.189354559243,
				1656.2207602339222,
				3363.9286874593927,
				1690.1307667316469,
				3361.668020359546,
				1724.0407732293752,
				3359.407353259696,
				1757.9507797270999,
				3357.146686159849,
				1791.8607862248246,
				3354.886019059999,
				1825.7707927225492,
				3352.6253519601523,
				1859.6807992202775,
				3348.1040177604555,
				1893.5908057180022,
				3343.5826835607586,
				1927.500812215727,
				3341.3220164609083,
				1963.6714858133018,
				3339.0613493610617,
				1999.8421594108768,
				3336.8006822612115,
				2033.7521659086015,
				3334.540015161365,
				2069.9228395061764,
				3334.540015161365,
				2103.832846003901,
				3332.2793480615146,
				2142.2641867013263,
				3332.2793480615146,
				2176.174193199051,
				3332.2793480615146,
				2207.823532596929,
				3330.018680961668,
				2246.2548732943505,
				3330.018680961668,
				2280.164879792075,
				3327.7580138618177,
				2316.33555338965,
				3325.497346761971,
				2352.506226987225,
				3320.9760125622743,
				2384.155566385103,
				3318.715345462424,
				2420.326239982678,
				3314.194011262727,
				2456.4969135802494,
				3311.9333441628805,
				2490.4069200779777,
				3309.6726770630303,
				2524.3169265757024,
				3307.4120099631837,
				2560.4876001732773,
				3305.1513428633334,
				2596.6582737708522,
				3302.890675763487,
				2632.8289473684235,
				3298.36934156379,
				2666.738953866152,
				3293.848007364093,
				2702.909627463723,
				3291.5873402642464,
				2741.3409681611483,
				3291.5873402642464,
				2743.2999999999993,
				3253.5,
				2706.2999999999993,
				3062.600000000002,
				2661.0,
				2599.0,
				2641.4000000000015,
				2491.0,
				2594.600000000002,
				1667.7000000000007,
				2622.0,
				1675.0,
				2788.4000000000015,
				1755.0,
				2841.5,
				1705.7000000000007,
				2914.0,
				1577.0,
				3035.100000000002,
				1351.2000000000007,
				2990.4000000000015,
				1321.0,
				2622.0,
				1097.2000000000007,
				2407.4000000000015,
				952.7000000000007,
				2310.0,
				908.0,
				1880.0268031189116,
				764.161522633749,
				1861.9414663201242,
				764.161522633749,
				1830.292126922246,
				777.7255252328396,
				1803.1641217240685,
				802.5928633311705,
				1773.775449426037,
				822.9388672298046,
				1739.8654429283124,
				829.7208685293517,
				1705.9554364305877,
				825.1995343296549,
				1669.7847628330128,
				825.1995343296549,
				1635.874756335288,
				822.9388672298046,
				1601.9647498375598,
				818.4175330301114,
				1565.7940762399849,
				818.4175330301114,
				1531.8840697422602,
				816.1568659302611,
				1497.9740632445355,
				811.6355317305643,
				1464.0640567468072,
				804.8535304310208,
				1430.1540502490825,
				798.0715291314737,
				1396.2440437513578,
				784.507526532383,
				1369.1160385531766,
				764.161522633749,
				1337.4666991552986,
				755.1188542343552,
				1312.5993610569676,
				766.4221897335956,
				1283.2109375,
				779.986328125,
				1151.0,
				830.0,
				832.6000000000022,
				926.4000000000015
			]
		}
	],
	"metadata.model": {
		"metadata.model.gender": "MALE",
		"metadata.model.age": "40대",
		"metadata.model.job": "service job",
		"metadata.model.type": "back",
		"metadata.model.usually_size": "XL",
		"metadata.model.body_height": "176",
		"metadata.model.waist_height": "108",
		"metadata.model.chest_size_male": "96.0",
		"metadata.model.breast_size_female": "null",
		"metadata.model.waist_size": "91",
		"metadata.model.hip_seize": "96",
		"metadata.model.back_length": "48",
		"metadata.model.shoulders_width": "47",
		"metadata.model.arm_length": "58",
		"metadata.model.weight": "83"
	},
	"metadata.clothes": {
		"metadata.clothes.type": "02top_02t-shirt",
		"metadata.clothes.season": "summer",
		"metadata.clothes.fiber_composition": "Polyester",
		"metadata.clothes.elasticity": "contain little",
		"metadata.clothes.transparency": "none at all",
		"metadata.clothes.isfleece": "fleece_none",
		"metadata.clothes.color": "Blue",
		"metadata.clothes.washing_method": "Hand Washing30",
		"metadata.clothes.bleach": "Do not chlorine bleach",
		"metadata.clothes.ironing": "Do not lron",
		"metadata.clothes.drycleaning": "DO NOT DRYCLEAN",
		"metadata.clothes.wringing": "none",
		"metadata.clothes.drying": "Do not tumble dry",
		"metadata.clothes.top_length_type": "normal",
		"metadata.clothes.sleeve_length_type": "short sleeves",
		"metadata.clothes.topneck_color_design": "round neck",
		"metadata.clothes.topsleeve_design": "basic sleeve",
		"metadata.clothes.pants_silhouette": "null",
		"metadata.clothes.skirt_design": "null",
		"metadata.top.front_length": "69.0",
		"metadata.top.chest_size": "86.0",
		"metadata.top.waist_size": "102.0",
		"metadata.top.hem_size": "106.0",
		"metadata.top.shoulder_width": "43.0",
		"metadata.top.sleeve_length": "22.0",
		"metadata.top.sleeve_cuff_size": "40.0",
		"metadata.pants.pants_length": "null",
		"metadata.pants.waist_size": "null",
		"metadata.pants.hip_size": "null",
		"metadata.pants.front_rise_length": "null",
		"metadata.pants.back_rise_length": "null",
		"metadata.pants.inner_seam_length": "null",
		"metadata.pants.pants_waist_size": "null",