{
	"dataset": {
		"dataset.id": 39672,
		"dataset.name": "01_sou_007935_039672_back_02top_02t-shirt_woman",
		"dataset.image_path": "./008.의류 통합 데이터(3-1)/원천데이터/상품/상의/t-shirt/01_sou_007935_039672_back_02top_02t-shirt_woman.jpg",
		"dataset.label_path": "./008.의류 통합 데이터(3-1)/라벨링데이터/상품/상의/t-shirt/01_sou_007935_039672_back_02top_02t-shirt_woman.json",
		"dataset.category": 6,
		"dataset.type": 1,
		"dataset.width": 1080,
		"dataset.height": 1080,
		"dataset.file_size": 123655
	},
	"annotation": [
		{
			"annotation_type": "Polygon",
			"annotation_id": 178,
			"annotation_point_count": 138.0,
			"annotation_point": [
				828.6653876426608,
				968.8046044864241,
				860.7024793388446,
				966.7138921684382,
				895.5681818181838,
				964.5616883116891,
				910.8795749704877,
				967.3902990948482,
				934.3693427784347,
				966.3449429358552,
				973.8469106650955,
				965.2995867768623,
				969.9729437229471,
				932.8935458480919,
				957.1212121212156,
				878.7809917355407,
				938.6122589531697,
				795.8903974813074,
				919.7958480913039,
				700.517020857933,
				902.7012003148375,
				620.8239866194417,
				886.651908697364,
				559.2709563164135,
				886.3444510035442,
				538.2408500590354,
				883.1468909878022,
				520.100846123576,
				874.9070247933887,
				489.4780598189718,
				873.4927194018128,
				474.1666666666679,
				869.2498032270778,
				460.3310704447067,
				871.7094647776503,
				451.0458480913039,
				871.0330578512403,
				438.9935064935089,
				865.3143447461662,
				418.3323494687138,
				857.8738685556891,
				401.23770169224736,
				854.3073593073605,
				389.1238685556891,
				854.9837662337668,
				383.0976977567916,
				867.8354978354982,
				396.6258362849294,
				882.7779417552156,
				412.9825855962263,
				894.1538764266043,
				405.1731601731626,
				903.3776072412475,
				395.76495474222975,
				935.6606650924841,
				366.0645415190884,
				949.4962613144453,
				343.00521448248765,
				978.2128099173569,
				314.78059818968904,
				1010.9878000787103,
				271.24458874459015,
				969.9729437229471,
				248.6771940181061,
				910.0186934277881,
				211.29033844943115,
				865.9907516725725,
				182.08185753640282,
				824.6734892787536,
				155.12853313840242,
				812.1095272904495,
				145.0012183235849,
				794.0631091617943,
				130.00060916179427,
				781.0422758284585,
				119.64485867446274,
				776.4354897660814,
				117.24628411306185,
				775.5598196881074,
				114.58120126705762,
				768.4783138401544,
				112.8298611111095,
				758.2748538011692,
				110.01248781676259,
				746.8530701754389,
				106.20522660818824,
				734.2891081871348,
				102.01723927875355,
				719.82151559454,
				97.82925194931886,
				705.7346491228054,
				93.26053849902382,
				696.9779483430793,
				90.97618177387994,
				682.8910818713448,
				86.78819444444525,
				672.6114766081882,
				82.60020711501056,
				660.0475146198842,
				79.55439814814963,
				647.865234375,
				76.126953125,
				622.3612750885513,
				72.50393545848056,
				611.2313065722192,
				65.67837465565026,
				604.4057457693852,
				65.67837465565026,
				598.441066509251,
				63.15722156631455,
				593.2757772530531,
				58.852813852816325,
				586.1427587563958,
				55.83972845336757,
				575.8736717827633,
				61.005017709565436,
				566.6499409681237,
				66.60074773711312,
				557.9181424636008,
				71.76603699331099,
				551.2770562770565,
				76.37790240062895,
				543.5906139315266,
				77.91519086973858,
				535.904171585993,
				80.98976780795056,
				528.2177292404594,
				82.52705627706018,
				520.5312868949259,
				83.51092089728627,
				512.3529122392792,
				84.06434474616253,
				504.66646989374567,
				85.0482093663959,
				496.9800275482121,
				86.58549783549824,
				488.24822904368557,
				86.58549783549824,
				480.561786698152,
				85.0482093663959,
				472.38341204250537,
				85.0482093663959,
				464.6969696969718,
				84.06434474616253,
				457.0105273514382,
				81.4817001180636,
				448.77066115702473,
				79.94441164896125,
				441.08421881149116,
				76.37790240062895,
				433.9512003148411,
				73.79525777253002,
				425.0349271940213,
				64.87898465171384,
				418.0,
				57.400000000001455,
				397.36373475009896,
				63.03423848878447,
				391.16762355831816,
				62.130361469840864,
				384.5577950712068,
				64.55396524844764,
				381.4732084438874,
				67.638551875767,
				369.5755171670826,
				69.40117280566483,
				358.33880873899034,
				71.38412135179897,
				341.59390990497195,
				76.23132890901616,
				312.95131979414873,
				85.9257440234469,
				275.4956250338437,
				96.28114198659023,
				242.88713783075218,
				106.41621233349724,
				224.15929045059966,
				111.04309227447447,
				223.71863521812702,
				113.90735128555752,
				215.787109375,
				116.9921875,
				151.60000000000218,
				164.20000000000073,
				77.0,
				213.0,
				41.33984375,
				229.578125,
				16.98937426210614,
				241.3842975206644,
				0.0,
				250.97697756788693,
				0.0,
				262.78335301062907,
				0.7556080283393385,
				291.56139315230394,
				40.60212514758314,
				343.95218417945944,
				85.6139315230248,
				375.6818181818235,
				98.15820543093287,
				393.3913813459294,
				112.17827626918734,
				417.0041322314064,
				157.9279811098022,
				397.81877213695407,
				154.23848878394347,
				477.5118063754453,
				154.97638724911667,
				496.697166469894,
				143.90791027154773,
				602.9545454545478,
				138.74262101534987,
				630.9946871310531,
				132.10153482881287,
				697.4055489964594,
				127.67414403778093,
				715.115112160569,
				126.1983471074418,
				733.5625737898481,
				127.67414403778093,
				742.4173553719047,
				121.03305785124394,
				799.9734356552581,
				114.39197166469967,
				825.7998819362474,
				115.12987012987287,
				836.1304604486468,
				101.1097992916184,
				876.7148760330601,
				92.25501770956544,
				918.0371900826467,
				94.4687131050814,
				926.8919716647033,
				92.25501770956544,
				937.222550177099,
				89.30342384888354,
				948.291027154668,
				89.30342384888354,
				968.9521841794594,
				91.51711924439587,
				979.2827626918552,
				87.08984375,
				996.9921875,
				118.81936245572797,
				999.9439197166503,
				167.52066115702473,
				999.9439197166503,
				235.40731995277747,
				996.9923258559647,
				293.7012987013004,
				992.5649350649364,
				339.45100354191527,
				988.8754427390813,
				374.1322314049612,
				988.1375442739118,
				403.64817001180927,
				987.3996458087386,
				443.49468713105307,
				982.2343565525407,
				476.70011806375624,
				980.7585596221979,
				504.74025974026154,
				977.0690672963428,
				571.1511216056715,
				977.0690672963428,
				622.8040141676538,
				974.8553719008305,
				647.8925619834736,
				976.3311688311733,
				689.9527744982333,
				974.1174734356573,
				760.791027154668,
				974.1174734356573,
				810.9681227863075,
				968.2142857142899
			]
		}
	],
	"metadata.model": {
		"metadata.model.gender": "FEMALE",
		"metadata.model.age": "20대",
		"metadata.model.job": "not employed",
		"metadata.model.type": "back",
		"metadata.model.usually_size": "L",
		"metadata.model.body_height": "163",
		"metadata.model.waist_height": "100",
		"metadata.model.chest_size_male": "null",
		"metadata.model.breast_size_female": "87.0",
		"metadata.model.waist_size": "70",
		"metadata.model.hip_seize": "102",
		"metadata.model.back_length": "45",
		"metadata.model.shoulders_width": "45",
		"metadata.model.arm_length": "57",
		"metadata.model.weight": "65"
	},
	"metadata.clothes": {
		"metadata.clothes.type": "02top_02t-shirt",
		"metadata.clothes.season": "summer",
		"metadata.clothes.fiber_composition": "Cotton",
		"metadata.clothes.elasticity": "contain",
		"metadata.clothes.transparency": "none at all",
		"metadata.clothes.isfleece": "fleece_none",
		"metadata.clothes.color": "Black",
		"metadata.clothes.washing_method": "Hand Washing30",
		"metadata.clothes.bleach": "Do not chlorine bleach",