{
	"dataset": {
		"dataset.id": 36925,
		"dataset.name": "01_sou_007385_036925_wear_02top_02t-shirt_woman",
		"dataset.image_path": "./008.의류 통합 데이터(3-1)/원천데이터/상품/상의/t-shirt/01_sou_007385_036925_wear_02top_02t-shirt_woman.jpg",
		"dataset.label_path": "./008.의류 통합 데이터(3-1)/라벨링데이터/상품/상의/t-shirt/01_sou_007385_036925_wear_02top_02t-shirt_woman.json",
		"dataset.category": 6,
		"dataset.type": 1,
		"dataset.width": 607,
		"dataset.height": 1080,
		"dataset.file_size": 44649
	},
	"annotation": [
		{
			"annotation_type": "Polygon",
			"annotation_id": 431,
			"annotation_point_count": 77.0,
			"annotation_point": [
				283.0,
				297.0,
				269.0,
				307.0,
				257.0,
				338.0,
				245.0,
				358.0,
				244.0,
				373.0,
				235.0,
				383.0,
				222.0,
				409.0,
				208.0,
				463.0,
				207.0,
				485.0,
				200.0,
				495.0,
				188.0,
				530.0,
				178.0,
				550.0,
				178.0,
				561.0,
				181.0,
				570.0,
				166.0,
				581.0,
				166.0,
				596.0,
				170.0,
				600.0,
				161.0,
				606.0,
				161.0,
				611.0,
				167.0,
				617.0,
				167.0,
				622.0,
				154.5478515625,
				643.6884765625,
				174.2274052478151,
				645.8746355685143,
				188.4402332361533,
				646.9679300291555,
				205.89999999999964,
				653.5,
				206.0,
				626.0,
				216.60000000000036,
				624.0,
				216.3000000000011,
				612.5,
				222.5,
				606.5,
				223.3000000000011,
				596.8000000000011,
				236.3000000000011,
				583.8000000000011,
				254.8000000000011,
				550.0,
				264.0,
				557.0,
				264.0,
				566.0,
				253.0,
				580.0,
				253.0,
				588.0,
				261.8000000000011,
				604.8000000000011,
				254.0,
				611.0,
				254.0,
				617.0,
				257.0,
				626.0,
				257.0,
				656.0,
				263.0,
				661.0,
				292.0,
				667.5,
				342.0,
				667.5,
				375.0,
				661.0,
				402.7000000000007,
				653.6000000000004,
				419.0,
				642.8000000000011,
				419.3000000000011,
				625.8000000000011,
				431.8000000000011,
				598.0,
				442.0,
				600.0,
				445.3000000000011,
				614.8000000000011,
				455.2000000000007,
				614.1000000000004,
				468.10000000000036,
				609.5,
				476.40000000000146,
				605.0,
				467.3000000000011,
				587.5,
				472.8000000000011,
				578.0,
				468.0,
				563.0,
				456.3000000000011,
				540.0,
				447.0,
				534.3000000000011,
				440.3000000000011,
				491.8000000000011,
				434.5,
				472.0,
				433.5,
				453.0,
				428.3000000000011,
				440.0,
				420.0,
				404.0,
				410.0,
				383.0,
				400.0,
				372.0,
				386.5,
				363.5,
				392.3000000000011,
				352.2000000000007,
				378.673469387757,
				333.19241982507447,
				367.7405247813422,
				338.6588921282819,
				361.18075801749364,
				336.4723032069978,
				361.18075801749364,
				355.0583090379023,
				357.9008746355703,
				365.9912536443153,
				353.527696793004,
				353.9650145772612,
				331.6618075801762,
				345.2186588921286,
				308.70262390670723,
				321.1661807580185,
				287.9296875,
				296.0205078125
			]
		}
	],
	"metadata.model": {
		"metadata.model.gender": "FEMALE",
		"metadata.model.age": "40대",
		"metadata.model.job": "homemaker",
		"metadata.model.type": "wear",
		"metadata.model.usually_size": "L",
		"metadata.model.body_height": "160",
		"metadata.model.waist_height": "95",
		"metadata.model.chest_size_male": "null",
		"metadata.model.breast_size_female": "97.0",
		"metadata.model.waist_size": "88",
		"metadata.model.hip_seize": "98",
		"metadata.model.back_length": "39",
		"metadata.model.shoulders_width": "38",
		"metadata.model.arm_length": "49",
		"metadata.model.weight": "65"
	},
	"metadata.clothes": {
		"metadata.clothes.type": "02top_02t-shirt",
		"metadata.clothes.season": "winter",
		"metadata.clothes.fiber_composition": "Cotton",
		"metadata.clothes.elasticity": "contain little",
		"metadata.clothes.transparency": "none at all",
		"metadata.clothes.isfleece": "fleece_contain",
		"metadata.clothes.color": "Black",
		"metadata.clothes.washing_method": "Hand Washing30",
		"metadata.clothes.bleach": "Do not chlorine bleach",
		"metadata.clothes.ironing": "Ironing 80~120℃",
		"metadata.clothes.drycleaning": "none",
		"metadata.clothes.wringing": "Do not wringing",
		"metadata.clothes.drying": "Line dry in shade",
		"metadata.clothes.top_length_type": "normal",
		"metadata.clothes.sleeve_length_type": "long sleeves",
		"metadata.clothes.topneck_color_design": "hood",
		"metadata.clothes.topsleeve_design": "ribbed sleeve",
		"metadata.clothes.pants_silhouette": "null",
		"metadata.clothes.skirt_design": "null",
		"metadata.top.front_length": "66.0",
		"metadata.top.chest_size": "114.0",
		"metadata.top.waist_size": "108.0",
		"metadata.top.hem_size": "96.0",
		"metadata.top.shoulder_width": "50.0",
		"metadata.top.sleeve_length": "53.0",
		"metadata.top.sleeve_cuff_size": "18.0",
		"metadata.pants.pants_length": "null",
		"metadata.pants.waist_size": "null",
		"metadata.pants.hip_size": "null",
		"metadata.pants.front_rise_length": "null",
		"metadata.pants.back_rise_length": "null",
		"metadata.pants.inner_seam_length": "null",
		"metadata.pants.pants_waist_size": "null",
		"metadata.skirt.length": "null",
		"metadata.skirt.waist_size": "null",
		"metadata.skirt.hip_size": "null",
		"metadata.skirt.hem_size": "null",
		"metadata.dress.front_length": "null",
		"metadata.dress.chest_size": "null",
		"metadata.dress.waist_size": "null",
		"metadata.dress.hip_size": "null",
		"metadata.dress.hem_size": "null",
		"metadata.dress.shoulder_width": "null",
		"metadata.dress.sleeve_length": "null",
		"metadata.dress.cuff_size": "null",
		"metadata.jumpsuit.front_length": "null",
		"metadata.jumpsuit.inner_seam_length": "null",
		"metadata.jumpsuit.chest_size": "null",
		"metadata.jumpsuit.waist_size": "null",
		"metadata.jumpsuit.hip_size": "null",
		"metadata.jumpsuit.shoulder_width": "null",
		"metadata.jumpsuit.sleeve_length": "null",
		"metadata.jumpsuit.cuffs_size": "null",
		"metadata.jumpsuit.front_rise_length": "null",
		"metadata.jumpsuit.back_rise_length": "null",
		"metadata.jumpsuit.pants_waist_size": "null"
	}
}