{
	"dataset": {
		"dataset.id": 37077,
		"dataset.name": "01_sou_007416_037077_back_02top_02t-shirt_woman",
		"dataset.image_path": "./008.의류 통합 데이터(3-1)/원천데이터/상품/상의/t-shirt/01_sou_007416_037077_back_02top_02t-shirt_woman.jpg",
		"dataset.label_path": "./008.의류 통합 데이터(3-1)/라벨링데이터/상품/상의/t-shirt/01_sou_007416_037077_back_02top_02t-shirt_woman.json",
		"dataset.category": 6,
		"dataset.type": 1,
		"dataset.width": 1174,
		"dataset.height": 1080,
		"dataset.file_size": 180060
	},
	"annotation": [
		{
			"annotation_type": "Polygon",
			"annotation_id": 583,
			"annotation_point_count": 63.0,
			"annotation_point": [
				467.33527696793135,
				256.6880466472303,
				450.01749271137123,
				259.8367346938776,
				421.6793002915456,
				269.28279883381947,
				398.10000000000036,
				280.3000000000011,
				159.0,
				424.10000000000036,
				91.0,
				469.0,
				36.0,
				534.0,
				56.0,
				549.0,
				73.0,
				572.0,
				73.0,
				583.0,
				84.70000000000073,
				588.1000000000004,
				114.10000000000036,
				569.1000000000004,
				143.0205078125,
				563.685546875,
				169.78425655976753,
				552.6647230320705,
				198.12244897959317,
				541.6443148688049,
				229.6093294460643,
				533.7725947521867,
				267.3935860058318,
				514.8804664723048,
				309.89999999999964,
				500.7000000000007,
				359.7000000000007,
				485.60000000000036,
				361.0,
				557.0,
				358.0,
				658.0,
				379.7000000000007,
				758.1000000000004,
				440.5712890625,
				751.0322265625,
				475.2069970845496,
				751.0320699708464,
				509.842565597668,
				749.4577259475227,
				563.370262390672,
				749.4577259475227,
				594.8571428571431,
				751.0320699708464,
				645.2000000000007,
				752.6000000000004,
				678.3000000000011,
				757.3000000000011,
				717.7000000000007,
				758.9000000000015,
				753.9000000000015,
				758.9000000000015,
				757.0145772594751,
				724.2682215743444,
				761.7376093294461,
				697.5043731778442,
				768.0349854227406,
				658.145772594753,
				768.0349854227406,
				628.2332361516037,
				769.6000000000004,
				582.6000000000004,
				774.33203125,
				533.7724609375,
				777.6000000000004,
				488.0,
				854.6240234375,
				507.0087890625,
				889.2594752186596,
				521.1778425655993,
				916.0233236151616,
				530.6239067055394,
				953.8075801749274,
				546.3673469387759,
				988.4431486880476,
				560.5364431486887,
				1040.0,
				572.0,
				1068.0,
				585.0,
				1078.2000000000007,
				586.6000000000004,
				1116.7000000000007,
				531.6000000000004,
				1089.7000000000007,
				505.0,
				1071.0,
				484.0,
				997.8892128279895,
				431.44023323615147,
				971.1253644314875,
				417.27113702624047,
				933.3411078717218,
				395.2303206997094,
				900.2798833819252,
				377.9125364431493,
				865.6443148688049,
				357.4460641399419,
				829.4345703125,
				336.9794921875,
				741.3000000000011,
				277.60000000000036,
				704.0,
				263.0,
				639.0,
				244.0,
				625.0,
				244.0,
				605.0,
				255.0,
				550.0,
				257.0,
				512.0,
				250.0,
				507.40000000000146,
				242.39999999999964
			]
		}
	],
	"metadata.model": {
		"metadata.model.gender": "FEMALE",
		"metadata.model.age": "40대",
		"metadata.model.job": "homemaker",
		"metadata.model.type": "back",
		"metadata.model.usually_size": "L",
		"metadata.model.body_height": "168",
		"metadata.model.waist_height": "98",
		"metadata.model.chest_size_male": "null",
		"metadata.model.breast_size_female": "86.0",
		"metadata.model.waist_size": "78",
		"metadata.model.hip_seize": "94",
		"metadata.model.back_length": "47",
		"metadata.model.shoulders_width": "45",
		"metadata.model.arm_length": "55",
		"metadata.model.weight": "58"
	},
	"metadata.clothes": {
		"metadata.clothes.type": "02top_02t-shirt",
		"metadata.clothes.season": "winter",
		"metadata.clothes.fiber_composition": "Cotton,Polyester,Polyurethane",
		"metadata.clothes.elasticity": "none",
		"metadata.clothes.transparency": "none at all",
		"metadata.clothes.isfleece": "fleece_contain",
		"metadata.clothes.color": "Black",
		"metadata.clothes.washing_method": "none",
		"metadata.clothes.bleach": "none",
		"metadata.clothes.ironing": "none",
		"metadata.clothes.drycleaning": "none",
		"metadata.clothes.wringing": "none",
		"metadata.clothes.drying": "none",
		"metadata.clothes.top_length_type": "normal",
		"metadata.clothes.sleeve_length_type": "long sleeves",
		"metadata.clothes.topneck_color_design": "round neck",
		"metadata.clothes.topsleeve_design": "ribbed sleeve",
		"metadata.clothes.pants_silhouette": "null",
		"metadata.clothes.skirt_design": "null",
		"metadata.top.front_length": "63.0",
		"metadata.top.chest_size": "82.0",
		"metadata.top.waist_size": "100.0",
		"metadata.top.hem_size": "98.0",
		"metadata.top.shoulder_width": "43.0",
		"metadata.top.sleeve_length": "54.0",
		"metadata.top.sleeve_cuff_size": "18.0",
		"metadata.pants.pants_length": "null",
		"metadata.pants.waist_size": "null",
		"metadata.pants.hip_size": "null",
		"metadata.pants.front_rise_length": "null",
		"metadata.pants.back_rise_length": "null",
		"metadata.pants.inner_seam_length": "null",
		"metadata.pants.pants_waist_size": "null",
		"metadata.skirt.length": "null",
		"metadata.skirt.waist_size": "null",
		"metadata.skirt.hip_size": "null",
		"metadata.skirt.hem_size": "null",
		"metadata.dress.front_length": "null",
		"metadata.dress.chest_size": "null",
		"metadata.dress.waist_size": "null",
		"metadata.dress.hip_size": "null",
		"metadata.dress.hem_size": "null",
		"metadata.dress.shoulder_width": "null",
		"metadata.dress.sleeve_length": "null",
		"metadata.dress.cuff_size": "null",
		"metadata.jumpsuit.front_length": "null",
		"metadata.jumpsuit.inner_seam_length": "null",
		"metadata.jumpsuit.chest_size": "null",
		"metadata.jumpsuit.waist_size": "null",
		"metadata.jumpsuit.hip_size": "null",
		"metadata.jumpsuit.shoulder_width": "null",
		"metadata.jumpsuit.sleeve_length": "null",
		"metadata.jumpsuit.cuffs_size": "null",
		"metadata.jumpsuit.front_rise_length": "null",
		"metadata.jumpsuit.back_rise_length": "null",
		"metadata.jumpsuit.pants_waist_size": "null"
	}
}