{
	"dataset": {
		"dataset.id": 417628,
		"dataset.name": "01_sou_083526_417628_wear_02top_02t-shirt_woman",
		"dataset.image_path": "./008.의류 통합 데이터(3-1)/원천데이터/상품/상의/t-shirt/01_sou_083526_417628_wear_02top_02t-shirt_woman.jpg",
		"dataset.label_path": "./008.의류 통합 데이터(3-1)/라벨링데이터/상품/상의/t-shirt/01_sou_083526_417628_wear_02top_02t-shirt_woman.json",
		"dataset.category": 6,
		"dataset.type": 1,
		"dataset.width": 1574,
		"dataset.height": 2100,
		"dataset.file_size": 228616
	},
	"annotation": [
		{
			"annotation_type": "Polygon",
			"annotation_id": 68,
			"annotation_point_count": 87.0,
			"annotation_point": [
				491.2000000000007,
				810.4000000000015,
				472.0,
				823.9000000000015,
				415.8000000000011,
				879.7999999999993,
				326.6533203125,
				960.87890625,
				282.251953125,
				983.080078125,
				289.3877991890149,
				998.1444314828695,
				306.0383073869907,
				1021.9308717656932,
				332.2033916980963,
				1056.024769504409,
				359.95423869472324,
				1090.1186672431213,
				390.083729719634,
				1122.6268022963122,
				403.5627125465671,
				1106.7691754410953,
				426.55627148662825,
				1083.775616501036,
				444.7925423701272,
				1067.1251083030584,
				466.99321996742765,
				1040.9600239919528,
				486.02237219368726,
				1018.7593463946505,
				586.2000000000007,
				903.2000000000007,
				612.4000000000015,
				861.1000000000022,
				627.2999999999993,
				849.2000000000007,
				640.0,
				878.0,
				655.7999999999993,
				968.6000000000022,
				655.7999999999993,
				1025.7000000000007,
				633.0,
				1153.7999999999993,
				651.734375,
				1154.341796875,
				734.9871138205708,
				1131.3484970666796,
				746.0874526192201,
				1123.419683639073,
				803.967790640756,
				1113.1122261831842,
				868.1911794043808,
				1112.3193448404236,
				890.3918570016831,
				1121.041039610791,
				885.6345689451155,
				1132.934259752201,
				899.9064331148111,
				1142.4488358653325,
				951.4437203942616,
				1159.0993440633065,
				957.7867711363469,
				1162.2708694343528,
				956.2010084508256,
				1173.371208233002,
				976.8159233626066,
				1182.88578434613,
				983.1589741046919,
				1170.99256420472,
				979.2000000000007,
				1164.4000000000015,
				982.365234375,
				1075.84765625,
				989.5020248467772,
				1000.5230755111515,
				996.6379569316268,
				941.849856146855,
				999.0166009599088,
				904.5844330371001,
				1009.3240584157975,
				873.6620606694305,
				1018.8386345289255,
				868.1118912701022,
				1036.2820240696637,
				891.8983315529258,
				1067.2043964373333,
				936.2996867475304,
				1083.854904635311,
				950.571550917226,
				1098.9196501477636,
				983.8725673131776,
				1126.6704971443905,
				1027.4810411650178,
				1150.4569374272141,
				1056.024769504409,
				1168.693208310713,
				1084.5684978437966,
				1181.3793097948874,
				1109.9407008121416,
				1194.064453125,
				1121.041015625,
				1220.2304955901636,
				1154.3420560067425,
				1343.126953125,
				1053.646484375,
				1320.133544778022,
				1016.3807023663685,
				1261.0,
				976.0,
				1071.1000000000022,
				766.6000000000022,
				991.0877875322985,
				646.8979966398474,
				960.1654151646289,
				622.3186750142631,
				921.3142293693527,
				605.6681668162892,
				892.7705010299651,
				607.2539295018105,
				887.2203316306368,
				613.5969802438958,
				869.7769420899021,
				619.1471496432205,
				854.7121965774459,
				623.9044376997845,
				828.5471122663403,
				623.9044376997845,
				807.1393160117987,
				623.1115563570238,
				784.9386384145,
				622.3186750142631,
				761.9450794744371,
				619.9400309859811,
				746.8803339619808,
				609.6325735300925,
				738.9515205343741,
				615.1827429294171,
				727.8511817357212,
				615.9756242721778,
				715.1650802515505,
				614.3898615866565,
				702.4789787673799,
				618.3542683004598,
				691.3786399687269,
				622.3186750142631,
				678.6925384845563,
				626.2830817280665,
				666.0,
				633.4000000000015,
				657.2847422300147,
				638.1763018694801,
				647.770166116883,
				646.1051152970867,
				638.2555900037551,
				653.2410473819327,
				631.1196579189091,
				663.548504837825,
				622.3979631485417,
				673.8559622937137,
				613.6762683781708,
				681.7847757213203,
				608.1000000000022,
				690.5,
				600.1972855512395,
				702.3996906331013,
				588.3040654098259,
				717.4644361455576,
				581.9610146677405,
				725.3932495731642,
				572.4464385546125,
				736.4935883718172,
				525.666015625,
				783.2734375
			]
		}
	],
	"metadata.model": {
		"metadata.model.gender": "FEMALE",
		"metadata.model.age": "30대",
		"metadata.model.job": "entertainment and sports",
		"metadata.model.type": "wear",
		"metadata.model.usually_size": "M",
		"metadata.model.body_height": "170",
		"metadata.model.waist_height": "102",
		"metadata.model.chest_size_male": "null",
		"metadata.model.breast_size_female": "89.0",
		"metadata.model.waist_size": "72",
		"metadata.model.hip_seize": "93",
		"metadata.model.back_length": "40",
		"metadata.model.shoulders_width": "43",
		"metadata.model.arm_length": "56",
		"metadata.model.weight": "60"
	},
	"metadata.clothes": {
		"metadata.clothes.type": "02top_02t-shirt",
		"metadata.clothes.season": "spring&fall",
		"metadata.clothes.fiber_composition": "cellulose fiber Others,Viscos rayon",
		"metadata.clothes.elasticity": "contain",
		"metadata.clothes.transparency": "contain",
		"metadata.clothes.isfleece": "fleece_none",
		"metadata.clothes.color": "Black,White",
		"metadata.clothes.washing_method": "Hand Washing30",
		"metadata.clothes.bleach": "Do not any bleach",
		"metadata.clothes.ironing": "Ironing 80~120℃",
		"metadata.clothes.drycleaning": "DRYCLEAN",
		"metadata.clothes.wringing": "none",
		"metadata.clothes.drying": "Do not tumble dry",
		"metadata.clothes.top_length_type": "long",
		"metadata.clothes.sleeve_length_type": "long sleeves",
		"metadata.clothes.topneck_color_design": "round neck",
		"metadata.clothes.topsleeve_design": "basic sleeve",
		"metadata.clothes.pants_silhouette": "null",
		"metadata.clothes.skirt_design": "null",
		"metadata.top.front_length": "64.0",
		"metadata.top.chest_size": "114.0",
		"metadata.top.waist_size": "116.0",
		"metadata.top.hem_size": "130.0",
		"metadata.top.shoulder_width": "61.0",
		"metadata.top.sleeve_length": "46.0",
		"metadata.top.sleeve_cuff_size": "46.0",
		"metadata.pants.pants_length": "null",
		"metadata.pants.waist_size": "null",
		"metadata.pants.hip_size": "null",
		"metadata.pants.front_rise_length": "null",
		"metadata.pants.back_rise_length": "null",
		"metadata.pants.inner_seam_length": "null",
		"metadata.pants.pants_waist_size": "null",
		"metadata.skirt.length": "null",
		"metadata.skirt.waist_size": "null",
		"metadata.skirt.hip_size": "null",
		"metadata.skirt.hem_size": "null",
		"metadata.dress.front_length": "null",
		"metadata.dress.chest_size": "null",
		"metadata.dress.waist_size": "null",
		"metadata.dress.hip_size": "null",
		"metadata.dress.hem_size": "null",
		"metadata.dress.shoulder_width": "null",
		"metadata.dress.sleeve_length": "null",
		"metadata.dress.cuff_size": "null",
		"metadata.jumpsuit.front_length": "null",
		"metadata.jumpsuit.inner_seam_length": "null",
		"metadata.jumpsuit.chest_size": "null",
		"metadata.jumpsuit.waist_size": "null",
		"metadata.jumpsuit.hip_size": "null",
		"metadata.jumpsuit.shoulder_width": "null",
		"metadata.jumpsuit.sleeve_length": "null",
		"metadata.jumpsuit.cuffs_size": "null",
		"metadata.jumpsuit.front_rise_length": "null",
		"metadata.jumpsuit.back_rise_length": "null",
		"metadata.jumpsuit.pants_waist_size": "null"
	}
}