{
	"dataset": {
		"dataset.id": 472955,
		"dataset.name": "01_sou_094591_472955_wear_02top_02t-shirt_woman",
		"dataset.image_path": "./008.의류 통합 데이터(3-1)/원천데이터/상품/상의/t-shirt/01_sou_094591_472955_wear_02top_02t-shirt_woman.jpg",
		"dataset.label_path": "./008.의류 통합 데이터(3-1)/라벨링데이터/상품/상의/t-shirt/01_sou_094591_472955_wear_02top_02t-shirt_woman.json",
		"dataset.category": 6,
		"dataset.type": 1,
		"dataset.width": 1534,
		"dataset.height": 2141,
		"dataset.file_size": 188855
	},
	"annotation": [
		{
			"annotation_type": "Polygon",
			"annotation_id": 135,
			"annotation_point_count": 145.0,
			"annotation_point": [
				371.0,
				765.0,
				349.90000000000146,
				896.0,
				366.31416526609246,
				886.0478654912204,
				398.0697884977708,
				888.0640955376766,
				408.65499624166296,
				888.0640955376766,
				414.7036863810299,
				891.5924981189746,
				410.5,
				910.3000000000011,
				417.5,
				906.5,
				426.7000000000007,
				889.3000000000011,
				442.10000000000036,
				979.8000000000011,
				438.04598179439563,
				1003.9147125697855,
				434.90000000000146,
				1050.9000000000015,
				417.40000000000146,
				1079.5,
				411.0,
				1128.0,
				411.0,
				1157.0,
				403.0,
				1183.0,
				403.3046875,
				1193.4609375,
				417.3000000000011,
				1200.800000000001,
				450.40000000000146,
				1203.300000000001,
				498.10700126274605,
				1203.0874376450138,
				628.351028424564,
				1197.6909885912773,
				673.3000000000011,
				1196.4000000000015,
				689.9000000000015,
				1195.7000000000007,
				692.8000000000011,
				1005.4000000000015,
				691.4165573660757,
				925.768296272694,
				690.366437550214,
				907.9162594030331,
				714.1691533764279,
				899.5153008761354,
				733.4213500005717,
				892.5145021037188,
				707.9267744710232,
				814.3972558015139,
				677.0940898775098,
				745.4977278829883,
				675.2900000000027,
				743.0700000000033,
				674.5000000000036,
				741.7700000000023,
				673.7000000000025,
				740.3700000000026,
				673.0000000000036,
				739.090000000002,
				672.2000000000025,
				738.090000000002,
				671.2000000000025,
				736.890000000003,
				670.1000000000022,
				735.6900000000023,
				669.1000000000022,
				734.6900000000023,
				668.1000000000022,
				733.390000000003,
				666.9000000000033,
				732.2900000000027,
				665.6000000000022,
				731.2900000000027,
				664.1000000000022,
				730.4900000000034,
				662.8000000000029,
				729.7900000000027,
				661.4000000000033,
				729.090000000002,
				659.9000000000033,
				728.590000000002,
				658.5000000000036,
				728.090000000002,
				656.9000000000033,
				727.590000000002,
				655.4000000000033,
				727.1900000000023,
				654.0000000000036,
				726.6900000000023,
				652.4000000000033,
				726.2900000000027,
				650.9000000000033,
				725.7900000000027,
				649.3000000000029,
				725.2900000000027,
				647.6000000000022,
				724.890000000003,
				645.9000000000033,
				724.4900000000034,
				644.3000000000029,
				723.890000000003,
				642.8000000000029,
				723.390000000003,
				641.4000000000033,
				722.890000000003,
				639.7000000000025,
				722.390000000003,
				638.2000000000025,
				721.7900000000027,
				636.7000000000025,
				721.1900000000023,
				635.5000000000036,
				720.390000000003,
				634.900390625,
				719.8896484375,
				633.5000000000036,
				719.5700000000033,
				631.9000000000033,
				719.0700000000033,
				630.2000000000025,
				718.7700000000023,
				628.7900000000027,
				718.1700000000019,
				627.4000000000033,
				717.470000000003,
				625.7000000000025,
				716.7700000000023,
				624.1000000000022,
				716.0700000000033,
				622.6000000000022,
				715.6700000000019,
				621.2000000000025,
				714.970000000003,
				619.6000000000022,
				714.3700000000026,
				618.0000000000036,
				713.5700000000033,
				616.7000000000025,
				712.6700000000019,
				615.2900000000027,
				712.2700000000023,
				613.7000000000025,
				711.8700000000026,
				612.2000000000025,
				711.5700000000033,
				610.6000000000022,
				710.6700000000019,
				609.4000000000033,
				709.970000000003,
				608.0000000000036,
				709.3700000000026,
				606.5000000000036,
				708.970000000003,
				604.9000000000033,
				708.470000000003,
				603.5000000000036,
				708.0700000000033,
				602.0000000000036,
				707.7700000000023,
				600.6000000000022,
				707.5700000000033,
				600.4000000000033,
				705.6700000000019,
				593.4000000000033,
				701.0700000000033,
				591.1000000000022,
				699.7700000000023,
				590.2000000000025,
				699.470000000003,
				588.0,
				697.9697265625,
				588.11993353461,
				697.8112684669923,
				584.8788229918246,
				694.9752967420554,
				585.68910062752,
				704.090920143637,
				580.2197265865707,
				706.9268918685739,
				565.6347291440379,
				706.9268918685739,
				543.3525390625,
				703.2802734375,
				473.90000000000146,
				678.8000000000011,
				466.7001953125,
				678.5703125,
				465.6000000000022,
				678.970000000003,
				464.2900000000027,
				679.6700000000019,
				463.0000000000018,
				680.2700000000023,
				461.6000000000022,
				681.1700000000019,
				460.1000000000022,
				681.6700000000019,
				458.6000000000022,
				682.1700000000019,
				457.1000000000022,
				682.470000000003,
				455.5000000000018,
				683.0700000000033,
				454.1000000000022,
				683.7700000000023,
				452.7900000000027,
				684.6700000000019,
				451.5000000000018,
				685.5700000000033,
				450.20000000000255,
				686.3700000000026,
				448.70000000000255,
				687.1700000000019,
				447.4000000000033,
				687.8700000000026,
				445.9000000000033,
				688.7700000000023,
				444.5000000000018,
				689.2700000000023,
				443.20000000000255,
				690.0700000000033,
				441.70000000000255,
				690.7700000000023,
				440.2900000000027,
				691.3700000000026,
				438.9000000000033,
				692.0700000000033,
				437.5000000000018,
				692.470000000003,
				435.9000000000033,
				693.0700000000033,
				434.4000000000033,
				693.470000000003,
				433.0000000000018,
				694.0700000000033,
				431.4000000000033,
				694.6700000000019,
				430.0000000000018,
				694.970000000003,
				428.4000000000033,
				695.5700000000033,
				426.7900000000027,
				695.8700000000026,
				425.20000000000255,
				696.2700000000023,
				423.5000000000018,
				696.5700000000033,
				422.1000000000022,
				696.8700000000026,
				420.5000000000018,
				697.0700000000033,
				418.7900000000027,
				697.3700000000026,
				417.2900000000027,
				697.7700000000023,
				415.70000000000255,
				698.1700000000019,
				414.1000000000022,
				698.6700000000019,
				412.5000000000018,
				699.0700000000033,
				410.9000000000033,
				699.470000000003,
				409.2900000000027,
				699.6700000000019,
				407.6000000000022,
				700.0700000000033,
				406.0000000000018,
				700.470000000003,
				404.5000000000018,
				700.970000000003,
				402.7900000000027,
				701.5700000000033,
				401.5000000000018,
				702.0700000000033,
				400.0000000000018,
				702.6700000000019,
				398.5000000000018,
				703.470000000003,
				382.1000000000022,
				724.1700000000019
			]
		}
	],
	"metadata.model": {
		"metadata.model.gender": "FEMALE",
		"metadata.model.age": "30대",
		"metadata.model.job": "designer",
		"metadata.model.type": "wear",
		"metadata.model.usually_size": "XS",
		"metadata.model.body_height": "163",
		"metadata.model.waist_height": "97",
		"metadata.model.chest_size_male": "null",
		"metadata.model.breast_size_female": "80.0",
		"metadata.model.waist_size": "63",
		"metadata.model.hip_seize": "87",
		"metadata.model.back_length": "40",
		"metadata.model.shoulders_width": "41",
		"metadata.model.arm_length": "52",
		"metadata.model.weight": "45"
	},
	"metadata.clothes": {
		"metadata.clothes.type": "02top_02t-shirt",
		"metadata.clothes.season": "summer",
		"metadata.clothes.fiber_composition": "Cotton",
		"metadata.clothes.elasticity": "contain little",
		"metadata.clothes.transparency": "contain",
		"metadata.clothes.isfleece": "fleece_none",