{
	"dataset": {
		"dataset.id": 112467,
		"dataset.name": "01_sou_022494_112467_back_02top_02t-shirt_man",
		"dataset.image_path": "./008.의류 통합 데이터(3-1)/원천데이터/상품/상의/t-shirt/01_sou_022494_112467_back_02top_02t-shirt_man.jpg",
		"dataset.label_path": "./008.의류 통합 데이터(3-1)/라벨링데이터/상품/상의/t-shirt/01_sou_022494_112467_back_02top_02t-shirt_man.json",
		"dataset.category": 6,
		"dataset.type": 1,
		"dataset.width": 1920,
		"dataset.height": 1080,
		"dataset.file_size": 148528
	},
	"annotation": [
		{
			"annotation_type": "Polygon",
			"annotation_id": 6,
			"annotation_point_count": 157.0,
			"annotation_point": [
				959.7893850042165,
				23.24347093513279,
				935.5265374894734,
				8.416175231677698,
				900.48046875,
				23.2431640625,
				900.48046875,
				23.2431640625,
				821.0,
				107.0,
				799.0,
				196.0,
				799.0,
				245.0,
				783.0,
				270.0,
				729.6166237113393,
				284.850014318441,
				723.4641680985078,
				287.6465850515451,
				716.1930841924368,
				291.5617840778905,
				708.9220002863658,
				294.35835481099457,
				702.7695446735379,
				297.15492554409866,
				696.61708906071,
				301.62943871706557,
				690.4646334478784,
				304.42600945016966,
				682.6342353951877,
				308.34120847651684,
				673.6852090492539,
				312.2564075028622,
				664.7361827033201,
				315.61229238258784,
				656.9057846506294,
				319.5274914089332,
				649.6347007445584,
				322.88337628865884,
				641.2449885452443,
				326.2392611683845,
				631.7366480526907,
				330.15446019472984,
				624.4655641466197,
				334.0696592210752,
				615.5165378006859,
				338.5441723940421,
				608.2454538946149,
				340.2221148339049,
				599.8557416953008,
				344.1373138602503,
				590.90625,
				346.93359375,
				319.0,
				488.0,
				234.140625,
				545.658203125,
				173.57451639445753,
				592.756561230126,
				160.48330652253753,
				603.1016265024737,
				161.9504248702524,
				607.2772710305871,
				150.89060963363045,
				614.3495338349603,
				122.60155841614687,
				633.1963618402224,
				111.35365108366386,
				640.0805325487345,
				100.82049371545145,
				645.1590191369796,
				97.54769124747145,
				647.5289795448261,
				97.92387543919358,
				649.8989399526763,
				98.82671749932524,
				652.9836503247934,
				100.25621742786825,
				655.8802686010531,
				101.53524367972204,
				658.7768868773128,
				102.62617783571659,
				661.5230314768814,
				104.09329618343145,
				663.5168076930058,
				105.52279611197446,
				665.8491496816823,
				111.1655589878028,
				681.4607936381399,
				114.4383614557828,
				686.539280226385,
				118.23782179217233,
				687.1035565139682,
				120.75825587670988,
				689.2478064067836,
				123.3203125,
				694.8896484375,
				122.0503150531058,
				699.0620049598074,
				121.86889906558463,
				701.2389968100542,
				121.86889906558463,
				704.5044845854136,
				121.86889906558463,
				707.2257243982167,
				122.23173104062516,
				710.128380198541,
				123.86447492830666,
				716.1151077867071,
				126.04146677854988,
				717.0221877243093,
				130.39545047903448,
				716.8407717367882,
				141.28040973024508,
				713.2124519863864,
				171.57687964611614,
				711.0354601361396,
				201.51051758694666,
				707.588556373259,
				204.7578637635579,
				709.3301498534529,
				218.2552132350611,
				706.935458818185,
				275.72779808145606,
				690.60801994137,
				380.8765044481552,
				660.1301340379796,
				520.6938060299653,
				617.7150761557568,
				533.2296507676074,
				616.7717130206511,
				542.6451405199041,
				616.7717130206511,
				557.3761187065465,
				612.9982604802353,
				565.213289367417,
				610.1863126736716,
				615.5999999999985,
				588.7000000000007,
				608.9000000000015,
				634.5999999999985,
				615.3000000000029,
				758.8000000000029,
				635.0999999999985,
				1028.0999999999985,
				767.0,
				1029.0,
				798.2283667486045,
				1019.9663767171369,
				857.3645216872828,
				1020.4177977472064,
				970.2197792038387,
				1017.2578505367419,
				1019.4246714810579,
				1018.6121136269394,
				1093.4577204119196,
				1017.2578505367419,
				1117.8344560354963,
				1018.1606925968736,
				1184.6447684852974,
				1015.9035874465408,
				1192.7703470264896,
				1018.6121136269394,
				1245.5869140625,
				1022.6748046875,
				1242.589673483526,
				937.7550834582471,
				1242.2761866570945,
				923.9616630951132,
				1243.5301339628313,
				906.0929139883228,
				1249.486328125,
				892.61328125,
				1252.300000000003,
				876.0,
				1267.0,
				694.0999999999985,
				1269.3823475828176,
				580.1815596657325,
				1277.7419962877466,
				579.1366035776155,
				1297.8574009839867,
				580.4427986877599,
				1314.3154593718173,
				585.1451010842829,
				1329.990234375,
				591.67578125,
				1403.5338101751804,
				602.825758095205,
				1479.711108998854,
				621.9484545077357,
				1514.1946599066941,
				629.158651515736,
				1545.5433425501833,
				636.682335350175,
				1582.5347880694972,
				644.2060191846103,
				1607.6137341842878,
				647.3408874489614,
				1629.871298861166,
				648.5948347546982,
				1663.7278761161324,
				647.6543742753929,
				1688.806822230923,
				645.4599664903508,
				1703.5407030733622,
				652.3566766719159,
				1740.3571184479224,
				662.2019046154564,
				1749.7181834039657,
				662.2019046154564,
				1751.4597768841559,
				661.3311078753613,
				1755.1606630295719,
				657.1948233598996,
				1756.4668581397127,
				644.785969813518,
				1758.4261508049312,
				640.8673844830846,
				1758.6438499899596,
				637.3841975226969,
				1758.6438499899596,
				633.9010105623092,
				1758.6438499899596,
				630.2001244168932,
				1759.29694754503,
				627.1523358265549,
				1761.4739393952696,
				624.539945606266,
				1763.433232060488,
				621.274457830903,
				1765.1748255406856,
				618.00897005554,
				1766.48102065083,
				615.1788806502227,
				1767.7872157609745,
				611.9133928748633,
				1768.8757116860943,
				608.2125067294473,
				1770.6173051662918,
				604.947018954088,
				1772.358898646482,
				602.3346287337954,
				1773.66509375663,
				598.8514417734077,
				1773.8827929416511,
				595.5859539980447,
				1773.2296953865807,
				592.5381654077064,
				1746.234996443578,
				580.5647102313742,
				1717.7164032054025,
				565.7611656497247,
				1717.7164032054025,
				561.1894827642172,
				1717.1503853243412,
				559.4696592025248,
				1701.258344817572,
				544.8838138059,
				1687.3255969760212,
				532.0395618894727,
				1660.5485972180395,
				512.22893605227,
				1658.3720703125,
				510.705078125,
				1600.0,
				478.0,
				1371.0,
				379.0,
				1197.2032502863658,
				311.69709335624066,
				1188.2542239404356,
				308.90052262313657,
				1170.9154853951877,
				300.5108104238243,
				1166.4409722222226,
				298.27355383734175,
				1164.2037156357364,
				296.0362972508574,
				1159.1698883161516,
				291.5617840778905,
				1155.2546892898026,
				287.6465850515451,
				1153.01743270332,
				285.4093284650626,
				1151.3394902634573,
				284.2907001718195,
				1146.8649770904922,
				281.4941294387154,
				1141.8311497709037,
				278.1382445589916,
				1137.9159507445584,
				276.46030211912876,
				1133.4414375715896,
				274.78235967926594,
				1129.5262385452443,
				273.1044172394031,
				1125.611039518899,
				270.8671606529206,
				1115.543384879722,
				267.51127577319494,
				1111.6281858533766,
				265.8333333333321,
				1105.4757302405487,
				263.03676260022803,
				1099.3232746277208,
				262.4774484536065,
				1088.13671875,
				260.7998046875,
				1074.0999999999985,
				248.3000000000011,
				1040.0999999999985,
				89.10000000000036
			]
		}
	],
	"metadata.model": {
		"metadata.model.gender": "MALE",
		"metadata.model.age": "30대",
		"metadata.model.job": "service job",
		"metadata.model.type": "back",
		"metadata.model.usually_size": "XL",
		"metadata.model.body_height": "188",
		"metadata.model.waist_height": "112",
		"metadata.model.chest_size_male": "99.0",
		"metadata.model.breast_size_female": "null",