{
	"dataset": {
		"dataset.id": 501615,
		"dataset.name": "01_sou_100323_501615_wear_02top_02t-shirt_man",
		"dataset.image_path": "./008.의류 통합 데이터(3-1)/원천데이터/상품/상의/t-shirt/01_sou_100323_501615_wear_02top_02t-shirt_man.jpg",
		"dataset.label_path": "./008.의류 통합 데이터(3-1)/라벨링데이터/상품/상의/t-shirt/01_sou_100323_501615_wear_02top_02t-shirt_man.json",
		"dataset.category": 6,
		"dataset.type": 1,
		"dataset.width": 2268,
		"dataset.height": 4032,
		"dataset.file_size": 787315
	},
	"annotation": [
		{
			"annotation_type": "Polygon",
			"annotation_id": 125,
			"annotation_point_count": 317.0,
			"annotation_point": [
				1027.4000000000015,
				895.3000000000011,
				1027.0,
				899.8000000000011,
				1024.494936062838,
				904.0060660316776,
				1019.3966764000252,
				908.2546157506877,
				1013.4487067934097,
				911.6534555258968,
				1006.6510272429914,
				912.9280204416009,
				999.8533476925732,
				912.9280204416009,
				993.4805231140563,
				912.5031654696995,
				985.4000000000015,
				911.8000000000011,
				979.035454069417,
				912.5031654696995,
				972.6626294909001,
				913.3528754135023,
				963.6000000000004,
				916.2000000000007,
				958.6000000000004,
				918.9000000000015,
				951.5,
				922.0,
				945.5,
				923.8000000000011,
				938.4000000000015,
				924.8000000000011,
				930.3000000000011,
				927.2000000000007,
				924.1000000000004,
				929.3000000000011,
				917.4314831437532,
				932.0464941771515,
				911.0586585652363,
				934.1707690366584,
				905.110688958619,
				938.4193187556684,
				899.1627193520035,
				941.8181585308776,
				893.214749745388,
				944.367288362284,
				887.2667801387724,
				947.3412731655935,
				880.8939555602556,
				949.0406930531972,
				874.94598595364,
				951.5898228846036,
				868.5731613751232,
				954.13895271601,
				862.2003367966045,
				955.8383726036154,
				856.252367189989,
				957.9626474631204,
				852.0038174709789,
				959.6620673507259,
				848.1801227238684,
				961.3614872383296,
				842.6570080891524,
				963.9106170697378,
				835.4344735668346,
				966.0348919292428,
				829.4865039602173,
				967.3094568449469,
				823.5385343536018,
				970.2834416482547,
				818.0154197188876,
				974.1071363953633,
				812.0674501122721,
				977.5059761705743,
				806.9691904494575,
				981.329670917683,
				801.021220842842,
				985.1533656647953,
				796.3478161519288,
				988.977060411904,
				791.6744114610174,
				994.0753200747167,
				787.4258617420055,
				999.5984347094309,
				784.0270219667964,
				1005.5464043160464,
				781.0530371634886,
				1011.4943739226655,
				777.2293424163781,
				1017.4423435292811,
				772.5559377254649,
				1023.815168107798,
				768.7322429783562,
				1029.7631377144135,
				765.3334032031471,
				1034.8613973772262,
				762.3594183998393,
				1040.8093669838418,
				759.3854335965298,
				1047.1821915623586,
				755.9865938213206,
				1053.5550161408755,
				753.0126090180129,
				1058.6532758036883,
				749.6137692428038,
				1064.6012454103075,
				745.3652195237937,
				1070.1243600450216,
				741.5415247766832,
				1076.0723296516371,
				738.1426850014741,
				1082.0202992582526,
				734.743845226265,
				1087.5434138929668,
				731.3450054510558,
				1093.4913834995823,
				727.9461656758467,
				1099.4393531061978,
				724.972180872539,
				1105.3873227128133,
				722.4230510411326,
				1111.3352923194325,
				713.3154296875,
				1136.919921875,
				692.0251876275724,
				1225.7517952082053,
				669.3000000000011,
				1338.7999999999993,
				645.773775966527,
				1440.857566901639,
				633.2932363119598,
				1496.6529206514679,
				611.2687545686058,
				1605.3070305853544,
				589.9784222166963,
				1707.3537959962305,
				581.9027789107986,
				1776.3638387920764,
				559.8782971674445,
				1842.4372840221404,
				540.0562635984243,
				1941.5474518672381,
				538.5879648155351,
				1978.2549214394967,
				531.2464709010819,
				2004.68429953152,
				529.1777670718966,
				2022.082733751493,
				529.1777670718966,
				2027.7474667101742,
				530.9479961214838,
				2033.4121996688555,
				532.7182251710728,
				2038.7228868176207,
				534.1344084107423,
				2044.0335739663824,
				536.6127290801651,
				2049.3442611151477,
				539.4450955595075,
				2054.3009024539933,
				542.9855536586838,
				2058.549452173007,
				547.2341033776938,
				2062.0899102721814,
				549.7124240471167,
				2067.046551611027,
				550.4205156669523,
				2072.3572387597924,
				551.1286072867879,
				2077.313880098638,
				551.4826530967057,
				2083.332658867239,
				551.1286072867879,
				2097.1404454540243,
				551.5,
				2116.9000000000015,
				552.5,
				2134.7000000000007,
				552.8988363363769,
				2139.9799884540553,
				551.1286072867879,
				2144.9366297929046,
				548.650286617365,
				2149.89327113175,
				546.880057567776,
				2155.5580040904315,
				545.4638743281066,
				2160.868691239197,
				545.4638743281066,
				2166.533424197878,
				546.5260117578582,
				2171.8441113466433,
				551.8366989066235,
				2176.800752685489,
				561.7499815843166,
				2170.427928106972,
				567.0606687330801,
				2167.2415158177137,
				571.309218452092,
				2164.409149338371,
				576.2658597909376,
				2162.638920288784,
				582.2846385595385,
				2160.514645429277,
				588.3034173281376,
				2158.390370569774,
				593.614104476901,
				2156.9741873301027,
				599.6328832455001,
				2155.9120499003475,
				604.5895245843476,
				2155.5580040904315,
				610.9623491628645,
				2154.49586666068,
				616.273036311628,
				2153.7877750408443,
				622.9999067000626,
				2152.371591801173,
				627.9565480389101,
				2151.3094543714215,
				633.2672351876736,
				2150.601362751586,
				639.2860139562727,
				2149.5392253218306,
				644.9507469149557,
				2148.8311337019986,
				650.2614340637192,
				2148.8311337019986,
				655.2180754025667,
				2148.123042082163,
				661.5908999810836,
				2147.0609046524078,
				666.901587129847,
				2146.352813032572,
				671.8582284686945,
				2145.998767222656,
				677.168915617458,
				2145.998767222656,
				683.5417401959749,
				2145.6447214127365,
				689.2064731546561,
				2144.9366297929046,
				694.5171603034214,
				2144.9366297929046,
				701.9521223116917,
				2144.9366297929046,
				707.2628094604552,
				2144.228538173069,
				712.9275424191364,
				2144.228538173069,
				718.2382295679017,
				2146.352813032572,
				720.3625044274067,
				2151.6635001813374,
				720.3625044274067,
				2157.3282331400187,
				726.027237386088,
				2151.6635001813374,
				726.7353290059236,
				2146.352813032572,
				725.3191457662524,
				2141.0421258838105,
				724.6110541464186,
				2135.7314387350452,
				724.2570083365008,
				2130.42075158628,
				722.8408250968296,
				2124.7560186275987,
				722.4867792869118,
				2119.4453314788334,
				715.0517578125,
				2096.431640625,
				709.741130129878,
				2087.227162776333,
				707.616855270373,
				2082.2705214374873,
				706.9087636505374,
				2076.959834288722,
				708.6789927001246,
				2063.5060935118527,
				711.8654049893848,
				2048.282123685396,
				724.2570083365008,
				2032.3500622391039,
				745.853515625,
				1990.572265625,
				753.6428105596624,
				1965.7894499745926,
				761.0777725679327,
				1925.4282276439844,
				781.3000000000011,
				1868.4000000000015,
				791.525390625,
				1825.587890625,
				798.2525826092806,
				1801.5121941728175,
				803.209223948128,
				1780.6234913876797,
				808.1658652869737,
				1760.4428802223774,
				809.2280027167271,
				1779.2073081480085,
				806.0415904274687,
				1833.7303628753216,
				806.0415904274687,
				1885.4210511232923,
				804.6254071877975,
				1913.0366242968666,
				801.0891976383464,
				1999.0782532062913,
				797.0105899080954,
				2060.257369160052,
				795.9909379755318,
				2084.2191895752767,
				831.1689296489458,
				2086.768319406685,
				866.3469213223598,
				2090.337101170655,
				915.2902140853712,
				2092.3764050357786,
				976.9791560054146,
				2089.8272752043704,
