{
	"dataset": {
		"dataset.id": 49457,
		"dataset.name": "01_sou_009892_049457_back_02top_02t-shirt_woman",
		"dataset.image_path": "./008.의류 통합 데이터(3-1)/원천데이터/상품/상의/t-shirt/01_sou_009892_049457_back_02top_02t-shirt_woman.jpg",
		"dataset.label_path": "./008.의류 통합 데이터(3-1)/라벨링데이터/상품/상의/t-shirt/01_sou_009892_049457_back_02top_02t-shirt_woman.json",
		"dataset.category": 6,
		"dataset.type": 1,
		"dataset.width": 1476,
		"dataset.height": 1080,
		"dataset.file_size": 241019
	},
	"annotation": [
		{
			"annotation_type": "Polygon",
			"annotation_id": 72,
			"annotation_point_count": 106.0,
			"annotation_point": [
				870.0,
				220.0,
				853.3000000000011,
				217.3000000000011,
				829.0,
				240.0,
				793.0,
				256.0,
				752.0,
				262.0,
				693.0,
				256.0,
				643.8000000000011,
				227.40000000000146,
				628.9140625,
				231.8984375,
				608.14043772271,
				240.86182985099003,
				601.813502186591,
				245.07978687507057,
				594.9593220224615,
				249.8249885271598,
				588.6323864863425,
				254.04294555123852,
				581.2509616942043,
				258.26090257531905,
				574.3967815300748,
				262.47885959939777,
				567.0153567379366,
				265.64232736745726,
				559.6339319457966,
				268.2785505075062,
				552.2525071536584,
				271.96926290357624,
				544.3438377335078,
				274.605486043627,
				537.4896575693801,
				279.35068769571626,
				530.1082327772401,
				283.04140009178445,
				522.7268079851019,
				286.73211248785447,
				515.3453831929619,
				290.950069511935,
				508.166015625,
				295.4013671875,
				503.0400794025736,
				297.2316034273081,
				498.28023206637226,
				300.1607402495847,
				493.15424262738816,
				302.3575928662922,
				487.66211108561765,
				303.8221612774323,
				482.16997954384715,
				304.92058758578605,
				477.0439901048612,
				307.8497244080627,
				472.2841427686617,
				311.1450033331257,
				467.52429543246035,
				314.07414015540235,
				462.764448096259,
				315.53870856654066,
				456.17389024613476,
				316.2709927721098,
				450.6817587043661,
				318.10170328603454,
				445.55576926538015,
				319.93241379995743,
				440.06363772360965,
				322.1292664166649,
				434.9376482846237,
				324.3261190333742,
				430.1778009484242,
				326.5229716500817,
				425.05181150943827,
				329.0859663695737,
				419.55967996766776,
				331.282818986283,
				414.43369052868184,
				333.4796716029905,
				408.94155898691133,
				335.3103821169134,
				292.87451240416885,
				382.17657127335224,
				101.0,
				470.0,
				151.90000000000146,
				592.6000000000004,
				311.0,
				543.6000000000004,
				470.40000000000146,
				503.3000000000011,
				492.24489795918635,
				496.07142857143117,
				496.8002915451925,
				601.7565597667672,
				493.1559766763876,
				670.9985422740556,
				496.7998046875,
				742.9736328125,
				488.0,
				775.0,
				506.8221574344061,
				782.1501457725972,
				598.8411078717236,
				783.0612244897984,
				724.5699708454849,
				777.5947521865928,
				854.8542274052506,
				772.1282798833854,
				988.7827988338231,
				763.9285714285743,
				1064.4023323615183,
				755.7288629737632,
				1049.8250728863004,
				630.0000000000036,
				1036.1588921282837,
				509.7376093294497,
				1030.6923828125,
				468.7392578125,
				1034.0,
				460.0,
				1148.0,
				484.0,
				1280.0,
				505.0,
				1394.0,
				531.0,
				1404.800000000001,
				528.8000000000011,
				1446.300000000001,
				396.90000000000146,
				1157.2481429741256,
				309.8781516574927,
				1142.7489157038526,
				305.92381694741925,
				1136.1583578537284,
				304.1663348540533,
				1129.5678000036041,
				302.4088527606855,
				1122.97724215348,
				300.6513706673195,
				1115.9473137800142,
				298.8938885739535,
				1108.9173854065484,
				297.13640648058754,
				1102.7661980797657,
				295.37892438721974,
				1096.1756402296414,
				293.62144229385376,
				1089.5850823795172,
				292.74270124717077,
				1082.9945245293948,
				290.9852191538048,
				1076.4039666792705,
				288.348996013754,
				1070.2527793524878,
				287.0308844437295,
				1063.222850979022,
				286.15214339704653,
				1057.0716636522393,
				284.83403182702205,
				1050.0417352787736,
				283.07654973365425,
				1043.8905479519908,
				282.63717921031275,
				1036.860619578525,
				282.63717921031275,
				1029.8306912050593,
				282.63717921031275,
				1022.8007628315936,
				281.31906764028827,
				1017.5283165514938,
				277.8041034535563,
				1011.3771292247111,
				273.84976874348104,
				1006.1046829446113,
				270.7741750800906,
				999.5141250944871,
				268.1379519400398,
				993.3629377677044,
				265.9410993233323,
				986.7723799175801,
				264.18361722996633,
				980.1818220674559,
				261.98676461325704,
				974.0306347406749,
				258.9111709498666,
				968.3188179372337,
				255.8355772864743,
				962.1676306104509,
				253.19935414642532,
				955.5770727603267,
				251.44187205305934,
				949.425885433544,
				248.80564891300855,
				943.2746981067612,
				246.16942577295958,
				937.1235107799785,
				243.53320263291062,
				931.8510644998787,
				239.13949739949385,
				925.2605066497545,
				236.50327425944488,
				919.1093193229717,
				233.8670511193941,
				912.9581319961908,
				230.79145745600363,
				906.806640625,
				229.9130859375
			]
		}
	],
	"metadata.model": {
		"metadata.model.gender": "FEMALE",
		"metadata.model.age": "30대",
		"metadata.model.job": "Others",
		"metadata.model.type": "back",
		"metadata.model.usually_size": "S",
		"metadata.model.body_height": "166",
		"metadata.model.waist_height": "103",
		"metadata.model.chest_size_male": "null",
		"metadata.model.breast_size_female": "75.0",
		"metadata.model.waist_size": "68",
		"metadata.model.hip_seize": "86",
		"metadata.model.back_length": "45",
		"metadata.model.shoulders_width": "35",
		"metadata.model.arm_length": "53",
		"metadata.model.weight": "46"
	},
	"metadata.clothes": {
		"metadata.clothes.type": "02top_02t-shirt",
		"metadata.clothes.season": "spring&fall",
		"metadata.clothes.fiber_composition": "Cotton",
		"metadata.clothes.elasticity": "contain",
		"metadata.clothes.transparency": "none at all",
		"metadata.clothes.isfleece": "fleece_none",
		"metadata.clothes.color": "Green,White",
		"metadata.clothes.washing_method": "none",
		"metadata.clothes.bleach": "none",
		"metadata.clothes.ironing": "none",
		"metadata.clothes.drycleaning": "none",
		"metadata.clothes.wringing": "none",
		"metadata.clothes.drying": "none",
		"metadata.clothes.top_length_type": "normal",
		"metadata.clothes.sleeve_length_type": "long sleeves",
		"metadata.clothes.topneck_color_design": "round neck",
		"metadata.clothes.topsleeve_design": "basic sleeve",
		"metadata.clothes.pants_silhouette": "null",
		"metadata.clothes.skirt_design": "null",
		"metadata.top.front_length": "60.0",
		"metadata.top.chest_size": "118.0",
		"metadata.top.waist_size": "116.0",
		"metadata.top.hem_size": "120.0",
		"metadata.top.shoulder_width": "61.0",
		"metadata.top.sleeve_length": "45.0",
		"metadata.top.sleeve_cuff_size": "32.0",
		"metadata.pants.pants_length": "null",
		"metadata.pants.waist_size": "null",
		"metadata.pants.hip_size": "null",
		"metadata.pants.front_rise_length": "null",
		"metadata.pants.back_rise_length": "null",
		"metadata.pants.inner_seam_length": "null",
		"metadata.pants.pants_waist_size": "null",
		"metadata.skirt.length": "null",
		"metadata.skirt.waist_size": "null",
		"metadata.skirt.hip_size": "null",
		"metadata.skirt.hem_size": "null",
		"metadata.dress.front_length": "null",
		"metadata.dress.chest_size": "null",
		"metadata.dress.waist_size": "null",
		"metadata.dress.hip_size": "null",
		"metadata.dress.hem_size": "null",
		"metadata.dress.shoulder_width": "null",
		"metadata.dress.sleeve_length": "null",
		"metadata.dress.cuff_size": "null",
		"metadata.jumpsuit.front_length": "null",
		"metadata.jumpsuit.inner_seam_length": "null",
		"metadata.jumpsuit.chest_size": "null",
		"metadata.jumpsuit.waist_size": "null",