{
	"dataset": {
		"dataset.id": 226433,
		"dataset.name": "01_sou_045287_226433_wear_02top_02t-shirt_woman",
		"dataset.image_path": "./008.의류 통합 데이터(3-1)/원천데이터/상품/상의/t-shirt/01_sou_045287_226433_wear_02top_02t-shirt_woman.jpg",
		"dataset.label_path": "./008.의류 통합 데이터(3-1)/라벨링데이터/상품/상의/t-shirt/01_sou_045287_226433_wear_02top_02t-shirt_woman.json",
		"dataset.category": 6,
		"dataset.type": 1,
		"dataset.width": 3024,
		"dataset.height": 4032,
		"dataset.file_size": 861988
	},
	"annotation": [
		{
			"annotation_type": "Polygon",
			"annotation_id": 26,
			"annotation_point_count": 154.0,
			"annotation_point": [
				1689.4000000000015,
				1659.7000000000007,
				1624.2000000000007,
				1639.800000000001,
				1558.0,
				1609.2000000000007,
				1536.7000000000007,
				1600.0,
				1515.9000000000015,
				1601.9000000000015,
				1521.362632158487,
				1603.948017564364,
				1535.6000000000004,
				1609.5,
				1543.5,
				1621.0,
				1536.5,
				1636.6000000000004,
				1525.5,
				1649.300000000001,
				1514.7000000000007,
				1657.9000000000015,
				1502.3774860881713,
				1664.7004849893783,
				1490.0371411424658,
				1674.1930580245353,
				1478.6460535002752,
				1680.8378591491473,
				1465.356451251053,
				1687.4826602737576,
				1452.0668490018325,
				1693.1782040948528,
				1435.9294748420634,
				1697.9244906124313,
				1422.6398725928411,
				1700.772262522978,
				1406.502498433072,
				1702.6707771300098,
				1392.2636388803348,
				1703.6200344335266,
				1379.9000000000015,
				1699.9000000000015,
				1362.8366624713435,
				1696.9752333089164,
				1350.496317525638,
				1692.228946791336,
				1337.2067152764175,
				1685.5841456667258,
				1323.9171130271952,
				1678.9393445421156,
				1310.627510777973,
				1673.2438007210203,
				1298.2871658322674,
				1664.7004849893783,
				1285.946820886562,
				1655.2079119542195,
				1276.4542478514031,
				1643.816824312029,
				1266.9616748162462,
				1632.4257366698384,
				1261.266130995151,
				1617.2376198135862,
				1259.3671875,
				1605.8466796875,
				1278.300000000001,
				1587.7000000000007,
				1264.4000000000015,
				1585.9000000000015,
				1202.0,
				1621.0,
				1093.0,
				1643.0,
				1049.0,
				1678.0,
				1026.0,
				1713.0,
				969.0,
				1870.0,
				887.0,
				2059.2000000000007,
				969.0,
				2100.2000000000007,
				978.922730193588,
				2100.8921264324345,
				987.49241418366,
				2104.1881587363096,
				997.3805110952835,
				2108.1433975009586,
				1006.6094015461331,
				2111.439429804832,
				1015.8382919969808,
				2114.0762556479312,
				1027.044801830154,
				2116.0538750302567,
				1037.5921052025515,
				2118.031494412582,
				1047.480202114175,
				2120.0091137949057,
				1057.3682990257985,
				2121.986733177231,
				1067.256395937422,
				2123.9643525595548,
				1076.5,
				2123.300000000001,
				1088.3510026822169,
				2118.690700873356,
				1097.5798931330664,
				2114.735462108707,
				1106.8087835839142,
				2110.780223344058,
				1108.7864029662396,
				2106.824984579409,
				1116.4000000000015,
				2094.2000000000007,
				1109.300000000001,
				2202.4000000000015,
				1099.1000000000004,
				2240.2000000000007,
				1082.0,
				2388.0,
				1055.90234375,
				2569.75,
				1056.66484027946,
				2575.0904628617845,
				1056.283355059104,
				2580.812741167121,
				1055.901869838748,
				2586.9165046928156,
				1055.1388993980363,
				2592.6387829981522,
				1054.3759289573245,
				2598.3610613034907,
				1053.9944437369686,
				2604.846310049539,
				1053.6129585166127,
				2610.568588354876,
				1053.6129585166127,
				2616.67235188057,
				1052.849988075901,
				2622.7761154062628,
				1052.468502855545,
				2628.4983937116012,
				1052.087017635189,
				2634.602157237294,
				1051.7055324148332,
				2638.417009440853,
				1050.5610767537655,
				2645.665228627613,
				1050.1795915334096,
				2652.1504773736633,
				1049.7981063130537,
				2657.872755679,
				1050.5610767537655,
				2663.9765192046925,
				1051.7055324148332,
				2670.080282730387,
				1052.849988075901,
				2676.1840462560795,
				1056.283355059104,
				2681.524839341062,
				1061.6241481440848,
				2684.958206324265,
				1067.3464264494232,
				2688.3915733074664,
				1072.305734314048,
				2691.4434550703136,
				1077.6465273990307,
				2694.8768220535167,
				1082.9873204840114,
				2696.7842481552943,
				1088.70959878935,
				2699.4546446977856,
				1094.0503918743307,
				2702.125041240277,
				1099.0096997389574,
				2704.0324673420564,
				1104.731978044294,
				2706.702863884546,
				1110.8357415699884,
				2708.6102899863254,
				1115.7950494346132,
				2713.188112630596,
				1115.7950494346132,
				2720.0548465970005,
				1115.7950494346132,
				2725.014154461627,
				1117.3209903160368,
				2731.8808884280315,
				1118.0839607567486,
				2732.6438588687433,
				1119.6099016381722,
				2732.6438588687433,
				1254.1000000000004,
				2757.800000000001,
				1339.0,
				2781.0,
				1375.9000000000015,
				2793.800000000001,
				1439.6533203125,
				2792.3994140625,
				1445.1464995766237,
				2786.3569778948495,
				1452.837241618996,
				2783.6102843082863,
				1458.8799675094324,
				2777.018219700538,
				1463.2746772479313,
				2769.8768163754776,
				1467.669386986432,
				2762.7354130504154,
				1472.064096724931,
				2755.594009725355,
				1478.1068226153675,
				2749.5512838349186,
				1486.3469033750534,
				2747.353928965669,
				1494.5869841347394,
				2745.7059128137316,
				1502.8270648944253,
				2744.607235379106,
				1512.1658230887351,
				2744.607235379106,
				1520.405903848421,
				2744.057896661794,
				1529.7446620427327,
				2744.057896661794,
				1538.5340815197305,
				2743.508557944482,
				1547.8728397140421,
				2742.9592192271703,
				1556.66225919104,
				2742.9592192271703,
				1564.902339950726,
				2741.3112030752327,
				1573.142420710412,
				2740.212525640607,
				1580.833162752786,
				2739.663186923295,
				1589.6225822297838,
				2739.1138482059832,
				1597.8626629894698,
				2737.4658320540457,
				1606.6520824664694,
				2735.268477184796,
				1614.3428245088417,
				2732.521783598233,
				1622.5829052685276,
				2730.3244287289835,
				1630.8229860282136,
				2727.577735142422,
				1639.0630667878995,
				2725.3803802731727,
				1647.3031475475855,
				2721.5350092519857,
				1654.4445508726476,
				2717.6896382307987,
				1662.6846316323335,
				2713.2949284922997,
				1668.2000000000007,
				2706.2000000000007,
				1669.800000000001,
				2695.2000000000007,
				1664.4000000000015,
				2533.800000000001,
				1672.4000000000015,
				2496.9000000000015,
				1651.800000000001,
				2382.7000000000007,
				1651.300000000001,
				2320.9000000000015,
				1661.1000000000004,
				2303.6000000000004,
				1680.6000000000004,
				2163.0,
				1687.1741516501188,
				2165.626200880528,
				1697.721455022518,
				2169.581439645177,
				1707.6095519341397,
				2172.877471949052,
				1717.4976488457633,
				2174.1958848706017,
				1727.3857457573868,
				2174.8550913313757,
				1737.9330491297842,
				2174.8550913313757,
				1748.4803525021835,
				2174.1958848706017,
				1757.0500364922573,
				2172.2182654882763,
				1768.2565463254286,
				2168.922233184401,
				1778.1446432370522,
				2166.285407341302,
				1787.3735336879017,
				2163.6485814982025,
				1797.2616305995234,
				2159.6933427335534,
				1807.149727511147,
				2157.056516890454,
				1815.0602050404468,
				2151.7828652042554,
				1859.6000000000004,
				2129.9000000000015,
				1800.9000000000015,
				1946.0,
				1739.7000000000007,
				1728.7000000000007
			]
		}
	],
	"metadata.model": {
		"metadata.model.gender": "FEMALE",
		"metadata.model.age": "40대",
		"metadata.model.job": "homemaker",
		"metadata.model.type": "wear",
		"metadata.model.usually_size": "S",
		"metadata.model.body_height": "154",
		"metadata.model.waist_height": "90",
		"metadata.model.chest_size_male": "null",
		"metadata.model.breast_size_female": "85.0",
		"metadata.model.waist_size": "73",