{
	"dataset": {
		"dataset.id": 23872,
		"dataset.name": "01_sou_004775_023872_back_02top_02t-shirt_woman",
		"dataset.image_path": "./008.의류 통합 데이터(3-1)/원천데이터/상품/상의/t-shirt/01_sou_004775_023872_back_02top_02t-shirt_woman.jpg",
		"dataset.label_path": "./008.의류 통합 데이터(3-1)/라벨링데이터/상품/상의/t-shirt/01_sou_004775_023872_back_02top_02t-shirt_woman.json",
		"dataset.category": 6,
		"dataset.type": 1,
		"dataset.width": 1211,
		"dataset.height": 1080,
		"dataset.file_size": 174492
	},
	"annotation": [
		{
			"annotation_type": "Polygon",
			"annotation_id": 413,
			"annotation_point_count": 73.0,
			"annotation_point": [
				522.310546875,
				290.8603515625,
				507.0043731778442,
				296.32653061224664,
				490.60495626822194,
				300.6997084548111,
				474.2055393586015,
				300.6997084548111,
				455.6195335276989,
				306.1661807580185,
				442.5000000000018,
				313.8192419825082,
				426.1005830903796,
				321.4723032069978,
				411.8877551020414,
				331.3119533527715,
				396.5816326530621,
				338.9650145772612,
				384.5553935860062,
				350.9912536443153,
				370.342565597668,
				360.830903790089,
				356.1297376093298,
				370.6705539358609,
				348.4766763848402,
				376.1370262390683,
				143.0,
				501.0,
				52.0,
				545.0,
				52.0,
				554.0,
				98.0,
				620.0,
				107.90000000000146,
				628.4000000000015,
				173.0,
				590.0,
				260.0,
				554.0,
				340.0,
				526.0,
				389.0,
				512.0,
				397.0,
				524.0,
				400.0,
				554.0,
				400.0,
				724.0,
				393.0,
				796.0,
				449.0,
				802.0,
				491.0,
				802.0,
				524.4970703125,
				807.98828125,
				539.803206997085,
				809.0816326530621,
				556.2026239067072,
				807.988338192421,
				573.6953352769688,
				807.988338192421,
				591.1880466472321,
				807.988338192421,
				607.5874635568525,
				810.1749271137032,
				625.0801749271141,
				809.0816326530621,
				641.4795918367363,
				807.988338192421,
				657.9000000000015,
				809.1000000000004,
				674.3000000000011,
				811.3000000000011,
				690.6778425655993,
				810.1749271137032,
				708.1705539358609,
				811.2682215743462,
				725.6632653061242,
				811.2682215743462,
				742.0626822157446,
				813.4548104956284,
				758.4620991253651,
				814.5481049562695,
				770.488338192421,
				811.2682215743462,
				786.4000000000015,
				807.1000000000004,
				782.4000000000015,
				607.4000000000015,
				794.4000000000015,
				525.3000000000011,
				797.0,
				518.0,
				812.0,
				520.0,
				888.0,
				548.0,
				1013.0,
				605.0,
				1092.0,
				647.0,
				1104.0,
				650.3000000000011,
				1111.0,
				641.0,
				1162.5,
				569.4000000000015,
				887.4708454810516,
				408.93586005831094,
				873.2580174927134,
				396.909620991255,
				859.0451895043752,
				387.0699708454831,
				844.832361516037,
				377.2303206997094,
				830.6195335276989,
				366.2973760932964,
				817.5000000000018,
				355.3644314868816,
				803.2871720116636,
				346.6180758017508,
				789.0743440233255,
				335.685131195336,
				774.8615160349873,
				328.03206997084635,
				758.4620991253651,
				322.56559766763894,
				742.0626822157446,
				314.9125364431493,
				725.6632653061242,
				310.5393586005848,
				710.3571428571449,
				305.0728862973774,
				693.9577259475227,
				297.41982507288776,
				679.7451171875,
				291.953125,
				642.0,
				315.0,
				586.0,
				317.0,
				555.0,
				313.0
			]
		}
	],
	"metadata.model": {
		"metadata.model.gender": "FEMALE",
		"metadata.model.age": "40대",
		"metadata.model.job": "homemaker",
		"metadata.model.type": "back",
		"metadata.model.usually_size": "L",
		"metadata.model.body_height": "168",
		"metadata.model.waist_height": "98",
		"metadata.model.chest_size_male": "null",
		"metadata.model.breast_size_female": "86.0",
		"metadata.model.waist_size": "78",
		"metadata.model.hip_seize": "94",
		"metadata.model.back_length": "47",
		"metadata.model.shoulders_width": "45",
		"metadata.model.arm_length": "55",
		"metadata.model.weight": "58"
	},
	"metadata.clothes": {
		"metadata.clothes.type": "02top_02t-shirt",
		"metadata.clothes.season": "spring&fall",
		"metadata.clothes.fiber_composition": "Cotton,Polyester",
		"metadata.clothes.elasticity": "contain a lot",
		"metadata.clothes.transparency": "contain little",
		"metadata.clothes.isfleece": "fleece_none",
		"metadata.clothes.color": "Beige",
		"metadata.clothes.washing_method": "none",
		"metadata.clothes.bleach": "none",
		"metadata.clothes.ironing": "none",
		"metadata.clothes.drycleaning": "none",
		"metadata.clothes.wringing": "none",
		"metadata.clothes.drying": "none",
		"metadata.clothes.top_length_type": "normal",
		"metadata.clothes.sleeve_length_type": "long sleeves",
		"metadata.clothes.topneck_color_design": "round neck",
		"metadata.clothes.topsleeve_design": "basic sleeve",
		"metadata.clothes.pants_silhouette": "null",
		"metadata.clothes.skirt_design": "null",
		"metadata.top.front_length": "59.0",
		"metadata.top.chest_size": "84.0",
		"metadata.top.waist_size": "90.0",
		"metadata.top.hem_size": "94.0",
		"metadata.top.shoulder_width": "40.0",
		"metadata.top.sleeve_length": "51.0",
		"metadata.top.sleeve_cuff_size": "22.0",
		"metadata.pants.pants_length": "null",
		"metadata.pants.waist_size": "null",
		"metadata.pants.hip_size": "null",
		"metadata.pants.front_rise_length": "null",
		"metadata.pants.back_rise_length": "null",
		"metadata.pants.inner_seam_length": "null",
		"metadata.pants.pants_waist_size": "null",
		"metadata.skirt.length": "null",
		"metadata.skirt.waist_size": "null",
		"metadata.skirt.hip_size": "null",
		"metadata.skirt.hem_size": "null",
		"metadata.dress.front_length": "null",
		"metadata.dress.chest_size": "null",
		"metadata.dress.waist_size": "null",
		"metadata.dress.hip_size": "null",
		"metadata.dress.hem_size": "null",
		"metadata.dress.shoulder_width": "null",
		"metadata.dress.sleeve_length": "null",
		"metadata.dress.cuff_size": "null",
		"metadata.jumpsuit.front_length": "null",
		"metadata.jumpsuit.inner_seam_length": "null",
		"metadata.jumpsuit.chest_size": "null",
		"metadata.jumpsuit.waist_size": "null",
		"metadata.jumpsuit.hip_size": "null",
		"metadata.jumpsuit.shoulder_width": "null",
		"metadata.jumpsuit.sleeve_length": "null",
		"metadata.jumpsuit.cuffs_size": "null",
		"metadata.jumpsuit.front_rise_length": "null",
		"metadata.jumpsuit.back_rise_length": "null",
		"metadata.jumpsuit.pants_waist_size": "null"
	}
}