{
	"dataset": {
		"dataset.id": 528107,
		"dataset.name": "01_sou_105622_528107_back_02top_02t-shirt_woman",
		"dataset.image_path": "./008.의류 통합 데이터(3-1)/원천데이터/상품/상의/t-shirt/01_sou_105622_528107_back_02top_02t-shirt_woman.jpg",
		"dataset.label_path": "./008.의류 통합 데이터(3-1)/라벨링데이터/상품/상의/t-shirt/01_sou_105622_528107_back_02top_02t-shirt_woman.json",
		"dataset.category": 6,
		"dataset.type": 1,
		"dataset.width": 3024,
		"dataset.height": 4032,
		"dataset.file_size": 1241215
	},
	"annotation": [
		{
			"annotation_type": "Polygon",
			"annotation_id": 2,
			"annotation_point_count": 256.0,
			"annotation_point": [
				2037.9000000000015,
				916.6000000000004,
				1959.6775418353645,
				900.5037410458954,
				1941.4240462691687,
				904.6254981092297,
				1910.4127312212222,
				894.0561353539633,
				1863.7976215763665,
				878.8448890487998,
				1833.3751289660395,
				874.9194061313392,
				1822.0893655783366,
				869.0311817551465,
				1782.3438510390388,
				861.1802159202234,
				1731.8037109375,
				840.5712890625,
				1663.7353846879396,
				907.5696102973252,
				1604.8531409260177,
				930.5336853644767,
				1555.98046875,
				941.7216796875,
				1473.5457373369281,
				939.9548443663843,
				1408.1865234375,
				929.9453125,
				1301.0,
				892.9000000000015,
				1264.455078125,
				856.1064453125,
				1212.0496927902295,
				871.4159126275044,
				1134.3251310244905,
				880.2482491917945,
				1000.8390844162113,
				908.335079466231,
				925.6464591322365,
				923.4089338692829,
				925.5875768884744,
				923.1734048942362,
				925.8819881072832,
				923.055640406712,
				922.5845824566168,
				923.9977563069024,
				919.2871768059485,
				924.2332852819509,
				915.6953599364715,
				924.9398722070928,
				912.3979542858033,
				926.1763993260938,
				908.6294906850399,
				927.3540442013327,
				904.5666158654676,
				928.2961601015231,
				901.2692102147994,
				929.473804976762,
				897.7362755890845,
				930.8869788270476,
				894.2033409633696,
				931.3580367771428,
				890.375995118844,
				932.5356816523818,
				886.8430604931291,
				933.7133265276188,
				882.839067917319,
				935.1265003779063,
				879.4827800228886,
				935.5975583280015,
				875.7143164221252,
				936.5396742281919,
				872.1813817964103,
				937.4817901283823,
				868.6484471706954,
				938.4239060285727,
				864.5855723511213,
				939.1893751974785,
				861.0526377254064,
				939.424904172527,
				857.284174124643,
				940.3670200727174,
				854.1634152052611,
				941.3091359729078,
				850.6304805795462,
				942.4867808481467,
				846.6264880037361,
				943.8999546984323,
				843.034671134259,
				944.8420705986227,
				839.2662075334956,
				945.7841864988131,
				835.2622149576837,
				946.961831374052,
				831.0226934068269,
				948.3750052243377,
				827.1953475623013,
				949.3171211245299,
				823.6624129365864,
				950.494765999767,
				822.8380615239184,
				950.3181192684824,
				820.659418504727,
				951.6724108750059,
				817.1264838790121,
				952.6734090189584,
				813.9468427158681,
				953.8510538941973,
				811.1793772590572,
				955.0286987694362,
				808.0586183396754,
				956.0296969133888,
				805.2911528828663,
				957.0306950573413,
				801.934864988436,
				958.3849866638648,
				798.5785770940074,
				959.3859848078173,
				795.4578181746256,
				960.3869829517716,
				791.6893545738621,
				961.9179212895815,
				789.0985358483376,
				963.0955661648186,
				785.5656012226209,
				964.3320932838196,
				782.6214890345254,
				965.6863848903431,
				779.8540235777145,
				966.6873830342956,
				776.497735683286,
				968.2772036158676,
				772.7292720825226,
				970.2203176600124,
				769.3729841880922,
				971.2213158039649,
				766.4288719999968,
				972.3989606792038,
				763.0725841055664,
				973.5766055544409,
				760.7172943550904,
				974.5776036983934,
				758.185357873328,
				976.9328934488713,
				755.7711858790881,
				979.1115364680627,
				752.8270736909926,
				980.8780037809192,
				749.8829615028972,
				982.6444710937776,
				747.2921427773726,
				983.8221159690165,
				744.5835595643239,
				984.2342916753496,
				741.2272716698935,
				984.823114112969,
				738.2242772380359,
				985.4119365505885,
				734.8679893436056,
				986.766228157112,
				732.1594061305568,
				987.178403863445,
				727.8021200921758,
				988.356048738684,
				725.2113013666512,
				989.5336936139229,
				722.4438359098403,
				991.1235141954949,
				719.08754801541,
				991.8889833643989,
				716.378964802363,
				992.7133347770668,
				713.6114993455521,
				993.8909796523058,
				711.0206806200276,
				994.8919777962583,
				707.8999217006458,
				996.6584451091148,
				705.4857497064058,
				997.8360899843537,
				704.1314580998824,
				998.2482656906868,
				698.419880454976,
				999.6025572972121,
				695.4757682668787,
				1000.1913797348316,
				691.2951289597822,
				1001.6045535851172,
				625.007955359828,
				1028.460366321151,
				531.8619807229461,
				1085.3652450242298,
				422.8203125,
				1141.634765625,
				240.40000000000146,
				1239.0,
				131.60000000000036,
				1304.800000000001,
				139.38008173052913,
				1325.244918198152,
				249.25390625,
				1476.595703125,
				273.98489097028505,
				1526.0569223238144,
				290.23639024857584,
				1544.4281823775345,
				305.07471567658104,
				1573.3982463083994,
				374.320234340601,
				1671.6138289032879,
				440.7000000000007,
				1781.9000000000015,
				541.0747486743676,
				1735.9132390913073,
				565.8052910543756,
				1719.6617398130165,
				573.5777472309492,
				1708.356349010728,
				625.1585927663928,
				1692.1048497324373,
				673.2065036761214,
				1677.266524304432,
				692.990937580129,
				1658.6126294806545,
				702.8831545321318,
				1641.6545432772218,
				712.068784558991,
				1636.7084348012195,
				717.0148930349933,
				1679.103650309804,
				718.4280668852789,
				1709.4868880909562,
				726.9189453125,
				1771.9609375,
				732.218288374319,
				1839.6755290485653,
				734.220284662224,
				1894.2004867721062,
				733.0426397869869,
				1913.8082739448273,
				739.87298006337,
				1933.7104723363573,
				732.5126995931296,
				1949.6675603958374,
				731.0406434990819,
				1969.2753475685586,
				727.5665911171272,
				2032.1027016625303,
				728.0965313109846,
				2058.1286534052997,
				731.511701449177,
				2073.850212489733,
				731.511701449177,
				2087.0987173361664,
				717.0855517275049,
				2107.236444702743,
				724.740243416556,
				2199.1516272151057,
				737.9298660192253,
				2320.743460583475,
				717.830078125,
				3059.7724609375,
				1055.4076244212974,
				3073.8377298739724,
				1152.1094151877587,
				3077.354158629116,
				1220.044921875,
				3080.69921875,
				1421.5069292623994,
				3088.025543115209,
				1542.4000000000015,
				3086.800000000001,
				1842.0,
				3077.9000000000015,
				2126.9000000000015,
				3056.0,
				2336.388671875,
				3052.12890625,
				2332.7259500832297,
				2967.8808939811206,
				2326.6210390499946,
				2943.4612498481765,
				2332.7259500832297,
				2877.5282106892264,
				2336.5109949238376,
				2832.3518690432775,
				2335.290012717189,
				2783.5125807773893,
				2326.7431372706596,
				2718.800523825086,
				2321.8592084440697,
				2547.863014894472,
				2323.0801906507168,
				2463.615242635813,
				2313.3123329975388,
				2343.958986384385,
				2288.8926888645947,
				2212.092908066483,
				2284.0087600380066,
				2102.2045094682326,
				2264.4730447316506,
				2064.3540610621676,
				2263.2520625250036,
				2038.7134347225765,
				2279.1248312114167,
				1959.3495912905055,
				2265.6940269382976,
				1892.1955699249083,
				2266.9150091449446,
				1848.2402104856083,
				2244.9373294252946,
				1700.501363481293,
				2277.9038490047697,
				1706.6062745145282,
				2336.5109949238376,
				1721.258060994296,
				2356.046710230192,
				1715.1531499610592,
				2373.1404611232538,
				1716.3741321677062,
				2402.4440340827878,
				1720.037078787649,
				2442.736446902147,
