{
	"dataset": {
		"dataset.id": 344490,
		"dataset.name": "01_sou_068898_344490_wear_02top_02t-shirt_man",
		"dataset.image_path": "./008.의류 통합 데이터(3-1)/원천데이터/상품/상의/t-shirt/01_sou_068898_344490_wear_02top_02t-shirt_man.jpg",
		"dataset.label_path": "./008.의류 통합 데이터(3-1)/라벨링데이터/상품/상의/t-shirt/01_sou_068898_344490_wear_02top_02t-shirt_man.json",
		"dataset.category": 6,
		"dataset.type": 1,
		"dataset.width": 3024,
		"dataset.height": 4032,
		"dataset.file_size": 972829
	},
	"annotation": [
		{
			"annotation_type": "Polygon",
			"annotation_id": 70,
			"annotation_point_count": 152.0,
			"annotation_point": [
				1246.1600163953608,
				1122.9893805896936,
				1246.1600163953608,
				1124.0822877397004,
				1246.1600163953608,
				1141.5688021397946,
				1239.6025734953255,
				1156.869502239877,
				1227.5805948452598,
				1169.9843880399476,
				1210.0940804451657,
				1179.8205523900015,
				1193.7004731950765,
				1185.2850881400318,
				1177.3068659449873,
				1183.09927384002,
				1159.8203515448931,
				1177.6347380899897,
				1144.5196514448107,
				1168.8914808899426,
				1129.2189513447283,
				1162.3340379899073,
				1112.8253440946391,
				1153.5907807898602,
				1100.8033654445735,
				1144.8475235898131,
				1085.502665344491,
				1133.9184520897525,
				1070.2019652444087,
				1127.3610091897172,
				1057.087079444338,
				1118.61775198967,
				1042.8792864942607,
				1109.874494789623,
				1028.6714935441832,
				1098.9454232895641,
				1015.5566077441126,
				1088.0163517895053,
				1002.441721944042,
				1075.9943731394396,
				988.2339289939646,
				1066.1582087893858,
				975.119140625,
				1057.4150390625,
				887.344431733507,
				1108.0235519628059,
				856.7750766503941,
				1135.4305599683557,
				849.9233246490057,
				1140.7011384309626,
				843.5986304938797,
				1146.4987747398281,
				836.7468784924913,
				1152.8234688949542,
				831.4763000298863,
				1159.148163050082,
				824.0974901822374,
				1164.4187415126871,
				817.7727960271113,
				1171.2704935140755,
				812.5022175645063,
				1177.5951876692016,
				805.1234077168574,
				1183.9198818243276,
				798.7987135617313,
				1187.609286748153,
				792.4740194066035,
				1193.4069230570185,
				785.0952095589564,
				1198.150443673363,
				776.6622840187865,
				1200.2586750584069,
				767.702300632358,
				1203.42102213597,
				759.7964329384486,
				1204.475137828491,
				750.3093917057577,
				1208.1645427523144,
				741.8764661655896,
				1211.853947676138,
				733.9705984716802,
				1216.0704104462238,
				727.1188464702936,
				1222.3951046013499,
				720.2670944689053,
				1227.665683063955,
				714.4694581600397,
				1233.9903772190828,
				709.7259375436952,
				1241.3691870667299,
				705.5094747736093,
				1249.2750547606393,
				701.2930120035253,
				1257.1809224545468,
				696.5494913871808,
				1264.5597323021957,
				690.2247972320529,
				1271.9385421498428,
				686.5353923082293,
				1277.2091206124496,
				679.6836403068428,
				1289.3314510764412,
				674.9401196904964,
				1296.71026092409,
				670.1965990741519,
				1305.14318646426,
				665.9801363040679,
				1313.0490541581676,
				661.763673533982,
				1320.954921852077,
				658.601326456419,
				1328.8607895459845,
				655.9660372251165,
				1336.2395993936334,
				653.8578058400744,
				1344.6725249338015,
				652.2766323012929,
				1353.1054504739714,
				652.2766323012929,
				1362.0654338604,
				652.2766323012929,
				1371.0254172468303,
				652.2766323012929,
				1379.4583427870002,
				652.2766323012929,
				1389.4724418659498,
				653.3307479938139,
				1396.8512517135987,
				654.3848636863349,
				1405.2841772537668,
				655.438979378856,
				1413.7171027939366,
				655.438979378856,
				1421.6229704878442,
				657.0205078125,
				1428.474609375,
				624.0,
				1513.0,
				595.3505859375,
				1652.1044921875,
				710.9298109298124,
				1677.0331520331547,
				798.7000000000007,
				1679.4000000000015,
				824.0,
				1728.0,
				831.0,
				1953.0,
				824.0,
				2067.0,
				834.0,
				2182.0,
				831.0,
				2411.0,
				848.1000000000004,
				2441.9000000000015,
				980.1000000000004,
				2461.4000000000015,
				1103.6000000000004,
				2453.6000000000004,
				1246.2000000000007,
				2433.300000000001,
				1402.2000000000007,
				2377.800000000001,
				1471.0,
				2322.4000000000015,
				1478.0,
				2296.0,
				1481.0,
				2232.0,
				1460.0,
				2104.0,
				1460.0,
				2021.0,
				1450.0,
				1962.0,
				1437.300000000001,
				1757.300000000001,
				1451.2000000000007,
				1678.2000000000007,
				1452.5,
				1659.1000000000004,
				1505.7000000000007,
				1658.9000000000015,
				1535.800000000001,
				1646.2000000000007,
				1530.0,
				1604.0,
				1513.0,
				1527.0,
				1520.0,
				1448.9000000000015,
				1510.579793779707,
				1404.3881789151274,
				1510.2003121303987,
				1398.5694602924104,
				1509.1251141240282,
				1393.4464580267577,
				1508.3661508254118,
				1387.5644924624903,
				1507.6704344683494,
				1380.9868105411588,
				1506.911471169733,
				1374.4091286198272,
				1506.2157548126688,
				1367.7681997569434,
				1505.077309864746,
				1362.3289627835347,
				1505.8362731633624,
				1361.5699994849183,
				1505.8362731633624,
				1355.371799212895,
				1505.8362731633624,
				1349.1103519993194,
				1505.077309864746,
				1342.5326700779879,
				1504.3815935076818,
				1337.0301861630269,
				1503.6226302090672,
				1330.8319858910018,
				1502.5474322026967,
				1324.2543039696702,
				1501.7884689040802,
				1318.3723384054028,
				1501.092752547016,
				1312.553619782686,
				1499.5748259497868,
				1305.9126909198021,
				1498.120146294108,
				1300.093972297087,
				1495.9697502813633,
				1293.5162903757537,
				1494.451823684134,
				1288.393288110101,
				1493.3766256777617,
				1283.2702858444482,
				1490.4672663664041,
				1277.767801929489,
				1488.253623412109,
				1272.265318014528,
				1486.0399804578155,
				1266.3833524502606,
				1483.1306211464562,
				1260.5646338275437,
				1480.2212618350986,
				1254.6826682632764,
				1477.2486555821888,
				1250.3186292962382,
				1475.0982595694459,
				1248.8639496405594,
				1470.291492011549,
				1244.8161453812772,
				1466.3069346938191,
				1241.5273044206115,
				1460.8044507788582,
				1237.479500161331,
				1456.0609301625136,
				1233.811177551357,
				1451.633644253925,
				1229.8266202336272,
				1447.2696052868869,
				1226.1582976236532,
				1442.1466030212341,
				1222.1104933643728,
				1437.7193171126455,
				1218.125936046643,
				1433.3552781456092,
				1214.0781317873607,
				1428.6117575292628,
				1210.0303275280803,
				1424.1844716206742,
				1206.3620049181063,
				1420.1999143029443,
				1202.6936823081323,
				1415.7726283943557,
				1199.0886066397106,
				1410.2701444793947,
				1196.495482036109,
				1404.830907505986,
				1195.0408023804303,
				1404.830907505986,
				1194.661320731122,
				1398.9489419417187,
				1192.1314430690709,
				1393.4464580267577,
				1190.297281764084,
				1387.9439741117985,
				1188.0836388097905,
				1381.3662921904652,
				1187.0084408034181,
				1375.54757356775,
				1185.1742794984311,
				1368.9066447048663,
				1182.9606365441377,
				1363.0879260821494,
				1181.1264752391507,
				1357.5854421671884,
				1178.9128322848555,
				1352.0829582522292,
				1176.003472973498,
				1345.6317702139986,
				1173.6633361361,
				1303.255859375,
				1154.689453125
			]
		}
	],
	"metadata.model": {
		"metadata.model.gender": "MALE",
		"metadata.model.age": "20대",
		"metadata.model.job": "university student/graduate student",
		"metadata.model.type": "wear",
		"metadata.model.usually_size": "L",
		"metadata.model.body_height": "171",
		"metadata.model.waist_height": "104",
		"metadata.model.chest_size_male": "93.0",
		"metadata.model.breast_size_female": "null",
		"metadata.model.waist_size": "82",
		"metadata.model.hip_seize": "94",
		"metadata.model.back_length": "47",
		"metadata.model.shoulders_width": "50",