{
	"dataset": {
		"dataset.id": 109156,
		"dataset.name": "01_sou_021832_109156_front_02top_02t-shirt_man",
		"dataset.image_path": "./008.의류 통합 데이터(3-1)/원천데이터/상품/상의/t-shirt/01_sou_021832_109156_front_02top_02t-shirt_man.jpg",
		"dataset.label_path": "./008.의류 통합 데이터(3-1)/라벨링데이터/상품/상의/t-shirt/01_sou_021832_109156_front_02top_02t-shirt_man.json",
		"dataset.category": 6,
		"dataset.type": 1,
		"dataset.width": 1920,
		"dataset.height": 897,
		"dataset.file_size": 92172
	},
	"annotation": [
		{
			"annotation_type": "Polygon",
			"annotation_id": 16,
			"annotation_point_count": 169.0,
			"annotation_point": [
				1080.8872096277737,
				79.21961003826073,
				1074.4733650527232,
				80.44407127531667,
				1049.4010635320592,
				81.55191715646288,
				1007.419921875,
				82.7177734375,
				956.6918555835546,
				86.7996081724159,
				889.0549491557176,
				81.02714805486721,
				879.7265625,
				81.5517578125,
				871.6792611251149,
				102.36775818640854,
				862.5832633641294,
				126.85698292752204,
				854.8866498740645,
				136.6526728239678,
				842.9921875,
				138.751953125,
				802.4097397145342,
				156.24405261685752,
				785.6171284634875,
				161.8415897005416,
				715.6479149174447,
				185.6311223061948,
				563.814453125,
				229.7119140625,
				295.8000000000011,
				283.60000000000036,
				275.9238009350065,
				292.4848011319573,
				267.8255123301424,
				298.55851758560675,
				188.05736957221416,
				318.80423909777164,
				182.79348197905165,
				320.0189823885012,
				86.8291015625,
				341.884765625,
				45.400000000001455,
				351.8000000000011,
				65.6337890625,
				430.7333984375,
				80.10000000000036,
				469.3000000000011,
				84.60000000000036,
				489.8000000000011,
				114.61237055696438,
				479.71172684019984,
				134.6083984375,
				469.02734375,
				164.57233261810325,
				462.14394740389434,
				185.2229685605107,
				460.5242896829204,
				202.22937463072958,
				457.6898886712188,
				218.0210374102171,
				458.49971753170394,
				239.88671875,
				452.021484375,
				271.0648277720884,
				452.4260010780563,
				290.09580599352194,
				448.3768567756233,
				334.6363933202829,
				445.54245576391986,
				349.61822723928526,
				443.1129691824608,
				367.0295477397467,
				441.89822589172945,
				419.7000000000007,
				437.7000000000007,
				469.3564453125,
				430.7333984375,
				492.5,
				427.0,
				520.2000000000007,
				425.90000000000146,
				553.2000000000007,
				419.90000000000146,
				602.28515625,
				413.67578125,
				608.0,
				412.90000000000146,
				619.6961522115562,
				410.43637466182736,
				650.4696489100461,
				406.79214478963695,
				655.3286220729678,
				405.98231592915,
				661.4023385266155,
				404.76757263842046,
				669.5006271314815,
				404.3626582081779,
				675.1694291548883,
				405.98231592915,
				688.126953125,
				401.93359375,
				693.7954929460793,
				400.3135139057449,
				703.1085248416748,
				400.3135139057449,
				706.7527547138634,
				399.9085994755005,
				711.6117278767815,
				404.3626582081779,
				711.6117278767815,
				408.41180251061087,
				709.6000000000022,
				414.5,
				706.751953125,
				425.41796875,
				704.7281825626451,
				472.38828248904974,
				705.9429258533783,
				524.2173295601897,
				707.9674980045929,
				550.5367675260022,
				708.7773268650781,
				559.0399705611126,
				710.396984586052,
				563.8989437240307,
				710.396984586052,
				568.7579168869524,
				710.396984586052,
				575.2365477708445,
				715.6608721792145,
				585.3594085269251,
				718.42578125,
				598.470703125,
				720.3668776684863,
				605.5005271446098,
				717.5830909605647,
				608.8748140633033,
				716.4583286543311,
				615.3421973241348,
				716.1771380777755,
				620.9660088552919,
				719.551424996469,
				635.8691094128553,
				720.3668776684863,
				645.7107795923803,
				719.2702344199097,
				667.0812634107751,
				717.9765625,
				677.134765625,
				717.7424322872794,
				695.176888518512,
				719.3827106505305,
				699.8633981278072,
				719.3827106505305,
				718.3751110845333,
				717.9767577677412,
				723.0616206938321,
				718.6797342091377,
				732.2003144319606,
				719.3827106505305,
				735.2465456780046,
				709.3067149905437,
				763.599928814252,
				707.197785666358,
				776.487830239821,
				706.8472347475872,
				788.268778095673,
				708.1969495150661,
				796.367066700539,
				706.171875,
				805.478515625,
				705.1600912882386,
				824.4073909948856,
				710.5589503581505,
				826.3982202769184,
				742.2772473938749,
				829.4350785037423,
				777.0324026564231,
				832.4719367305661,
				823.9349908262702,
				835.5087949573899,
				916.3904523984856,
				836.2173952103149,
				923.4764549277461,
				833.821651498045,
				943.7221764399073,
				833.821651498045,
				971.053900481329,
				833.180536983491,
				1067.896484375,
				833.1796875,
				1127.2833848168666,
				836.8585097248688,
				1141.1179611835105,
				838.2082244923477,
				1199.1556961850474,
				838.2082244923477,
				1232.8985653719901,
				836.2173952103149,
				1237.9609375,
				833.1796875,
				1239.984567901247,
				819.9870751313974,
				1239.3097105175075,
				797.0419240842784,
				1237.28515625,
				787.291015625,
				1230.1991358370324,
				774.8053732900844,
				1230.536564528902,
				762.6241975135999,
				1224.1254193833847,
				746.1239344811838,
				1219.738846389082,
				733.6053300128297,
				1219.0639890053426,
				721.4578971055307,
				1216.7019881622582,
				712.684751116929,
				1218.3891316216032,
				697.5342028519917,
				1218.7265603134729,
				668.1441637901662,
				1221.4259898484306,
				630.0147216089244,
				1220.751953125,
				619.5546875,
				1217.7142742378674,
				609.1278855822056,
				1219.4014176972123,
				603.0204262593725,
				1225.4751341508636,
				593.6061657562132,
				1226.1499915345994,
				583.7869908228131,
				1227.4997063020783,
				573.697872935918,
				1229.1868497614269,
				568.9738712497492,
				1231.5488506045112,
				565.9032701537362,
				1241.1000000000022,
				516.6000000000022,
				1249.095142581722,
				466.6992347441319,
				1251.2000000000007,
				439.3000000000011,
				1249.7699999654578,
				420.8089326498921,
				1248.4202851979826,
				416.4561025247767,
				1249.095142581722,
				413.04807273689585,
				1252.4694295004156,
				407.6492136669858,
				1259.892860721542,
				402.9252119808134,
				1270.6905788613622,
				402.9252119808134,
				1285.2000126117455,
				402.5877832889437,
				1309.2000000000007,
				405.0,
				1334.0591473085296,
				411.1069129583102,
				1377.1000000000022,
				417.60000000000036,
				1478.9000000000015,
				441.90000000000146,
				1609.8544640358377,
				464.16689989738916,
				1626.1796875,
				468.8310546875,
				1650.9000000000015,
				472.5,
				1733.7999999999993,
				493.8000000000011,
				1842.5,
				524.7999999999993,
				1848.915943651471,
				527.722268868376,
				1852.997481108323,
				510.2299654818671,
				1882.7343968653913,
				422.7684485493155,
				1890.8974717790952,
				415.7715271947127,
				1876.9036290698896,
				407.02537550145644,
				1846.0005597537202,
				397.11307024910093,
				1802.852878066995,
				379.0376900830415,
				1778.3636533258832,
				368.5423080511355,
				1759.122119600721,
				362.1284634760814,
				1704.3125,
				338.8056640625,
				1641.0,
				314.0,
				1535.0,
				276.0,
				1363.096370930136,
				225.57188170539484,
				1325.1963802593637,
				210.99496221663503,
				1307.7040768728548,
				203.41496408248167,
				1284.3810056908405,
				196.4763504058319,
				1277.3840843362377,
				191.75342849147455,
				1263.9733184065808,
				188.83804459372368,
				1259.8917809497289,
				186.50573747552153,
				1246.4810150200683,
				178.92573934136817,
				1231.9040955313103,
				176.01035544361548,
				1225.4902509562562,
				170.76266442766246,
				1195.169921875,
				156.185546875,
				1136.2999999999993,
				130.5,
				1125.2010448736,
				132.2795969773415,
				1111.2000000000007,
				129.40000000000146,
