{
	"dataset": {
		"dataset.id": 413362,
		"dataset.name": "01_sou_082673_413362_back_02top_02t-shirt_man",
		"dataset.image_path": "./008.의류 통합 데이터(3-1)/원천데이터/상품/상의/t-shirt/01_sou_082673_413362_back_02top_02t-shirt_man.jpg",
		"dataset.label_path": "./008.의류 통합 데이터(3-1)/라벨링데이터/상품/상의/t-shirt/01_sou_082673_413362_back_02top_02t-shirt_man.json",
		"dataset.category": 6,
		"dataset.type": 1,
		"dataset.width": 3000,
		"dataset.height": 4000,
		"dataset.file_size": 1021130
	},
	"annotation": [
		{
			"annotation_type": "Polygon",
			"annotation_id": 22,
			"annotation_point_count": 160.0,
			"annotation_point": [
				2493.0,
				1950.0,
				1928.3380864078317,
				1370.9020506131783,
				1912.8644976279684,
				1360.0705384672729,
				1881.917320068238,
				1346.1443085653955,
				1834.7228742896477,
				1328.3496814685495,
				1799.9072995349488,
				1321.386566517609,
				1734.9182266595162,
				1303.5919394207667,
				1689.2711397589119,
				1288.1183506408997,
				1662.9660388331395,
				1280.3815562509662,
				1652.908206126227,
				1276.5131590560013,
				1639.7556556633426,
				1272.6447618610327,
				1628.1504640784442,
				1268.7763646660678,
				1618.0926313715318,
				1264.13428803211,
				1605.7137603476367,
				1268.7763646660678,
				1594.8822482017313,
				1274.9658001780153,
				1584.0507360558258,
				1281.1552356899592,
				1573.2192239099204,
				1285.7973123239208,
				1561.614032325022,
				1289.6657095188857,
				1550.0088407401236,
				1294.3077861528473,
				1538.4036491552251,
				1297.4025039088192,
				1526.798457570323,
				1299.7235422257982,
				1514.4195865464317,
				1302.044580542777,
				1502.8143949615333,
				1305.1392982987527,
				1491.2092033766348,
				1306.6866571767387,
				1479.6040117917364,
				1309.0076954937176,
				1467.9988202068344,
				1309.7813749327106,
				1455.619949182943,
				1309.7813749327106,
				1443.2410781590515,
				1309.7813749327106,
				1430.8622071351601,
				1309.0076954937176,
				1420.0306949892547,
				1306.6866571767387,
				1406.8781445263667,
				1304.3656188597597,
				1396.0466323804612,
				1301.2709011037841,
				1384.4414407955628,
				1297.4025039088192,
				1374.3836080886504,
				1291.9867478358647,
				1363.552734375,
				1285.796875,
				1344.983789406906,
				1284.2499534459348,
				1316.3576501641546,
				1290.4393889578787,
				1300.8840613842876,
				1297.4025039088192,
				1287.7315109214032,
				1295.8551450308332,
				1273.0316015805329,
				1303.5919394207667,
				1249.0475389717394,
				1304.3656188597597,
				1231.2529118748935,
				1303.5919394207667,
				1187.9268632912717,
				1319.839207639623,
				1172.4532745114047,
				1328.3496814685495,
				1156.2060062925484,
				1343.0495908094235,
				1137.6376997567095,
				1356.202141272308,
				1115.974675464895,
				1361.6178973452625,
				1090.7000000000007,
				1363.4000000000015,
				1071.8749474422802,
				1374.7704478081469,
				1050.2119231504694,
				1398.7545104169367,
				1029.3225782976515,
				1410.3597020018387,
				997.6017212989245,
				1430.4753674156636,
				967.4282231781872,
				1454.4594300244535,
				723.7191998953058,
				1671.8633523815624,
				454.4787551256486,
				1907.8355812745103,
				217.73284679370772,
				2109.843282795653,
				196.06982250189685,
				2124.4658241926263,
				134.17546738243254,
				2189.4548970680626,
				115.22032112709712,
				2206.3984767820148,
				115.99400056609011,
				2211.5821290232707,
				119.32082215376431,
				2216.0694697694307,
				123.42132318042786,
				2220.1699707960943,
				127.52182420709141,
				2223.961000047162,
				132.00916495325146,
				2228.0615010738256,
				136.109665979915,
				2232.4714738760886,
				140.5970067260787,
				2237.7324940612416,
				144.69750775274224,
				2242.2198348074053,
				149.57168821839878,
				2246.320335834069,
				155.14218017915118,
				2250.033997141236,
				160.4032003643042,
				2253.747658448403,
				165.58685260556013,
				2257.1518479799743,
				170.07419335172017,
				2260.8655092871413,
				173.40101493939073,
				2265.739689752798,
				177.57888390995504,
				2269.840190779465,
				181.67938493662223,
				2273.553852086632,
				183.53621559020394,
				2279.1243440473845,
				186.08935773888152,
				2283.998524513041,
				188.71986783145985,
				2289.5690164737935,
				190.96353820453805,
				2294.44319693945,
				194.67719951170875,
				2299.3173774051065,
				198.46822876277292,
				2303.8047181512666,
				202.87820156503585,
				2308.2146909535295,
				206.66923081610366,
				2312.7020316996895,
				211.1565715622637,
				2316.8025327263567,
				215.95338408402313,
				2320.593561977421,
				220.82756454967966,
				2324.3072232845916,
				226.01121679093558,
				2325.003534779684,
				237.616408375834,
				2320.2067222579244,
				381.9849916919775,
				2217.6168286474167,
				591.5747517152558,
				2094.214958127992,
				751.7263955868657,
				1988.9945544249058,
				957.5251263590762,
				1870.6216002589354,
				1014.7774048445754,
				1821.106116163366,
				1051.1403384772602,
				1782.4221442137023,
				1058.8771328671937,
				1790.9326180426287,
				1055.0087356722252,
				1803.3114890665202,
				1036.4404291363899,
				1920.9107637934976,
				1012.4563665275964,
				2231.156218829801,
				997.756457186726,
				2432.390240911951,
				991.5670216747785,
				2505.116108177317,
				979.4202544825857,
				2595.404498707834,
				980.7355095288731,
				2602.135509827076,
				986.5381053213205,
				2604.7660199196507,
				989.2459833577996,
				2604.7660199196507,
				1146.380277417331,
				2604.379180200154,
				1348.3106109945766,
				2611.96123870229,
				1458.9467707706135,
				2614.204909075368,
				1588.305972970291,
				2608.4023132829207,
				1907.5261094989146,
				2572.9677949770266,
				1992.6308477881757,
				2566.700991521182,
				2017.6980616115543,
				2564.9215288114974,
				1994.4103104978603,
				2354.9449290687226,
				1986.8282519957247,
				2294.0563572199535,
				1978.7819858301955,
				2171.8150058590145,
				1964.0047085454244,
				1971.664134991457,
				1955.8810744359944,
				1839.5970547553043,
				1958.1247448090726,
				1840.9896777454924,
				1981.4124959227702,
				1868.3005619419564,
				2078.586633460327,
				1939.4790703293365,
				2201.679032204156,
				2029.9221967476515,
				2275.178578908519,
				2077.3487463579368,
				2357.4980712174,
				2134.214185123943,
				2434.556543341132,
				2200.0543053822694,
				2485.5420183707865,
				2233.631993034578,
				2554.9410640484857,
				2264.037594987014,
				2557.184734421564,
				2276.571201898707,
				2561.6720751677276,
				2282.9153732984487,
				2567.474670960175,
				2288.2537614275025,
				2573.354634696523,
				2292.741102173666,
				2584.959826281425,
				2299.858953012401,
				2612.734918141283,
				2336.6087263645823,
				2638.730547291456,
				2365.2348656073336,
				2644.0689354205097,
				2369.7222063534937,
				2651.264154203149,
				2373.3584997167636,
				2657.91779737849,
				2375.5248021459447,
				2661.554090741756,
				2376.917425136133,
				2665.5772238245227,
				2373.74533943626,
				2672.3082349437645,
				2369.7222063534937,
				2678.110830736212,
				2365.699073270731,
				2683.913426528663,
				2362.1401478513617,
				2690.1802299845076,
				2357.6528071052016,
				2695.131778394065,
				2353.165466359038,
				2700.934374186516,
				2348.678125612878,
				2705.885922596073,
				2343.339737483824,
				2711.6885183885206,
				2338.852396737664,
				2716.640066798078,
				2334.365055991504,
				2722.9068702539225,
				2329.4135075819468,
				2727.7810507195827,
				2324.926166835783,
				2733.1968067925336,
				2320.516194033524,
				2738.9994025849846,
				2315.5646456239665,
				2744.3377907140384,
				2309.7620498315155,
				2749.7535467869893,
				2303.495246375671,
				2755.091934916043,
				2299.007905629511,
				2760.894530708494,
				2294.9847725467444,
				2765.8460791180514,
				2290.9616394639816,
				2771.648674910499,
				2285.545883391027,
				2777.0644309834533,
