{
	"dataset": {
		"dataset.id": 300512,
		"dataset.name": "01_sou_060103_300512_back_02top_02t-shirt_woman",
		"dataset.image_path": "./008.의류 통합 데이터(3-1)/원천데이터/상품/상의/t-shirt/01_sou_060103_300512_back_02top_02t-shirt_woman.jpg",
		"dataset.label_path": "./008.의류 통합 데이터(3-1)/라벨링데이터/상품/상의/t-shirt/01_sou_060103_300512_back_02top_02t-shirt_woman.json",
		"dataset.category": 6,
		"dataset.type": 1,
		"dataset.width": 3024,
		"dataset.height": 3544,
		"dataset.file_size": 729468
	},
	"annotation": [
		{
			"annotation_type": "Polygon",
			"annotation_id": 30,
			"annotation_point_count": 59.0,
			"annotation_point": [
				2916.0,
				1198.0,
				2355.0,
				721.0,
				2103.0,
				633.0,
				1990.0,
				575.0,
				1738.0,
				507.0,
				1486.0,
				585.0,
				1308.0,
				575.0,
				1168.0,
				517.0,
				1121.0,
				517.0,
				1046.0,
				565.0,
				906.0,
				614.0,
				560.0,
				779.0,
				56.0,
				1295.0,
				102.0,
				1363.0,
				411.0,
				1665.0,
				467.0,
				1646.0,
				514.0,
				1587.0,
				551.0,
				1607.0,
				504.0,
				1704.0,
				485.55859375,
				1808.75,
				485.55859375,
				1808.75,
				488.50058091286337,
				1858.7492116182548,
				485.55950207468777,
				1902.8653941908706,
				479.6773443983402,
				1946.9815767634827,
				476.7362655601646,
				1996.979917012446,
				476.7362655601646,
				2049.919336099585,
				479.6773443983402,
				2096.976597510373,
				479.6773443983402,
				2146.974937759336,
				479.6773443983402,
				2194.032199170124,
				476.7362655601646,
				2235.207302904564,
				470.85410788381705,
				2282.264564315352,
				470.85410788381705,
				2338.145062240663,
				470.85410788381705,
				2391.084481327798,
				467.91302904564145,
				2441.0828215767615,
				464.97195020746585,
				2485.1990041493773,
				464.97195020746585,
				2526.3741078838175,
				464.97195020746585,
				2582.2546058091284,
				464.97195020746585,
				2632.252946058088,
				464.97195020746585,
				2679.3102074688795,
				464.97195020746585,
				2732.249626556015,
				464.97195020746585,
				2785.18904564315,
				464.97195020746585,
				2844.0106224066367,
				464.97195020746585,
				2891.0678838174244,
				453.20763485477073,
				3002.82887966805,
				420.0,
				3281.0,
				607.0,
				3301.0,
				1925.0,
				3320.0,
				2392.0,
				3310.0,
				2719.0,
				3271.0,
				2719.0,
				3194.0,
				2626.0,
				2746.0,
				2589.0,
				2347.0,
				2495.0,
				1675.0,
				2495.0,
				1548.0,
				2514.0,
				1529.0,
				2561.0,
				1587.0,
				2607.0,
				1587.0,
				2682.0,
				1480.0,
				2878.0,
				1266.0
			]
		}
	],
	"metadata.model": {
		"metadata.model.gender": "FEMALE",
		"metadata.model.age": "40대",
		"metadata.model.job": "office job",
		"metadata.model.type": "back",
		"metadata.model.usually_size": "XS",
		"metadata.model.body_height": "159",
		"metadata.model.waist_height": "94",
		"metadata.model.chest_size_male": "null",
		"metadata.model.breast_size_female": "80.0",
		"metadata.model.waist_size": "76",
		"metadata.model.hip_seize": "83",
		"metadata.model.back_length": "39",
		"metadata.model.shoulders_width": "38",
		"metadata.model.arm_length": "52",
		"metadata.model.weight": "45"
	},
	"metadata.clothes": {
		"metadata.clothes.type": "02top_02t-shirt",
		"metadata.clothes.season": "summer",
		"metadata.clothes.fiber_composition": "Cotton",
		"metadata.clothes.elasticity": "contain",
		"metadata.clothes.transparency": "none at all",
		"metadata.clothes.isfleece": "fleece_none",
		"metadata.clothes.color": "Pink",
		"metadata.clothes.washing_method": "Washing30",
		"metadata.clothes.bleach": "Do not chlorine bleach",
		"metadata.clothes.ironing": "Ironing 80~120℃ : Place a cloth between the iron and textile",
		"metadata.clothes.drycleaning": "none",
		"metadata.clothes.wringing": "none",
		"metadata.clothes.drying": "Drip dry in shade",
		"metadata.clothes.top_length_type": "long",
		"metadata.clothes.sleeve_length_type": "short sleeves",
		"metadata.clothes.topneck_color_design": "round neck",
		"metadata.clothes.topsleeve_design": "basic sleeve",
		"metadata.clothes.pants_silhouette": "null",
		"metadata.clothes.skirt_design": "null",
		"metadata.top.front_length": "66.0",
		"metadata.top.chest_size": "102.0",
		"metadata.top.waist_size": "100.0",
		"metadata.top.hem_size": "100.0",
		"metadata.top.shoulder_width": "40.0",
		"metadata.top.sleeve_length": "19.0",
		"metadata.top.sleeve_cuff_size": "14.0",
		"metadata.pants.pants_length": "null",
		"metadata.pants.waist_size": "null",
		"metadata.pants.hip_size": "null",
		"metadata.pants.front_rise_length": "null",
		"metadata.pants.back_rise_length": "null",
		"metadata.pants.inner_seam_length": "null",
		"metadata.pants.pants_waist_size": "null",
		"metadata.skirt.length": "null",
		"metadata.skirt.waist_size": "null",
		"metadata.skirt.hip_size": "null",
		"metadata.skirt.hem_size": "null",
		"metadata.dress.front_length": "null",
		"metadata.dress.chest_size": "null",
		"metadata.dress.waist_size": "null",
		"metadata.dress.hip_size": "null",
		"metadata.dress.hem_size": "null",
		"metadata.dress.shoulder_width": "null",
		"metadata.dress.sleeve_length": "null",
		"metadata.dress.cuff_size": "null",
		"metadata.jumpsuit.front_length": "null",
		"metadata.jumpsuit.inner_seam_length": "null",
		"metadata.jumpsuit.chest_size": "null",
		"metadata.jumpsuit.waist_size": "null",
		"metadata.jumpsuit.hip_size": "null",
		"metadata.jumpsuit.shoulder_width": "null",
		"metadata.jumpsuit.sleeve_length": "null",
		"metadata.jumpsuit.cuffs_size": "null",
		"metadata.jumpsuit.front_rise_length": "null",
		"metadata.jumpsuit.back_rise_length": "null",
		"metadata.jumpsuit.pants_waist_size": "null"
	}
}