{
	"dataset": {
		"dataset.id": 109725,
		"dataset.name": "01_sou_021945_109725_wear_02top_02t-shirt_man",
		"dataset.image_path": "./008.의류 통합 데이터(3-1)/원천데이터/상품/상의/t-shirt/01_sou_021945_109725_wear_02top_02t-shirt_man.jpg",
		"dataset.label_path": "./008.의류 통합 데이터(3-1)/라벨링데이터/상품/상의/t-shirt/01_sou_021945_109725_wear_02top_02t-shirt_man.json",
		"dataset.category": 6,
		"dataset.type": 1,
		"dataset.width": 607,
		"dataset.height": 1080,
		"dataset.file_size": 37852
	},
	"annotation": [
		{
			"annotation_type": "Polygon",
			"annotation_id": 185,
			"annotation_point_count": 61.0,
			"annotation_point": [
				245.0,
				262.0,
				238.0,
				269.0,
				217.0,
				308.0,
				201.0,
				371.0,
				198.0,
				392.0,
				178.0,
				438.0,
				178.0,
				458.0,
				174.0,
				473.0,
				161.0,
				485.0,
				161.0,
				491.0,
				165.28125,
				501.9560546875,
				162.31844899506905,
				526.25,
				207.35068259385662,
				526.8425293894579,
				202.0,
				498.0,
				216.70000000000073,
				495.2000000000007,
				224.0,
				481.0,
				226.0,
				483.0,
				218.0,
				566.0,
				225.71875,
				571.875,
				228.68174061433456,
				565.9494690936663,
				229.8667993932504,
				554.6914106939694,
				236.97715206674184,
				512.0292946530135,
				236.97715206674184,
				510.84423587409765,
				245.27256351915094,
				557.0615282518011,
				287.934679560105,
				554.0988813045115,
				324.67150170648347,
				549.9511755783096,
				348.3726772847931,
				549.3586461888517,
				344.22497155858946,
				572.4672923776998,
				368.5186765263552,
				574.2448805460735,
				382.14685248388196,
				575.4299393249894,
				385.10000000000036,
				494.7000000000007,
				386.0,
				465.0,
				388.0,
				462.0,
				408.0,
				504.0,
				416.0,
				513.4000000000015,
				425.0,
				510.40000000000146,
				431.0,
				521.0,
				436.6591796875,
				526.841796875,
				443.177379598028,
				519.1396473265086,
				454.4354379977249,
				519.1396473265086,
				447.91761471368955,
				500.7712362533184,
				447.0,
				495.0,
				457.5,
				494.5,
				447.5,
				477.10000000000036,
				445.40000000000146,
				466.7000000000007,
				438.10000000000036,
				431.40000000000146,
				424.8000000000011,
				394.7000000000007,
				418.40000000000146,
				361.10000000000036,
				405.40000000000146,
				315.3000000000011,
				389.40000000000146,
				288.3000000000011,
				359.03820629503207,
				275.610068259386,
				348.965206674251,
				267.3146568069769,
				350.15026545316687,
				276.20259764884213,
				341.26232461129985,
				279.16524459613174,
				331.7818543799767,
				276.20259764884213,
				324.07897231702736,
				272.6474213120964,
				316.3760902540762,
				268.4997155858928,
				308.0806788016689,
				263.1669510807733,
				300.97032612817566,
				257.8341865756538,
				293.8599734546824,
				251.31636329161847,
				287.9345703125,
				245.9833984375
			]
		}
	],
	"metadata.model": {
		"metadata.model.gender": "MALE",
		"metadata.model.age": "40대",
		"metadata.model.job": "entertainment and sports",
		"metadata.model.type": "wear",
		"metadata.model.usually_size": "XL",
		"metadata.model.body_height": "178",
		"metadata.model.waist_height": "109",
		"metadata.model.chest_size_male": "110.0",
		"metadata.model.breast_size_female": "null",
		"metadata.model.waist_size": "90",
		"metadata.model.hip_seize": "107",
		"metadata.model.back_length": "50",
		"metadata.model.shoulders_width": "50",
		"metadata.model.arm_length": "59",
		"metadata.model.weight": "81"
	},
	"metadata.clothes": {
		"metadata.clothes.type": "02top_02t-shirt",
		"metadata.clothes.season": "spring&fall",
		"metadata.clothes.fiber_composition": "synthetic fiber Others",
		"metadata.clothes.elasticity": "contain little",
		"metadata.clothes.transparency": "none",
		"metadata.clothes.isfleece": "fleece_none",
		"metadata.clothes.color": "Green",
		"metadata.clothes.washing_method": "none",
		"metadata.clothes.bleach": "none",
		"metadata.clothes.ironing": "none",
		"metadata.clothes.drycleaning": "none",
		"metadata.clothes.wringing": "none",
		"metadata.clothes.drying": "none",
		"metadata.clothes.top_length_type": "long",
		"metadata.clothes.sleeve_length_type": "long sleeves",
		"metadata.clothes.topneck_color_design": "round neck",
		"metadata.clothes.topsleeve_design": "ribbed sleeve",
		"metadata.clothes.pants_silhouette": "null",
		"metadata.clothes.skirt_design": "null",
		"metadata.top.front_length": "82.0",
		"metadata.top.chest_size": "136.0",
		"metadata.top.waist_size": "134.0",
		"metadata.top.hem_size": "134.0",
		"metadata.top.shoulder_width": "61.0",
		"metadata.top.sleeve_length": "84.0",
		"metadata.top.sleeve_cuff_size": "20.0",
		"metadata.pants.pants_length": "null",
		"metadata.pants.waist_size": "null",
		"metadata.pants.hip_size": "null",
		"metadata.pants.front_rise_length": "null",
		"metadata.pants.back_rise_length": "null",
		"metadata.pants.inner_seam_length": "null",
		"metadata.pants.pants_waist_size": "null",
		"metadata.skirt.length": "null",
		"metadata.skirt.waist_size": "null",
		"metadata.skirt.hip_size": "null",
		"metadata.skirt.hem_size": "null",
		"metadata.dress.front_length": "null",
		"metadata.dress.chest_size": "null",
		"metadata.dress.waist_size": "null",
		"metadata.dress.hip_size": "null",
		"metadata.dress.hem_size": "null",
		"metadata.dress.shoulder_width": "null",
		"metadata.dress.sleeve_length": "null",
		"metadata.dress.cuff_size": "null",
		"metadata.jumpsuit.front_length": "null",
		"metadata.jumpsuit.inner_seam_length": "null",
		"metadata.jumpsuit.chest_size": "null",
		"metadata.jumpsuit.waist_size": "null",
		"metadata.jumpsuit.hip_size": "null",
		"metadata.jumpsuit.shoulder_width": "null",
		"metadata.jumpsuit.sleeve_length": "null",
		"metadata.jumpsuit.cuffs_size": "null",
		"metadata.jumpsuit.front_rise_length": "null",
		"metadata.jumpsuit.back_rise_length": "null",
		"metadata.jumpsuit.pants_waist_size": "null"
	}
}