{
	"dataset": {
		"dataset.id": 529807,
		"dataset.name": "01_sou_105962_529807_back_02top_02t-shirt_woman",
		"dataset.image_path": "./008.의류 통합 데이터(3-1)/원천데이터/상품/상의/t-shirt/01_sou_105962_529807_back_02top_02t-shirt_woman.jpg",
		"dataset.label_path": "./008.의류 통합 데이터(3-1)/라벨링데이터/상품/상의/t-shirt/01_sou_105962_529807_back_02top_02t-shirt_woman.json",
		"dataset.category": 6,
		"dataset.type": 1,
		"dataset.width": 3092,
		"dataset.height": 2319,
		"dataset.file_size": 478218
	},
	"annotation": [
		{
			"annotation_type": "Polygon",
			"annotation_id": 102,
			"annotation_point_count": 99.0,
			"annotation_point": [
				3015.9000000000015,
				1285.9000000000015,
				2438.1000000000004,
				775.9000000000015,
				2266.2828407559555,
				650.8519985654675,
				2250.5315040319074,
				637.7258846287605,
				2233.467555914189,
				624.5997706920534,
				2216.40360779647,
				612.7862681490169,
				2199.3396596787516,
				602.2853769996527,
				2182.275711561033,
				593.0970972439573,
				2166.524374836985,
				581.2835947009225,
				2149.4604267192663,
				566.844869370545,
				2133.709089995218,
				555.0313668275085,
				2115.332530483829,
				543.217864284472,
				2098.2685823661104,
				532.7169731351078,
				2082.5172456420623,
				523.5286933794123,
				2064.140686130673,
				514.3404136237168,
				2045.764126619284,
				506.4647452616937,
				2027.387567107895,
				498.58907689967054,
				2007.6983962028353,
				492.0260199313161,
				1988.0092252977738,
				484.150351569293,
				1968.3200543927142,
				477.58729460093855,
				1949.943494881325,
				469.7116262389154,
				1930.2543239762654,
				460.52334648321994,
				1913.1903758585468,
				452.6476781211968,
				1894.8138163471576,
				444.77200975917185,
				1873.8120340484256,
				435.5837300034782,
				1854.122863143366,
				429.02067303512376,
				1831.8084694509653,
				422.45761606677115,
				1814.7445213332467,
				414.5819477047462,
				1795.055350428187,
				408.0188907363936,
				1775.3661795231274,
				402.7684451617115,
				1755.6770086180659,
				397.5179995870276,
				1737.3004491066768,
				388.32971983133393,
				1720.2365009889581,
				380.454051469309,
				1671.6698794231434,
				402.7684451617115,
				1612.6023667079644,
				419.8323932794301,
				1546.971797024431,
				432.95850721613715,
				1491.8421184902618,
				431.6458958224666,
				1435.3998285624239,
				423.7702274604417,
				1380.2701500282565,
				404.081056555382,
				1354.0179221548424,
				390.954942618675,
				1334.3287512497827,
				398.83061098069993,
				1314.639580344723,
				405.39366794905254,
				1293.637798045993,
				413.2693363110757,
				1276.5738499282743,
				421.14500467310063,
				1258.1972904168833,
				429.02067303512376,
				1237.1955081181532,
				436.8963413971487,
				1216.193725819423,
				443.45939836550133,
				1195.1919435206928,
				450.02245533385576,
				1174.1901612219608,
				456.5855123022084,
				1157.1262131042422,
				464.4611806642315,
				1137.4370421991825,
				471.02423763258594,
				1117.747871294123,
				477.58729460093855,
				1099.3713117827338,
				486.775574356634,
				1079.682140877674,
				495.9638541123277,
				1061.305581366285,
				502.5269110806821,
				1040.303799067553,
				509.0899680490347,
				1021.9272395561638,
				516.9656364110597,
				1004.8632914384452,
				527.4665275604239,
				987.7993433207266,
				539.2800301034604,
				970.735395203008,
				549.7809212528264,
				953.6714470852894,
				560.2818124021906,
				937.9201103612413,
				572.0953149452271,
				920.8561622435227,
				586.5340402756046,
				905.1048255194746,
				602.2853769996527,
				890.666100189097,
				614.0988795426874,
				889.3534887954265,
				614.0988795426874,
				873.6021520713784,
				629.8502162667355,
				857.8505859375,
				640.3515625,
				451.3000000000011,
				1031.9000000000015,
				134.10000000000036,
				1373.300000000001,
				93.30000000000109,
				1411.800000000001,
				166.60000000000036,
				1479.1000000000004,
				271.40000000000146,
				1573.5,
				336.70985915492747,
				1521.7950704225332,
				380.25915492957574,
				1500.02042253521,
				491.8542253521118,
				1410.199999999999,
				685.1042253521118,
				1282.2739436619704,
				940.956338028167,
				1086.302112676054,
				968.1746478873229,
				1042.7528169014076,
				1000.8369140625,
				996.4814453125,
				1000.8366197183077,
				1050.918309859153,
				992.6711267605624,
				1407.4781690140826,
				998.1147887323932,
				1538.1260563380274,
				987.2274647887316,
				1603.449999999999,
				984.505859375,
				1777.6474609375,
				1319.4000000000015,
				1791.7000000000007,
				1850.300000000001,
				1799.9000000000015,
				2028.9000000000015,
				1787.4000000000015,
				2069.7000000000007,
				1781.6000000000004,
				2048.9000000000015,
				1545.1000000000004,
				2046.2000000000007,
				1296.800000000001,
				2063.4000000000015,
				1120.1000000000004,
				2050.7000000000007,
				1050.9000000000015,
				2067.0,
				992.0,
				2203.0,
				1043.0,
				2319.0,
				1108.0,
				2729.4000000000015,
				1374.4000000000015,
				2873.6000000000004,
				1450.2000000000007,
				2919.6000000000004,
				1390.0
			]
		}
	],
	"metadata.model": {
		"metadata.model.gender": "FEMALE",
		"metadata.model.age": "30대",
		"metadata.model.job": "not employed",
		"metadata.model.type": "back",
		"metadata.model.usually_size": "S",
		"metadata.model.body_height": "164",
		"metadata.model.waist_height": "100",
		"metadata.model.chest_size_male": "null",
		"metadata.model.breast_size_female": "82.0",
		"metadata.model.waist_size": "68",
		"metadata.model.hip_seize": "90",
		"metadata.model.back_length": "44",
		"metadata.model.shoulders_width": "41",
		"metadata.model.arm_length": "55",
		"metadata.model.weight": "50"
	},
	"metadata.clothes": {
		"metadata.clothes.type": "02top_02t-shirt",
		"metadata.clothes.season": "winter",
		"metadata.clothes.fiber_composition": "Polyester",
		"metadata.clothes.elasticity": "contain little",
		"metadata.clothes.transparency": "none at all",
		"metadata.clothes.isfleece": "fleece_contain",
		"metadata.clothes.color": "Black",
		"metadata.clothes.washing_method": "none",
		"metadata.clothes.bleach": "none",
		"metadata.clothes.ironing": "none",
		"metadata.clothes.drycleaning": "none",
		"metadata.clothes.wringing": "none",
		"metadata.clothes.drying": "none",
		"metadata.clothes.top_length_type": "normal",
		"metadata.clothes.sleeve_length_type": "long sleeves",
		"metadata.clothes.topneck_color_design": "round neck",
		"metadata.clothes.topsleeve_design": "basic sleeve",
		"metadata.clothes.pants_silhouette": "null",
		"metadata.clothes.skirt_design": "null",
		"metadata.top.front_length": "57.0",
		"metadata.top.chest_size": "90.0",
		"metadata.top.waist_size": "90.0",
		"metadata.top.hem_size": "90.0",
		"metadata.top.shoulder_width": "41.0",
		"metadata.top.sleeve_length": "52.0",
		"metadata.top.sleeve_cuff_size": "18.0",
		"metadata.pants.pants_length": "null",
		"metadata.pants.waist_size": "null",
		"metadata.pants.hip_size": "null",
		"metadata.pants.front_rise_length": "null",
		"metadata.pants.back_rise_length": "null",
		"metadata.pants.inner_seam_length": "null",
		"metadata.pants.pants_waist_size": "null",
		"metadata.skirt.length": "null",
		"metadata.skirt.waist_size": "null",
		"metadata.skirt.hip_size": "null",
		"metadata.skirt.hem_size": "null",
		"metadata.dress.front_length": "null",
		"metadata.dress.chest_size": "null",
		"metadata.dress.waist_size": "null",
		"metadata.dress.hip_size": "null",
		"metadata.dress.hem_size": "null",
		"metadata.dress.shoulder_width": "null",
		"metadata.dress.sleeve_length": "null",
		"metadata.dress.cuff_size": "null",
		"metadata.jumpsuit.front_length": "null",
		"metadata.jumpsuit.inner_seam_length": "null",
		"metadata.jumpsuit.chest_size": "null",
		"metadata.jumpsuit.waist_size": "null",
		"metadata.jumpsuit.hip_size": "null",
		"metadata.jumpsuit.shoulder_width": "null",
		"metadata.jumpsuit.sleeve_length": "null",