{
	"dataset": {
		"dataset.id": 47908,
		"dataset.name": "01_sou_009582_047908_wear_02top_02t-shirt_woman",
		"dataset.image_path": "./008.의류 통합 데이터(3-1)/원천데이터/상품/상의/t-shirt/01_sou_009582_047908_wear_02top_02t-shirt_woman.jpg",
		"dataset.label_path": "./008.의류 통합 데이터(3-1)/라벨링데이터/상품/상의/t-shirt/01_sou_009582_047908_wear_02top_02t-shirt_woman.json",
		"dataset.category": 6,
		"dataset.type": 1,
		"dataset.width": 607,
		"dataset.height": 1080,
		"dataset.file_size": 39249
	},
	"annotation": [
		{
			"annotation_type": "Polygon",
			"annotation_id": 24,
			"annotation_point_count": 53.0,
			"annotation_point": [
				383.0,
				327.0,
				350.04651162791197,
				319.1744186046526,
				359.3000000000011,
				323.7000000000007,
				338.0,
				315.10000000000036,
				330.16279069767916,
				329.639534883725,
				316.6000000000022,
				344.2999999999993,
				292.48837209302656,
				341.1511627907021,
				279.93023255814114,
				329.639534883725,
				273.40000000000146,
				316.10000000000036,
				225.0,
				334.0,
				208.0,
				357.0,
				185.0,
				408.0,
				148.0703125,
				462.546875,
				142.90000000000146,
				482.60000000000036,
				165.86046511628228,
				496.0348837209349,
				175.0,
				496.0,
				188.0,
				473.0,
				194.0,
				457.0,
				234.0,
				406.0,
				237.0,
				407.0,
				244.0,
				445.0,
				245.0,
				481.0,
				231.0,
				531.0,
				233.0654296875,
				566.630859375,
				233.0654296875,
				566.630859375,
				239.63263821532564,
				569.6621403168447,
				247.21023278370558,
				571.6828322017464,
				256.30334626576223,
				573.703524086648,
				264.8912867765921,
				573.703524086648,
				273.4792272874238,
				573.703524086648,
				282.5723407694786,
				573.703524086648,
				291.1602812803103,
				574.208697057873,
				297.7275299062403,
				574.208697057873,
				307.3258163595219,
				574.713870029098,
				315.9137568703518,
				576.2293889427747,
				322.4810054962818,
				576.7345619139996,
				331.57411897833845,
				576.7345619139996,
				340.1620594891683,
				576.7345619139996,
				349.25517297122497,
				576.7345619139996,
				356.8327675396049,
				574.208697057873,
				363.9051891367599,
				572.1880051729713,
				375.0,
				571.2000000000007,
				383.10000000000036,
				566.6000000000004,
				383.1017620433231,
				538.8465890720981,
				369.0,
				487.0,
				368.0,
				467.0,
				378.0,
				404.0,
				416.0,
				454.0,
				434.0,
				489.0,
				442.139534883725,
				490.8023255813969,
				470.39453125,
				473.01171875,
				427.0,
				406.0,
				404.0,
				353.0
			]
		}
	],
	"metadata.model": {
		"metadata.model.gender": "FEMALE",
		"metadata.model.age": "30대",
		"metadata.model.job": "homemaker",
		"metadata.model.type": "wear",
		"metadata.model.usually_size": "M",
		"metadata.model.body_height": "162",
		"metadata.model.waist_height": "96",
		"metadata.model.chest_size_male": "null",
		"metadata.model.breast_size_female": "86.0",
		"metadata.model.waist_size": "67",
		"metadata.model.hip_seize": "87",
		"metadata.model.back_length": "44",
		"metadata.model.shoulders_width": "39",
		"metadata.model.arm_length": "50",
		"metadata.model.weight": "50"
	},
	"metadata.clothes": {
		"metadata.clothes.type": "02top_02t-shirt",
		"metadata.clothes.season": "spring&fall",
		"metadata.clothes.fiber_composition": "Polyester",
		"metadata.clothes.elasticity": "contain a lot",
		"metadata.clothes.transparency": "none at all",
		"metadata.clothes.isfleece": "fleece_none",
		"metadata.clothes.color": "Red",
		"metadata.clothes.washing_method": "none",
		"metadata.clothes.bleach": "none",
		"metadata.clothes.ironing": "none",
		"metadata.clothes.drycleaning": "none",
		"metadata.clothes.wringing": "none",
		"metadata.clothes.drying": "none",
		"metadata.clothes.top_length_type": "normal",
		"metadata.clothes.sleeve_length_type": "long sleeves",
		"metadata.clothes.topneck_color_design": "round neck",
		"metadata.clothes.topsleeve_design": "basic sleeve",
		"metadata.clothes.pants_silhouette": "null",
		"metadata.clothes.skirt_design": "null",
		"metadata.top.front_length": "59.0",
		"metadata.top.chest_size": "72.0",
		"metadata.top.waist_size": "66.0",
		"metadata.top.hem_size": "72.0",
		"metadata.top.shoulder_width": "33.0",
		"metadata.top.sleeve_length": "38.0",
		"metadata.top.sleeve_cuff_size": "20.0",
		"metadata.pants.pants_length": "null",
		"metadata.pants.waist_size": "null",
		"metadata.pants.hip_size": "null",
		"metadata.pants.front_rise_length": "null",
		"metadata.pants.back_rise_length": "null",
		"metadata.pants.inner_seam_length": "null",
		"metadata.pants.pants_waist_size": "null",
		"metadata.skirt.length": "null",
		"metadata.skirt.waist_size": "null",
		"metadata.skirt.hip_size": "null",
		"metadata.skirt.hem_size": "null",
		"metadata.dress.front_length": "null",
		"metadata.dress.chest_size": "null",
		"metadata.dress.waist_size": "null",
		"metadata.dress.hip_size": "null",
		"metadata.dress.hem_size": "null",
		"metadata.dress.shoulder_width": "null",
		"metadata.dress.sleeve_length": "null",
		"metadata.dress.cuff_size": "null",
		"metadata.jumpsuit.front_length": "null",
		"metadata.jumpsuit.inner_seam_length": "null",
		"metadata.jumpsuit.chest_size": "null",
		"metadata.jumpsuit.waist_size": "null",
		"metadata.jumpsuit.hip_size": "null",
		"metadata.jumpsuit.shoulder_width": "null",
		"metadata.jumpsuit.sleeve_length": "null",
		"metadata.jumpsuit.cuffs_size": "null",
		"metadata.jumpsuit.front_rise_length": "null",
		"metadata.jumpsuit.back_rise_length": "null",
		"metadata.jumpsuit.pants_waist_size": "null"
	}
}