{
	"dataset": {
		"dataset.id": 138207,
		"dataset.name": "01_sou_027642_138207_back_02top_02t-shirt_woman",
		"dataset.image_path": "./008.의류 통합 데이터(3-1)/원천데이터/상품/상의/t-shirt/01_sou_027642_138207_back_02top_02t-shirt_woman.jpg",
		"dataset.label_path": "./008.의류 통합 데이터(3-1)/라벨링데이터/상품/상의/t-shirt/01_sou_027642_138207_back_02top_02t-shirt_woman.json",
		"dataset.category": 6,
		"dataset.type": 1,
		"dataset.width": 1920,
		"dataset.height": 1080,
		"dataset.file_size": 198874
	},
	"annotation": [
		{
			"annotation_type": "Polygon",
			"annotation_id": 192,
			"annotation_point_count": 134.0,
			"annotation_point": [
				964.6000000000004,
				93.10000000000036,
				938.0,
				98.0,
				887.0,
				129.0,
				830.0,
				175.0,
				802.0,
				212.0,
				783.994140625,
				291.7294921875,
				781.1814345991552,
				353.61462728551305,
				783.9943741209554,
				401.43459915611857,
				795.2461322081563,
				428.1575246132197,
				774.0,
				440.0,
				769.5398586584743,
				481.34107325797777,
				764.7919379764226,
				485.41071955687767,
				755.296096612321,
				481.34107325797777,
				746.4785296313694,
				477.27142695907605,
				732.2347675852161,
				471.1669575107244,
				720.7041030716628,
				470.4886831275744,
				709.8517129412612,
				470.4886831275744,
				699.6775971940096,
				471.1669575107244,
				689.5034814467563,
				473.88005504332614,
				680.0076400826547,
				478.627975725376,
				669.8335243354031,
				485.41071955687767,
				660.3376829712997,
				490.83691462207935,
				652.1983903734981,
				494.90656092097925,
				642.7025490093965,
				499.65448160303094,
				631.850158878995,
				503.0458535187827,
				620.9977687485916,
				505.0806766682326,
				610.8236530013401,
				505.0806766682326,
				597.9364397214867,
				509.8285973502825,
				591.1536958899851,
				515.2547924154842,
				582.3361289090335,
				522.0375362469858,
				573.5185619280819,
				528.1420056953375,
				562.6661717976804,
				530.8551032279374,
				551.1357421875,
				529.4990234375,
				551.1357421875,
				529.4990234375,
				387.0,
				613.0,
				182.0,
				745.0,
				137.0,
				767.0,
				66.30000000000109,
				839.5,
				74.0,
				865.0,
				108.0,
				899.0,
				115.60000000000036,
				906.3000000000011,
				187.89999999999964,
				866.3000000000011,
				204.70000000000073,
				867.6000000000004,
				276.10000000000036,
				828.3000000000011,
				552.0,
				764.0,
				603.0,
				736.0,
				626.0,
				736.0,
				637.0,
				742.0,
				652.0,
				805.1000000000004,
				677.0,
				878.0,
				685.9000000000015,
				955.0,
				688.3000000000011,
				976.3000000000011,
				916.0,
				939.0,
				1052.0,
				939.0,
				1208.4000000000015,
				957.4000000000015,
				1234.0,
				767.0,
				1263.0,
				748.0,
				1291.0,
				745.0,
				1308.0,
				736.0,
				1359.0,
				754.0,
				1405.0,
				764.0,
				1462.0,
				767.0,
				1570.0,
				794.0,
				1700.2000000000007,
				845.1000000000004,
				1712.0,
				841.0,
				1776.800000000001,
				876.5,
				1781.1000000000004,
				870.3000000000011,
				1824.1000000000004,
				775.5,
				1746.0,
				733.0,
				1689.0,
				717.0,
				1479.0,
				607.0,
				1394.7637645687337,
				572.1598150503542,
				1392.0161252851394,
				572.55233494801,
				1385.7358069226375,
				570.1972155620715,
				1379.4554885601356,
				568.2346160737907,
				1373.1751701976336,
				566.272016585508,
				1367.6798916304451,
				565.0944568925406,
				1361.399573267945,
				561.1692579159771,
				1356.2968145984123,
				558.8141385300387,
				1350.8015360312238,
				556.4590191441002,
				1344.9137375663777,
				552.5338201675368,
				1339.0259391015334,
				549.3936609862867,
				1333.138140636689,
				546.6460217026925,
				1328.0353819671564,
				543.8983824190982,
				1322.9326232976236,
				540.3657033401905,
				1317.829864628091,
				536.440504363627,
				1311.9420661632466,
				532.9078252847212,
				1306.839307493714,
				528.9826263081577,
				1301.7365488241812,
				525.0574273315942,
				1296.6337901546485,
				521.9172681503424,
				1290.7459916898042,
				519.1696288667481,
				1285.2507131226157,
				516.8145094808115,
				1278.577874862458,
				512.889310504248,
				1273.867636090583,
				509.7491513229961,
				1269.5498046875,
				506.216796875,
				1269.5498046875,
				506.216796875,
				1228.7605578515759,
				478.9930366755252,
				1225.2169754421775,
				475.9946207906505,
				1221.945976295041,
				472.9962049057758,
				1217.5846440988607,
				469.9977890209011,
				1214.0410616894624,
				467.8171229228101,
				1209.9523127555422,
				465.9090400869809,
				1205.3183972971,
				462.9106242021062,
				1201.5022316254417,
				460.72995810401517,
				1197.6860659537815,
				458.821875268186,
				1193.5973170198613,
				456.0960426455731,
				1190.3263178727266,
				453.9153765474821,
				1186.5101522010664,
				451.4621271871292,
				1183.5117363161917,
				449.82662761356187,
				1178.6052375954878,
				448.73629456451636,
				1173.9713221370457,
				449.0088778267782,
				1169.0648234163418,
				449.2814610890382,
				1164.9760744824216,
				449.82662761356187,
				1159.524409237194,
				449.82662761356187,
				1156.2534100900575,
				449.82662761356187,
				1151.8920778938773,
				448.4637113022545,
				1147.5307456976952,
				447.64596151547084,
				1143.1694135015132,
				446.2830452041635,
				1138.5354980430711,
				445.192712155118,
				1134.9919156336728,
				443.0120460570288,
				1131.4483332242762,
				440.2862134344141,
				1127.6321675526178,
				437.01521428727756,
				1124.3611684054813,
				433.74421514014284,
				1122.7256688319121,
				430.2006327307445,
				1118.636919897992,
				426.92963358360794,
				1115.6385040131172,
				425.5667172723024,
				1112.3675048659825,
				422.8408846496877,
				1113.457837915028,
				418.7521357157675,
				1115.0933374885954,
				414.11822025732545,
				1116.7288370621627,
				410.8472211101889,
				1117.8193359375,
				408.939453125,
				1115.0,
				298.0,
				1093.4000000000015,
				201.20000000000073,
				1058.0,
				158.20000000000073
			]
		}
	],
	"metadata.model": {
		"metadata.model.gender": "FEMALE",
		"metadata.model.age": "20대",
		"metadata.model.job": "university student/graduate student",
		"metadata.model.type": "back",
		"metadata.model.usually_size": "S",
		"metadata.model.body_height": "163",
		"metadata.model.waist_height": "102",
		"metadata.model.chest_size_male": "null",
		"metadata.model.breast_size_female": "85.0",
		"metadata.model.waist_size": "73",
		"metadata.model.hip_seize": "92",
		"metadata.model.back_length": "40",
		"metadata.model.shoulders_width": "38",
		"metadata.model.arm_length": "54",
		"metadata.model.weight": "53"
	},
	"metadata.clothes": {
		"metadata.clothes.type": "02top_02t-shirt",
		"metadata.clothes.season": "winter",
		"metadata.clothes.fiber_composition": "Cotton",
		"metadata.clothes.elasticity": "contain",
		"metadata.clothes.transparency": "contain",
		"metadata.clothes.isfleece": "fleece_none",
		"metadata.clothes.color": "Black,White",
		"metadata.clothes.washing_method": "none",
		"metadata.clothes.bleach": "none",
		"metadata.clothes.ironing": "none",
		"metadata.clothes.drycleaning": "none",
		"metadata.clothes.wringing": "none",
		"metadata.clothes.drying": "none",
		"metadata.clothes.top_length_type": "normal",
		"metadata.clothes.sleeve_length_type": "long sleeves",
		"metadata.clothes.topneck_color_design": "hood",
		"metadata.clothes.topsleeve_design": "ribbed sleeve",
		"metadata.clothes.pants_silhouette": "null",
		"metadata.clothes.skirt_design": "null",
		"metadata.top.front_length": "40.0",
		"metadata.top.chest_size": "86.0",
		"metadata.top.waist_size": "84.0",
		"metadata.top.hem_size": "80.0",
		"metadata.top.shoulder_width": "46.0",
		"metadata.top.sleeve_length": "49.0",
		"metadata.top.sleeve_cuff_size": "16.0",
		"metadata.pants.pants_length": "null",
		"metadata.pants.waist_size": "null",
		"metadata.pants.hip_size": "null",
		"metadata.pants.front_rise_length": "null",