{
	"dataset": {
		"dataset.id": 412938,
		"dataset.name": "01_sou_082588_412938_wear_02top_02t-shirt_man",
		"dataset.image_path": "./008.의류 통합 데이터(3-1)/원천데이터/상품/상의/t-shirt/01_sou_082588_412938_wear_02top_02t-shirt_man.jpg",
		"dataset.label_path": "./008.의류 통합 데이터(3-1)/라벨링데이터/상품/상의/t-shirt/01_sou_082588_412938_wear_02top_02t-shirt_man.json",
		"dataset.category": 6,
		"dataset.type": 1,
		"dataset.width": 9000,
		"dataset.height": 12000,
		"dataset.file_size": 3680838
	},
	"annotation": [
		{
			"annotation_type": "Polygon",
			"annotation_id": 198,
			"annotation_point_count": 113.0,
			"annotation_point": [
				2974.755859375,
				4742.041015625,
				3055.224628724656,
				4773.669871565879,
				3244.7675808041786,
				4863.4411347593705,
				3337.794796548733,
				4921.815712639076,
				3310.81690398281,
				4950.886717559246,
				3392.6808538380174,
				4953.212397952862,
				3476.870484086834,
				4846.696235925352,
				3588.0380069015737,
				4737.854393504225,
				3648.5056971355334,
				4707.620548387247,
				3683.1583350003784,
				4715.527861725532,
				3689.9028081418583,
				4902.745133411441,
				3698.972961676951,
				5156.244296315344,
				3693.3913287322794,
				5289.738350908774,
				3677.576702055703,
				5350.206041142734,
				3666.4134361663564,
				5683.243473508228,
				3715.600000000002,
				5806.9000000000015,
				3696.2000000000007,
				5954.100000000002,
				3660.7999999999993,
				6291.800000000003,
				3668.0,
				6592.0,
				3630.71484375,
				6682.39453125,
				3616.5663530632337,
				6784.724469263605,
				3742.540707717315,
				6817.09018807473,
				4049.336712974866,
				6812.245020588034,
				4343.3414760675405,
				6839.571765212993,
				4837.354753011001,
				6825.423876151843,
				4947.824571707653,
				6814.570700981647,
				5222.25485815408,
				6790.344863548169,
				5389.122426395868,
				6768.832319907244,
				5451.140570225569,
				6741.893188681217,
				5418.774851414444,
				6620.764001513831,
				5371.6798234437665,
				6517.271223998017,
				5363.539942066116,
				6332.76724610466,
				5377.106411028864,
				6188.768868400071,
				5375.74976413259,
				6071.709621921513,
				5364.8965889623905,
				5856.390378812772,
				5398.618954669793,
				5802.512116360718,
				5399.975601566068,
				5658.513738656133,
				5370.323176547492,
				5327.491895965104,
				5334.468937145946,
				5151.127799449394,
				5336.213197441157,
				4643.935666942121,
				5462.154296875,
				4813.548828125,
				5518.359193824326,
				4889.294948468378,
				5548.56073782473,
				4898.177755527318,
				5553.082894145646,
				4877.989557666089,
				5677.603698553714,
				4835.352083783171,
				5796.47180756064,
				4763.6436049800795,
				5842.500898684248,
				4738.933250797931,
				5898.543335947023,
				4715.353435696015,
				5922.1231510489415,
				4700.817933235929,
				5860.428018385021,
				4538.181811265855,
				5798.7328857211,
				4457.429019820931,
				5664.715553039103,
				4077.244877698231,
				5539.516425182894,
				3818.900547307632,
				5528.663250012694,
				3797.388003666707,
				5520.717175334514,
				3779.9454007146014,
				5507.150706371769,
				3760.952344166755,
				5489.7081034196635,
				3747.5796819034767,
				5472.265500467562,
				3736.726506733281,
				5454.62909081599,
				3726.0671382625515,
				5435.829840967614,
				3715.213963092352,
				5414.317297326685,
				3703.197947725348,
				5395.518047478308,
				3689.6314787625997,
				5376.718797629928,
				3678.97211029187,
				5356.369094185808,
				3668.1189351216744,
				5337.569844337431,
				3657.459566650945,
				5314.700653800228,
				3645.249744584471,
				5297.258050848126,
				3635.947023010016,
				5274.388860310923,
				3623.737200943542,
				5251.519669773719,
				3612.8840257733464,
				5236.5965539147,
				3606.2945979914402,
				5215.084010273771,
				3598.1547166137934,
				5190.858172840293,
				3588.6581883398685,
				5174.772216784466,
				3583.425407454237,
				5151.9030262472625,
				3580.712113661688,
				5131.747129502612,
				3582.0687605579624,
				5112.947879654232,
				3584.7820543505113,
				5091.2415293138365,
				3583.425407454237,
				5065.659044984084,
				3576.6421729728645,
				5046.859795135708,
				3571.2155853877666,
				5032.130485976155,
				3569.858938491492,
				4914.166808233404,
				3533.2940745252236,
				4915.781864062301,
				3549.606138397099,
				4843.427734375,
				3598.865234375,
				4739.16015625,
				3660.7734375,
				4570.0,
				3694.0,
				4350.0,
				3672.0,
				4159.612724972052,
				3584.006827552643,
				4087.9042461689605,
				3597.5732965153875,
				3932.8588865947095,
				3640.2107703983093,
				3861.150407791618,
				3634.3965694142753,
				3789.4419289885263,
				3638.272703403629,
				3742.928321116251,
				3667.3437083238023,
				3717.733450185435,
				3688.6624452652613,
				3692.5385792546185,
				3711.919249201401,
				3673.1579093078362,
				3729.3618521535027,
				3646.024971382343,
				3750.6805890949618,
				3624.706234440884,
				3770.061259041744,
				3599.511363510068,
				3793.3180629778835,
				3576.2545595739284,
				3812.698732924662,
				3551.059688643112,
				3834.0174698661212,
				3527.8028847069763,
				3859.2123407969375,
				3510.360281754871,
				3878.59301074372,
				3490.979611808092,
				3901.8498146798593,
				3471.59894186131,
				3930.920819600029,
				3454.1563389092044,
				3961.9298915148793,
				3438.6518029517792,
				3992.9389634297295,
				3423.147266994354,
				4023.9480353445797,
				3405.7046640422523,
				4054.9571072594335,
				3390.200128084827,
				4087.9042461689605,
				3374.695592127402,
				4122.789452073168,
				3345.6245872072286,
				4196.435997870936,
				3273.916108404137,
				4337.914888482443,
				3118.87109375,
				4578.234375
			]
		}
	],
	"metadata.model": {
		"metadata.model.gender": "MALE",
		"metadata.model.age": "50대 이상",
		"metadata.model.job": "Others",
		"metadata.model.type": "wear",
		"metadata.model.usually_size": "L",
		"metadata.model.body_height": "178",
		"metadata.model.waist_height": "102",
		"metadata.model.chest_size_male": "95.0",
		"metadata.model.breast_size_female": "null",
		"metadata.model.waist_size": "82",
		"metadata.model.hip_seize": "90",
		"metadata.model.back_length": "48",
		"metadata.model.shoulders_width": "46",
		"metadata.model.arm_length": "55",
		"metadata.model.weight": "72"
	},
	"metadata.clothes": {
		"metadata.clothes.type": "02top_02t-shirt",
		"metadata.clothes.season": "summer",
		"metadata.clothes.fiber_composition": "Cotton",
		"metadata.clothes.elasticity": "contain a lot",
		"metadata.clothes.transparency": "none",
		"metadata.clothes.isfleece": "fleece_none",
		"metadata.clothes.color": "Pink",
		"metadata.clothes.washing_method": "Hand Washing30",
		"metadata.clothes.bleach": "Do not chlorine bleach",
		"metadata.clothes.ironing": "none",
		"metadata.clothes.drycleaning": "DO NOT DRYCLEAN",
		"metadata.clothes.wringing": "none",
		"metadata.clothes.drying": "Drip dry in shade",
		"metadata.clothes.top_length_type": "normal",
		"metadata.clothes.sleeve_length_type": "short sleeves",
		"metadata.clothes.topneck_color_design": "round neck",
		"metadata.clothes.topsleeve_design": "basic sleeve",
		"metadata.clothes.pants_silhouette": "null",
		"metadata.clothes.skirt_design": "null",
		"metadata.top.front_length": "74.0",
		"metadata.top.chest_size": "100.0",
		"metadata.top.waist_size": "96.0",
		"metadata.top.hem_size": "100.0",
		"metadata.top.shoulder_width": "48.0",
		"metadata.top.sleeve_length": "22.0",
		"metadata.top.sleeve_cuff_size": "34.0",
		"metadata.pants.pants_length": "null",
		"metadata.pants.waist_size": "null",
		"metadata.pants.hip_size": "null",
		"metadata.pants.front_rise_length": "null",
		"metadata.pants.back_rise_length": "null",
		"metadata.pants.inner_seam_length": "null",
		"metadata.pants.pants_waist_size": "null",
		"metadata.skirt.length": "null",
		"metadata.skirt.waist_size": "null",
		"metadata.skirt.hip_size": "null",