{
	"dataset": {
		"dataset.id": 223538,
		"dataset.name": "01_sou_044708_223538_wear_02top_02t-shirt_woman",
		"dataset.image_path": "./008.의류 통합 데이터(3-1)/원천데이터/상품/상의/t-shirt/01_sou_044708_223538_wear_02top_02t-shirt_woman.jpg",
		"dataset.label_path": "./008.의류 통합 데이터(3-1)/라벨링데이터/상품/상의/t-shirt/01_sou_044708_223538_wear_02top_02t-shirt_woman.json",
		"dataset.category": 6,
		"dataset.type": 1,
		"dataset.width": 1416,
		"dataset.height": 2518,
		"dataset.file_size": 242621
	},
	"annotation": [
		{
			"annotation_type": "Polygon",
			"annotation_id": 138,
			"annotation_point_count": 157.0,
			"annotation_point": [
				453.0,
				1123.0,
				492.5,
				1078.2000000000007,
				505.3000000000011,
				1062.9000000000015,
				522.1467903598314,
				1057.5739624385606,
				525.8518838157052,
				1062.9257640970445,
				524.6168526637466,
				1068.6892428061801,
				530.380331372884,
				1072.8060133127055,
				533.2620707274509,
				1077.746137920536,
				530.380331372884,
				1144.849497176905,
				529.1455078125,
				1165.021484375,
				529.5569772715771,
				1170.7851513680162,
				529.5569772715771,
				1177.3719841784568,
				529.5569772715771,
				1183.9588169888993,
				526.2635608663568,
				1189.3106186473815,
				525.0285297144001,
				1195.4857744071705,
				525.0285297144001,
				1201.6609301669596,
				524.6168526637466,
				1208.2477629774003,
				522.9701444611364,
				1214.4229187371875,
				520.0884051065696,
				1220.186397446325,
				518.0300198533059,
				1226.3615532061121,
				517.2066657520008,
				1232.9483860165547,
				506.50306243503474,
				1260.1190713596225,
				503.2096460298144,
				1285.643048500082,
				503.2096460298144,
				1318.1655355016355,
				504.4446771817711,
				1336.2793257303474,
				499.91622962459405,
				1349.8646684018822,
				495.40000000000146,
				1370.4000000000015,
				492.91796875,
				1380.740234375,
				496.21113616872026,
				1391.4440505177918,
				496.6228132193719,
				1399.265914480191,
				494.5644279661101,
				1409.969517797157,
				494.9761050167617,
				1418.6147358608614,
				504.0330001311195,
				1417.7913817595563,
				502.79796897916094,
				1411.6162259997673,
				503.2096460298144,
				1399.6775915308426,
				526.7000000000007,
				1396.4000000000015,
				533.2620707274509,
				1394.3257898723605,
				546.0240592976807,
				1392.6790816697503,
				574.4000000000015,
				1389.800000000001,
				650.0,
				1397.0,
				698.3447265625,
				1400.0888671875,
				704.1080467482661,
				1398.0308833282324,
				710.6948795587068,
				1396.7958521762757,
				717.2817123691493,
				1396.7958521762757,
				723.4568681289365,
				1397.2075292269274,
				730.0437009393772,
				1398.0308833282324,
				736.2188566991663,
				1398.442560378886,
				742.3940124589553,
				1399.265914480191,
				748.5691682187444,
				1400.089268581496,
				755.5676780798367,
				1400.089268581496,
				762.1545108902792,
				1400.089268581496,
				768.3296666500664,
				1400.089268581496,
				775.3281765111606,
				1400.089268581496,
				781.0916552202962,
				1400.5009456321495,
				788.0901650813903,
				1400.5009456321495,
				794.676997891831,
				1400.9126226828012,
				801.2638307022717,
				1400.9126226828012,
				807.4389864620607,
				1401.3242997334546,
				813.2024651711963,
				1401.7359767841062,
				820.2009750322904,
				1401.7359767841062,
				826.7878078427311,
				1401.7359767841062,
				832.1396095012151,
				1400.089268581496,
				831.7279324505616,
				1406.2644243412851,
				838.7264423116558,
				1405.44107023998,
				846.9599833247066,
				1405.0293931893266,
				843.2548898688347,
				1393.5024357710554,
				833.4000000000015,
				1308.7000000000007,
				814.0,
				1211.0,
				823.0,
				1090.0,
				835.3000000000011,
				1082.4000000000015,
				849.0,
				1079.0,
				862.0,
				1093.0,
				902.0,
				1116.0,
				918.5,
				1139.2000000000007,
				982.0,
				1199.0,
				1044.9765625,
				1247.48046875,
				1057.7386332588212,
				1260.2425744748198,
				1067.2072054238306,
				1266.417730234607,
				1070.500621829051,
				1273.8279171463546,
				1082.4392562979756,
				1282.8848122607105,
				1095.612921918857,
				1292.7650614763716,
				1109.6099416410452,
				1308.8204664518216,
				1117.843482654096,
				1314.1722681103056,
				1124.8419925151902,
				1308.40878940117,
				1142.955782743902,
				1296.881831982897,
				1157.7761565673954,
				1289.4716450711512,
				1167.2447287324048,
				1281.2381040581004,
				1157.364479516742,
				1268.0644384372172,
				1150.3659696556497,
				1261.88928267743,
				1140.0740433893352,
				1247.48058590459,
				1122.371930211275,
				1226.4850563213095,
				1028.2000000000007,
				1122.0,
				1008.1000000000004,
				1099.6000000000004,
				1000.9000000000015,
				1096.800000000001,
				932.30078125,
				1007.1435546875,
				916.9862496407095,
				981.4548757729008,
				907.1060004250485,
				973.0566639395893,
				881.4173524643284,
				947.3680159788692,
				858.6927792683055,
				920.6913430965833,
				836.9562309938501,
				895.9907200574289,
				830.0400565428881,
				890.0625705280308,
				818.6000000000004,
				884.8000000000011,
				798.2000000000007,
				881.3000000000011,
				748.073509049751,
				872.0903972047363,
				756.3729183909072,
				877.4257317811935,
				761.1154380144253,
				886.9107710282278,
				757.5585482967872,
				896.9886252282031,
				743.9238043791738,
				917.7371485810927,
				729.6962455086214,
				937.8928569810414,
				704.2052025322137,
				965.7551597692072,
				682.863864226385,
				988.2821279809159,
				671.0075651675907,
				994.210277510314,
				659.7440810617372,
				991.839017698554,
				644.9237072382439,
				979.9827186397597,
				628.3248885559333,
				961.012640145691,
				603.4266605324647,
				931.3718924987061,
				589.1991016619122,
				910.0305541928756,
				583.270952132516,
				895.8029953223231,
				585.6422119442741,
				880.9826214988316,
				598.0913259560075,
				875.0544719694335,
				586.235026897215,
				874.4616570164944,
				579.7140624148778,
				878.0185467341325,
				547.7021484375,
				882.16796875,
				518.5355592715077,
				891.0604756988123,
				494.70439816333055,
				907.0071979328895,
				475.73431966926,
				924.198831568141,
				459.7283159398885,
				943.7617250151507,
				454.9857963163722,
				951.4683194033678,
				450.8360916457932,
				959.7677287445222,
				446.686386975216,
				968.0671380856784,
				441.9438673516979,
				975.7737324738955,
				438.3869776340598,
				984.6659567679908,
				434.2373046875,
				991.779296875,
				419.8000000000011,
				1012.9000000000015,
				358.5,
				1096.1000000000004,
				321.7000000000007,
				1131.2000000000007,
				262.60000000000036,
				1202.4000000000015,
				192.3935546875,
				1271.646484375,
				194.4518580403892,
				1277.409507487031,
				198.56862854691462,
				1281.93795504421,
				204.74378430670185,
				1283.9963402974718,
				210.9189400664909,
				1286.466402601387,
				216.27074172497487,
				1289.7598190066074,
				221.62254338345883,
				1293.8765895131346,
				226.56266799128935,
				1297.99336001966,
				240.14801066282416,
				1304.1685157794473,
				242.61807296673942,
				1308.2852862859745,
				247.14652052391648,
				1307.873609235321,
				252.9099992330539,
				1302.9334846274905,
				261.96689434740983,
				1286.466402601387,
				277.61062227220646,
				1271.6460287778955,
				308.8980781218015,
				1246.945405738741,
				329.48193065443047,
				1230.066646661986,
				343.8906274272704,
				1216.8929810411046,
				355.829261896195,
				1205.777700673485,
				395.7619358094944,
				1173.6668907225849,
				420.5,
				1156.0
			]
		}
	],
	"metadata.model": {
		"metadata.model.gender": "FEMALE",
		"metadata.model.age": "30대",
		"metadata.model.job": "office job",
		"metadata.model.type": "wear",
		"metadata.model.usually_size": "S",
		"metadata.model.body_height": "165",
		"metadata.model.waist_height": "110",
		"metadata.model.chest_size_male": "null",
		"metadata.model.breast_size_female": "85.0",