{
	"dataset": {
		"dataset.id": 277696,
		"dataset.name": "01_sou_055540_277696_front_02top_02t-shirt_man",
		"dataset.image_path": "./008.의류 통합 데이터(3-1)/원천데이터/상품/상의/t-shirt/01_sou_055540_277696_front_02top_02t-shirt_man.jpg",
		"dataset.label_path": "./008.의류 통합 데이터(3-1)/라벨링데이터/상품/상의/t-shirt/01_sou_055540_277696_front_02top_02t-shirt_man.json",
		"dataset.category": 6,
		"dataset.type": 1,
		"dataset.width": 3480,
		"dataset.height": 4640,
		"dataset.file_size": 808612
	},
	"annotation": [
		{
			"annotation_type": "Polygon",
			"annotation_id": 145,
			"annotation_point_count": 90.0,
			"annotation_point": [
				104.86029889538622,
				1916.0883690708251,
				116.166015625,
				1934.931640625,
				157.6218323586727,
				1995.2306692657548,
				289.5256660168925,
				2161.0526315789466,
				432.73554256010357,
				2345.717998700453,
				523.1838856400245,
				2436.1663417803757,
				549.5646523716678,
				2417.3229369720575,
				606.0948667966186,
				2390.9421702404143,
				632.4756335282655,
				2357.0240415854423,
				719.15625,
				2251.5,
				719.15625,
				2251.5,
				730.4613385315133,
				2262.807017543859,
				734.2300194931777,
				2402.2482131254037,
				734.2300194931777,
				2496.465237166991,
				726.692657569849,
				2767.8102664067555,
				722.9239766081846,
				2858.2586094866783,
				707.849609375,
				3091.916015625,
				664.5094217024052,
				3471.8626813948467,
				645.666015625,
				3672.859375,
				648.0,
				3857.0,
				677.6998050682269,
				3875.8024691358005,
				760.6107862248209,
				3879.571150097465,
				1231.6959064327493,
				3875.8024691358005,
				1604.794921875,
				3875.802734375,
				1806.0,
				3857.0,
				2087.185546875,
				3875.802734375,
				2407.5243664717345,
				3872.0337881741398,
				2599.7270955165695,
				3872.0337881741398,
				2848.4600389863554,
				3864.496426250811,
				2916.2962962962956,
				3841.884340480832,
				2889.9155295646524,
				3679.831059129305,
				2867.30344379467,
				3427.3294346978546,
				2852.228515625,
				3261.5078125,
				2844.691358024691,
				3122.066276803118,
				2825.847953216373,
				2911.020142949965,
				2825.847953216373,
				2828.1091617933707,
				2814.5419103313834,
				2666.0558804418433,
				2818.3105912930478,
				2568.0701754385955,
				2829.616634178037,
				2402.2482131254037,
				2803.236328125,
				2292.95703125,
				2829.616634178037,
				2289.187784275502,
				2950.2144249512676,
				2357.0240415854423,
				3048.2001299545154,
				2417.3229369720575,
				3100.961663417802,
				2338.180636777128,
				3176.335282651071,
				2225.120207927226,
				3327.08203125,
				2006.537109375,
				3425.0682261208567,
				1836.9460688758918,
				3278.089668615983,
				1746.497725795969,
				3108.4990253411306,
				1648.5120207927212,
				3025.588044184533,
				1607.0565302144241,
				2980.363872644575,
				1558.0636777127984,
				2935.139701104614,
				1516.6081871345013,
				2882.3781676413237,
				1471.38401559454,
				2829.616634178037,
				1426.1598440545786,
				2776.855100714747,
				1380.9356725146172,
				2727.862248213125,
				1347.0175438596489,
				2671.332033788174,
				1313.099415204677,
				2611.033138401559,
				1286.7186484730337,
				2558.271604938269,
				1260.3378817413904,
				2497.9727095516573,
				1245.2631578947367,
				2426.3677712800527,
				1207.5763482781003,
				2377.374918778427,
				1192.5016244314465,
				2253.008447043532,
				1151.0461338531495,
				2132.41015625,
				1128.43359375,
				2069.0,
				1130.0,
				1975.0,
				1170.0,
				1859.0,
				1190.0,
				1648.0,
				1190.0,
				1522.0,
				1130.0,
				1454.0480831708883,
				1117.1280051981812,
				1438.9733593242345,
				1124.6653671215063,
				1329.6816114359972,
				1154.8148148148139,
				1269.382716049382,
				1158.5834957764782,
				1209.0838206627668,
				1177.4269005847927,
				1156.3222871994803,
				1196.270305393111,
				1099.7920727745295,
				1215.113710201429,
				1043.261858349575,
				1237.725795971408,
				994.2690058479529,
				1271.6439246263799,
				945.2761533463272,
				1298.0246913580231,
				885.0,
				1316.9000000000015,
				839.7530864197506,
				1354.554905782974,
				790.7602339181285,
				1388.473034437946,
				734.2300194931777,
				1422.3911630929179,
				685.2000000000007,
				1463.7999999999993,
				647.55078125,
				1497.765625,
				587.2514619883041,
				1539.2202729044839,
				515.6465237166994,
				1599.5191682910954,
				410.123046875,
				1686.19921875,
				297.0630279402194,
				1757.803768680962,
				135.009765625,
				1882.169921875
			]
		}
	],
	"metadata.model": {
		"metadata.model.gender": "MALE",
		"metadata.model.age": "30대",
		"metadata.model.job": "not employed",
		"metadata.model.type": "front",
		"metadata.model.usually_size": "L",
		"metadata.model.body_height": "176",
		"metadata.model.waist_height": "107",
		"metadata.model.chest_size_male": "89.0",
		"metadata.model.breast_size_female": "null",
		"metadata.model.waist_size": "81",
		"metadata.model.hip_seize": "92",
		"metadata.model.back_length": "48",
		"metadata.model.shoulders_width": "51",
		"metadata.model.arm_length": "58",
		"metadata.model.weight": "63"
	},
	"metadata.clothes": {
		"metadata.clothes.type": "02top_02t-shirt",
		"metadata.clothes.season": "summer",
		"metadata.clothes.fiber_composition": "Cotton",
		"metadata.clothes.elasticity": "none",
		"metadata.clothes.transparency": "none",
		"metadata.clothes.isfleece": "fleece_none",
		"metadata.clothes.color": "Green",
		"metadata.clothes.washing_method": "Hand Washing30",
		"metadata.clothes.bleach": "Do not chlorine bleach",
		"metadata.clothes.ironing": "Ironing 140~160℃ : Place a cloth between the iron and textile",
		"metadata.clothes.drycleaning": "DRYCLEAN : petroleum solvent only",
		"metadata.clothes.wringing": "none",
		"metadata.clothes.drying": "Line dry in shade",
		"metadata.clothes.top_length_type": "normal",
		"metadata.clothes.sleeve_length_type": "short sleeves",
		"metadata.clothes.topneck_color_design": "round neck",
		"metadata.clothes.topsleeve_design": "basic sleeve",
		"metadata.clothes.pants_silhouette": "null",
		"metadata.clothes.skirt_design": "null",
		"metadata.top.front_length": "75.0",
		"metadata.top.chest_size": "114.0",
		"metadata.top.waist_size": "112.0",
		"metadata.top.hem_size": "116.0",
		"metadata.top.shoulder_width": "53.0",
		"metadata.top.sleeve_length": "25.0",
		"metadata.top.sleeve_cuff_size": "40.0",
		"metadata.pants.pants_length": "null",
		"metadata.pants.waist_size": "null",
		"metadata.pants.hip_size": "null",
		"metadata.pants.front_rise_length": "null",
		"metadata.pants.back_rise_length": "null",
		"metadata.pants.inner_seam_length": "null",
		"metadata.pants.pants_waist_size": "null",
		"metadata.skirt.length": "null",
		"metadata.skirt.waist_size": "null",
		"metadata.skirt.hip_size": "null",
		"metadata.skirt.hem_size": "null",
		"metadata.dress.front_length": "null",
		"metadata.dress.chest_size": "null",
		"metadata.dress.waist_size": "null",
		"metadata.dress.hip_size": "null",
		"metadata.dress.hem_size": "null",
		"metadata.dress.shoulder_width": "null",
		"metadata.dress.sleeve_length": "null",
		"metadata.dress.cuff_size": "null",
		"metadata.jumpsuit.front_length": "null",
		"metadata.jumpsuit.inner_seam_length": "null",
		"metadata.jumpsuit.chest_size": "null",
		"metadata.jumpsuit.waist_size": "null",
		"metadata.jumpsuit.hip_size": "null",
		"metadata.jumpsuit.shoulder_width": "null",
		"metadata.jumpsuit.sleeve_length": "null",
		"metadata.jumpsuit.cuffs_size": "null",
		"metadata.jumpsuit.front_rise_length": "null",
		"metadata.jumpsuit.back_rise_length": "null",
		"metadata.jumpsuit.pants_waist_size": "null"
	}
}