{
	"dataset": {
		"dataset.id": 25414,
		"dataset.name": "01_sou_005083_025414_wear_02top_02t-shirt_woman",
		"dataset.image_path": "./008.의류 통합 데이터(3-1)/원천데이터/상품/상의/t-shirt/01_sou_005083_025414_wear_02top_02t-shirt_woman.jpg",
		"dataset.label_path": "./008.의류 통합 데이터(3-1)/라벨링데이터/상품/상의/t-shirt/01_sou_005083_025414_wear_02top_02t-shirt_woman.json",
		"dataset.category": 6,
		"dataset.type": 1,
		"dataset.width": 607,
		"dataset.height": 1080,
		"dataset.file_size": 42581
	},
	"annotation": [
		{
			"annotation_type": "Polygon",
			"annotation_id": 155,
			"annotation_point_count": 42.0,
			"annotation_point": [
				222.94140625,
				278.80859375,
				217.75435764951908,
				287.96210585848166,
				217.75435764951908,
				324.57631613694866,
				218.66971290648144,
				344.5920844225111,
				220.8055418393924,
				351.9149264782045,
				224.77208128622624,
				365.03501849465647,
				245.0,
				437.0,
				240.0,
				494.0,
				218.9140625,
				596.7119140625,
				218.30357080369686,
				604.644512925328,
				218.91380764167116,
				608.9161707911499,
				222.880347088505,
				611.357118143047,
				244.87938509748346,
				619.2901970367147,
				277.1914256682321,
				621.1209075506376,
				336.10979237466563,
				620.5106707126633,
				373.6088460681967,
				618.3748417797524,
				398.35394984806044,
				613.1878286569699,
				418.76637207830754,
				602.508683992417,
				420.9022010112167,
				593.965368260775,
				417.54589840235894,
				586.1543367347022,
				407.0,
				551.0,
				403.60000000000036,
				515.0,
				388.40000000000146,
				451.5,
				389.60000000000036,
				379.60000000000036,
				391.7000000000007,
				361.2000000000007,
				394.849609375,
				352.98046875,
				397.8157548590152,
				303.8223307876706,
				396.3325403222716,
				285.8118685557856,
				396.54442811323497,
				281.3622249455548,
				396.54442811323497,
				281.1503371545914,
				392.51856008493087,
				280.09089819977453,
				389.34024322048026,
				280.09089819977453,
				378.7458536723134,
				273.3104888889484,
				345.9033203125,
				261.8681640625,
				305.2207902080281,
				261.2328848040361,
				283.8201233207292,
				261.0209970130727,
				274.49706051834255,
				261.0209970130727,
				266.6572122526977,
				263.3517627136698,
				262.20756864246687,
				265.47064062330355,
				260.3005785237983,
				268.4370696967908,
				258.39358840512796,
				270.1321720244978,
				249.28241339370288,
				273.52237667990994
			]
		}
	],
	"metadata.model": {
		"metadata.model.gender": "FEMALE",
		"metadata.model.age": "20대",
		"metadata.model.job": "university student/graduate student",
		"metadata.model.type": "wear",
		"metadata.model.usually_size": "S",
		"metadata.model.body_height": "168",
		"metadata.model.waist_height": "106",
		"metadata.model.chest_size_male": "null",
		"metadata.model.breast_size_female": "79.0",
		"metadata.model.waist_size": "63",
		"metadata.model.hip_seize": "90",
		"metadata.model.back_length": "38",
		"metadata.model.shoulders_width": "42",
		"metadata.model.arm_length": "54",
		"metadata.model.weight": "53"
	},
	"metadata.clothes": {
		"metadata.clothes.type": "02top_02t-shirt",
		"metadata.clothes.season": "summer",
		"metadata.clothes.fiber_composition": "Hemp,Polyester",
		"metadata.clothes.elasticity": "contain",
		"metadata.clothes.transparency": "none",
		"metadata.clothes.isfleece": "fleece_none",
		"metadata.clothes.color": "Blue",
		"metadata.clothes.washing_method": "none",
		"metadata.clothes.bleach": "none",
		"metadata.clothes.ironing": "none",
		"metadata.clothes.drycleaning": "none",
		"metadata.clothes.wringing": "none",
		"metadata.clothes.drying": "none",
		"metadata.clothes.top_length_type": "normal",
		"metadata.clothes.sleeve_length_type": "sleeveless",
		"metadata.clothes.topneck_color_design": "round neck",
		"metadata.clothes.topsleeve_design": "null",
		"metadata.clothes.pants_silhouette": "null",
		"metadata.clothes.skirt_design": "null",
		"metadata.top.front_length": "67.0",
		"metadata.top.chest_size": "86.0",
		"metadata.top.waist_size": "86.0",
		"metadata.top.hem_size": "96.0",
		"metadata.top.shoulder_width": "34.0",
		"metadata.top.sleeve_length": "0.0",
		"metadata.top.sleeve_cuff_size": "0.0",
		"metadata.pants.pants_length": "null",
		"metadata.pants.waist_size": "null",
		"metadata.pants.hip_size": "null",
		"metadata.pants.front_rise_length": "null",
		"metadata.pants.back_rise_length": "null",
		"metadata.pants.inner_seam_length": "null",
		"metadata.pants.pants_waist_size": "null",
		"metadata.skirt.length": "null",
		"metadata.skirt.waist_size": "null",
		"metadata.skirt.hip_size": "null",
		"metadata.skirt.hem_size": "null",
		"metadata.dress.front_length": "null",
		"metadata.dress.chest_size": "null",
		"metadata.dress.waist_size": "null",
		"metadata.dress.hip_size": "null",
		"metadata.dress.hem_size": "null",
		"metadata.dress.shoulder_width": "null",
		"metadata.dress.sleeve_length": "null",
		"metadata.dress.cuff_size": "null",
		"metadata.jumpsuit.front_length": "null",
		"metadata.jumpsuit.inner_seam_length": "null",
		"metadata.jumpsuit.chest_size": "null",
		"metadata.jumpsuit.waist_size": "null",
		"metadata.jumpsuit.hip_size": "null",
		"metadata.jumpsuit.shoulder_width": "null",
		"metadata.jumpsuit.sleeve_length": "null",
		"metadata.jumpsuit.cuffs_size": "null",
		"metadata.jumpsuit.front_rise_length": "null",
		"metadata.jumpsuit.back_rise_length": "null",
		"metadata.jumpsuit.pants_waist_size": "null"
	}
}