{
	"dataset": {
		"dataset.id": 64882,
		"dataset.name": "01_sou_012977_064882_back_02top_02t-shirt_woman",
		"dataset.image_path": "./008.의류 통합 데이터(3-1)/원천데이터/상품/상의/t-shirt/01_sou_012977_064882_back_02top_02t-shirt_woman.jpg",
		"dataset.label_path": "./008.의류 통합 데이터(3-1)/라벨링데이터/상품/상의/t-shirt/01_sou_012977_064882_back_02top_02t-shirt_woman.json",
		"dataset.category": 6,
		"dataset.type": 1,
		"dataset.width": 2992,
		"dataset.height": 2992,
		"dataset.file_size": 847453
	},
	"annotation": [
		{
			"annotation_type": "Polygon",
			"annotation_id": 112,
			"annotation_point_count": 132.0,
			"annotation_point": [
				1757.0,
				541.0,
				1711.0,
				541.0,
				1636.0,
				588.0,
				1589.0,
				597.0,
				1411.0,
				597.0,
				1330.9670415477995,
				549.9008054636106,
				1297.370244793001,
				561.7584984358946,
				1168.5166478275423,
				585.4738843804553,
				995.789586864641,
				625.3947840538058,
				989.4654839460891,
				626.580553351032,
				983.1413810275408,
				628.1615790806718,
				977.2125345413988,
				629.347348377898,
				971.2836880552568,
				630.9283741075378,
				965.3548415691184,
				632.9046562695839,
				959.0307386505665,
				634.4856819992201,
				952.7066357320182,
				636.0667077288563,
				946.7777892458762,
				636.8572205936762,
				940.4536863273242,
				638.042989890906,
				934.9200962735958,
				639.2287591881322,
				928.5959933550439,
				640.4145284853621,
				921.4813775716757,
				641.9955542149983,
				915.5525310855337,
				643.9718363770444,
				908.8331717345754,
				645.9481185390941,
				902.5090688160235,
				647.1338878363204,
				895.7897094650652,
				648.3196571335502,
				889.8608629789233,
				649.5054264307764,
				883.536760060375,
				651.0864521604162,
				877.607913574233,
				653.4579907548723,
				871.2838106556846,
				655.0390164845085,
				865.3549641695427,
				657.0152986465546,
				859.0308612509907,
				658.2010679437844,
				853.1020147648524,
				658.9915808086007,
				847.5684247111203,
				660.1773501058306,
				841.2443217925684,
				660.9678629706505,
				834.9202188740201,
				662.1536322678767,
				828.9913723878781,
				662.9441451326966,
				822.6672694693298,
				663.7346579975165,
				816.7384229831878,
				664.5251708623327,
				810.8095764970458,
				665.3156837271526,
				804.4854735784975,
				666.8967094567888,
				798.1613706599455,
				667.2919658891988,
				792.2325241738072,
				667.6872223216087,
				786.6989341200751,
				668.0824787540187,
				780.7700876339331,
				669.2682480512449,
				775.630859375,
				671.640625,
				327.0,
				830.0,
				162.40000000000146,
				872.9000000000015,
				168.0,
				914.0,
				214.20000000000073,
				1041.7000000000007,
				252.0,
				1185.0,
				280.0,
				1232.0,
				292.3000000000011,
				1324.1000000000022,
				545.2000000000007,
				1281.1000000000022,
				701.0,
				1260.0,
				738.0,
				1288.0,
				729.0,
				1736.0,
				712.4000000000015,
				1916.2999999999993,
				654.0,
				2547.7999999999993,
				1084.0,
				2566.0,
				1759.9000000000015,
				2561.0,
				2201.9000000000015,
				2560.2999999999993,
				2383.7999999999993,
				2544.5,
				2326.100000000002,
				1787.7999999999993,
				2325.2999999999993,
				1268.2000000000007,
				2356.515625,
				1250.34375,
				2541.9609030300526,
				1260.1050148231698,
				2701.3795287207577,
				1291.0127075591226,
				2758.3147521817227,
				1313.7867969435065,
				2781.08884156611,
				1310.5333556028818,
				2901.4661711692934,
				951.028087463641,
				2924.240260553681,
				868.0653332776637,
				2649.207904428302,
				780.7080861289287,
				2358.2813615011764,
				673.9956794095451,
				2348.3175729263166,
				663.1022477056613,
				2340.0171878457186,
				659.9401962463853,
				2334.0883413595766,
				659.1496833815654,
				2328.1594948734382,
				657.5686576519292,
				2322.2306483872962,
				656.3828883546994,
				2316.3018019011542,
				654.8018626250632,
				2310.372955415016,
				653.220836895427,
				2304.444108928874,
				651.6398111657873,
				2298.1200060103256,
				649.6635290037411,
				2292.5864159565936,
				648.4777597065113,
				2286.2623130380416,
				646.8967339768751,
				2280.3334665519033,
				644.525195382419,
				2274.4046200657613,
				642.153656787963,
				2268.871030012029,
				640.1773746259169,
				2262.9421835258872,
				638.596348896277,
				2257.013337039749,
				636.224810301821,
				2251.48046875,
				635.0390625,
				2245.1760456234915,
				632.884355899223,
				2239.2748987081322,
				631.212364273204,
				2233.3737517927766,
				629.2453153014176,
				2227.374252428828,
				627.2782663296312,
				2221.0796957191124,
				625.3112173578484,
				2215.1785488037567,
				623.3441683860619,
				2208.883992094041,
				622.1639390029886,
				2202.884492730096,
				620.1968900312022,
				2197.3767556090934,
				618.623250853776,
				2191.0821988993775,
				617.8364312650592,
				2184.689289741076,
				617.0496116763461,
				2178.001323237004,
				615.8693822932728,
				2171.706766527288,
				615.0825627045597,
				2166.199029406289,
				615.0825627045597,
				2160.1995300423405,
				614.2957431158466,
				2153.9049733326283,
				613.1155137327733,
				2147.6104166229125,
				611.541874555347,
				2141.610917258964,
				609.869882929328,
				2135.316360549252,
				609.0830633406149,
				2129.4152136338926,
				608.2962437518981,
				2123.514066718537,
				607.1160143688285,
				2117.121157560232,
				605.5423751913986,
				2111.2200106448727,
				604.3621458083289,
				2104.5320441408003,
				602.7885066308991,
				2097.7457251881424,
				602.001687042186,
				2091.844578272783,
				600.8214576591126,
				2085.5500215630673,
				599.2478184816828,
				2079.943931993479,
				598.4609988929697,
				2074.04278507812,
				597.6741793042565,
				2067.354818574051,
				597.2807695099,
				2061.060261864335,
				597.2807695099,
				2054.2739429116737,
				596.4939499211832,
				2047.9793862019578,
				595.3137205381136,
				2042.4716490809587,
				593.7400813606837,
				2036.4721497170103,
				593.3466715663271,
				2030.1775930072981,
				593.7400813606837,
				2024.2764460919389,
				594.5269009493968,
				2017.19506979351,
				594.5269009493968,
				2011.5889802239217,
				594.1334911550402,
				1992.4102527490104,
				594.1334911550402,
				1895.0413286456096,
				573.4794769512882,
				1838.98046875,
				572.49609375
			]
		}
	],
	"metadata.model": {
		"metadata.model.gender": "FEMALE",
		"metadata.model.age": "30대",
		"metadata.model.job": "entertainment and sports",
		"metadata.model.type": "back",
		"metadata.model.usually_size": "L",
		"metadata.model.body_height": "161",
		"metadata.model.waist_height": "94",
		"metadata.model.chest_size_male": "null",
		"metadata.model.breast_size_female": "102.0",
		"metadata.model.waist_size": "86",
		"metadata.model.hip_seize": "106",
		"metadata.model.back_length": "41",
		"metadata.model.shoulders_width": "45",
		"metadata.model.arm_length": "52",
		"metadata.model.weight": "65"
	},
	"metadata.clothes": {
		"metadata.clothes.type": "02top_02t-shirt",
		"metadata.clothes.season": "summer",
		"metadata.clothes.fiber_composition": "Cotton",
		"metadata.clothes.elasticity": "contain",
		"metadata.clothes.transparency": "none at all",
		"metadata.clothes.isfleece": "fleece_none",
		"metadata.clothes.color": "Gray",
		"metadata.clothes.washing_method": "Hand Washing30",
		"metadata.clothes.bleach": "Do not chlorine bleach",
		"metadata.clothes.ironing": "Ironing 80~120℃ : Place a cloth between the iron and textile",
		"metadata.clothes.drycleaning": "none",
		"metadata.clothes.wringing": "Do not wringing",
		"metadata.clothes.drying": "Line dry in shade",
		"metadata.clothes.top_length_type": "long",
		"metadata.clothes.sleeve_length_type": "long sleeves",
		"metadata.clothes.topneck_color_design": "round neck",
		"metadata.clothes.topsleeve_design": "basic sleeve",
		"metadata.clothes.pants_silhouette": "null",
		"metadata.clothes.skirt_design": "null",
		"metadata.top.front_length": "77.0",