{
	"dataset": {
		"dataset.id": 226844,
		"dataset.name": "01_sou_045369_226844_wear_02top_02t-shirt_man",
		"dataset.image_path": "./008.의류 통합 데이터(3-1)/원천데이터/상품/상의/t-shirt/01_sou_045369_226844_wear_02top_02t-shirt_man.jpg",
		"dataset.label_path": "./008.의류 통합 데이터(3-1)/라벨링데이터/상품/상의/t-shirt/01_sou_045369_226844_wear_02top_02t-shirt_man.json",
		"dataset.category": 6,
		"dataset.type": 1,
		"dataset.width": 2268,
		"dataset.height": 4032,
		"dataset.file_size": 940547
	},
	"annotation": [
		{
			"annotation_type": "Polygon",
			"annotation_id": 35,
			"annotation_point_count": 147.0,
			"annotation_point": [
				1097.1000000000022,
				860.9000000000015,
				1056.5,
				854.7999999999993,
				1014.9000000000015,
				848.6000000000022,
				940.1000000000022,
				852.9000000000015,
				844.7999999999993,
				858.9000000000015,
				783.0,
				887.0,
				764.0,
				904.0,
				737.5,
				964.2999999999993,
				752.6000000000022,
				1007.2000000000007,
				615.0,
				1085.0,
				573.0,
				1123.0,
				474.7000000000007,
				1277.5,
				426.5,
				1392.0,
				350.0,
				1619.0,
				327.0,
				1732.0,
				262.0,
				1901.0,
				257.0,
				1939.0,
				266.0,
				1985.0,
				250.5,
				2024.5,
				280.0,
				2052.0,
				263.6982421875,
				2109.94921875,
				273.2130197966926,
				2121.578006040607,
				289.07064665190774,
				2126.8638816590137,
				303.8710983834426,
				2128.9782319063743,
				321.8000000000011,
				2133.2000000000007,
				334.5,
				2134.2999999999993,
				353.60000000000036,
				2131.100000000002,
				379.9877072884774,
				2106.777554309072,
				370.10000000000036,
				2079.0,
				412.5,
				2060.2000000000007,
				429.40000000000146,
				2022.2000000000007,
				467.5,
				2009.6000000000022,
				497.60000000000036,
				1981.0,
				559.0,
				1821.0,
				573.0,
				1985.0,
				577.6796875,
				2007.40234375,
				590.3655569010007,
				2015.860493672506,
				606.2231837562176,
				2022.2035444145913,
				615.7377598693456,
				2034.889645898762,
				616.7949349930277,
				2052.8616230013395,
				615.7377598693456,
				2068.7192498565564,
				609.3947091272603,
				2084.5768767117734,
				604.1088335088571,
				2100.4345035669867,
				598.595703125,
				2114.919921875,
				604.7127937415535,
				2117.3664356983536,
				617.5604080918456,
				2118.5900180174285,
				627.349066644445,
				2120.4253914960427,
				636.5259340375123,
				2120.4253914960427,
				645.0910102710368,
				2121.6489738151176,
				653.6560865045649,
				2122.8725561341926,
				662.8329538976286,
				2122.8725561341926,
				673.8451947693065,
				2124.0961384532675,
				684.2456444814452,
				2124.0961384532675,
				692.198929555434,
				2124.7079296128068,
				702.5993792675763,
				2124.7079296128068,
				712.999828979715,
				2125.9315119318817,
				723.4002786918536,
				2126.5433030914173,
				735.0243107230708,
				2126.5433030914173,
				742.3658046375203,
				2127.1550942509566,
				753.9898366687376,
				2128.990467729571,
				765.6138686999511,
				2130.2140500486457,
				776.6261095716291,
				2131.4376323677207,
				786.4147681242321,
				2132.6612146867956,
				793.144470879146,
				2133.273005846335,
				805.9920852294345,
				2135.1083793249454,
				816.3925349415767,
				2136.9437528035596,
				826.7929846537154,
				2138.1673351226345,
				836.5816432063184,
				2139.3909174417095,
				847.5938840779963,
				2140.0027086012487,
				857.994333790135,
				2140.0027086012487,
				867.782992342738,
				2138.77912628217,
				877.5716508953374,
				2138.1673351226345,
				887.9721006074797,
				2137.5555439630953,
				897.760759160079,
				2137.5555439630953,
				906.9376265531464,
				2136.9437528035596,
				918.56165858436,
				2136.9437528035596,
				928.9621082964986,
				2136.9437528035596,
				939.9743491681766,
				2136.9437528035596,
				949.7630077207796,
				2137.5555439630953,
				960.1634574329182,
				2138.1673351226345,
				969.3403248259856,
				2138.1673351226345,
				979.7407745381242,
				2140.0027086012487,
				990.1412242502629,
				2140.6144997607844,
				1000.5416739624015,
				2141.8380820798593,
				1010.3303325150046,
				2142.4498732393986,
				1020.7307822271468,
				2143.061664398934,
				1028.0722761415964,
				2144.285246718009,
				1039.6963081728136,
				2144.8970378775484,
				1051.3203402040272,
				2144.8970378775484,
				1061.7207899161658,
				2144.8970378775484,
				1072.121239628308,
				2145.508829037084,
				1083.7452716595217,
				2145.508829037084,
				1094.1457213716603,
				2145.508829037084,
				1104.5461710838026,
				2145.508829037084,
				1114.334829636402,
				2145.508829037084,
				1123.5116970294694,
				2145.508829037084,
				1132.688564422533,
				2146.1206201966233,
				1143.0890141346717,
				2146.7324113561626,
				1152.8776726872748,
				2147.9559936752376,
				1162.6663312398778,
				2148.567784834773,
				1172.4549897924771,
				2149.791367153848,
				1184.0790218236943,
				2150.4031583133874,
				1193.255889216758,
				2151.6267406324623,
				1203.044547769361,
				2152.238531791998,
				1215.280370960114,
				2152.238531791998,
				1226.9044029913275,
				2152.238531791998,
				1234.2458969057807,
				2151.014949472923,
				1234.5,
				2073.7000000000007,
				1243.7999999999993,
				2058.7000000000007,
				1257.2999999999993,
				2016.4000000000015,
				1265.5,
				1984.7000000000007,
				1267.6000000000022,
				1774.2000000000007,
				1267.0,
				1758.0,
				1304.7999999999993,
				1852.9000000000015,
				1348.7000000000007,
				1899.9000000000015,
				1375.6000000000022,
				1979.7000000000007,
				1448.0,
				2067.100000000002,
				1481.0,
				2082.0,
				1480.189453125,
				2138.705078125,
				1494.9903102348617,
				2140.818593291602,
				1510.847937090075,
				2145.047293786327,
				1526.705563945292,
				2147.1616440336875,
				1541.5060156768268,
				2145.047293786327,
				1558.4208176557222,
				2142.9329435389664,
				1575.3356196346176,
				2138.7042430442416,
				1584.8501957477492,
				2133.4183674258347,
				1577.4499698819818,
				2090.0741873549123,
				1573.221269387257,
				2062.587634139207,
				1573.221269387257,
				2067.87350975761,
				1600.2000000000007,
				2049.5,
				1610.5,
				2029.2999999999993,
				1580.1000000000022,
				1985.0,
				1596.0,
				1931.9000000000015,
				1511.0,
				1725.4000000000015,
				1381.6000000000022,
				1337.4000000000015,
				1281.9000000000015,
				1157.1000000000022,
				1197.6000000000022,
				1096.6000000000022,
				1190.559113785519,
				1093.0347086259426,
				1201.130865022329,
				1085.105895198336,
				1204.6547821012646,
				1082.4629573891325,
				1216.9884918775424,
				1071.8912061523224,
				1220.5124089564815,
				1052.50966221817,
				1234.608077272227,
				1010.2226572709296,
				1233.7265625,
				1000.53125,
				1222.0,
				894.5,
				1192.0,
				870.0,
				1108.0,
				862.0
			]
		}
	],
	"metadata.model": {
		"metadata.model.gender": "MALE",
		"metadata.model.age": "30대",
		"metadata.model.job": "sales work",
		"metadata.model.type": "wear",
		"metadata.model.usually_size": "XL",
		"metadata.model.body_height": "178",
		"metadata.model.waist_height": "105",
		"metadata.model.chest_size_male": "84.0",
		"metadata.model.breast_size_female": "null",
		"metadata.model.waist_size": "78",
		"metadata.model.hip_seize": "99",
		"metadata.model.back_length": "46",
		"metadata.model.shoulders_width": "47",
		"metadata.model.arm_length": "58",
		"metadata.model.weight": "68"
	},
	"metadata.clothes": {
		"metadata.clothes.type": "02top_02t-shirt",
		"metadata.clothes.season": "winter",
		"metadata.clothes.fiber_composition": "Cotton",
		"metadata.clothes.elasticity": "contain",
		"metadata.clothes.transparency": "none at all",
		"metadata.clothes.isfleece": "fleece_contain",
		"metadata.clothes.color": "Gray",
		"metadata.clothes.washing_method": "none",
		"metadata.clothes.bleach": "none",
		"metadata.clothes.ironing": "none",
		"metadata.clothes.drycleaning": "none",
		"metadata.clothes.wringing": "none",