{
	"dataset": {
		"dataset.id": 77210,
		"dataset.name": "01_sou_015442_077210_wear_02top_02t-shirt_man",
		"dataset.image_path": "./008.의류 통합 데이터(3-1)/원천데이터/상품/상의/t-shirt/01_sou_015442_077210_wear_02top_02t-shirt_man.jpg",
		"dataset.label_path": "./008.의류 통합 데이터(3-1)/라벨링데이터/상품/상의/t-shirt/01_sou_015442_077210_wear_02top_02t-shirt_man.json",
		"dataset.category": 6,
		"dataset.type": 1,
		"dataset.width": 590,
		"dataset.height": 1080,
		"dataset.file_size": 43757
	},
	"annotation": [
		{
			"annotation_type": "Polygon",
			"annotation_id": 5,
			"annotation_point_count": 56.0,
			"annotation_point": [
				257.0,
				335.0,
				253.0,
				340.0,
				245.0,
				364.0,
				242.0,
				390.0,
				233.2841796875,
				434.87890625,
				241.5430735915652,
				436.5305299972879,
				250.60000000000036,
				437.0,
				252.39799673650487,
				472.3989716936085,
				254.04983286725655,
				481.1301055275817,
				254.14422350329914,
				530.6615917911186,
				251.07652783190315,
				554.7783993000921,
				251.7608599432151,
				563.6039237701079,
				248.36279704566914,
				610.1621049982932,
				243.60000000000036,
				620.4000000000015,
				263.0,
				630.0,
				307.0,
				638.0,
				371.0,
				641.0,
				383.40000000000146,
				640.7000000000007,
				404.0,
				640.0,
				417.5853854371089,
				634.2798564136283,
				422.3000000000011,
				630.9000000000015,
				418.6048043063729,
				623.0662488517264,
				419.2844168858828,
				599.9594211484109,
				412.4882910907909,
				568.6972424909873,
				413.167903670299,
				540.1535141515997,
				417.2455791473549,
				533.6971946462618,
				417.9251917268648,
				530.2991317487176,
				418.26499801661885,
				520.1049430560779,
				419.9640294653909,
				513.9884298404941,
				420.64364204490084,
				501.7554034093282,
				424.0417049424468,
				482.0466386035605,
				419.62422317563687,
				474.2310939392046,
				412.4882910907909,
				442.2893027022692,
				427.77957412974865,
				437.5320146457052,
				459.38155907692817,
				433.4543391686493,
				468.5563289003021,
				435.8329831969331,
				466.857421875,
				428.697265625,
				463.0,
				404.3000000000011,
				460.40000000000146,
				364.0,
				440.0,
				321.0,
				437.3000000000011,
				316.8000000000011,
				424.72131752195673,
				312.82310630576103,
				411.80867851128096,
				306.36678680042314,
				394.1387514440412,
				299.23085471557533,
				389.0416570977213,
				298.55124213606723,
				375.7892117972915,
				293.1143414999933,
				379.18727469483747,
				296.85221068729334,
				377.1484369563095,
				298.8910484258213,
				369.67269858170766,
				305.0075616414051,
				345.54645200913,
				318.26000694183494,
				328.8959438111542,
				322.6774887086449,
				317.34252995949646,
				324.37652015741696,
				305.4493098180865,
				320.2988446803629,
				307.8279538463685,
				313.50271888526913,
				309.52698529514055,
				309.7648496979691,
				291.177734375,
				320.638671875
			]
		}
	],
	"metadata.model": {
		"metadata.model.gender": "MALE",
		"metadata.model.age": "40대",
		"metadata.model.job": "construction industry",
		"metadata.model.type": "wear",
		"metadata.model.usually_size": "L",
		"metadata.model.body_height": "168",
		"metadata.model.waist_height": "99",
		"metadata.model.chest_size_male": "98.0",
		"metadata.model.breast_size_female": "null",
		"metadata.model.waist_size": "90",
		"metadata.model.hip_seize": "93",
		"metadata.model.back_length": "40",
		"metadata.model.shoulders_width": "44",
		"metadata.model.arm_length": "56",
		"metadata.model.weight": "72"
	},
	"metadata.clothes": {
		"metadata.clothes.type": "02top_02t-shirt",
		"metadata.clothes.season": "summer",
		"metadata.clothes.fiber_composition": "Cotton",
		"metadata.clothes.elasticity": "contain",
		"metadata.clothes.transparency": "none at all",
		"metadata.clothes.isfleece": "fleece_none",
		"metadata.clothes.color": "Black",
		"metadata.clothes.washing_method": "Washing40",
		"metadata.clothes.bleach": "Do not any bleach",
		"metadata.clothes.ironing": "Ironing 80~120℃ : Place a cloth between the iron and textile",
		"metadata.clothes.drycleaning": "DRYCLEAN : LAUNDRY",
		"metadata.clothes.wringing": "none",
		"metadata.clothes.drying": "Drip dry",
		"metadata.clothes.top_length_type": "long",
		"metadata.clothes.sleeve_length_type": "short sleeves",
		"metadata.clothes.topneck_color_design": "round neck",
		"metadata.clothes.topsleeve_design": "basic sleeve",
		"metadata.clothes.pants_silhouette": "null",
		"metadata.clothes.skirt_design": "null",
		"metadata.top.front_length": "69.0",
		"metadata.top.chest_size": "106.0",
		"metadata.top.waist_size": "102.0",
		"metadata.top.hem_size": "106.0",
		"metadata.top.shoulder_width": "44.0",
		"metadata.top.sleeve_length": "21.0",
		"metadata.top.sleeve_cuff_size": "34.0",
		"metadata.pants.pants_length": "null",
		"metadata.pants.waist_size": "null",
		"metadata.pants.hip_size": "null",
		"metadata.pants.front_rise_length": "null",
		"metadata.pants.back_rise_length": "null",
		"metadata.pants.inner_seam_length": "null",
		"metadata.pants.pants_waist_size": "null",
		"metadata.skirt.length": "null",
		"metadata.skirt.waist_size": "null",
		"metadata.skirt.hip_size": "null",
		"metadata.skirt.hem_size": "null",
		"metadata.dress.front_length": "null",
		"metadata.dress.chest_size": "null",
		"metadata.dress.waist_size": "null",
		"metadata.dress.hip_size": "null",
		"metadata.dress.hem_size": "null",
		"metadata.dress.shoulder_width": "null",
		"metadata.dress.sleeve_length": "null",
		"metadata.dress.cuff_size": "null",
		"metadata.jumpsuit.front_length": "null",
		"metadata.jumpsuit.inner_seam_length": "null",
		"metadata.jumpsuit.chest_size": "null",
		"metadata.jumpsuit.waist_size": "null",
		"metadata.jumpsuit.hip_size": "null",
		"metadata.jumpsuit.shoulder_width": "null",
		"metadata.jumpsuit.sleeve_length": "null",
		"metadata.jumpsuit.cuffs_size": "null",
		"metadata.jumpsuit.front_rise_length": "null",
		"metadata.jumpsuit.back_rise_length": "null",
		"metadata.jumpsuit.pants_waist_size": "null"
	}
}