{
	"dataset": {
		"dataset.id": 24804,
		"dataset.name": "01_sou_004961_024804_wear_02top_02t-shirt_woman",
		"dataset.image_path": "./008.의류 통합 데이터(3-1)/원천데이터/상품/상의/t-shirt/01_sou_004961_024804_wear_02top_02t-shirt_woman.jpg",
		"dataset.label_path": "./008.의류 통합 데이터(3-1)/라벨링데이터/상품/상의/t-shirt/01_sou_004961_024804_wear_02top_02t-shirt_woman.json",
		"dataset.category": 6,
		"dataset.type": 1,
		"dataset.width": 810,
		"dataset.height": 1080,
		"dataset.file_size": 69454
	},
	"annotation": [
		{
			"annotation_type": "Polygon",
			"annotation_id": 145,
			"annotation_point_count": 134.0,
			"annotation_point": [
				383.75390625,
				381.392578125,
				382.9274511150961,
				381.7468547489425,
				381.2746162024814,
				382.2190932954036,
				379.38566201663525,
				382.10103365878786,
				377.4967078307891,
				382.2190932954036,
				375.60775364494293,
				382.45521256863503,
				373.8368590957125,
				383.16357038832757,
				372.18402418309597,
				383.989987844634,
				370.41312963386554,
				384.22610711786547,
				368.6422350846351,
				384.4622263910969,
				366.9894001720186,
				384.69834566432655,
				365.1004459861724,
				385.05252457417373,
				363.329551436942,
				385.17058421078764,
				361.55865688771155,
				385.4067034840191,
				359.6697027018654,
				385.8789420304802,
				357.78074851601923,
				385.9970016670959,
				356.1279136034045,
				386.23312094032735,
				354.23895941755836,
				386.5872998501727,
				352.58612450494184,
				386.9414787600199,
				350.8152299557114,
				387.76789621632633,
				349.04433540648097,
				388.4762540360189,
				347.27344085725053,
				388.7123733092503,
				345.3844866714044,
				389.0665522190957,
				343.73165175878785,
				389.6568504021725,
				341.48851866309633,
				390.36520822186503,
				320.8000000000011,
				410.3000000000011,
				296.3000000000011,
				447.8000000000011,
				252.0,
				502.0,
				230.90000000000146,
				537.2999999999993,
				201.3000000000011,
				575.9000000000015,
				202.0,
				585.4000000000015,
				208.96484375,
				592.005859375,
				214.40534790192396,
				596.0855417398125,
				221.37558884769714,
				596.7655652467147,
				228.00581804001558,
				596.0855417398125,
				229.7058768072784,
				593.3654477121927,
				232.2559649581708,
				588.4352772871352,
				246.53645860316647,
				577.5549011766598,
				246.19644684971536,
				574.5117959832605,
				267.0,
				552.9000000000015,
				278.40000000000146,
				537.1000000000022,
				282.8000000000011,
				535.7999999999993,
				291.29629629629926,
				528.6257309941539,
				294.40000000000146,
				521.4000000000015,
				302.90000000000146,
				516.4000000000015,
				305.2000000000007,
				506.7999999999993,
				327.3000000000011,
				487.40000000000146,
				344.3000000000011,
				466.8000000000011,
				350.40000000000146,
				461.90000000000146,
				355.60000000000036,
				474.60000000000036,
				355.0,
				480.0,
				361.2000000000007,
				500.3000000000011,
				359.40000000000146,
				517.9000000000015,
				355.7000000000007,
				532.9000000000015,
				359.60000000000036,
				543.7000000000007,
				371.90000000000146,
				555.1000000000022,
				385.0,
				562.0,
				402.7729044834341,
				561.5204678362607,
				414.95614035087965,
				560.9113060428863,
				425.9210526315819,
				560.9113060428863,
				442.97758284600604,
				564.5662768031216,
				452.5,
				564.0,
				463.0,
				559.5,
				477.69980506822867,
				551.7738791423035,
				485.5,
				542.6000000000022,
				481.0,
				527.7000000000007,
				481.40000000000146,
				511.7000000000007,
				488.90000000000146,
				490.60000000000036,
				489.40000000000146,
				474.90000000000146,
				495.7000000000007,
				469.7000000000007,
				499.0,
				470.0,
				506.2999999999993,
				482.0,
				534.2000000000007,
				513.5,
				535.2000000000007,
				520.7999999999993,
				549.0,
				538.0,
				593.0,
				584.5,
				593.349609375,
				590.212890625,
				600.0474130929215,
				597.6502486282625,
				605.3352758826113,
				601.4927622554351,
				610.2706144863223,
				606.4281008591461,
				609.9180903003435,
				610.3058669049205,
				615.911001461991,
				615.5937296946104,
				623.3140093675574,
				613.4785845787337,
				632.8321623890006,
				608.5432459750227,
				640.2351702945671,
				600.4704421160968,
				641.0,
				595.2999999999993,
				637.4149768067327,
				591.6220850480131,
				628.9543963432261,
				581.3988836546123,
				624.4000000000015,
				573.4000000000015,
				620.4000000000015,
				567.2999999999993,
				609.2130419283822,
				552.5271528229059,
				591.234308443436,
				519.0021027362673,
				555.9818898455014,
				476.699200418745,
				528.4949830618643,
				420.35235592217214,
				519.4043910424807,
				406.77549771140366,
				518.341854312941,
				405.2407224354047,
				516.9251386735559,
				403.8240067960196,
				515.5084230341745,
				402.52535079325025,
				514.0917073947894,
				401.46281406371236,
				512.5569321187868,
				400.2822176975569,
				510.9040972061739,
				399.1016213314033,
				509.3693219301713,
				398.39326351171076,
				507.48036774432694,
				397.92102496524967,
				505.59141355847896,
				397.80296532863395,
				504.05663828248,
				397.68490569202004,
				502.9941015529421,
				396.15013041601924,
				502.1676840966338,
				394.49729550340453,
				500.8690280938645,
				393.08057986401946,
				499.68843172771085,
				391.89998349786583,
				498.3897757249415,
				391.7819238612501,
				496.8550004489425,
				390.95550640494184,
				494.96604626309636,
				390.36520822186503,
				493.0770920772502,
				390.0110293120197,
				491.0700782547883,
				390.0110293120197,
				488.8269451590968,
				390.0110293120197,
				486.93799097325063,
				390.2471485852493,
				485.0490367874045,
				390.2471485852493,
				482.80590369171114,
				390.2471485852493,
				480.6808302326335,
				390.2471485852493,
				478.79187604678737,
				390.1290889486354,
				476.9029218609412,
				390.0110293120197,
				475.1320273117108,
				389.7749100387882,
				473.5972520357118,
				389.6568504021725,
				472.7708345794035,
				387.5317769430967,
				468.16650875140294,
				386.23312094032735,
				464.5068359375,
				385.052734375,
				454.3000000000011,
				373.60000000000036,
				454.2000000000007,
				364.0,
				454.5517578125,
				357.451171875,
				431.40350877193305,
				359.2787524366504,
				413.73781676413455,
				357.45126705653274,
				394.59765625,
				354.8408203125,
				392.1492121131487,
				359.24695475507724,
				392.1492121131487,
				374.18027096670266
			]
		}
	],
	"metadata.model": {
		"metadata.model.gender": "FEMALE",
		"metadata.model.age": "40대",
		"metadata.model.job": "not employed",
		"metadata.model.type": "wear",
		"metadata.model.usually_size": "S",
		"metadata.model.body_height": "159",
		"metadata.model.waist_height": "96",
		"metadata.model.chest_size_male": "null",
		"metadata.model.breast_size_female": "82.0",
		"metadata.model.waist_size": "70",
		"metadata.model.hip_seize": "85",
		"metadata.model.back_length": "38",
		"metadata.model.shoulders_width": "36",
		"metadata.model.arm_length": "49",
		"metadata.model.weight": "46"
	},
	"metadata.clothes": {
		"metadata.clothes.type": "02top_02t-shirt",
		"metadata.clothes.season": "winter",
		"metadata.clothes.fiber_composition": "Polyester,Nylon",
		"metadata.clothes.elasticity": "contain little",
		"metadata.clothes.transparency": "none at all",
		"metadata.clothes.isfleece": "fleece_none",
		"metadata.clothes.color": "White",
		"metadata.clothes.washing_method": "none",
		"metadata.clothes.bleach": "none",
		"metadata.clothes.ironing": "none",
		"metadata.clothes.drycleaning": "none",
		"metadata.clothes.wringing": "none",
		"metadata.clothes.drying": "none",
		"metadata.clothes.top_length_type": "normal",
		"metadata.clothes.sleeve_length_type": "long sleeves",
		"metadata.clothes.topneck_color_design": "turtle neck",
		"metadata.clothes.topsleeve_design": "basic sleeve",
		"metadata.clothes.pants_silhouette": "null",