{
	"dataset": {
		"dataset.id": 337940,
		"dataset.name": "01_sou_067588_337940_wear_02top_02t-shirt_woman",
		"dataset.image_path": "./008.의류 통합 데이터(3-1)/원천데이터/상품/상의/t-shirt/01_sou_067588_337940_wear_02top_02t-shirt_woman.jpg",
		"dataset.label_path": "./008.의류 통합 데이터(3-1)/라벨링데이터/상품/상의/t-shirt/01_sou_067588_337940_wear_02top_02t-shirt_woman.json",
		"dataset.category": 6,
		"dataset.type": 1,
		"dataset.width": 3024,
		"dataset.height": 4032,
		"dataset.file_size": 1669494
	},
	"annotation": [
		{
			"annotation_type": "Polygon",
			"annotation_id": 74,
			"annotation_point_count": 227.0,
			"annotation_point": [
				1382.2398778178213,
				1828.2951128168206,
				1379.2658930145117,
				1835.0927923672389,
				1376.291908211202,
				1841.4656169457558,
				1376.7167631831035,
				1849.1130064399767,
				1377.1416181550048,
				1861.4338006251091,
				1376.7167631831035,
				1864.83264040032,
				1373.7427783797975,
				1870.7806100069356,
				1371.6185035202907,
				1877.5782895573539,
				1367.794808773182,
				1883.101404192068,
				1366.0953888855765,
				1889.8990837424863,
				1364.8208239698724,
				1895.8470533491018,
				1363.121404082267,
				1901.7950229557173,
				1362.2716941384679,
				1909.017557478037,
				1359.2977093351583,
				1916.664946972258,
				1357.1734344756514,
				1923.4626265226761,
				1355.4740145880496,
				1930.2603060730944,
				1353.3497397285428,
				1936.20827567971,
				1351.225464869036,
				1943.0059552301282,
				1349.526044981434,
				1949.378779808645,
				1347.8266250938286,
				1957.026169302866,
				1344.852640290519,
				1967.647543600393,
				1344.852640290519,
				1970.6215284037025,
				1344.00390625,
				1976.5703125,
				1361.91015625,
				1994.541015625,
				1384.7000000000007,
				2007.9000000000015,
				1398.0,
				2122.0,
				1401.215940166785,
				2466.3932922145686,
				1396.8110438181138,
				2508.9739569183876,
				1385.798828125,
				2523.65625,
				1391.6719980779962,
				2534.669185618968,
				1386.5329523378823,
				2548.6180240564245,
				1402.68359375,
				2560.365234375,
				1462.2999999999993,
				2585.2999999999993,
				1550.541015625,
				2602.431640625,
				1617.3495210082401,
				2609.038518972364,
				1680.5,
				2623.7000000000007,
				1721.599609375,
				2627.392578125,
				1750.2000000000007,
				2633.2999999999993,
				1781.064835300509,
				2636.93619584728,
				1792.7999999999993,
				2640.600000000002,
				1887.6000000000022,
				2639.2999999999993,
				1953.055833924871,
				2625.622190209753,
				1967.1000000000022,
				2586.0,
				1964.2999999999993,
				2534.7999999999993,
				1974.4000000000015,
				2488.100000000002,
				1969.1000000000022,
				2436.4000000000015,
				1954.1000000000022,
				2385.5,
				1957.0,
				2315.0,
				1832.968517507732,
				2053.5532189188016,
				1832.1000000000022,
				2049.2999999999993,
				1859.7343807375037,
				2041.2324247336692,
				1881.4019843044625,
				2039.5330048460637,
				1925.5859375,
				2032.734375,
				1925.5859375,
				2032.734375,
				1961.6995739937774,
				2028.4867755766354,
				1989.314453125,
				2031.03515625,
				1996.11282671777,
				2030.1861954642409,
				2002.485651296287,
				2031.8856153518464,
				2008.8584758748038,
				2034.434745183251,
				2015.2313004533207,
				2036.5590200427578,
				2019.9047051442321,
				2041.2324247336692,
				2023.303544919443,
				2047.605249312186,
				2024.578125,
				2053.552734375,
				2023.7283998913445,
				2039.957859817965,
				2021.6041250318376,
				2027.6370656328327,
				2014.381590509518,
				2001.7209123468638,
				2013.107025593814,
				1999.1717825154592,
				2008.9000000000015,
				1987.2999999999993,
				2007.2000000000007,
				1977.5,
				2003.3353612400897,
				1972.4059192856876,
				2003.3353612400897,
				1963.9088198476638,
				2002.5,
				1956.2999999999993,
				2002.485651296287,
				1943.0909262245077,
				2002.0607963243856,
				1935.868391702188,
				2002.0607963243856,
				1934.1689718145826,
				2002.0607963243856,
				1926.096727348464,
				1999.9365214648788,
				1912.076513275726,
				1999.9365214648788,
				1904.0042688096037,
				1999.9365214648788,
				1895.50716937158,
				1999.9365214648788,
				1893.3828945120767,
				1999.086811521076,
				1885.3106500459544,
				1998.7000000000007,
				1878.9000000000015,
				1999.1000000000022,
				1870.9000000000015,
				1998.7000000000007,
				1864.1000000000022,
				1997.2999999999993,
				1855.1000000000022,
				1994.7999999999993,
				1848.2999999999993,
				1994.838261802066,
				1842.400297883938,
				1994.838261802066,
				1835.6026183335198,
				1993.5636968863619,
				1818.608419457476,
				1993.1388419144605,
				1816.9089995698705,
				1994.4000000000015,
				1809.2999999999993,
				1994.4000000000015,
				1802.4000000000015,
				1991.8642769987564,
				1795.2413960029116,
				1991.4394220268587,
				1788.018861480592,
				1991.0145670549573,
				1780.3714719863747,
				1989.314453125,
				1774.84765625,
				1988.9327776926402,
				1766.691141891155,
				1983.8345180298274,
				1754.795202677924,
				1981.7102431703206,
				1744.5986833522984,
				1980.8605332265179,
				1738.2258587737815,
				1979.5859683108138,
				1729.7287593357578,
				1978.7362583670147,
				1726.7547745324518,
				1976.1871285356065,
				1720.3819499539313,
				1974.487708648001,
				1714.8588353192172,
				1971.9385788165964,
				1707.2114458249962,
				1969.3894489851882,
				1699.9889113026802,
				1967.2651741256814,
				1694.040941696061,
				1964.7160442942768,
				1686.818407173745,
				1961.3172045190659,
				1679.5958726514255,
				1957.9183647438585,
				1671.523628185303,
				1955.3692349124503,
				1666.000513550589,
				1951.5455401653417,
				1660.0525439439734,
				1947.296990446328,
				1654.5294293092556,
				1942.6235857554166,
				1648.5814597026401,
				1937.9501810645052,
				1641.3589251803205,
				1934.1264863173928,
				1634.9861006018036,
				1929.8779365983828,
				1628.1884210513854,
				1922.2305471041618,
				1617.5670467538584,
				1916.7074324694477,
				1613.7433520067498,
				1914.5831576099408,
				1607.370527428233,
				1909.484897947128,
				1603.1219777092192,
				1904.8114932562166,
				1600.5728478778146,
				1900.562943537203,
				1595.0497332430969,
				1896.314393818193,
				1589.951473580284,
				1892.4906990710842,
				1584.0035039736686,
				1885.693019520666,
				1578.9052443108558,
				1879.7450499140505,
				1575.0815495637435,
				1875.4965001950368,
				1569.9832899009307,
				1869.12367561652,
				1565.7347401819206,
				1855.9531714875848,
				1556.8127857719956,
				1853.828896628078,
				1555.5382208562914,
				1848.3057819933638,
				1552.5642360529855,
				1842.7826673586496,
				1548.3156863339718,
				1837.6844076958369,
				1544.4919915868632,
				1833.0110030049254,
				1540.243441867853,
				1827.912743342109,
				1535.570037176938,
				1822.8144836792962,
				1531.7463424298294,
				1817.7162240164835,
				1527.072937738918,
				1812.1931093817693,
				1524.0989529356084,
				1806.6699947470552,
				1520.700113160401,
				1800.72265625,
				1519.0,
				1795.1989105057219,
				1520.2752581884997,
				1789.2509408991064,
				1521.5498231042002,
				1782.453261348688,
				1522.8243880199043,
				1776.0804367701712,
				1524.0989529356084,
				1769.7076121916543,
				1527.4977927108193,
				1763.3347876131375,
				1530.046922542224,
				1757.386818006522,
				1533.4457623174349,
				1751.4388483999064,
				1536.8446020926422,
				1745.490878793291,
				1540.243441867853,
				1739.9677641585768,
				1543.217426671159,
				1733.1700846081585,
				1546.1914114744686,
				1728.071824945342,
				1548.7405413058732,
				1722.1238553387266,
				1553.4139459967882,
				1715.7510307602097,
				1557.237640743897,
				1710.652771097397,
				1560.2116255472065,
				1705.1296564626828,
				1562.760755378611,
				1698.3319769122645,
				1564.4601752662165,
				1691.5342973618463,
				1567.4341600695261,
				1686.011182727132,
				1572.1075647604375,
