{
	"dataset": {
		"dataset.id": 138960,
		"dataset.name": "01_sou_027792_138960_wear_02top_02t-shirt_man",
		"dataset.image_path": "./008.의류 통합 데이터(3-1)/원천데이터/상품/상의/t-shirt/01_sou_027792_138960_wear_02top_02t-shirt_man.jpg",
		"dataset.label_path": "./008.의류 통합 데이터(3-1)/라벨링데이터/상품/상의/t-shirt/01_sou_027792_138960_wear_02top_02t-shirt_man.json",
		"dataset.category": 6,
		"dataset.type": 1,
		"dataset.width": 810,
		"dataset.height": 1080,
		"dataset.file_size": 56578
	},
	"annotation": [
		{
			"annotation_type": "Polygon",
			"annotation_id": 145,
			"annotation_point_count": 130.0,
			"annotation_point": [
				276.0,
				397.2000000000007,
				263.5,
				440.0,
				259.0,
				448.2000000000007,
				251.0,
				489.2000000000007,
				243.3740234375,
				567.6953125,
				241.6742905287956,
				577.5549011766561,
				246.26444920040194,
				580.1049893275485,
				247.11447858403335,
				574.83480714904,
				255.9547841737931,
				571.4346896145144,
				266.1551367773627,
				567.5245544498139,
				273.29538359985963,
				566.6745250661843,
				282.64570681979785,
				566.5045191894569,
				290.1259653957495,
				567.864566203265,
				284.85578321723915,
				561.2343370109447,
				287.2358654914042,
				555.4541372022577,
				288.25590075176115,
				549.673937393567,
				286.8955078125,
				542.0234375,
				283.7000000000007,
				535.9000000000015,
				285.5,
				532.7000000000007,
				288.4259066284885,
				526.8931499122627,
				292.8460594233675,
				516.5227914319694,
				294.0361005604518,
				508.7025211025648,
				294.3761123139029,
				501.56227428006605,
				296.2461769578913,
				497.65213911536557,
				296.41618283461685,
				494.9320450877458,
				298.6262592320563,
				489.49185703250987,
				301.3463532596761,
				483.03163371691517,
				302.1963826433057,
				476.9114221547734,
				306.27652368473355,
				473.8513163737025,
				308.65625,
				468.0712890625,
				315.2000000000007,
				437.5,
				319.0,
				433.0,
				318.0,
				507.0,
				313.10000000000036,
				530.1000000000022,
				309.5,
				562.2999999999993,
				311.5467058632439,
				586.2252008896903,
				310.3566647261614,
				595.7455299863541,
				310.8666823563399,
				600.6757004114152,
				310.52667060288695,
				608.8359824942709,
				320.2170055762781,
				609.6860118779005,
				325.48718775478847,
				602.2057533019506,
				325.65719363151584,
				597.2755828768895,
				327.0172406453239,
				585.3751715060607,
				327.8672700289553,
				595.2355123561756,
				328.20728178240824,
				602.3757591786743,
				327.0172406453239,
				610.8760530149848,
				334.15748746782265,
				612.2361000287929,
				348.4379811128201,
				612.9161235356951,
				360.84841011382923,
				612.2361000287929,
				376.65895664936215,
				611.0460588917085,
				390.2594267874538,
				610.0260236313516,
				404.53992043245125,
				608.8359824942709,
				415.080284789472,
				607.4759354804592,
				426.130666776673,
				607.4759354804592,
				438.54109577768213,
				606.4559002201022,
				448.74144838124994,
				604.5858355761156,
				459.1118068615451,
				603.0557826855802,
				457.412109375,
				593.705078125,
				456.90000000000146,
				560.2000000000007,
				457.7000000000007,
				498.7000000000007,
				461.90000000000146,
				459.0,
				463.189453125,
				457.0693359375,
				469.42266328498954,
				471.1085548958581,
				474.3811680228355,
				485.403215697248,
				477.3562708655427,
				490.9425738472419,
				481.1814030918813,
				496.45359768444723,
				482.4564471673275,
				502.8429852180725,
				485.8565647018513,
				509.4873815667852,
				492.3734566430212,
				522.2378223212472,
				499.3153632760059,
				535.1299346396481,
				503.8488533220352,
				539.6634246856775,
				505.12389739748323,
				543.6302284759549,
				507.10729929262016,
				548.447061649862,
				512.4908187222827,
				557.2448657704408,
				515.6047596976496,
				565.6034880428124,
				519.4298919239882,
				566.1645074360094,
				524.9550829175896,
				564.6004533701271,
				530.1912639207549,
				563.3254092946809,
				537.5695189706676,
				560.639316442408,
				542.8056999738328,
				558.8032529737648,
				542.8056999738328,
				557.1031942065056,
				540.255611822944,
				551.288993222468,
				536.2944748952214,
				541.9386700025316,
				534.1694014361456,
				537.2635083925634,
				533.4553767538964,
				534.8494249430514,
				532.3163373798307,
				530.4632733235158,
				527.3691663671016,
				518.1378472608703,
				521.3849595063402,
				498.97818495383217,
				511.1846069027706,
				462.93693908788737,
				506.0844306009858,
				452.9065923610451,
				503.70434832681894,
				443.896280894558,
				497.75414264140454,
				430.1258048797408,
				491.9739428327139,
				415.1652877278393,
				489.08384292837036,
				406.83499976825624,
				480.92356084551466,
				382.6941652731439,
				479.56351383170477,
				369.6037127652289,
				476.67341392736125,
				358.2133190245768,
				473.4433022695648,
				346.31290765374615,
				469.1931553514096,
				334.75250803636845,
				465.7930378168876,
				330.84237287166616,
				457.802734375,
				326.08203125,
				457.1227381038534,
				325.74219656988134,
				448.28243251409367,
				320.472014391371,
				440.60000000000036,
				316.7000000000007,
				435.1923828125,
				315.3720703125,
				429.41178019748986,
				309.93165003435024,
				429.41178019748986,
				311.2916970481583,
				432.3018801018352,
				315.37183808958616,
				433.4919212389177,
				319.79199088446694,
				430.9418330880253,
				321.3220437750024,
				423.46157451207546,
				320.8120261448239,
				415.1312865524942,
				318.2619379939315,
				399.1507341402357,
				311.4617029248857,
				385.72026987886966,
				305.001479609291,
				375.6899231520256,
				299.0512739238766,
				367.8696528226228,
				293.4410799919133,
				363.6195059044694,
				293.2710741151859,
				361.23942363030255,
				293.95109762209177,
				356.98927671214915,
				293.7810917453644,
				353.7591650543527,
				294.80112700572136,
				350.6990592732818,
				294.9711328824487,
				346.4489123551266,
				293.95109762209177,
				344.06883008096156,
				294.80112700572136,
				341.0087242998907,
				297.6912269100667,
				331.3183893264995,
				298.20124454024517,
				319.4179779556689,
				303.81143847220847,
				318.2279368185864,
				306.5315324998264,
				313.8077840237056,
				311.97172055506417,
				308.53760184519524,
				318.6019497473826,
				301.7373046875,
				327.2724609375
			]
		}
	],
	"metadata.model": {
		"metadata.model.gender": "MALE",
		"metadata.model.age": "40대",
		"metadata.model.job": "Others",
		"metadata.model.type": "wear",
		"metadata.model.usually_size": "L",
		"metadata.model.body_height": "180",
		"metadata.model.waist_height": "105",
		"metadata.model.chest_size_male": "104.0",
		"metadata.model.breast_size_female": "null",
		"metadata.model.waist_size": "87",
		"metadata.model.hip_seize": "101",
		"metadata.model.back_length": "52",
		"metadata.model.shoulders_width": "51",
		"metadata.model.arm_length": "58",
		"metadata.model.weight": "73"
	},
	"metadata.clothes": {
		"metadata.clothes.type": "02top_02t-shirt",
		"metadata.clothes.season": "spring&fall",
		"metadata.clothes.fiber_composition": "Cotton",
		"metadata.clothes.elasticity": "contain",
		"metadata.clothes.transparency": "none",
		"metadata.clothes.isfleece": "fleece_none",
		"metadata.clothes.color": "Green",
		"metadata.clothes.washing_method": "none",
		"metadata.clothes.bleach": "none",
		"metadata.clothes.ironing": "none",
		"metadata.clothes.drycleaning": "none",
		"metadata.clothes.wringing": "none",
		"metadata.clothes.drying": "none",
		"metadata.clothes.top_length_type": "long",
		"metadata.clothes.sleeve_length_type": "long sleeves",
		"metadata.clothes.topneck_color_design": "round neck",
		"metadata.clothes.topsleeve_design": "basic sleeve",
		"metadata.clothes.pants_silhouette": "null",
		"metadata.clothes.skirt_design": "null",
		"metadata.top.front_length": "68.0",
		"metadata.top.chest_size": "100.0",