{
	"dataset": {
		"dataset.id": 48422,
		"dataset.name": "01_sou_009685_048422_back_02top_02t-shirt_woman",
		"dataset.image_path": "./008.의류 통합 데이터(3-1)/원천데이터/상품/상의/t-shirt/01_sou_009685_048422_back_02top_02t-shirt_woman.jpg",
		"dataset.label_path": "./008.의류 통합 데이터(3-1)/라벨링데이터/상품/상의/t-shirt/01_sou_009685_048422_back_02top_02t-shirt_woman.json",
		"dataset.category": 6,
		"dataset.type": 1,
		"dataset.width": 810,
		"dataset.height": 1080,
		"dataset.file_size": 62075
	},
	"annotation": [
		{
			"annotation_type": "Polygon",
			"annotation_id": 237,
			"annotation_point_count": 91.0,
			"annotation_point": [
				410.6123046875,
				254.1796875,
				387.83527696793135,
				255.09110787172176,
				366.88046647230476,
				254.18002915452053,
				355.94752186588994,
				250.53571428571558,
				343.19241982507447,
				245.9803206997094,
				335.9037900874646,
				250.53571428571558,
				314.948979591838,
				255.09110787172176,
				280.3279883381929,
				268.75728862973847,
				257.5510204081638,
				276.9569970845496,
				253.90670553935888,
				283.33454810495823,
				232.9518950437323,
				297.9118075801762,
				206.5306122448983,
				316.13338192419906,
				177.3760932944624,
				336.1771137026244,
				152.77696793003088,
				349.84329446064294,
				130.00000000000182,
				363.50947521865965,
				104.48979591836905,
				378.99781341108064,
				95.3790087463567,
				385.37536443148747,
				120.88921282798947,
				422.7295918367363,
				153.6880466472321,
				465.5502915451907,
				166.4431486880476,
				481.0386297376099,
				181.02040816326553,
				472.8389212828006,
				191.0,
				461.90000000000146,
				202.88629737609517,
				448.23979591836905,
				203.7973760932964,
				455.5284256559771,
				204.70845481049582,
				468.2835276967944,
				201.97521865889394,
				485.59402332361606,
				201.97521865889394,
				517.4817784256575,
				202.88629737609517,
				573.9686588921286,
				201.97521865889394,
				629.5444606414003,
				198.330903790089,
				665.9876093294479,
				198.330903790089,
				686.9424198250745,
				197.41982507288776,
				698.7864431486887,
				191.04227405247912,
				723.3855685131202,
				191.95335276968035,
				745.2514577259481,
				191.95335276968035,
				770.7616618075808,
				216.55247813411188,
				771.6727405247821,
				273.0393586005848,
				771.6727405247821,
				317.6822157434417,
				771.6727405247821,
				367.791545189506,
				771.6727405247821,
				423.40000000000146,
				772.6000000000004,
				459.81049562682347,
				772.5838192419833,
				478.9431486880476,
				770.7616618075808,
				533.607871720118,
				769.8505830903796,
				584.6282798833836,
				768.0284256559771,
				630.1822157434417,
				768.0284256559771,
				655.6924198250745,
				768.0284256559771,
				669.3586005830912,
				765.2951895043734,
				667.5364431486887,
				744.3403790087468,
				672.0918367346949,
				744.3403790087468,
				673.0029154518961,
				728.8520408163276,
				669.3586005830912,
				709.7193877551035,
				661.1588921282819,
				688.7645772594769,
				653.870262390672,
				651.4103498542281,
				643.8483965014584,
				602.2120991253651,
				641.1151603498547,
				553.013848396502,
				639.2930029154522,
				512.9263848396513,
				637.4708454810498,
				487.4161807580185,
				635.6486880466491,
				466.46137026239194,
				629.2711370262405,
				449.1508746355703,
				624.7157434402343,
				436.395772594753,
				625.6268221574355,
				429.1071428571431,
				632.9154518950454,
				434.5736151603505,
				647.4927113702634,
				442.77332361516164,
				668.4000000000015,
				452.8000000000011,
				681.2026239067072,
				454.6173469387759,
				686.7000000000007,
				449.2000000000007,
				695.7798833819252,
				436.395772594753,
				705.8017492711388,
				423.6406705539375,
				714.9125364431493,
				408.1523323615165,
				731.3119533527715,
				383.553206997085,
				739.5116618075808,
				366.24271137026335,
				722.2011661807592,
				353.4876093294479,
				701.2463556851326,
				345.28790087463676,
				673.0029154518961,
				329.7995626822176,
				642.9373177842572,
				308.8447521865892,
				624.7157434402343,
				297.9118075801762,
				581.8950437317799,
				272.4016034985434,
				567.3177842565601,
				265.1129737609335,
				553.6516034985434,
				259.6465014577261,
				538.1632653061242,
				254.18002915452053,
				526.3192419825082,
				250.53571428571558,
				511.74198250729023,
				245.9803206997094,
				498.0758017492717,
				243.2470845481057,
				488.9650145772612,
				242.33600583090447,
				483.49854227405376,
				241.42492711370323,
				478.9431486880476,
				237.7806122448983,
				469.83236151603523,
				243.2470845481057,
				450.6997084548111,
				247.80247813411188,
				435.21137026239194,
				250.53571428571558,
				421.5451895043734,
				254.18002915452053,
				409.7011661807592,
				254.18002915452053
			]
		}
	],
	"metadata.model": {
		"metadata.model.gender": "FEMALE",
		"metadata.model.age": "50대 이상",
		"metadata.model.job": "homemaker",
		"metadata.model.type": "back",
		"metadata.model.usually_size": "L",
		"metadata.model.body_height": "160",
		"metadata.model.waist_height": "94",
		"metadata.model.chest_size_male": "null",
		"metadata.model.breast_size_female": "91.0",
		"metadata.model.waist_size": "89",
		"metadata.model.hip_seize": "98",
		"metadata.model.back_length": "39",
		"metadata.model.shoulders_width": "42",
		"metadata.model.arm_length": "51",
		"metadata.model.weight": "65"
	},
	"metadata.clothes": {
		"metadata.clothes.type": "02top_02t-shirt",
		"metadata.clothes.season": "summer",
		"metadata.clothes.fiber_composition": "Hemp,Polyester",
		"metadata.clothes.elasticity": "none at all",
		"metadata.clothes.transparency": "none at all",
		"metadata.clothes.isfleece": "fleece_none",
		"metadata.clothes.color": "Black",
		"metadata.clothes.washing_method": "Washing30",
		"metadata.clothes.bleach": "Do not chlorine bleach",
		"metadata.clothes.ironing": "Ironing 80~120℃ : Place a cloth between the iron and textile",
		"metadata.clothes.drycleaning": "DO NOT DRYCLEAN",
		"metadata.clothes.wringing": "Do not wringing",
		"metadata.clothes.drying": "Line dry in shade",
		"metadata.clothes.top_length_type": "normal",
		"metadata.clothes.sleeve_length_type": "short sleeves",
		"metadata.clothes.topneck_color_design": "round neck",
		"metadata.clothes.topsleeve_design": "basic sleeve",
		"metadata.clothes.pants_silhouette": "null",
		"metadata.clothes.skirt_design": "null",
		"metadata.top.front_length": "65.0",
		"metadata.top.chest_size": "104.0",
		"metadata.top.waist_size": "104.0",
		"metadata.top.hem_size": "104.0",
		"metadata.top.shoulder_width": "40.0",
		"metadata.top.sleeve_length": "25.0",
		"metadata.top.sleeve_cuff_size": "34.0",
		"metadata.pants.pants_length": "null",
		"metadata.pants.waist_size": "null",
		"metadata.pants.hip_size": "null",
		"metadata.pants.front_rise_length": "null",
		"metadata.pants.back_rise_length": "null",
		"metadata.pants.inner_seam_length": "null",
		"metadata.pants.pants_waist_size": "null",
		"metadata.skirt.length": "null",
		"metadata.skirt.waist_size": "null",
		"metadata.skirt.hip_size": "null",
		"metadata.skirt.hem_size": "null",
		"metadata.dress.front_length": "null",
		"metadata.dress.chest_size": "null",
		"metadata.dress.waist_size": "null",
		"metadata.dress.hip_size": "null",
		"metadata.dress.hem_size": "null",
		"metadata.dress.shoulder_width": "null",
		"metadata.dress.sleeve_length": "null",
		"metadata.dress.cuff_size": "null",
		"metadata.jumpsuit.front_length": "null",
		"metadata.jumpsuit.inner_seam_length": "null",
		"metadata.jumpsuit.chest_size": "null",
		"metadata.jumpsuit.waist_size": "null",
		"metadata.jumpsuit.hip_size": "null",
		"metadata.jumpsuit.shoulder_width": "null",
		"metadata.jumpsuit.sleeve_length": "null",
		"metadata.jumpsuit.cuffs_size": "null",
		"metadata.jumpsuit.front_rise_length": "null",
		"metadata.jumpsuit.back_rise_length": "null",
		"metadata.jumpsuit.pants_waist_size": "null"
	}
}