{
	"dataset": {
		"dataset.id": 501038,
		"dataset.name": "01_sou_100208_501038_wear_02top_02t-shirt_woman",
		"dataset.image_path": "./008.의류 통합 데이터(3-1)/원천데이터/상품/상의/t-shirt/01_sou_100208_501038_wear_02top_02t-shirt_woman.jpg",
		"dataset.label_path": "./008.의류 통합 데이터(3-1)/라벨링데이터/상품/상의/t-shirt/01_sou_100208_501038_wear_02top_02t-shirt_woman.json",
		"dataset.category": 6,
		"dataset.type": 1,
		"dataset.width": 2268,
		"dataset.height": 4032,
		"dataset.file_size": 633859
	},
	"annotation": [
		{
			"annotation_type": "Polygon",
			"annotation_id": 148,
			"annotation_point_count": 97.0,
			"annotation_point": [
				1035.4794921875,
				1347.611328125,
				1000.704517627415,
				1360.8012116324462,
				974.3238074438977,
				1362.0003348226073,
				949.1422204505379,
				1362.0003348226073,
				892.0,
				1390.0,
				853.0,
				1432.0,
				810.0,
				1517.0,
				806.4000000000015,
				1552.4000000000015,
				812.4423828125,
				1579.0419921875,
				828.0307782443833,
				1586.2363713825162,
				854.4114884279024,
				1592.2319873333163,
				880.7921986114216,
				1607.8205888053944,
				901.1772928441405,
				1618.6126975168354,
				922.7615102670188,
				1630.6039294184338,
				933.5536189784598,
				1638.9977917495544,
				938.3501117390988,
				1649.7899004609935,
				938.3501117390988,
				1673.7723642641922,
				939.5492349292581,
				1700.1530744477113,
				947.9430972603786,
				1744.520632483629,
				939.5492349292581,
				1774.4987122376278,
				938.3501117390988,
				1794.8838064703468,
				941.9474813095785,
				1829.6583789849847,
				939.548828125,
				1886.017578125,
				953.0,
				1920.0,
				956.3369595914974,
				2028.7128285515355,
				945.5448508800582,
				2098.261973580811,
				968.3281914930976,
				2118.64706781353,
				985.1159161553369,
				2121.0453141938506,
				1004.3018871978948,
				2123.443560574171,
				1024.6869814306156,
				2123.443560574171,
				1043.8729524731734,
				2122.2444373840117,
				1060.6606771354127,
				2118.64706781353,
				1081.0457713681317,
				2118.64706781353,
				1099.032619220532,
				2118.64706781353,
				1117.0194670729306,
				2119.8461910036913,
				1137.4045613056496,
				2119.8461910036913,
				1154.192285967889,
				2117.447944623371,
				1173.3782570104486,
				2116.2488214332116,
				1192.5642280530064,
				2116.2488214332116,
				1211.7501990955661,
				2116.2488214332116,
				1228.5379237578054,
				2117.447944623371,
				1247.7238948003633,
				2117.447944623371,
				1266.909865842923,
				2119.8461910036913,
				1286.0958368854826,
				2118.64706781353,
				1305.2818079280423,
				2115.0496982430504,
				1322.0695325902798,
				2113.850575052891,
				1341.2555036328395,
				2113.850575052891,
				1360.4414746753991,
				2115.0496982430504,
				1379.6274457179588,
				2115.0496982430504,
				1398.8134167605167,
				2113.850575052891,
				1416.8002646129153,
				2107.854959102091,
				1432.3888660849952,
				2100.6602199611316,
				1438.3844820357954,
				2087.469864869372,
				1438.3844820357954,
				2062.288277876014,
				1425.1941269440358,
				2009.5268575089758,
				1428.7914965145155,
				1980.747900945138,
				1428.7914965145155,
				1960.3628067124191,
				1428.7914965145155,
				1875.2250602110616,
				1414.4020182325967,
				1820.0653934637048,
				1403.6099095211575,
				1764.905726716348,
				1408.4064022817965,
				1721.7372918705896,
				1407.2072790916372,
				1691.7592121165908,
				1413.2028950424356,
				1659.3828859822734,
				1421.596757373556,
				1638.9977917495544,
				1446.778344366914,
				1628.2056830381134,
				1471.959931360274,
				1622.210067087315,
				1488.7476560225132,
				1610.2188351857149,
				1518.7255859375,
				1589.833984375,
				1545.800000000001,
				1580.2000000000007,
				1544.6000000000004,
				1545.0,
				1489.2000000000007,
				1413.2000000000007,
				1462.0,
				1390.0,
				1413.2000000000007,
				1365.6000000000004,
				1388.0213080490776,
				1362.0003348226073,
				1352.0476123442786,
				1359.602088442287,
				1324.4677734375,
				1347.611328125,
				1275.300000000001,
				1322.4000000000015,
				1283.6975905051622,
				1338.0178710194086,
				1287.294960075642,
				1362.0003348226073,
				1276.5028513642028,
				1390.779291386445,
				1257.316880321643,
				1415.9608783798049,
				1222.5423078070053,
				1444.7398349436426,
				1224.9405541873257,
				1467.523175556682,
				1217.7458150463663,
				1489.1073929795602,
				1202.1572135742863,
				1533.474951015478,
				1179.373872961247,
				1582.6390018120364,
				1154.192285967889,
				1529.8775814449982,
				1137.4045613056496,
				1492.70476255004,
				1127.8115757843698,
				1463.9258059862022,
				1127.8115757843698,
				1445.9389581338037,
				1123.0150830237308,
				1438.7442189928424,
				1107.4264815516508,
				1429.1512334715644,
				1100.2317424106914,
				1415.9608783798049,
				1087.0413873189318,
				1394.3766609569248,
				1075.0501554173316,
				1367.9959507734056,
				1071.4527858468518,
				1347.6108565406867,
				1075.0498046875,
				1329.6240234375
			]
		}
	],
	"metadata.model": {
		"metadata.model.gender": "FEMALE",
		"metadata.model.age": "20대",
		"metadata.model.job": "entertainment and sports",
		"metadata.model.type": "wear",
		"metadata.model.usually_size": "S",
		"metadata.model.body_height": "158",
		"metadata.model.waist_height": "93",
		"metadata.model.chest_size_male": "null",
		"metadata.model.breast_size_female": "82.0",
		"metadata.model.waist_size": "61",
		"metadata.model.hip_seize": "86",
		"metadata.model.back_length": "42",
		"metadata.model.shoulders_width": "41",
		"metadata.model.arm_length": "52",
		"metadata.model.weight": "46"
	},
	"metadata.clothes": {
		"metadata.clothes.type": "02top_02t-shirt",
		"metadata.clothes.season": "summer",
		"metadata.clothes.fiber_composition": "Cotton,synthetic fiber Others,Polyurethane",
		"metadata.clothes.elasticity": "contain",
		"metadata.clothes.transparency": "none at all",
		"metadata.clothes.isfleece": "fleece_none",
		"metadata.clothes.color": "Brown",
		"metadata.clothes.washing_method": "none",
		"metadata.clothes.bleach": "none",
		"metadata.clothes.ironing": "none",
		"metadata.clothes.drycleaning": "none",
		"metadata.clothes.wringing": "none",
		"metadata.clothes.drying": "none",
		"metadata.clothes.top_length_type": "normal",
		"metadata.clothes.sleeve_length_type": "short sleeves",
		"metadata.clothes.topneck_color_design": "Others",
		"metadata.clothes.topsleeve_design": "ribbed sleeve",
		"metadata.clothes.pants_silhouette": "null",
		"metadata.clothes.skirt_design": "null",
		"metadata.top.front_length": "45.0",
		"metadata.top.chest_size": "76.0",
		"metadata.top.waist_size": "76.0",
		"metadata.top.hem_size": "72.0",
		"metadata.top.shoulder_width": "32.0",
		"metadata.top.sleeve_length": "20.0",
		"metadata.top.sleeve_cuff_size": "32.0",
		"metadata.pants.pants_length": "null",
		"metadata.pants.waist_size": "null",
		"metadata.pants.hip_size": "null",
		"metadata.pants.front_rise_length": "null",
		"metadata.pants.back_rise_length": "null",
		"metadata.pants.inner_seam_length": "null",
		"metadata.pants.pants_waist_size": "null",
		"metadata.skirt.length": "null",
		"metadata.skirt.waist_size": "null",
		"metadata.skirt.hip_size": "null",
		"metadata.skirt.hem_size": "null",
		"metadata.dress.front_length": "null",
		"metadata.dress.chest_size": "null",
		"metadata.dress.waist_size": "null",
		"metadata.dress.hip_size": "null",
		"metadata.dress.hem_size": "null",
		"metadata.dress.shoulder_width": "null",
		"metadata.dress.sleeve_length": "null",
		"metadata.dress.cuff_size": "null",
		"metadata.jumpsuit.front_length": "null",
		"metadata.jumpsuit.inner_seam_length": "null",
		"metadata.jumpsuit.chest_size": "null",
		"metadata.jumpsuit.waist_size": "null",
		"metadata.jumpsuit.hip_size": "null",
		"metadata.jumpsuit.shoulder_width": "null",
		"metadata.jumpsuit.sleeve_length": "null",
		"metadata.jumpsuit.cuffs_size": "null",
		"metadata.jumpsuit.front_rise_length": "null",