{
	"dataset": {
		"dataset.id": 336513,
		"dataset.name": "01_sou_067303_336513_wear_02top_02t-shirt_woman",
		"dataset.image_path": "./008.의류 통합 데이터(3-1)/원천데이터/상품/상의/t-shirt/01_sou_067303_336513_wear_02top_02t-shirt_woman.jpg",
		"dataset.label_path": "./008.의류 통합 데이터(3-1)/라벨링데이터/상품/상의/t-shirt/01_sou_067303_336513_wear_02top_02t-shirt_woman.json",
		"dataset.category": 6,
		"dataset.type": 1,
		"dataset.width": 3024,
		"dataset.height": 4032,
		"dataset.file_size": 881866
	},
	"annotation": [
		{
			"annotation_type": "Polygon",
			"annotation_id": 47,
			"annotation_point_count": 140.0,
			"annotation_point": [
				1404.652532107586,
				1288.8853302921452,
				1396.275390625,
				1305.640625,
				1374.0,
				1317.9000000000015,
				1328.2614114359494,
				1336.9439515721097,
				1318.4000000000015,
				1340.7999999999993,
				1305.4000000000015,
				1344.6000000000022,
				1294.7498530156918,
				1348.368346488107,
				1283.3254580996945,
				1349.8915991435715,
				1271.9010631836973,
				1353.6997307822385,
				1260.4766682677,
				1357.5078624209054,
				1249.8138996794332,
				1361.3159940595688,
				1238.389504763436,
				1367.4090046814345,
				1228.488362502907,
				1375.0252679587684,
				1218.5872202423743,
				1382.6415312360987,
				1207.162825326377,
				1388.7345418579644,
				1197.2616830658444,
				1395.5891788075642,
				1188.88379346078,
				1404.728694740359,
				1181.2675301834497,
				1413.8682106731576,
				1173.6512669061194,
				1423.7693529336902,
				1167.5582562842537,
				1433.670495194223,
				1161.465245662388,
				1443.571637454752,
				1155.3722350405224,
				1454.234406043015,
				1151.5641034018554,
				1465.658800959016,
				1145.4710927799897,
				1475.559943219545,
				1139.378082158124,
				1486.222711807808,
				1105.1048974101323,
				1560.1004655979268,
				1056.3608124352104,
				1648.4491196149756,
				1040.64453125,
				1671.05078125,
				959.4849900528607,
				1882.7223315203846,
				890.3902496009068,
				2079.0391337568835,
				847.6173150354116,
				2193.100292598203,
				838.142578125,
				2278.7578125,
				841.950307406194,
				2305.4152961454747,
				842.5849960126397,
				2313.0315594228086,
				845.1237504384153,
				2320.013134093693,
				856.5481453544162,
				2326.9947087645814,
				866.703163057522,
				2330.8028404032484,
				867.3378516639677,
				2340.957858106358,
				864.1644086317465,
				2355.5556960545764,
				845.7578125,
				2398.71484375,
				911.1313655086233,
				2421.5633111247844,
				958.7330109919494,
				2431.718328827894,
				961.9064540241707,
				2415.216425060342,
				972.6961603337222,
				2377.135108673683,
				975.2349147595014,
				2360.633204906131,
				987.2939982819407,
				2359.3638276932434,
				1006.969345081714,
				2340.957858106358,
				1038.0690867974845,
				2270.507422791041,
				1079.9585348228102,
				2191.8060355919442,
				1111.6929651450264,
				2134.0493724055123,
				1154.8517903832399,
				2043.923590290422,
				1187.3478470331866,
				1975.6945650976595,
				1215.654958880601,
				1915.3991474854483,
				1210.196636865181,
				1979.3757590150344,
				1208.3560399064918,
				2018.6629837539404,
				1214.7663948315821,
				2055.221047485131,
				1226.6350717720888,
				2076.229240358436,
				1230.3162656894674,
				2136.5881268312914,
				1238.49609375,
				2146.59765625,
				1283.2797605200285,
				2119.1798877337314,
				1352.7400816092922,
				2099.0729526815776,
				1404.8353224262391,
				2072.568356476462,
				1456.9305632431897,
				2058.8590825772662,
				1520.9071747727758,
				2061.6009373571032,
				1580.3140283359608,
				2049.7195666444677,
				1631.495317559631,
				2053.375373017585,
				1696.3858806824974,
				2070.740453289902,
				1768.5880565516018,
				2089.933436748779,
				1794.178701163437,
				2112.7822265807736,
				1796.920555943274,
				2133.8031132262076,
				1796.920555943274,
				2153.910048278365,
				1811.5437814357501,
				2137.4589195993285,
				1822.511200555109,
				2108.212468614376,
				1828.908861708067,
				2085.363678782378,
				1831.6507164879076,
				2078.05206603614,
				1841.7041840139864,
				2078.05206603614,
				1851.7576515400615,
				2067.9985985100648,
				1865.466925439261,
				2021.387067252792,
				1861.8111190661402,
				1985.7429551148816,
				1858.155312693023,
				1948.270939790411,
				1918.4761178494882,
				2100.900855868138,
				1972.3992618529956,
				2229.7680305205868,
				1996.1620032782703,
				2273.637706998019,
				2055.568359375,
				2344.92578125,
				2088.471114199532,
				2369.602624292398,
				2111.3199040315267,
				2367.7747211058377,
				2131.4268390836805,
				2428.0955262623065,
				2188.0918378670285,
				2415.300203956387,
				2242.014981870536,
				2401.590930057191,
				2227.3917563780597,
				2368.688672699118,
				2220.0801436318216,
				2323.905044628409,
				2241.7999999999993,
				2320.2999999999993,
				2248.412109375,
				2259.013671875,
				2250.240546210054,
				2199.607627942354,
				2233.7894175310175,
				2142.028677565726,
				2173.4686123745523,
				1987.570858301442,
				2115.889661997924,
				1844.0804581565135,
				2060.138671875,
				1708.81640625,
				2000.7000000000007,
				1596.6000000000022,
				1948.0503502391985,
				1507.118071151086,
				1916.756675893681,
				1447.175258320236,
				1914.112140033496,
				1440.1231626930748,
				1911.467604173311,
				1434.3933349960098,
				1909.2638242898247,
				1427.7819953455473,
				1909.2638242898247,
				1421.1706556950849,
				1907.0600444063384,
				1414.559316044626,
				1904.8562645228521,
				1407.5072204174649,
				1900.8894607325747,
				1401.7773927203998,
				1896.4819009655985,
				1396.0475650233311,
				1890.7520732685334,
				1391.1992492796599,
				1885.4630015481634,
				1388.1139574427798,
				1878.851661897701,
				1383.7063976758036,
				1873.5625901773346,
				1379.298837908831,
				1867.832762480266,
				1374.8912781418549,
				1861.6621788065022,
				1370.4837183748823,
				1854.6100831793447,
				1366.5169145846048,
				1848.439499505581,
				1362.5501107943273,
				1842.2689158318135,
				1359.0240629807486,
				1835.6575761813547,
				1355.9387711438649,
				1828.6054805541935,
				1352.412723330286,
				1822.4348968804297,
				1349.768187470101,
				1816.7050691833647,
				1346.682895633221,
				1810.0937295329022,
				1344.4791157497311,
				1803.0416339057447,
				1341.8345798895461,
				1795.9895382785835,
				1340.5123119594537,
				1789.3781986281247,
				1339.6308000060599,
				1782.3261030009635,
				1337.4270201225736,
				1776.5962753038984,
				1335.6639962157824,
				1762.4921875,
				1331.255859375,
				1732.9134793605808,
				1317.065504418275,
				1709.302734375,
				1313.2578125,
				1691.2000000000007,
				1294.0,
				1665.8903625200655,
				1307.1643621577423,
				1645.3264516712698,
				1317.065504418275,
				1613.3381459064767,
				1326.966646678804,
				1563.0708082760866,
				1336.8677889393366,
				1513.5650969734306,
				1336.8677889393366,
				1463.2977593430405,
				1326.2050203510698,
				1431.3094535782475,
				1307.1643621577423,
				1425.978515625,
				1296.501953125
			]
		}
	],
	"metadata.model": {
		"metadata.model.gender": "FEMALE",
		"metadata.model.age": "30대",
		"metadata.model.job": "office job",
		"metadata.model.type": "wear",
		"metadata.model.usually_size": "S",
		"metadata.model.body_height": "164",
		"metadata.model.waist_height": "104",
		"metadata.model.chest_size_male": "null",
		"metadata.model.breast_size_female": "80.0",
		"metadata.model.waist_size": "67",
		"metadata.model.hip_seize": "87",
		"metadata.model.back_length": "43",
		"metadata.model.shoulders_width": "43",
		"metadata.model.arm_length": "53",
		"metadata.model.weight": "48"
	},
	"metadata.clothes": {
		"metadata.clothes.type": "02top_02t-shirt",
		"metadata.clothes.season": "winter",
		"metadata.clothes.fiber_composition": "Polyurethane",
		"metadata.clothes.elasticity": "contain little",
		"metadata.clothes.transparency": "none at all",