{
	"dataset": {
		"dataset.id": 23892,
		"dataset.name": "01_sou_004779_023892_back_02top_02t-shirt_woman",
		"dataset.image_path": "./008.의류 통합 데이터(3-1)/원천데이터/상품/상의/t-shirt/01_sou_004779_023892_back_02top_02t-shirt_woman.jpg",
		"dataset.label_path": "./008.의류 통합 데이터(3-1)/라벨링데이터/상품/상의/t-shirt/01_sou_004779_023892_back_02top_02t-shirt_woman.json",
		"dataset.category": 6,
		"dataset.type": 1,
		"dataset.width": 894,
		"dataset.height": 1080,
		"dataset.file_size": 123624
	},
	"annotation": [
		{
			"annotation_type": "Polygon",
			"annotation_id": 433,
			"annotation_point_count": 64.0,
			"annotation_point": [
				859.6000000000004,
				320.8000000000011,
				757.9941690962114,
				256.56559766763894,
				723.3586005830912,
				228.2274052478151,
				707.6151603498547,
				209.33527696793135,
				687.1486880466473,
				195.16618075801853,
				668.2565597667653,
				179.42274052478206,
				646.2157434402343,
				163.6793002915456,
				627.3236151603505,
				151.0845481049564,
				606.857421875,
				141.638671875,
				535.4000000000015,
				116.10000000000036,
				519.8000000000011,
				110.0,
				496.60000000000036,
				125.0,
				443.7000000000007,
				137.3000000000011,
				400.03158406220064,
				133.09817379333072,
				355.1103417557533,
				120.44430272109275,
				348.150390625,
				112.2197265625,
				321.900390625,
				125.8955078125,
				299.86005830903923,
				133.7667638483981,
				277.8192419825082,
				143.21282798833818,
				255.77842565597712,
				155.80758017492735,
				240.03498542274065,
				171.55102040816382,
				219.56851311953506,
				188.86880466472394,
				200.6763848396513,
				206.18658892128406,
				184.93294460641482,
				225.07871720116782,
				169.20000000000073,
				240.8000000000011,
				150.3000000000011,
				255.0,
				128.25655976676535,
				275.4577259475227,
				27.80000000000109,
				357.0,
				84.0,
				417.0,
				92.0,
				435.0,
				127.0,
				483.0,
				138.40000000000146,
				489.8000000000011,
				187.20000000000073,
				465.3000000000011,
				199.0,
				460.0,
				205.0,
				468.0,
				207.0,
				717.0,
				205.0,
				760.0,
				199.0,
				772.0,
				200.5,
				820.3000000000011,
				223.0,
				820.0,
				318.751953125,
				813.8837890625,
				340.79300291545223,
				812.3090379008754,
				364.40816326530694,
				815.4577259475227,
				389.5976676384853,
				817.0320699708464,
				414.7871720116618,
				818.60641399417,
				438.4023323615165,
				817.0320699708464,
				463.5918367346949,
				817.0320699708464,
				487.2069970845496,
				813.883381924199,
				512.3965014577261,
				813.883381924199,
				528.1399416909626,
				813.883381924199,
				640.0,
				818.0,
				713.1000000000004,
				815.8000000000011,
				711.5,
				777.3000000000011,
				697.8000000000011,
				709.3000000000011,
				691.0,
				634.0,
				688.3000000000011,
				609.8000000000011,
				688.3000000000011,
				451.8000000000011,
				691.8000000000011,
				441.5,
				729.0,
				450.0,
				748.0,
				468.0,
				762.5,
				472.3000000000011,
				781.5,
				451.5,
				818.0,
				388.0,
				850.0,
				336.3000000000011
			]
		}
	],
	"metadata.model": {
		"metadata.model.gender": "FEMALE",
		"metadata.model.age": "40대",
		"metadata.model.job": "homemaker",
		"metadata.model.type": "back",
		"metadata.model.usually_size": "L",
		"metadata.model.body_height": "168",
		"metadata.model.waist_height": "98",
		"metadata.model.chest_size_male": "null",
		"metadata.model.breast_size_female": "86.0",
		"metadata.model.waist_size": "78",
		"metadata.model.hip_seize": "94",
		"metadata.model.back_length": "47",
		"metadata.model.shoulders_width": "45",
		"metadata.model.arm_length": "55",
		"metadata.model.weight": "58"
	},
	"metadata.clothes": {
		"metadata.clothes.type": "02top_02t-shirt",
		"metadata.clothes.season": "summer",
		"metadata.clothes.fiber_composition": "Cotton",
		"metadata.clothes.elasticity": "contain a lot",
		"metadata.clothes.transparency": "none at all",
		"metadata.clothes.isfleece": "fleece_none",
		"metadata.clothes.color": "Blue",
		"metadata.clothes.washing_method": "none",
		"metadata.clothes.bleach": "none",
		"metadata.clothes.ironing": "none",
		"metadata.clothes.drycleaning": "none",
		"metadata.clothes.wringing": "none",
		"metadata.clothes.drying": "none",
		"metadata.clothes.top_length_type": "long",
		"metadata.clothes.sleeve_length_type": "short sleeves",
		"metadata.clothes.topneck_color_design": "round neck",
		"metadata.clothes.topsleeve_design": "basic sleeve",
		"metadata.clothes.pants_silhouette": "null",
		"metadata.clothes.skirt_design": "null",
		"metadata.top.front_length": "72.0",
		"metadata.top.chest_size": "92.0",
		"metadata.top.waist_size": "98.0",
		"metadata.top.hem_size": "100.0",
		"metadata.top.shoulder_width": "49.0",
		"metadata.top.sleeve_length": "21.0",
		"metadata.top.sleeve_cuff_size": "34.0",
		"metadata.pants.pants_length": "null",
		"metadata.pants.waist_size": "null",
		"metadata.pants.hip_size": "null",
		"metadata.pants.front_rise_length": "null",
		"metadata.pants.back_rise_length": "null",
		"metadata.pants.inner_seam_length": "null",
		"metadata.pants.pants_waist_size": "null",
		"metadata.skirt.length": "null",
		"metadata.skirt.waist_size": "null",
		"metadata.skirt.hip_size": "null",
		"metadata.skirt.hem_size": "null",
		"metadata.dress.front_length": "null",
		"metadata.dress.chest_size": "null",
		"metadata.dress.waist_size": "null",
		"metadata.dress.hip_size": "null",
		"metadata.dress.hem_size": "null",
		"metadata.dress.shoulder_width": "null",
		"metadata.dress.sleeve_length": "null",
		"metadata.dress.cuff_size": "null",
		"metadata.jumpsuit.front_length": "null",
		"metadata.jumpsuit.inner_seam_length": "null",
		"metadata.jumpsuit.chest_size": "null",
		"metadata.jumpsuit.waist_size": "null",
		"metadata.jumpsuit.hip_size": "null",
		"metadata.jumpsuit.shoulder_width": "null",
		"metadata.jumpsuit.sleeve_length": "null",
		"metadata.jumpsuit.cuffs_size": "null",
		"metadata.jumpsuit.front_rise_length": "null",
		"metadata.jumpsuit.back_rise_length": "null",
		"metadata.jumpsuit.pants_waist_size": "null"
	}
}