{
	"dataset": {
		"dataset.id": 106489,
		"dataset.name": "01_sou_021298_106489_wear_02top_02t-shirt_woman",
		"dataset.image_path": "./008.의류 통합 데이터(3-1)/원천데이터/상품/상의/t-shirt/01_sou_021298_106489_wear_02top_02t-shirt_woman.jpg",
		"dataset.label_path": "./008.의류 통합 데이터(3-1)/라벨링데이터/상품/상의/t-shirt/01_sou_021298_106489_wear_02top_02t-shirt_woman.json",
		"dataset.category": 6,
		"dataset.type": 1,
		"dataset.width": 608,
		"dataset.height": 1080,
		"dataset.file_size": 56549
	},
	"annotation": [
		{
			"annotation_type": "Polygon",
			"annotation_id": 149,
			"annotation_point_count": 75.0,
			"annotation_point": [
				359.8000000000011,
				547.0,
				354.2000000000007,
				539.2999999999993,
				353.09765625,
				531.13671875,
				353.26595147326225,
				518.0296527693827,
				354.9463563819427,
				513.9966809885482,
				353.93811343673406,
				505.42661595427853,
				354.44223490933837,
				496.01634846566776,
				357.9710852175667,
				484.42155459577407,
				359.81953061711647,
				463.4164932372678,
				358.81128767190785,
				447.7887275865396,
				355.786558836282,
				426.615625737164,
				354.9463563819427,
				409.1394146868879,
				351.9216275463168,
				405.94664536039454,
				345.3680484024644,
				403.9301594699791,
				334.142578125,
				401.708984375,
				333.8628761277014,
				403.6696967091357,
				333.30274115814063,
				405.77020284498576,
				332.6025724461906,
				407.87070898083766,
				331.6223362494602,
				409.83118137429665,
				330.5020663103405,
				411.79165376775745,
				329.24176262882975,
				413.4720586764379,
				328.26152643209934,
				415.4325310698987,
				327.28129023536894,
				417.3930034633595,
				325.6008853266885,
				418.79334088725955,
				323.9204804180081,
				420.1936783111596,
				322.1000417669384,
				421.5940157350615,
				320.27960311586685,
				422.57425193179006,
				318.17909698001677,
				422.85431941657043,
				316.07859084416486,
				423.2744206437419,
				313.9780847083148,
				423.83455561330084,
				311.5975110876843,
				423.83455561330084,
				309.35697120944315,
				423.83455561330084,
				307.25646507359306,
				423.4144543861312,
				305.155958937743,
				423.1343869013508,
				303.0554528018929,
				422.71428567418116,
				300.954946666041,
				422.1541507046204,
				298.9944742725802,
				421.3139482502811,
				297.0340018791212,
				420.47374579594,
				295.3535969704408,
				419.0734083720399,
				293.6731920617585,
				417.67307094813987,
				292.1328208954692,
				416.1326997818487,
				290.59244972917804,
				414.5923286155594,
				289.0520785628887,
				412.91192370687895,
				287.51170739659756,
				411.2315187981985,
				286.2514037150868,
				409.411080147127,
				284.9911000335778,
				407.5906414960573,
				283.59076260967595,
				405.77020284498576,
				282.330458928167,
				403.94976419391605,
				281.2101889890455,
				402.1293255428445,
				280.3699865347062,
				400.4489206341641,
				268.2374630940303,
				404.2662404517141,
				263.7001953125,
				405.7783203125,
				260.5076005141,
				411.32394106817264,
				262.6921268953847,
				423.59089690153996,
				263.532329349724,
				442.9155533513658,
				261.1797624775718,
				457.03095458428106,
				259.33131707802386,
				470.8102748354613,
				259.66739805975885,
				481.2287852692807,
				263.0282078771197,
				501.22560368257837,
				264.54057229493264,
				521.0543816050085,
				263.86841033146084,
				542.2274834543823,
				258.65915511455205,
				551.3016699612563,
				256.4746287332673,
				557.1830871416387,
				252.60969744330214,
				588.77469942483,
				253.11381891590645,
				598.1849669134426,
				280.67245941826513,
				598.3530074043083,
				319.1537318270475,
				597.176723968234,
				327.2196753887147,
				595.6643595504211,
				335.95778091385364,
				596.1684810230254,
				351.7535870554493,
				595.8324000412904,
				366.7091907427057,
				594.3200356234775,
				370.7421875,
				592.80859375,
				372.5906079230881,
				590.9592258061166,
				368.72567663312293,
				580.5407153722954,
				365.8689882883664,
				565.585111685039
			]
		}
	],
	"metadata.model": {
		"metadata.model.gender": "FEMALE",
		"metadata.model.age": "30대",
		"metadata.model.job": "entertainment and sports",
		"metadata.model.type": "wear",
		"metadata.model.usually_size": "XS",
		"metadata.model.body_height": "157",
		"metadata.model.waist_height": "96",
		"metadata.model.chest_size_male": "null",
		"metadata.model.breast_size_female": "75.0",
		"metadata.model.waist_size": "62",
		"metadata.model.hip_seize": "83",
		"metadata.model.back_length": "40",
		"metadata.model.shoulders_width": "40",
		"metadata.model.arm_length": "52",
		"metadata.model.weight": "43"
	},
	"metadata.clothes": {
		"metadata.clothes.type": "02top_02t-shirt",
		"metadata.clothes.season": "summer",
		"metadata.clothes.fiber_composition": "Polyester,synthetic fiber Others",
		"metadata.clothes.elasticity": "contain a lot",
		"metadata.clothes.transparency": "none at all",
		"metadata.clothes.isfleece": "fleece_none",
		"metadata.clothes.color": "Black,White",
		"metadata.clothes.washing_method": "Washing30",
		"metadata.clothes.bleach": "Do not chlorine bleach",
		"metadata.clothes.ironing": "none",
		"metadata.clothes.drycleaning": "DRYCLEAN",
		"metadata.clothes.wringing": "none",
		"metadata.clothes.drying": "Drip dry in shade",
		"metadata.clothes.top_length_type": "normal",
		"metadata.clothes.sleeve_length_type": "sleeveless",
		"metadata.clothes.topneck_color_design": "U-neck",
		"metadata.clothes.topsleeve_design": "null",
		"metadata.clothes.pants_silhouette": "null",
		"metadata.clothes.skirt_design": "null",
		"metadata.top.front_length": "59.0",
		"metadata.top.chest_size": "40.0",
		"metadata.top.waist_size": "32.0",
		"metadata.top.hem_size": "28.0",
		"metadata.top.shoulder_width": "26.0",
		"metadata.top.sleeve_length": "0.0",
		"metadata.top.sleeve_cuff_size": "0.0",
		"metadata.pants.pants_length": "null",
		"metadata.pants.waist_size": "null",
		"metadata.pants.hip_size": "null",
		"metadata.pants.front_rise_length": "null",
		"metadata.pants.back_rise_length": "null",
		"metadata.pants.inner_seam_length": "null",
		"metadata.pants.pants_waist_size": "null",
		"metadata.skirt.length": "null",
		"metadata.skirt.waist_size": "null",
		"metadata.skirt.hip_size": "null",
		"metadata.skirt.hem_size": "null",
		"metadata.dress.front_length": "null",
		"metadata.dress.chest_size": "null",
		"metadata.dress.waist_size": "null",
		"metadata.dress.hip_size": "null",
		"metadata.dress.hem_size": "null",
		"metadata.dress.shoulder_width": "null",
		"metadata.dress.sleeve_length": "null",
		"metadata.dress.cuff_size": "null",
		"metadata.jumpsuit.front_length": "null",
		"metadata.jumpsuit.inner_seam_length": "null",
		"metadata.jumpsuit.chest_size": "null",
		"metadata.jumpsuit.waist_size": "null",
		"metadata.jumpsuit.hip_size": "null",
		"metadata.jumpsuit.shoulder_width": "null",
		"metadata.jumpsuit.sleeve_length": "null",
		"metadata.jumpsuit.cuffs_size": "null",
		"metadata.jumpsuit.front_rise_length": "null",
		"metadata.jumpsuit.back_rise_length": "null",
		"metadata.jumpsuit.pants_waist_size": "null"
	}
}