{
	"dataset": {
		"dataset.id": 446866,
		"dataset.name": "01_sou_089374_446866_front_02top_02t-shirt_woman",
		"dataset.image_path": "./008.의류 통합 데이터(3-1)/원천데이터/상품/상의/t-shirt/01_sou_089374_446866_front_02top_02t-shirt_woman.jpg",
		"dataset.label_path": "./008.의류 통합 데이터(3-1)/라벨링데이터/상품/상의/t-shirt/01_sou_089374_446866_front_02top_02t-shirt_woman.json",
		"dataset.category": 6,
		"dataset.type": 1,
		"dataset.width": 4032,
		"dataset.height": 3024,
		"dataset.file_size": 1871805
	},
	"annotation": [
		{
			"annotation_type": "Polygon",
			"annotation_id": 146,
			"annotation_point_count": 81.0,
			"annotation_point": [
				736.0,
				1233.0,
				957.3000000000011,
				1185.1000000000004,
				1058.300000000001,
				1150.800000000001,
				1004.0361445783146,
				1374.3825301204834,
				991.4000000000015,
				1510.4000000000015,
				1004.0361445783146,
				1630.5572289156644,
				964.5029296875,
				1760.8583984375,
				955.0150602409649,
				1830.4367469879544,
				942.364457831327,
				1906.3403614457857,
				932.8765060240985,
				1975.918674698798,
				920.2259036144605,
				2051.8222891566293,
				907.5753012048208,
				2121.4006024096398,
				904.4130859375,
				2165.677734375,
				894.9246987951828,
				2260.5572289156644,
				879.1114457831336,
				2380.7379518072303,
				875.9487951807241,
				2450.3162650602426,
				863.2981927710862,
				2519.894578313255,
				853.8102409638577,
				2608.448795180726,
				844.3222891566293,
				2700.1656626506046,
				844.2000000000007,
				2941.800000000001,
				1795.9000000000015,
				2897.800000000001,
				1928.300000000001,
				2875.5,
				2062.5,
				2887.7000000000007,
				2353.800000000001,
				2852.2000000000007,
				2699.216796875,
				2845.0146484375,
				2907.9518072289175,
				2857.6656626506046,
				3167.289156626508,
				2860.828313253014,
				3357.048192771086,
				2845.0150602409667,
				3467.7000000000007,
				2823.0,
				3432.0,
				2709.0,
				3362.9000000000015,
				2463.9000000000015,
				3306.800000000001,
				2130.0,
				3274.800000000001,
				1902.5,
				3227.379518072292,
				1649.533132530123,
				3195.753012048195,
				1519.864457831327,
				3202.078313253014,
				1434.4728915662672,
				3157.80078125,
				1292.1533203125,
				3091.3855421686767,
				1146.6716867469895,
				3303.283132530123,
				1162.4849397590388,
				3508.8554216867487,
				1241.5512048192795,
				3546.8072289156644,
				1178.2981927710862,
				3537.300000000001,
				1153.0,
				3553.1325301204834,
				1102.394578313255,
				3565.783132530123,
				1023.3283132530141,
				3587.9216867469895,
				912.6355421686767,
				3597.40963855422,
				786.1295180722918,
				3610.0602409638577,
				729.2018072289175,
				3644.849609375,
				618.5087890625,
				3291.0,
				578.0,
				2993.343373493979,
				457.213855421689,
				2917.439759036146,
				444.56325301204924,
				2806.7469879518103,
				435.0753012048208,
				2746.6566265060264,
				409.7740963855449,
				2582.19921875,
				378.1474609375,
				2283.0,
				298.0,
				2189.0,
				351.0,
				2148.916015625,
				337.033203125,
				1959.1566265060264,
				337.0331325301231,
				1873.0,
				316.0,
				1826.0,
				316.0,
				1756.7469879518085,
				248.47891566265207,
				1718.7951807228928,
				280.10542168674874,
				1674.5180722891582,
				318.0572289156644,
				1611.2650602409667,
				337.0331325301231,
				1535.3614457831354,
				346.52108433735157,
				1446.8072289156644,
				374.98493975903875,
				1339.2771084337364,
				390.7981927710862,
				1212.7710843373516,
				425.58734939759233,
				1098.916015625,
				450.888671875,
				948.3000000000011,
				492.7000000000007,
				829.0,
				552.0,
				662.5,
				590.0,
				535.963855421689,
				656.4608433734957,
				392.0634765625,
				704.533203125,
				433.1777108433762,
				808.9006024096398,
				452.1536144578331,
				872.1536144578331,
				480.60000000000036,
				967.0,
				505.91867469879617,
				1049.2620481927734,
				528.0572289156644,
				1099.864457831327,
				566.00903614458,
				1169.4427710843393,
				610.2861445783146,
				1270.6475903614482
			]
		}
	],
	"metadata.model": {
		"metadata.model.gender": "FEMALE",
		"metadata.model.age": "20대",
		"metadata.model.job": "Others",
		"metadata.model.type": "front",
		"metadata.model.usually_size": "S",
		"metadata.model.body_height": "160",
		"metadata.model.waist_height": "84",
		"metadata.model.chest_size_male": "null",
		"metadata.model.breast_size_female": "88.0",
		"metadata.model.waist_size": "74",
		"metadata.model.hip_seize": "90",
		"metadata.model.back_length": "39",
		"metadata.model.shoulders_width": "40",
		"metadata.model.arm_length": "53",
		"metadata.model.weight": "51"
	},
	"metadata.clothes": {
		"metadata.clothes.type": "02top_02t-shirt",
		"metadata.clothes.season": "summer",
		"metadata.clothes.fiber_composition": "Cotton",
		"metadata.clothes.elasticity": "none at all",
		"metadata.clothes.transparency": "none at all",
		"metadata.clothes.isfleece": "fleece_none",
		"metadata.clothes.color": "Gray,White",
		"metadata.clothes.washing_method": "none",
		"metadata.clothes.bleach": "none",
		"metadata.clothes.ironing": "none",
		"metadata.clothes.drycleaning": "none",
		"metadata.clothes.wringing": "none",
		"metadata.clothes.drying": "none",
		"metadata.clothes.top_length_type": "long",
		"metadata.clothes.sleeve_length_type": "long sleeves",
		"metadata.clothes.topneck_color_design": "round neck",
		"metadata.clothes.topsleeve_design": "basic sleeve",
		"metadata.clothes.pants_silhouette": "null",
		"metadata.clothes.skirt_design": "null",
		"metadata.top.front_length": "57.0",
		"metadata.top.chest_size": "116.0",
		"metadata.top.waist_size": "114.0",
		"metadata.top.hem_size": "120.0",
		"metadata.top.shoulder_width": "49.0",
		"metadata.top.sleeve_length": "24.0",
		"metadata.top.sleeve_cuff_size": "38.0",
		"metadata.pants.pants_length": "null",
		"metadata.pants.waist_size": "null",
		"metadata.pants.hip_size": "null",
		"metadata.pants.front_rise_length": "null",
		"metadata.pants.back_rise_length": "null",
		"metadata.pants.inner_seam_length": "null",
		"metadata.pants.pants_waist_size": "null",
		"metadata.skirt.length": "null",
		"metadata.skirt.waist_size": "null",
		"metadata.skirt.hip_size": "null",
		"metadata.skirt.hem_size": "null",
		"metadata.dress.front_length": "null",
		"metadata.dress.chest_size": "null",
		"metadata.dress.waist_size": "null",
		"metadata.dress.hip_size": "null",
		"metadata.dress.hem_size": "null",
		"metadata.dress.shoulder_width": "null",
		"metadata.dress.sleeve_length": "null",
		"metadata.dress.cuff_size": "null",
		"metadata.jumpsuit.front_length": "null",
		"metadata.jumpsuit.inner_seam_length": "null",
		"metadata.jumpsuit.chest_size": "null",
		"metadata.jumpsuit.waist_size": "null",
		"metadata.jumpsuit.hip_size": "null",
		"metadata.jumpsuit.shoulder_width": "null",
		"metadata.jumpsuit.sleeve_length": "null",
		"metadata.jumpsuit.cuffs_size": "null",
		"metadata.jumpsuit.front_rise_length": "null",
		"metadata.jumpsuit.back_rise_length": "null",
		"metadata.jumpsuit.pants_waist_size": "null"
	}
}