{
	"dataset": {
		"dataset.id": 64873,
		"dataset.name": "01_sou_012975_064873_wear_02top_02t-shirt_woman",
		"dataset.image_path": "./008.의류 통합 데이터(3-1)/원천데이터/상품/상의/t-shirt/01_sou_012975_064873_wear_02top_02t-shirt_woman.jpg",
		"dataset.label_path": "./008.의류 통합 데이터(3-1)/라벨링데이터/상품/상의/t-shirt/01_sou_012975_064873_wear_02top_02t-shirt_woman.json",
		"dataset.category": 6,
		"dataset.type": 1,
		"dataset.width": 1295,
		"dataset.height": 2922,
		"dataset.file_size": 195351
	},
	"annotation": [
		{
			"annotation_type": "Polygon",
			"annotation_id": 104,
			"annotation_point_count": 115.0,
			"annotation_point": [
				417.912109375,
				1131.50390625,
				417.27326706725034,
				1133.4201355512268,
				399.3967293855603,
				1176.1961364324125,
				380.24329615517854,
				1207.4800773753668,
				403.2274160316374,
				1223.4412717340201,
				454.30323797932215,
				1241.956257190057,
				480.5,
				1245.1000000000022,
				510.5,
				1205.6000000000022,
				514.317328767851,
				1174.280793109374,
				526.0,
				1169.0,
				531.0,
				1174.0,
				529.0,
				1242.0,
				503.0,
				1378.0,
				496.0,
				1600.0,
				486.10000000000036,
				1636.4000000000015,
				496.0,
				1653.0,
				515.0,
				1671.0,
				542.705078125,
				1681.798828125,
				639.2385740874961,
				1700.0016746257897,
				779.0739594158658,
				1694.2096764169219,
				819.8937563164545,
				1682.7176164786943,
				872.2056131552745,
				1683.361171835233,
				938.6756878379929,
				1651.4592134467093,
				940.438654958889,
				1631.0263308765425,
				932.5,
				1528.6000000000022,
				935.1182568393378,
				1451.906260851676,
				931.5713247596359,
				1349.9319635602915,
				904.525390625,
				1302.048828125,
				897.0,
				1198.0,
				904.9835218902044,
				1200.0740831929543,
				910.2826384172768,
				1227.1442688252282,
				927.137659660013,
				1264.8126875116432,
				954.207845292287,
				1266.1534278377694,
				984.7894936834637,
				1260.8543113107007,
				1057.3171608491757,
				1225.2927702796223,
				1000.9422223744186,
				1089.0480152341734,
				973.2119150318431,
				992.4319526059662,
				973.2119150318431,
				989.4832718065882,
				972.1396674684329,
				985.4623434438035,
				969.4590485599074,
				981.9775388627204,
				968.1187391056446,
				978.2246723907847,
				967.8506772147921,
				974.2037440279964,
				967.314553433087,
				970.1828156652082,
				965.9742439788242,
				966.1618873024199,
				964.0978107428564,
				962.4090208304879,
				961.953315616036,
				958.3880924676996,
				959.2726967075105,
				954.9032878866165,
				956.8601396898412,
				951.4184833055333,
				954.4475826721682,
				948.2017406153027,
				951.7669637636427,
				944.9849979250721,
				948.5502210734121,
				942.036317125694,
				945.065416492329,
				939.8918219988773,
				941.8486738020983,
				937.2112030903518,
				938.8999930027203,
				934.2625222909737,
				935.6832503124897,
				931.5819033824482,
				932.1984457314102,
				929.4374082556278,
				928.713641150327,
				926.7567893471023,
				925.4968984600964,
				924.3442323294294,
				921.7440319881607,
				922.199737202609,
				917.991165516225,
				920.0552420757886,
				914.2382990442893,
				918.1788088398207,
				910.4854325723536,
				916.3023756038529,
				906.464504209569,
				914.9620661495937,
				902.4435758467807,
				914.1578804770361,
				898.4226474839925,
				913.0856329136259,
				894.6697810120568,
				910.9411377868055,
				891.453125,
				909.33203125,
				880.1479034681433,
				901.663593463607,
				855.2484402686459,
				897.8329068175299,
				841.8410370073798,
				886.9792946536472,
				821.4107082283044,
				885.7023991049537,
				809.2802005157318,
				879.3179213614931,
				789.4883195110015,
				878.0410258128031,
				804.1726183209612,
				891.4484290740693,
				797.1496928031556,
				904.2173845609905,
				770.9733340549683,
				924.0092655657172,
				744.1585275324323,
				935.5013255039485,
				712.8745865894743,
				941.2473554730605,
				688.6135711643255,
				937.416668826987,
				649.0298091548684,
				918.9016833709502,
				642.0068836370629,
				906.132727884029,
				645.8375702831399,
				892.0868768484142,
				657.9680779957162,
				883.7870557819151,
				657.96875,
				875.486328125,
				652.2220480266005,
				881.2332646845316,
				640.0915403140243,
				885.0639513306087,
				628.7523852863669,
				883.8668868107015,
				567.0981503902876,
				899.6825383709984,
				562.8091601366505,
				901.2909097161137,
				558.5201698830097,
				902.6312191703764,
				554.4992415202214,
				903.9715286246392,
				550.4783131574331,
				905.0437761880494,
				546.1893229037923,
				906.1160237514596,
				542.4364564318566,
				907.1882713148698,
				538.415528069072,
				907.9924569874274,
				534.1265378154312,
				909.3327664416902,
				530.105609452643,
				910.4050140051004,
				526.0846810898547,
				912.0133853502157,
				522.5998765087716,
				913.621756695331,
				518.5789481459833,
				915.7662518221478,
				514.2899578923461,
				917.374623167263,
				511.3412770929681,
				920.0552420757886,
				508.1245344027375,
				922.7358609843141,
				505.1758536033594,
				925.6845417836921,
				502.4952346948339,
				928.9012844739227,
				499.2784920046033,
				931.8499652733008,
				496.3298112052271,
				934.7986460726788,
				493.6491922967016,
				938.0153887629094,
				490.70051149732353,
				941.2321314531364,
				487.7518306979455,
				944.1808122525144,
				485.0712117894218,
				947.397554942745,
				482.9267166626014,
				950.8823595238282,
				480.782221535781,
				954.3671641049114,
				477.5654788455504,
				957.0477830134369,
				474.884765625,
				959.99609375
			]
		}
	],
	"metadata.model": {
		"metadata.model.gender": "FEMALE",
		"metadata.model.age": "30대",
		"metadata.model.job": "not employed",
		"metadata.model.type": "wear",
		"metadata.model.usually_size": "M",
		"metadata.model.body_height": "160",
		"metadata.model.waist_height": "95",
		"metadata.model.chest_size_male": "null",
		"metadata.model.breast_size_female": "90.0",
		"metadata.model.waist_size": "82",
		"metadata.model.hip_seize": "91",
		"metadata.model.back_length": "42",
		"metadata.model.shoulders_width": "43",
		"metadata.model.arm_length": "52",
		"metadata.model.weight": "55"
	},
	"metadata.clothes": {
		"metadata.clothes.type": "02top_02t-shirt",
		"metadata.clothes.season": "summer",
		"metadata.clothes.fiber_composition": "Cotton",
		"metadata.clothes.elasticity": "contain",
		"metadata.clothes.transparency": "contain",
		"metadata.clothes.isfleece": "fleece_none",
		"metadata.clothes.color": "Black",
		"metadata.clothes.washing_method": "none",
		"metadata.clothes.bleach": "none",
		"metadata.clothes.ironing": "none",
		"metadata.clothes.drycleaning": "none",
		"metadata.clothes.wringing": "none",
		"metadata.clothes.drying": "none",
		"metadata.clothes.top_length_type": "long",
		"metadata.clothes.sleeve_length_type": "short sleeves",
		"metadata.clothes.topneck_color_design": "round neck",
		"metadata.clothes.topsleeve_design": "basic sleeve",
		"metadata.clothes.pants_silhouette": "null",
		"metadata.clothes.skirt_design": "null",
		"metadata.top.front_length": "67.0",
		"metadata.top.chest_size": "94.0",
		"metadata.top.waist_size": "92.0",
		"metadata.top.hem_size": "94.0",
		"metadata.top.shoulder_width": "43.0",
		"metadata.top.sleeve_length": "21.0",
		"metadata.top.sleeve_cuff_size": "34.0",
		"metadata.pants.pants_length": "null",
		"metadata.pants.waist_size": "null",
		"metadata.pants.hip_size": "null",
		"metadata.pants.front_rise_length": "null",
		"metadata.pants.back_rise_length": "null",
		"metadata.pants.inner_seam_length": "null",
		"metadata.pants.pants_waist_size": "null",
		"metadata.skirt.length": "null",
		"metadata.skirt.waist_size": "null",
		"metadata.skirt.hip_size": "null",
		"metadata.skirt.hem_size": "null",
		"metadata.dress.front_length": "null",
		"metadata.dress.chest_size": "null",
		"metadata.dress.waist_size": "null",
		"metadata.dress.hip_size": "null",