{
	"dataset": {
		"dataset.id": 497932,
		"dataset.name": "01_sou_099587_497932_back_02top_02t-shirt_woman",
		"dataset.image_path": "./008.의류 통합 데이터(3-1)/원천데이터/상품/상의/t-shirt/01_sou_099587_497932_back_02top_02t-shirt_woman.jpg",
		"dataset.label_path": "./008.의류 통합 데이터(3-1)/라벨링데이터/상품/상의/t-shirt/01_sou_099587_497932_back_02top_02t-shirt_woman.json",
		"dataset.category": 6,
		"dataset.type": 1,
		"dataset.width": 4000,
		"dataset.height": 3000,
		"dataset.file_size": 962613
	},
	"annotation": [
		{
			"annotation_type": "Polygon",
			"annotation_id": 42,
			"annotation_point_count": 125.0,
			"annotation_point": [
				1587.0,
				871.0,
				1566.7000000000007,
				885.3000000000011,
				1537.0,
				890.0,
				1487.0,
				909.0,
				1437.0,
				946.0,
				1425.0,
				946.0,
				1385.4091796875,
				991.2060546875,
				1366.0285401544133,
				1004.7728523464066,
				1327.2672002608506,
				1031.9057902718996,
				1296.2581283459986,
				1066.790996176107,
				1210.9831805801605,
				1124.9330060164502,
				999.733878160243,
				1260.5976956439208,
				803.9891116977506,
				1382.6959163086449,
				497.774526538602,
				1590.069084739207,
				346.6053009537063,
				1708.291171414574,
				303.9678270707882,
				1741.2383103241027,
				241.94968324108595,
				1811.0087221325157,
				226.44514728366084,
				1820.6990571059068,
				216.75481231027152,
				1853.6461960154356,
				135.3559985337888,
				1927.292741813204,
				187.68380739009808,
				1999.0012206162955,
				209.00254433155897,
				2037.7625605098583,
				236.135482257052,
				2068.7716324247085,
				241.94968324108595,
				2090.0903693661694,
				280.71102313465053,
				2128.851709259732,
				396.9950428153388,
				2068.7716324247085,
				443.50865068761414,
				2051.3290294726066,
				693.5192930010944,
				1898.2217368930324,
				997.7958111655644,
				1729.609908356033,
				1251.6825874684018,
				1590.069084739207,
				1373.780808133126,
				1524.1748069201494,
				1381.5330761118385,
				1539.6793428775745,
				1397.0376120692636,
				1564.8742138083908,
				1400.913746058619,
				1584.254883755173,
				1389.28515625,
				1694.724609375,
				1383.4711431065152,
				1950.5495457493416,
				1377.6569421224813,
				2078.4619673980997,
				1381.5330761118385,
				2218.0027910149274,
				1391.2234110852278,
				2384.676552557248,
				1406.7279470426547,
				2442.8185623975914,
				1419.10546875,
				2559.8505859375,
				1608.6503020506843,
				2535.17642722639,
				1752.2108201749925,
				2517.2313624608505,
				1881.1909731772994,
				2508.2588300780826,
				1914.837969612683,
				2504.8941304345426,
				1946.2418329523753,
				2499.286297695313,
				1964.1868977179147,
				2499.286297695313,
				2018.0220920145293,
				2494.800031503928,
				2103.261149650836,
				2494.800031503928,
				2166.0688763302205,
				2498.1647311474662,
				2204.202138956991,
				2500.4078642431577,
				2227.75503646176,
				2500.4078642431577,
				2328.0,
				2506.4000000000015,
				2350.0,
				2512.0,
				2449.7000000000007,
				2517.6000000000004,
				2475.0,
				2521.0,
				2525.0,
				2521.0,
				2550.0,
				2523.2000000000007,
				2558.6171680763746,
				2400.5884414848515,
				2565.346567363451,
				2393.859042197775,
				2574.3190997462207,
				2384.8865098150054,
				2574.3190997462207,
				2357.968912666698,
				2586.65625,
				2267.1220703125,
				2587.0,
				2006.0,
				2580.6000000000004,
				1975.800000000001,
				2579.366149211528,
				1556.0936936186135,
				2606.6000000000004,
				1514.4000000000015,
				3066.4400696101548,
				1748.958277186237,
				3723.4000000000015,
				2016.7000000000007,
				3744.359753790288,
				2021.5797011043032,
				3773.4307587104613,
				1989.2785845263352,
				3794.426484486141,
				1906.9107372525123,
				3829.9577127219072,
				1856.844006556661,
				3849.3383826686877,
				1826.1579458075903,
				3804.1168194595302,
				1789.0116617429248,
				3770.200647052663,
				1747.0202101915656,
				3770.2001953125,
				1734.099609375,
				3756.0689085497943,
				1710.4661132641577,
				3647.9947559993398,
				1631.8667295911,
				3525.5196889745403,
				1551.1139381461762,
				3408.4281413794015,
				1493.2411042773147,
				3285.953074354602,
				1413.8341926898083,
				3176.936805903957,
				1364.0366379654388,
				3053.115859021742,
				1292.7050055224245,
				2962.9419085749105,
				1238.869811225808,
				2871.422078270665,
				1185.0346169291934,
				2804.128085399896,
				1148.6958607789784,
				2762.4058098200203,
				1111.0112247713478,
				2678.9612586602652,
				1057.1760304747313,
				2579.366149211528,
				989.8820376039621,
				2544.373046875,
				948.16015625,
				2478.649473214944,
				903.5214134198086,
				2432.6652447532506,
				882.2116490107328,
				2349.6693202126353,
				865.38815079304,
				2271.159661863405,
				840.7136867404242,
				2196.0147031577126,
				812.6745230442721,
				2156.7598739830973,
				795.8510248265793,
				2145.544208504636,
				801.458857565809,
				2128.720710286945,
				809.3098234007321,
				2111.8972120692524,
				814.9176561399636,
				2097.316846947253,
				822.7686219748866,
				2080.4933487295602,
				828.3764547141182,
				2062.548283964021,
				832.8627209055012,
				2045.7247857463299,
				837.348987096886,
				2028.901287528637,
				840.7136867404242,
				2009.8346562152528,
				842.9568198361176,
				1994.1327245454067,
				845.1999529318091,
				1977.309226327714,
				846.3215194796558,
				1958.2425950143297,
				846.3215194796558,
				1939.1759637009454,
				846.3215194796558,
				1921.230898935406,
				846.3215194796558,
				1904.407400717715,
				844.0783863839642,
				1885.340769404329,
				840.7136867404242,
				1869.6388377344829,
				836.2274205490412,
				1853.9369060646368,
				831.7411543576563,
				1839.3565409426374,
				822.7686219748866,
				1823.6546092727913,
				812.6745230442721,
				1805.7095445072537,
				805.9451237571939,
				1792.250745933099,
				799.2157244701175,
				1774.3056811675615,
				804.823557209349,
				1758.6037494977154,
				816.0392226878103,
				1721.5920534187917,
				827.2548881662715,
				1638.5961288781764,
				859.7803180538103,
				1624.015625,
				860.90234375,
				1612.0,
				863.2000000000007
			]
		}
	],
	"metadata.model": {
		"metadata.model.gender": "FEMALE",
		"metadata.model.age": "30대",
		"metadata.model.job": "Others",
		"metadata.model.type": "back",
		"metadata.model.usually_size": "S",
		"metadata.model.body_height": "158",
		"metadata.model.waist_height": "93",
		"metadata.model.chest_size_male": "null",
		"metadata.model.breast_size_female": "87.0",
		"metadata.model.waist_size": "69",
		"metadata.model.hip_seize": "87",
		"metadata.model.back_length": "38",
		"metadata.model.shoulders_width": "38",
		"metadata.model.arm_length": "51",
		"metadata.model.weight": "47"
	},
	"metadata.clothes": {
		"metadata.clothes.type": "02top_02t-shirt",
		"metadata.clothes.season": "winter",
		"metadata.clothes.fiber_composition": "synthetic fiber Others,Polyester",
		"metadata.clothes.elasticity": "contain",
		"metadata.clothes.transparency": "none",
		"metadata.clothes.isfleece": "fleece_none",
		"metadata.clothes.color": "Red",
		"metadata.clothes.washing_method": "none",
		"metadata.clothes.bleach": "none",
		"metadata.clothes.ironing": "none",
		"metadata.clothes.drycleaning": "none",
		"metadata.clothes.wringing": "none",
		"metadata.clothes.drying": "none",
		"metadata.clothes.top_length_type": "normal",
		"metadata.clothes.sleeve_length_type": "long sleeves",
		"metadata.clothes.topneck_color_design": "round neck",
		"metadata.clothes.topsleeve_design": "ribbed sleeve",
		"metadata.clothes.pants_silhouette": "null",
		"metadata.clothes.skirt_design": "null",
		"metadata.top.front_length": "53.0",
		"metadata.top.chest_size": "100.0",
		"metadata.top.waist_size": "102.0",
		"metadata.top.hem_size": "100.0",
		"metadata.top.shoulder_width": "44.0",
		"metadata.top.sleeve_length": "53.0",
		"metadata.top.sleeve_cuff_size": "18.0",