{
	"dataset": {
		"dataset.id": 221964,
		"dataset.name": "01_sou_044393_221964_wear_02top_02t-shirt_woman",
		"dataset.image_path": "./008.의류 통합 데이터(3-1)/원천데이터/상품/상의/t-shirt/01_sou_044393_221964_wear_02top_02t-shirt_woman.jpg",
		"dataset.label_path": "./008.의류 통합 데이터(3-1)/라벨링데이터/상품/상의/t-shirt/01_sou_044393_221964_wear_02top_02t-shirt_woman.json",
		"dataset.category": 6,
		"dataset.type": 1,
		"dataset.width": 2268,
		"dataset.height": 4032,
		"dataset.file_size": 804719
	},
	"annotation": [
		{
			"annotation_type": "Polygon",
			"annotation_id": 165,
			"annotation_point_count": 133.0,
			"annotation_point": [
				648.9139252388431,
				2259.4426573093624,
				649.0568324667838,
				2261.4433585005136,
				649.9142758344187,
				2263.7656009545317,
				651.3433481138145,
				2265.3375804618663,
				651.4862553417533,
				2267.3382816530175,
				660.4179570879678,
				2278.4135918183238,
				681.068051525217,
				2289.4531751766444,
				705.0407390120599,
				2292.311319735436,
				717.5451214567602,
				2291.168061911918,
				740.5174583480257,
				2288.5957318090077,
				742.8039739950564,
				2288.452824581069,
				744.6974947652543,
				2287.3095667575544,
				746.4123815005278,
				2285.701860443234,
				747.8414537799217,
				2283.9869737079607,
				749.1276188313768,
				2282.1291797447484,
				750.2708766548931,
				2280.271385781536,
				751.2712272504687,
				2278.0920505554604,
				752.4502118809687,
				2276.0913493643093,
				759.6313000849259,
				2264.0156886034238,
				764.097150958034,
				2248.4388007580274,
				789.4274571102997,
				2210.31829770518,
				827.5122333561594,
				2118.643310982028,
				876.350778504464,
				2010.2481785899618,
				866.2400921277494,
				2102.5662478388404,
				862.3458701663985,
				2192.16907975687,
				890.6057744914233,
				2306.5663157223935,
				889.4625166679089,
				2323.9295439170346,
				889.1767022120293,
				2326.216059564067,
				889.1767022120293,
				2328.6454824390385,
				889.3196094399682,
				2331.396446576873,
				889.4625166679089,
				2333.111333312143,
				889.7483311237866,
				2335.3978489591755,
				889.7483311237866,
				2337.8629986411324,
				889.7483311237866,
				2340.0066070602224,
				890.0341455796661,
				2342.150215479316,
				890.3199600355456,
				2344.4724579333306,
				890.8915889473028,
				2346.6160663524206,
				891.6061250869989,
				2348.7596747715143,
				892.3206612266968,
				2350.9032831906043,
				893.0709241733784,
				2353.08261841668,
				894.2141819968947,
				2355.0833196078347,
				895.0716253645314,
				2357.3698352548636,
				896.6436048718642,
				2359.227629218076,
				898.2155843791988,
				2360.6924283044573,
				909.7196162283235,
				2367.0160731407777,
				951.126985523777,
				2378.1985637270373,
				1018.1504754273737,
				2385.8798272287822,
				1145.9095372052361,
				2387.1302654732535,
				1206.6808358864837,
				2384.379301335419,
				1337.190861802177,
				2382.4143269512533,
				1389.280546386104,
				2377.4483007803574,
				1440.1555195325454,
				2369.802764085598,
				1472.2024653979643,
				2362.3358614257595,
				1492.673925800289,
				2348.7239479645286,
				1497.4255911292748,
				2342.7218443910715,
				1499.7121067763073,
				2339.827973025298,
				1501.5699007395197,
				2337.112735694449,
				1502.7846121770053,
				2334.040230293751,
				1502.9989730189154,
				2330.9319980860673,
				1502.9989730189154,
				2327.395044194567,
				1502.9989730189154,
				2324.108177951959,
				1502.9989730189154,
				2321.2143065861856,
				1501.641354353491,
				2299.8139492022565,
				1525.2210469634992,
				2181.9154861522147,
				1528.6508204340462,
				2105.102851134765,
				1513.2882934305562,
				1953.978457588808,
				1538.2970583199567,
				2017.9294420917067,
				1569.3793803967856,
				2104.495495416024,
				1620.0042658943312,
				2214.355426894468,
				1630.7223079897922,
				2257.0489612413767,
				1640.4042726826883,
				2324.7512604776857,
				1641.3688964712783,
				2328.502575211096,
				1645.1202112046885,
				2328.502575211096,
				1652.5513870575414,
				2329.574379420643,
				1668.80708423565,
				2335.326395345208,
				1717.7528098049115,
				2354.690324731,
				1733.293970843326,
				2355.297680449745,
				1749.2281267585713,
				2351.6892729442734,
				1750.7643794589203,
				2351.3320048744245,
				1752.6936270361039,
				2350.8675563836186,
				1754.479967385345,
				2349.9029325950287,
				1755.5517715948918,
				2348.58104073659,
				1755.9090396647407,
				2346.544612738453,
				1755.9090396647407,
				2344.508184740316,
				1755.9090396647407,
				2342.6146639701183,
				1755.6589520158486,
				2340.3281483230858,
				1755.4445911739385,
				2338.434627552888,
				1755.1945035250428,
				2336.255292326812,
				1755.0873231040896,
				2334.111683907722,
				1755.0873231040896,
				2332.6826116283264,
				1751.4431887916326,
				2312.4969656818794,
				1747.9776885141036,
				2282.8079890774607,
				1747.5489668302835,
				2250.6538627910886,
				1742.404306624463,
				2227.931613548717,
				1742.404306624463,
				2191.918992107978,
				1731.6862645290057,
				2069.304590535936,
				1723.969274220275,
				2007.1399463822781,
				1713.2512321248178,
				1936.4008685522567,
				1684.0981576251725,
				1756.7664830323774,
				1640.6186335245984,
				1560.0904105807203,
				1625.5061941700005,
				1513.574107886434,
				1624.6844776093494,
				1510.4658756787503,
				1622.004967085486,
				1509.0368033993545,
				1616.1814975469533,
				1499.3548387064584,
				1599.568532298992,
				1468.093882594705,
				1572.058890920649,
				1425.578982282721,
				1528.4721863991217,
				1376.6332567134632,
				1500.9625450207786,
				1355.5544405923974,
				1428.7943949113615,
				1313.0395402804133,
				1428.4371268415125,
				1309.4668595819276,
				1411.6455275586268,
				1287.6735073211603,
				1392.353051786802,
				1289.459847670405,
				1361.9852658496711,
				1291.960724159344,
				1311.6104680010176,
				1289.102579600556,
				1205.1445831861347,
				1278.3845375050987,
				1106.8958639777666,
				1264.4510827810009,
				1071.8835931326066,
				1260.878402082515,
				1049.3757047321415,
				1266.2374231302456,
				962.5595637589322,
				1310.5029369844888,
				889.6054238958477,
				1343.8360479013609,
				869.8842264402047,
				1366.129575459916,
				820.7241400290368,
				1428.7229412973902,
				804.2898088160018,
				1455.5180465360354,
				800.7171281175142,
				1460.162531444068,
				798.5735196984242,
				1465.164284421946,
				795.0008389999366,
				1469.4515012601296,
				795.8082648377858,
				1477.3899977721558,
				706.0,
				1843.1000000000022,
				681.4253195950569,
				2031.169796760285,
				671.9934425510528,
				2084.331285553759,
				677.9955461245099,
				2163.2160753763274,
				660.4179570879587,
				2196.65636671416,
				664.705078125,
				2222.37890625
			]
		}
	],
	"metadata.model": {
		"metadata.model.gender": "FEMALE",
		"metadata.model.age": "20대",
		"metadata.model.job": "university student/graduate student",
		"metadata.model.type": "wear",
		"metadata.model.usually_size": "S",
		"metadata.model.body_height": "153",
		"metadata.model.waist_height": "93",
		"metadata.model.chest_size_male": "null",
		"metadata.model.breast_size_female": "75.0",
		"metadata.model.waist_size": "59",
		"metadata.model.hip_seize": "84",
		"metadata.model.back_length": "38",
		"metadata.model.shoulders_width": "37",
		"metadata.model.arm_length": "52",
		"metadata.model.weight": "44"
	},
	"metadata.clothes": {
		"metadata.clothes.type": "02top_02t-shirt",
		"metadata.clothes.season": "winter",
		"metadata.clothes.fiber_composition": "Cotton",
		"metadata.clothes.elasticity": "none",
		"metadata.clothes.transparency": "none at all",
		"metadata.clothes.isfleece": "fleece_contain",
		"metadata.clothes.color": "Black,White,Yellow",
		"metadata.clothes.washing_method": "none",
		"metadata.clothes.bleach": "none",
		"metadata.clothes.ironing": "none",
		"metadata.clothes.drycleaning": "none",