{
	"dataset": {
		"dataset.id": 134571,
		"dataset.name": "01_sou_026915_134571_front_02top_02t-shirt_man",
		"dataset.image_path": "./008.의류 통합 데이터(3-1)/원천데이터/상품/상의/t-shirt/01_sou_026915_134571_front_02top_02t-shirt_man.jpg",
		"dataset.label_path": "./008.의류 통합 데이터(3-1)/라벨링데이터/상품/상의/t-shirt/01_sou_026915_134571_front_02top_02t-shirt_man.json",
		"dataset.category": 6,
		"dataset.type": 1,
		"dataset.width": 1918,
		"dataset.height": 1080,
		"dataset.file_size": 161955
	},
	"annotation": [
		{
			"annotation_type": "Polygon",
			"annotation_id": 159,
			"annotation_point_count": 170.0,
			"annotation_point": [
				1085.1000000000022,
				115.40000000000146,
				1071.4066675539689,
				117.76863254844648,
				1025.929259108474,
				117.1173371597506,
				1018.0004456808674,
				116.26782143536366,
				1015.735070415838,
				116.26782143536366,
				965.3304707689022,
				114.56878998659158,
				948.3401562811705,
				115.98464952723589,
				932.7657013340831,
				119.09954051665227,
				915.7753868463551,
				118.8163686085245,
				873.865234375,
				112.5869140625,
				869.4108574470774,
				119.67313353375903,
				873.3254259050482,
				137.77801265188646,
				871.3681416760628,
				158.3294970562456,
				878.7079575347634,
				173.98777088813767,
				875.2827101340372,
				181.32758674683828,
				871.3681416760628,
				201.87907115119742,
				866.474609375,
				246.896484375,
				862.6000000000022,
				292.40000000000146,
				851.30597832895,
				333.5064355505456,
				842.474609375,
				331.3388671875,
				839.0470603807225,
				331.58359849419685,
				835.1301249809512,
				331.58359849419685,
				831.4579980436683,
				332.8076408066245,
				828.275488031355,
				334.0316831190539,
				824.1137441690989,
				335.01091696899675,
				820.1968087693276,
				336.7245762063958,
				816.2798733695563,
				337.9486185188234,
				812.6077464322734,
				337.9486185188234,
				808.6908110325021,
				337.7038100563386,
				804.7738756327308,
				337.459001593852,
				801.1017486954443,
				337.9486185188234,
				797.919238683131,
				340.1518946811957,
				794.7367286708177,
				342.11036238107954,
				790.81979327105,
				343.334404693509,
				787.6372832587331,
				344.80325546842323,
				783.9651563214502,
				347.2513400932785,
				780.5378378466521,
				348.47538240570793,
				776.6209024468808,
				349.20980779316415,
				773.4383924345675,
				350.9234670305632,
				771.235116272197,
				353.8611685803917,
				767.8077977973953,
				356.30925320524875,
				764.8700962475668,
				359.0021462925906,
				762.1772031602268,
				361.9398478424191,
				760.7083523853107,
				364.632740929761,
				757.7706508354822,
				368.3048678670457,
				754.8329492856574,
				370.99776095438756,
				752.3848646607985,
				374.42507942918746,
				749.6919715734584,
				377.36278097901595,
				747.2438869485995,
				380.79009945381404,
				744.7958023237443,
				383.97260946612914,
				742.347717698889,
				387.15511947844243,
				739.4100161490605,
				389.8480125657843,
				736.9619315242016,
				392.7857141156128,
				734.5138468993464,
				395.23379874046805,
				731.0865284245483,
				398.17150029029654,
				713.7051275880658,
				416.53213497672186,
				608.9000000000015,
				539.5,
				495.0802486533885,
				671.1379650507333,
				435.8720703125,
				743.068359375,
				326.4951171875,
				888.0,
				352.6880475321377,
				903.5753971377999,
				390.4443019493174,
				928.8248922792918,
				400.5912953239349,
				934.0163772616506,
				415.6937970908075,
				946.9950897175586,
				423.7000000000007,
				948.9000000000015,
				473.7440382572204,
				888.0009421907162,
				511.0283394941871,
				842.9294134802076,
				565.7749083990966,
				781.8114766423969,
				599.9915139646655,
				743.3472924548951,
				626.8928452369073,
				719.9856100342658,
				671.2564441770919,
				682.9372853874083,
				698.865705219654,
				661.6993922777438,
				730.4865682940435,
				634.798061005502,
				765.647080220042,
				601.7613383904718,
				776.5020033649816,
				590.6704386554229,
				776.5020033649816,
				615.2120040265909,
				778.3898160858407,
				643.529194839477,
				780.7495819869146,
				652.7322818536632,
				780.9855585770201,
				666.654900669997,
				782.8733712978792,
				673.0262686028982,
				784.5252074286327,
				691.6684192213797,
				784.9971606088475,
				755.1461219602643,
				785.4691137890622,
				813.4323397167864,
				784.9971606088475,
				836.5580455473064,
				784.2892308385235,
				837.7379284978451,
				782.40234375,
				868.88671875,
				775.0861438243373,
				900.2717248762965,
				772.4904013331543,
				915.3742266431691,
				771.07454179251,
				947.2310663076642,
				767.534892940901,
				965.1652871558254,
				767.0629397606863,
				995.3702906895705,
				768.0068461211158,
				1004.5733777037567,
				766.8269631705771,
				1012.124628587193,
				771.07454179251,
				1025.1033410430973,
				776.9739565451964,
				1024.8673644529918,
				822.7534150260253,
				1027.6990835342804,
				894.7262750087757,
				1030.0588494353542,
				953.7204225356181,
				1031.0027557957837,
				1021.91796875,
				1030.53125,
				1140.7999999999993,
				1027.7000000000007,
				1178.7854551164273,
				1024.8532058575875,
				1242.6690375902945,
				1017.3774674829838,
				1256.261289180482,
				1015.3386297444558,
				1255.2418703112162,
				989.5133517231043,
				1255.2418703112162,
				972.1832309456222,
				1254.222451441954,
				961.3094296734744,
				1249.1253570956324,
				913.0569365283154,
				1246.0671004878423,
				858.6879301675799,
				1242.669921875,
				828.78515625,
				1239.9505872722584,
				727.1828960325402,
				1243.349609375,
				632.376953125,
				1249.2952602405094,
				598.6794841236697,
				1256.0913860356013,
				604.0597503781173,
				1289.2224992866795,
				634.3591445479033,
				1323.486328125,
				668.33984375,
				1410.5,
				760.1000000000022,
				1479.9000000000015,
				841.9000000000015,
				1545.5,
				932.2000000000007,
				1563.2000000000007,
				954.9000000000015,
				1663.1000000000022,
				891.0,
				1529.6000000000022,
				699.7999999999993,
				1390.3557178984302,
				522.2893907705256,
				1315.6891368403049,
				436.85123736303103,
				1282.1503774797711,
				396.4578410528975,
				1280.9263351673399,
				395.72341566543946,
				1279.2126759299426,
				392.5409056531262,
				1276.519782842599,
				389.6032041032977,
				1274.0716982177437,
				386.665502553471,
				1271.3788051304,
				383.4829925411577,
				1268.9307205055447,
				380.3004825288426,
				1266.4826358806858,
				377.11797251652933,
				1263.7897427933458,
				373.93546250421605,
				1261.341658168487,
				370.50814402941614,
				1258.6487650811468,
				368.5496763295323,
				1256.4453125,
				365.6123046875,
				1253.507787368948,
				363.40869861733336,
				1250.8148942816042,
				360.71580552998967,
				1248.611328125,
				357.7783203125,
				1246.897958881833,
				354.5955939678497,
				1244.2050657944928,
				351.902700880506,
				1240.7777473196948,
				349.9442331806222,
				1237.350428844893,
				347.7409570182499,
				1234.4127272950645,
				345.29287239339465,
				1231.2302172827513,
				343.5792131559938,
				1227.5580903454684,
				341.3759369936233,
				1224.375580333155,
				339.9070862187091,
				1221.1930703208418,
				337.7038100563386,
				1216.5417095336124,
				336.2349592814244,
				1213.1143910588144,
				335.01091696899675,
				1209.931881046501,
				333.0524492691111,
				1206.0149456467298,
				333.0524492691111,
				1202.0980102469584,
				333.0524492691111,
				1198.425883309672,
				334.0316831190539,
				1194.5089479099042,
				334.76610850651014,
				1190.592012510133,
				334.76610850651014,
				1186.9198855728464,
				335.25572543148155,
				1183.4921875,
				335.7451171875,
				1184.9302855228234,
				334.16388520870896,
				1185.166262112929,
				328.73642363624094,
				1181.3906366712108,
				309.8582964276502,
				1179.9747771305665,
				299.94727964314006,
				1178.7948941800314,
				287.20454377734313,
