{
	"dataset": {
		"dataset.id": 221981,
		"dataset.name": "01_sou_044397_221981_front_02top_02t-shirt_woman",
		"dataset.image_path": "./008.의류 통합 데이터(3-1)/원천데이터/상품/상의/t-shirt/01_sou_044397_221981_front_02top_02t-shirt_woman.jpg",
		"dataset.label_path": "./008.의류 통합 데이터(3-1)/라벨링데이터/상품/상의/t-shirt/01_sou_044397_221981_front_02top_02t-shirt_woman.json",
		"dataset.category": 6,
		"dataset.type": 1,
		"dataset.width": 3264,
		"dataset.height": 1836,
		"dataset.file_size": 472529
	},
	"annotation": [
		{
			"annotation_type": "Polygon",
			"annotation_id": 182,
			"annotation_point_count": 147.0,
			"annotation_point": [
				2088.4000000000015,
				909.2000000000007,
				2100.4000000000015,
				874.2000000000007,
				2105.7000000000007,
				843.4000000000015,
				2109.7000000000007,
				835.7000000000007,
				2149.9000000000015,
				864.0,
				2339.451937396574,
				910.5863574416344,
				2699.8604034310483,
				979.8070091927184,
				2731.722001461647,
				983.1173050920042,
				2743.8400489500964,
				977.0287251343907,
				2788.765493297513,
				980.7528080210868,
				2792.4895761842054,
				981.3439322888153,
				2794.9131856818967,
				981.7577192762255,
				2797.8688070205426,
				982.348843543954,
				2801.0017656395066,
				982.7626305313643,
				2804.1938366852446,
				983.1173050920042,
				2807.3859077309826,
				983.5310920794145,
				2809.7504048019,
				983.3537547990964,
				2810.932653337357,
				980.1616837533584,
				2812.2922391531356,
				977.797186682441,
				2814.4202865169573,
				967.5707368507265,
				2822.6960262651664,
				913.4237539267342,
				2825.296973043176,
				896.8722744303177,
				2833.277150657519,
				888.0054104143801,
				2844.3902868908262,
				850.9419188277607,
				2843.5036004892354,
				847.8089602087966,
				2842.0849022466828,
				843.2573033472818,
				2840.0750797364053,
				839.5332204605893,
				2836.6465589835752,
				836.6958239754877,
				2832.3904642559246,
				836.6958239754877,
				2820.508866474571,
				835.0997884526205,
				2791.5437773558406,
				820.3216817593911,
				2788.587890625,
				812.63671875,
				2725.5,
				784.8000000000011,
				2583.9000000000015,
				742.4000000000015,
				2290.8877947789188,
				630.5264574982539,
				2233.540530749917,
				613.4084839119296,
				2160.8404558785005,
				594.4842972853221,
				2093.3537686460877,
				549.1647700927533,
				2057.4347593222665,
				534.304562806783,
				2050.620410124833,
				529.1732757605223,
				2046.3101290059749,
				527.7775656839403,
				2041.7535461088955,
				527.7775656839403,
				2036.9096111372273,
				527.7775656839403,
				2032.9277323893293,
				527.4902136093497,
				2028.37114949225,
				526.0534532363963,
				2024.6766228189445,
				524.9040449380354,
				1979.5623471082254,
				512.21950335968,
				1915.9343877346,
				486.3578166465286,
				1888.0201862029426,
				466.65367438889007,
				1879.810126928929,
				462.95914771558273,
				1876.9366061830224,
				463.78015364298335,
				1870.7790617275095,
				465.83266846148763,
				1864.2110143082973,
				467.8851832799919,
				1857.642966889085,
				469.9376980984962,
				1851.4854224335722,
				471.57970995329924,
				1844.506872050657,
				473.6322247718035,
				1839.1703335225466,
				475.2742366266066,
				1832.6022861033343,
				476.5057455177084,
				1826.4447416478215,
				478.5582603362127,
				1819.0556883012068,
				478.9687632999139,
				1811.6666349545922,
				480.20027219101576,
				1805.5090904990793,
				481.0212781184182,
				1799.7620490072695,
				481.84228404582063,
				1793.1940015880573,
				482.66328997322125,
				1787.4469600962439,
				483.0737929369225,
				1780.4684097133322,
				483.8947988643231,
				1773.90036229412,
				484.3053018280243,
				1768.1533208023066,
				485.12630775542675,
				1761.174770419395,
				485.53681071912797,
				1756.248734854984,
				486.3578166465286,
				1749.2701844720686,
				486.7683196102298,
				1742.7021370528564,
				487.17882257393103,
				1736.9550955610466,
				487.58932553763043,
				1729.9765451781313,
				487.99982850133165,
				1723.8190007226185,
				487.99982850133165,
				1717.6614562671093,
				487.99982850133165,
				1710.682905884194,
				487.58932553763043,
				1704.5253614286812,
				486.7683196102298,
				1696.7258051183671,
				486.7683196102298,
				1691.3892665902567,
				487.17882257393103,
				1670.4536154415146,
				485.94731368282737,
				1647.7117512524892,
				481.4317810821194,
				1611.7516916323002,
				471.57970995329924,
				1571.850803560581,
				490.7912486544974,
				1463.0675181798651,
				530.5279355407365,
				1436.3848255393132,
				539.9695037058536,
				1429.816778120101,
				539.9695037058536,
				1423.2487307008887,
				540.7905096332561,
				1417.0911862453759,
				541.6115155606585,
				1411.3441447535624,
				542.4325214880591,
				1405.5971032617526,
				544.8955392702646,
				1398.4543516933554,
				546.9480540887653,
				1333.9232857995885,
				594.4842972853185,
				1261.551613299136,
				627.1192828995336,
				1126.0856352778683,
				686.6832629325218,
				791.033116305267,
				850.2276436709235,
				716.4857780971997,
				892.6736501175874,
				713.4070058694433,
				899.4879993150207,
				665.1729076345982,
				931.671431669165,
				661.3962803685517,
				935.0786062678817,
				657.2912507315432,
				938.1573784956363,
				658.3175081407953,
				942.9602631709367,
				698.6699494725854,
				1003.1399976494758,
				708.2757188231844,
				1053.4266107028234,
				712.7091508311532,
				1056.1769805596196,
				718.1688402483724,
				1055.8485781886593,
				723.6695799619647,
				1053.7550130737836,
				729.1292693791856,
				1052.071950922611,
				734.9584114637364,
				1050.347838475067,
				741.1159559192492,
				1048.9931786948546,
				746.2472429655081,
				1048.9931786948546,
				771.2879237512589,
				1046.61226150539,
				780.1547877671946,
				1053.6729124810445,
				914.5124077864712,
				1019.683267086617,
				1079.6577500833046,
				965.7842279527013,
				1222.5948820439298,
				920.0131475000617,
				1311.2635222033023,
				876.2945818659246,
				1337.2894101019338,
				848.5035312233795,
				1344.965815523141,
				847.8877767778285,
				1360.3186263655516,
				836.0652914232451,
				1376.2871916535114,
				833.7254245301519,
				1374.932531873299,
				893.043102784919,
				1401.4920736247404,
				1016.645545155232,
				1407.4033163020322,
				1196.0353402924848,
				1407.8138192657352,
				1349.029794863778,
				1411.5493962354121,
				1361.8785376276137,
				1412.370402162811,
				1431.1303876039383,
				1412.370402162811,
				1433.4292042006637,
				1416.9269850598903,
				1435.6869705010176,
				1420.9499141041597,
				1436.261674650199,
				1460.7276512867684,
				1433.1829024224426,
				1661.0941478691348,
				1427.2716597451508,
				1674.68179596763,
				1422.5508756625932,
				1797.504282706912,
				1426.0812011504204,
				2036.704359655374,
				1439.0941450997343,
				2122.622629957954,
				1439.5046480634373,
				2122.417378476104,
				1436.7132279102698,
				2122.622629957954,
				1433.3471036079245,
				2122.622629957954,
				1430.801985232978,
				2123.648887367206,
				1412.4114524591823,
				2128.9033253025773,
				1381.2132272179224,
				2134.321964423427,
				1354.1200316136674,
				2131.366343084781,
				1312.2487293161867,
				2126.7276595949625,
				1231.0922933925358,
				2107.557171190132,
				1034.132971408886,
				2096.0630882065125,
				943.4118164310075,
				2090.7265625,
				931.91796875
			]
		}
	],
	"metadata.model": {
		"metadata.model.gender": "FEMALE",
		"metadata.model.age": "20대",
		"metadata.model.job": "university student/graduate student",
		"metadata.model.type": "front",
		"metadata.model.usually_size": "S",
		"metadata.model.body_height": "153",
		"metadata.model.waist_height": "93",
		"metadata.model.chest_size_male": "null",
		"metadata.model.breast_size_female": "75.0",
		"metadata.model.waist_size": "59",
		"metadata.model.hip_seize": "84",
		"metadata.model.back_length": "38",