{
	"dataset": {
		"dataset.id": 346877,
		"dataset.name": "01_sou_069376_346877_back_02top_02t-shirt_woman",
		"dataset.image_path": "./008.의류 통합 데이터(3-1)/원천데이터/상품/상의/t-shirt/01_sou_069376_346877_back_02top_02t-shirt_woman.jpg",
		"dataset.label_path": "./008.의류 통합 데이터(3-1)/라벨링데이터/상품/상의/t-shirt/01_sou_069376_346877_back_02top_02t-shirt_woman.json",
		"dataset.category": 6,
		"dataset.type": 1,
		"dataset.width": 1440,
		"dataset.height": 2560,
		"dataset.file_size": 179255
	},
	"annotation": [
		{
			"annotation_type": "Polygon",
			"annotation_id": 161,
			"annotation_point_count": 175.0,
			"annotation_point": [
				94.64385710058377,
				1573.7056326124002,
				90.05812089593746,
				1582.067857456168,
				86.5513814453243,
				1585.0350985297628,
				82.77489280620284,
				1587.7325904148493,
				79.53790254409978,
				1589.620834734411,
				76.3009122819949,
				1592.5880758080057,
				73.33367120840012,
				1596.0948152586207,
				70.36643013480534,
				1599.3318055207237,
				67.66893824971885,
				1602.838544971335,
				67.12943987270046,
				1606.6150336104583,
				70.63617932331363,
				1609.3125254955448,
				73.6034203969084,
				1612.2797665691396,
				76.30078125,
				1615.24609375,
				94.90000000000146,
				1632.0,
				106.5,
				1647.6000000000022,
				107.32206896049138,
				1652.742144845437,
				109.2103132800512,
				1655.97913510754,
				112.17755435364597,
				1658.6766269926266,
				116.22379218127571,
				1661.9136172547333,
				119.73053163188888,
				1664.6111091398197,
				122.42802351697537,
				1667.8480994019228,
				124.5860170250453,
				1671.3548388525342,
				128.36250566416675,
				1671.8943372295507,
				131.05999754925324,
				1668.927096155956,
				134.83648618837287,
				1665.9598550823612,
				138.07347645047776,
				1663.2623631972747,
				140.2314453125,
				1660.025390625,
				162.0,
				1637.0,
				238.90000000000146,
				1614.4000000000015,
				294.9909040249531,
				1585.952755057162,
				471.5223691221654,
				1496.008966756679,
				488.3029266409121,
				1481.2420761401809,
				480.919921875,
				1571.857421875,
				482.26171875,
				1666.5,
				490.3165935431625,
				1767.1827762596222,
				497.3254457063067,
				1794.2795440559312,
				502.990178664988,
				1816.3989775136397,
				503.2599278534981,
				1820.1754661527593,
				504.06917541902294,
				1824.2217039803909,
				504.60867379604133,
				1828.2679418080188,
				505.1481721730579,
				1832.3141796356504,
				505.4179213615662,
				1836.6301666517902,
				505.9574197385846,
				1840.9461536679264,
				507.0364164926177,
				1844.7226423070497,
				507.8456640581444,
				1848.4991309461693,
				508.65491162367107,
				1853.0848671508174,
				514.3196445823523,
				1851.7361212082724,
				519.1751299755088,
				1851.7361212082724,
				523.4911169916468,
				1851.7361212082724,
				527.2676056307682,
				1851.466372019764,
				532.1230910239228,
				1851.1966228312558,
				536.1693288515544,
				1850.6571244542392,
				541.024814244709,
				1849.8478768887144,
				544.5315536953221,
				1849.5781277002025,
				548.84765625,
				1849.30859375,
				831.0,
				1843.2000000000007,
				905.4345703125,
				1842.54296875,
				920.0008441642894,
				1842.8667678901074,
				924.5326305312356,
				1842.8667678901074,
				929.7118149506023,
				1843.514165942528,
				934.890999369969,
				1843.514165942528,
				939.7464847631236,
				1843.514165942528,
				943.9545721038594,
				1841.248272759054,
				944.2782711300697,
				1836.7164863921098,
				944.9256691824903,
				1832.1847000251655,
				944.9256691824903,
				1826.6818165795885,
				944.9256691824903,
				1821.50263216022,
				944.9256691824903,
				1816.323447740855,
				945.5730672349109,
				1811.4679623476986,
				946.5441643135418,
				1806.6124769545422,
				947.1915623659625,
				1802.080690587598,
				947.1915623659625,
				1796.901506168233,
				947.1915623659625,
				1791.398622722656,
				947.1915623659625,
				1788.161632460553,
				950.4285526280673,
				1783.9535451198171,
				960.2000000000007,
				1757.2999999999993,
				977.4000000000015,
				1721.2999999999993,
				1009.1000000000022,
				1565.9000000000015,
				1008.0,
				1518.0,
				1017.0,
				1518.0,
				1192.0,
				1631.0,
				1246.0,
				1653.0,
				1305.4000000000015,
				1671.0,
				1313.5055653769487,
				1673.2385873522871,
				1317.5518032045802,
				1673.6881693331343,
				1355.0918986053694,
				1710.3291007722255,
				1358.6885544521501,
				1710.3291007722255,
				1362.0604193085092,
				1709.4299368105312,
				1364.5331202031703,
				1707.1820269062919,
				1425.0018966271964,
				1650.7594883098973,
				1418.2581669144784,
				1643.3413856259103,
				1385.4386823125933,
				1604.902126263427,
				1386.5626372647093,
				1598.1583965507089,
				1375.322265625,
				1586.46875,
				1355.1000000000022,
				1554.2000000000007,
				1321.7999999999993,
				1521.5,
				1116.0,
				1371.0,
				1044.346588092747,
				1320.9538799700495,
				1036.9662502951505,
				1315.127297498264,
				1031.9165454862705,
				1311.2429091837366,
				1026.4784018459359,
				1308.1353985321184,
				1021.0402582056013,
				1305.804765543402,
				1015.6021145652667,
				1303.0856937232347,
				1010.1639709249321,
				1299.9781830716165,
				1005.5027049475029,
				1296.4822335885437,
				1000.4530001386192,
				1292.59784527402,
				994.6264176668337,
				1290.6556511167582,
				989.57671285795,
				1287.936579296591,
				984.1385692176154,
				1284.0521909820636,
				978.7004255772808,
				1282.1099968248018,
				973.650720768399,
				1278.614047341729,
				966.6588218022553,
				1274.7296590272053,
				961.6091169933734,
				1271.6221483755871,
				956.5594121844915,
				1267.7377600610598,
				951.5097073756097,
				1263.4649329150852,
				945.6831249038223,
				1260.3574222634634,
				940.6334200949404,
				1258.0267892747506,
				934.4183987917004,
				1256.0845951174888,
				927.8149386570076,
				1252.977084465867,
				921.2114785223166,
				1251.034890308605,
				916.5502125448875,
				1248.7042573198923,
				911.1120689045529,
				1245.985185499725,
				904.8970476013128,
				1243.6545525110087,
				897.5167098037164,
				1241.7123583537468,
				892.8554438262872,
				1240.158603027936,
				887.0288613544999,
				1237.8279700392231,
				882.3675953770708,
				1236.2742147134122,
				876.5410129052834,
				1234.3320205561504,
				870.7144304334961,
				1231.612948735983,
				863.7225314673524,
				1229.2823157472667,
				859.4497043213742,
				1226.5632439270994,
				856.7306325012069,
				1227.3401215900049,
				840.8046875,
				1218.794921875,
				826.4324036479156,
				1235.1088982190558,
				806.6220703125,
				1242.876953125,
				769.0,
				1242.0,
				711.0,
				1229.0,
				678.4000000000015,
				1203.6000000000022,
				669.1146769096667,
				1212.967884826263,
				660.6000000000004,
				1213.4000000000015,
				654.0,
				1217.6000000000022,
				648.1000000000004,
				1219.6000000000022,
				640.7000000000007,
				1219.6000000000022,
				631.82454909023,
				1223.844172106932,
				629.1054772700627,
				1224.2326109383866,
				620.5598229781081,
				1226.1748050956485,
				615.5101181692262,
				1228.1169992529103,
				607.741341540177,
				1230.0591934101722,
				601.9147590683897,
				1232.3898263988885,
				595.6997377651496,
				1235.1088982190558,
				589.4847164619114,
				1238.216408870674,
				584.0465728215768,
				1240.5470418593904,
				577.8315515183367,
				1243.6545525110087,
				572.0049690465494,
				1245.5967466682705,
				565.7899477433093,
				1248.3158184884378,
				559.9633652715238,
				1250.6464514771542,
				552.9714663053783,
				1253.3655232973215,
				547.5333226650437,
				1255.6961562860342,
				541.3183013618054,
				1257.638350443296,
				535.4917188900181,
				1259.9689834320125,
				529.6651364182308,
				1261.9111775892743,
				523.0616762835398,
				1264.6302494094416,
				516.0697773173943,
				1267.7377600610598,
				510.63163367705965,
				1270.8452707126817,
				505.19349003672505,
