{
	"dataset": {
		"dataset.id": 300871,
		"dataset.name": "01_sou_060175_300871_front_02top_02t-shirt_man",
		"dataset.image_path": "./008.의류 통합 데이터(3-1)/원천데이터/상품/상의/t-shirt/01_sou_060175_300871_front_02top_02t-shirt_man.jpg",
		"dataset.label_path": "./008.의류 통합 데이터(3-1)/라벨링데이터/상품/상의/t-shirt/01_sou_060175_300871_front_02top_02t-shirt_man.json",
		"dataset.category": 6,
		"dataset.type": 1,
		"dataset.width": 2252,
		"dataset.height": 4000,
		"dataset.file_size": 409363
	},
	"annotation": [
		{
			"annotation_type": "Polygon",
			"annotation_id": 189,
			"annotation_point_count": 65.0,
			"annotation_point": [
				2223.0,
				1293.0,
				2012.0,
				1214.0,
				1935.0,
				1158.0,
				1871.0,
				1136.0,
				1717.0,
				1051.0,
				1541.0,
				1001.0,
				1372.0,
				973.0,
				1323.0,
				1023.0,
				1196.0,
				1065.0,
				1020.0,
				1072.0,
				957.0,
				1058.0,
				900.0,
				1023.0,
				872.0,
				1023.0,
				830.0,
				1051.0,
				753.0,
				1058.0,
				591.0,
				1115.0,
				492.0,
				1172.0,
				365.0,
				1293.0,
				91.0,
				1477.0,
				77.0,
				1499.0,
				316.0,
				1818.0,
				337.0,
				1818.0,
				527.0,
				1712.0,
				548.0,
				1712.0,
				576.578125,
				1737.712890625,
				576.578125,
				1737.712890625,
				576.5790686952496,
				1772.291378515445,
				574.2738589211622,
				1806.8695251267854,
				571.9686491470711,
				1836.8372521899473,
				571.9686491470711,
				1878.3310281235572,
				569.6634393729801,
				1910.6039649608101,
				569.6634393729801,
				1954.402950668511,
				569.6634393729801,
				1986.6758875057603,
				569.6634393729801,
				2028.1696634393702,
				569.6634393729801,
				2069.66343937298,
				569.6634393729801,
				2111.15721530659,
				569.6634393729801,
				2152.6509912402034,
				569.6634393729801,
				2191.8395573997223,
				571.9686491470711,
				2228.7229137851537,
				576.5790686952496,
				2267.9114799446725,
				578.8842784693406,
				2302.4896265560164,
				581.1894882434281,
				2337.067773167357,
				583.4946980175191,
				2369.3407100046097,
				583.4946980175191,
				2413.139695712307,
				583.4946980175191,
				2447.717842323651,
				585.7999077916065,
				2484.6011987090824,
				585.7999077916065,
				2521.484555094514,
				595.0207468879671,
				2611.3877362839994,
				570.0,
				2777.0,
				577.0,
				2806.0,
				809.0,
				2806.0,
				964.0,
				2791.0,
				1583.0,
				2791.0,
				1843.0,
				2763.0,
				1879.0,
				2770.0,
				1900.0,
				2742.0,
				1963.0,
				2749.0,
				1970.0,
				2720.0,
				1928.0,
				2500.0,
				1921.0,
				2308.0,
				1850.0,
				1712.0,
				1857.0,
				1655.0,
				1886.0,
				1619.0,
				2040.0,
				1683.0,
				2090.0,
				1683.0
			]
		}
	],
	"metadata.model": {
		"metadata.model.gender": "MALE",
		"metadata.model.age": "30대",
		"metadata.model.job": "office job",
		"metadata.model.type": "front",
		"metadata.model.usually_size": "XL",
		"metadata.model.body_height": "178",
		"metadata.model.waist_height": "103",
		"metadata.model.chest_size_male": "107.0",
		"metadata.model.breast_size_female": "null",
		"metadata.model.waist_size": "96",
		"metadata.model.hip_seize": "104",
		"metadata.model.back_length": "49",
		"metadata.model.shoulders_width": "48",
		"metadata.model.arm_length": "58",
		"metadata.model.weight": "87"
	},
	"metadata.clothes": {
		"metadata.clothes.type": "02top_02t-shirt",
		"metadata.clothes.season": "summer",
		"metadata.clothes.fiber_composition": "Cotton",
		"metadata.clothes.elasticity": "none",
		"metadata.clothes.transparency": "none at all",
		"metadata.clothes.isfleece": "fleece_none",
		"metadata.clothes.color": "Black",
		"metadata.clothes.washing_method": "Hand Washing30",
		"metadata.clothes.bleach": "Do not chlorine bleach",
		"metadata.clothes.ironing": "Ironing 140~160℃ : Place a cloth between the iron and textile",
		"metadata.clothes.drycleaning": "none",
		"metadata.clothes.wringing": "none",
		"metadata.clothes.drying": "Line dry in shade",
		"metadata.clothes.top_length_type": "normal",
		"metadata.clothes.sleeve_length_type": "short sleeves",
		"metadata.clothes.topneck_color_design": "round neck",
		"metadata.clothes.topsleeve_design": "basic sleeve",
		"metadata.clothes.pants_silhouette": "null",
		"metadata.clothes.skirt_design": "null",
		"metadata.top.front_length": "70.0",
		"metadata.top.chest_size": "104.0",
		"metadata.top.waist_size": "100.0",
		"metadata.top.hem_size": "108.0",
		"metadata.top.shoulder_width": "45.0",
		"metadata.top.sleeve_length": "23.0",
		"metadata.top.sleeve_cuff_size": "34.0",
		"metadata.pants.pants_length": "null",
		"metadata.pants.waist_size": "null",
		"metadata.pants.hip_size": "null",
		"metadata.pants.front_rise_length": "null",
		"metadata.pants.back_rise_length": "null",
		"metadata.pants.inner_seam_length": "null",
		"metadata.pants.pants_waist_size": "null",
		"metadata.skirt.length": "null",
		"metadata.skirt.waist_size": "null",
		"metadata.skirt.hip_size": "null",
		"metadata.skirt.hem_size": "null",
		"metadata.dress.front_length": "null",
		"metadata.dress.chest_size": "null",
		"metadata.dress.waist_size": "null",
		"metadata.dress.hip_size": "null",
		"metadata.dress.hem_size": "null",
		"metadata.dress.shoulder_width": "null",
		"metadata.dress.sleeve_length": "null",
		"metadata.dress.cuff_size": "null",
		"metadata.jumpsuit.front_length": "null",
		"metadata.jumpsuit.inner_seam_length": "null",
		"metadata.jumpsuit.chest_size": "null",
		"metadata.jumpsuit.waist_size": "null",
		"metadata.jumpsuit.hip_size": "null",
		"metadata.jumpsuit.shoulder_width": "null",
		"metadata.jumpsuit.sleeve_length": "null",
		"metadata.jumpsuit.cuffs_size": "null",
		"metadata.jumpsuit.front_rise_length": "null",
		"metadata.jumpsuit.back_rise_length": "null",
		"metadata.jumpsuit.pants_waist_size": "null"
	}
}