{
	"dataset": {
		"dataset.id": 471024,
		"dataset.name": "01_sou_094205_471024_wear_02top_02t-shirt_woman",
		"dataset.image_path": "./008.의류 통합 데이터(3-1)/원천데이터/상품/상의/t-shirt/01_sou_094205_471024_wear_02top_02t-shirt_woman.jpg",
		"dataset.label_path": "./008.의류 통합 데이터(3-1)/라벨링데이터/상품/상의/t-shirt/01_sou_094205_471024_wear_02top_02t-shirt_woman.json",
		"dataset.category": 6,
		"dataset.type": 1,
		"dataset.width": 3024,
		"dataset.height": 4032,
		"dataset.file_size": 1111136
	},
	"annotation": [
		{
			"annotation_type": "Polygon",
			"annotation_id": 4,
			"annotation_point_count": 171.0,
			"annotation_point": [
				1616.0,
				1454.0,
				1522.8671875,
				1492.408203125,
				1519.8922064260332,
				1492.196168731356,
				1516.9164234043492,
				1492.4087246614763,
				1513.5155285224246,
				1493.4715043120777,
				1510.1146336404963,
				1494.9593958229198,
				1507.3514065489326,
				1496.0221754735212,
				1504.5881794573688,
				1497.0636995311106,
				1500.337060854963,
				1498.5728466349647,
				1496.9361659730384,
				1499.635626285566,
				1494.1729388814747,
				1500.6771503431555,
				1490.5594880694298,
				1501.9524859238772,
				1486.5209253971443,
				1503.227821504599,
				1483.33258644534,
				1504.5031570853207,
				1479.2940237730545,
				1505.7784926660424,
				1476.5307966814908,
				1506.6287163865236,
				1472.4922340092053,
				1508.350419420498,
				1469.5164509875212,
				1509.3919434780873,
				1465.9030001754763,
				1510.9010905819414,
				1462.9272171537923,
				1512.388982092787,
				1459.738878201988,
				1513.876873603629,
				1456.5505392501836,
				1515.7898769747117,
				1453.5747562284996,
				1517.2777684855537,
				1450.173861346575,
				1518.7656599963957,
				1447.4106342550112,
				1520.0409955771174,
				1444.222295303207,
				1521.7201874250677,
				1441.4590682116432,
				1523.441890459042,
				1437.8456173995983,
				1525.3336382371126,
				1435.0823903080345,
				1526.6089738178343,
				1431.68149542611,
				1528.543232781929,
				1428.7057124044259,
				1530.2224246298792,
				1425.7299293827418,
				1531.9441276638536,
				1423.3918141514187,
				1533.6445751048159,
				1419.990919269494,
				1535.7701344060188,
				1417.2276921779303,
				1537.8744381142096,
				1414.2519091562463,
				1540.2125533455328,
				1411.4886820646825,
				1542.7632245069763,
				1408.5128990429985,
				1545.1013397382994,
				1405.7496719514347,
				1547.2481546325143,
				1402.7738889297507,
				1549.3737139337172,
				1399.1604381177058,
				1552.3494969554013,
				1396.6097669562623,
				1554.9001681168447,
				1394.0590957948189,
				1557.4508392782882,
				1391.295868703255,
				1560.4266222999722,
				1388.5326416116914,
				1563.6149612517765,
				1386.1945263803682,
				1567.0158561337012,
				1384.2815230092856,
				1570.1829394924935,
				1381.9434077779624,
				1573.3925340373098,
				1380.242960337,
				1575.9432051987533,
				1378.3299569659175,
				1578.685176697305,
				1376.6295095249552,
				1581.2358478587485,
				1374.0788383635117,
				1584.8492986707934,
				1371.9532790623089,
				1588.4840050758503,
				1370.0402756912263,
				1591.4597880975343,
				1368.5523841803843,
				1593.7766477358455,
				1366.6393808093017,
				1596.9862422806618,
				1364.9389333683393,
				1599.9407697093338,
				1363.238485927377,
				1603.1503642541502,
				1361.3254825562944,
				1606.9763709963154,
				1359.8375910454524,
				1609.9308984249874,
				1358.3496995346104,
				1613.1404929698037,
				1357.0743639538887,
				1615.8824644683555,
				1355.3739165129264,
				1619.7084712105207,
				1354.0985809322046,
				1622.918065755337,
				1353.0358012816032,
				1626.0851491141293,
				1352.185577561122,
				1629.2947436589457,
				1351.335353840641,
				1632.0367151574974,
				1350.0600182599192,
				1635.6501659695423,
				1348.5721267490771,
				1639.92254016496,
				1347.5093470984757,
				1643.535990977005,
				1346.4465674478743,
				1646.7243299288093,
				1345.1712318671525,
				1649.466301427361,
				1344.108452216551,
				1653.2923081695262,
				1343.0456725659496,
				1656.5019027143426,
				1342.1954488454685,
				1659.690241666147,
				1341.770336985228,
				1661.7945453743378,
				1269.0,
				1838.0,
				1229.7000000000007,
				1956.6000000000022,
				1264.505859375,
				1980.79296875,
				1344.8841287736468,
				2022.8090943254429,
				1421.6096705499222,
				2041.0770804626518,
				1441.0,
				2026.0,
				1430.0,
				2257.0,
				1398.0,
				2385.0,
				1376.0,
				2533.0,
				1355.0,
				2573.0,
				1344.0,
				2656.0,
				1373.0,
				2701.0,
				1437.0,
				2760.0,
				1520.0,
				2789.0,
				1820.0,
				2824.0,
				2018.97265625,
				2808.33203125,
				2066.4695811933707,
				2788.2377134744675,
				2082.910768716858,
				2768.1429287235405,
				2096.0,
				2745.0,
				2117.2999999999993,
				2650.2999999999993,
				2070.2999999999993,
				2275.2999999999993,
				2085.0,
				2149.0,
				2086.5643659443012,
				2079.4398513507876,
				2165.1167063342946,
				2079.4398513507876,
				2221.747463359643,
				2064.825462441022,
				2285.6854148398706,
				2031.9430873940473,
				2318.568359375,
				2013.67578125,
				2249.0,
				1745.0,
				2232.911074014548,
				1666.2582199068638,
				2232.0608502940668,
				1664.5577724659015,
				2230.5729587832247,
				1661.5819894442175,
				2228.8725113422624,
				1658.1810945622929,
				2227.3846198314204,
				1654.567643750248,
				2226.1092842506987,
				1651.591860728564,
				2225.0465046000973,
				1648.6160777068799,
				2223.5586130892552,
				1644.7900709647147,
				2222.2832775085335,
				1641.1766201526698,
				2220.7953859976915,
				1637.7757252707452,
				2219.5200504169698,
				1634.3748303888206,
				2218.0321589061277,
				1631.1864914370162,
				2216.5442673952857,
				1627.7855965550916,
				2215.268931814564,
				1624.8098135334076,
				2213.781040303722,
				1621.6214745816033,
				2212.29314879288,
				1618.6456915599192,
				2210.3801454217974,
				1615.2447966779946,
				2208.4671420507148,
				1612.0564577261903,
				2206.9792505398727,
				1609.0806747045062,
				2205.2788030989104,
				1606.3174476129425,
				2203.578355657948,
				1603.5542205213787,
				2202.090464147106,
				1601.0035493599353,
				2199.752348915783,
				1597.815210408131,
				2198.0519014748206,
				1595.2645392466875,
				2195.9263421736177,
				1592.5013121551237,
				2194.013338802535,
				1589.73808506356,
				2192.312891361573,
				1586.9748579719962,
				2189.7622202001294,
				1583.9990749503122,
				2187.6366608989265,
				1581.660959718989,
				2185.2985456675997,
				1578.8977326274253,
				2182.535318576036,
				1576.3470614659818,
				2179.9846474145925,
				1573.7963903045384,
				2177.2214203230287,
				1571.0331632129746,
				2174.6707491615853,
				1568.4824920515312,
				2172.120078000142,
				1566.3569327503283,
				2169.5694068386983,
				1564.018817519005,
				2166.8061797471346,
				1561.4681463575616,
				2164.255508585691,
				1558.9174751961182,
				2160.8546137037665,
				1556.579359964795,
				2157.453718821842,
				1554.2412447334718,
				2154.9030476603984,
				1552.3282413623892,
				2151.502152778474,
				1549.7775702009458,
				2148.52636975679,
				1547.652010899743,
				2145.763142665226,
				1545.7390075286603,
				2143.2124715037826,
				1543.8260041575777,
				2140.661800342339,
				1542.1255567166154,
				2137.2609054604145,
				1539.9999974154125,
				2134.4976783688508,
				1538.2995499744502,
				2131.5218953471667,
				1536.599102533488,
				2128.3335563953624,
				1535.1112110226459,
				2124.7201055833175,
				1533.4107635816836,
				2121.319210701393,
				1531.9228720708415,
				2117.705759889348,
				1530.6475364901198,
				2115.367644658025,
				1529.7973127696387,
				2111.3290819857393,
				1528.7345331190372,
				2108.778410824296,
				1527.6717534684358,
				2104.9524040821307,
				1526.396417887714,
				2102.189176990567,
				1525.3336382371126,
				2098.575726178522,
				1524.0583026563909,
				2094.962275366477,
