{
	"dataset": {
		"dataset.id": 63347,
		"dataset.name": "01_sou_012670_063347_back_02top_02t-shirt_woman",
		"dataset.image_path": "./008.의류 통합 데이터(3-1)/원천데이터/상품/상의/t-shirt/01_sou_012670_063347_back_02top_02t-shirt_woman.jpg",
		"dataset.label_path": "./008.의류 통합 데이터(3-1)/라벨링데이터/상품/상의/t-shirt/01_sou_012670_063347_back_02top_02t-shirt_woman.json",
		"dataset.category": 6,
		"dataset.type": 1,
		"dataset.width": 4000,
		"dataset.height": 2252,
		"dataset.file_size": 898557
	},
	"annotation": [
		{
			"annotation_type": "Polygon",
			"annotation_id": 193,
			"annotation_point_count": 88.0,
			"annotation_point": [
				846.0,
				706.0,
				728.0,
				798.0,
				1012.0,
				1138.0,
				1257.0,
				955.0,
				1434.0,
				870.0,
				1463.0,
				876.0,
				1434.0,
				1079.0,
				1404.0,
				1563.0,
				1316.0,
				2092.0,
				1344.57421875,
				2103.302734375,
				1357.553536664509,
				2105.898767034396,
				1393.8935756002647,
				2108.4944841012366,
				1432.8293316028576,
				2111.0902011680773,
				1471.765087605454,
				2116.281635301755,
				1510.7008436080505,
				2126.6645035691145,
				1549.636599610647,
				2129.260220635955,
				1588.5723556132434,
				2137.0473718364738,
				1630.103828682677,
				2137.0473718364738,
				1669.0395846852734,
				2142.2388059701516,
				1707.97534068787,
				2150.025957170674,
				1746.9110966904627,
				2157.8131083711924,
				1913.0369889682079,
				2168.1959766385517,
				2125.8857884490644,
				2175.98312783907,
				2229.71447112265,
				2168.1959766385517,
				2382.8617780661953,
				2163.00454250487,
				2541.200519143418,
				2139.6430889033145,
				2683.9649578196004,
				2139.6430889033145,
				2720.304996755356,
				2131.855937702796,
				2761.8364698247933,
				2121.4730694354366,
				2805.9636599610676,
				2116.281635301755,
				2850.090850097342,
				2116.281635301755,
				2889.0266060999384,
				2116.281635301755,
				2914.983776768335,
				2113.6859182349144,
				2874.0,
				1628.0,
				2825.0,
				1347.0,
				2796.0,
				929.0,
				2806.0,
				922.0,
				3021.0,
				1059.0,
				3139.0,
				1171.0,
				3188.0,
				1197.0,
				3345.0,
				1072.0,
				3482.0,
				935.0,
				3482.0,
				902.0,
				3361.4471122647665,
				789.870214146662,
				3345.8728098637293,
				782.0830629461416,
				3247.2355613238215,
				719.7858533419894,
				3088.8968202465985,
				597.7871512005222,
				2974.68526930565,
				509.5327709279718,
				2943.536664503572,
				480.97988319273463,
				2912.3880597014977,
				455.0227125243382,
				2881.23945489942,
				429.0655418559418,
				2850.090850097342,
				403.1083711875435,
				2818.9422452952676,
				377.1512005191471,
				2790.3893575600305,
				348.59831278390993,
				2764.432186891634,
				317.44970798183385,
				2743.6664503569154,
				283.70538611291704,
				2709.9221284880005,
				265.5353666450392,
				2668.3906554185633,
				247.3653471771613,
				2639.837767683326,
				247.3653471771613,
				2629.454899415967,
				242.17391304348166,
				2624.263465282289,
				239.57819597664275,
				2590.5191434133703,
				218.81245944192415,
				2554.1791044776146,
				200.64243997404628,
				2517.839065541859,
				190.25957170668698,
				2515.243348475022,
				190.25957170668698,
				2507.4561972744996,
				182.47242050616842,
				2325.756002595721,
				190.25957170668698,
				2099.927734375,
				187.6640625,
				1963.0,
				170.0,
				1855.931640625,
				169.494140625,
				1840.3569110966928,
				177.28098637248877,
				1804.016872160937,
				179.87670343932768,
				1765.0811161583442,
				195.45100584036663,
				1728.7410772225849,
				205.83387410772593,
				1687.2096041531513,
				211.02530824140558,
				1648.2738481505548,
				216.21674237508523,
				1606.7423750811213,
				221.40817650876306,
				1570.4023361453656,
				236.982478909802,
				1539.2537313432877,
				260.3439325113595,
				1505.5094094743727,
				286.30110317975596,
				1474.3608046722948,
				312.2582738481542,
				1445.8079169370576,
				338.21544451655063,
				1409.4678780013019,
				358.98118105126923,
				1378.319273199224,
				384.93835171966566,
				1235.5548345230418,
				478.3841661258957,
				1105.768981181056,
				564.0428293316072,
				1020.1103179753445,
				613.3614536015612,
				981.174561972748,
				636.7229072031187
			]
		}
	],
	"metadata.model": {
		"metadata.model.gender": "FEMALE",
		"metadata.model.age": "40대",
		"metadata.model.job": "homemaker",
		"metadata.model.type": "back",
		"metadata.model.usually_size": "L",
		"metadata.model.body_height": "160",
		"metadata.model.waist_height": "91",
		"metadata.model.chest_size_male": "null",
		"metadata.model.breast_size_female": "84.0",
		"metadata.model.waist_size": "76",
		"metadata.model.hip_seize": "98",
		"metadata.model.back_length": "42",
		"metadata.model.shoulders_width": "39",
		"metadata.model.arm_length": "53",
		"metadata.model.weight": "58"
	},
	"metadata.clothes": {
		"metadata.clothes.type": "02top_02t-shirt",
		"metadata.clothes.season": "summer",
		"metadata.clothes.fiber_composition": "protein fiber Others,Polyurethane",
		"metadata.clothes.elasticity": "contain a lot",
		"metadata.clothes.transparency": "none at all",
		"metadata.clothes.isfleece": "fleece_none",
		"metadata.clothes.color": "Blue",
		"metadata.clothes.washing_method": "Washing30",
		"metadata.clothes.bleach": "Do not chlorine bleach",
		"metadata.clothes.ironing": "Ironing 80~120℃ : Place a cloth between the iron and textile",
		"metadata.clothes.drycleaning": "DO NOT DRYCLEAN",
		"metadata.clothes.wringing": "none",
		"metadata.clothes.drying": "Drip dry in shade",
		"metadata.clothes.top_length_type": "long",
		"metadata.clothes.sleeve_length_type": "long sleeves",
		"metadata.clothes.topneck_color_design": "boat neck",
		"metadata.clothes.topsleeve_design": "basic sleeve",
		"metadata.clothes.pants_silhouette": "null",
		"metadata.clothes.skirt_design": "null",
		"metadata.top.front_length": "61.0",
		"metadata.top.chest_size": "90.0",
		"metadata.top.waist_size": "90.0",
		"metadata.top.hem_size": "92.0",
		"metadata.top.shoulder_width": "35.0",
		"metadata.top.sleeve_length": "31.0",
		"metadata.top.sleeve_cuff_size": "26.0",
		"metadata.pants.pants_length": "null",
		"metadata.pants.waist_size": "null",
		"metadata.pants.hip_size": "null",
		"metadata.pants.front_rise_length": "null",
		"metadata.pants.back_rise_length": "null",
		"metadata.pants.inner_seam_length": "null",
		"metadata.pants.pants_waist_size": "null",
		"metadata.skirt.length": "null",
		"metadata.skirt.waist_size": "null",
		"metadata.skirt.hip_size": "null",
		"metadata.skirt.hem_size": "null",
		"metadata.dress.front_length": "null",
		"metadata.dress.chest_size": "null",
		"metadata.dress.waist_size": "null",
		"metadata.dress.hip_size": "null",
		"metadata.dress.hem_size": "null",
		"metadata.dress.shoulder_width": "null",
		"metadata.dress.sleeve_length": "null",
		"metadata.dress.cuff_size": "null",
		"metadata.jumpsuit.front_length": "null",
		"metadata.jumpsuit.inner_seam_length": "null",
		"metadata.jumpsuit.chest_size": "null",
		"metadata.jumpsuit.waist_size": "null",
		"metadata.jumpsuit.hip_size": "null",
		"metadata.jumpsuit.shoulder_width": "null",
		"metadata.jumpsuit.sleeve_length": "null",
		"metadata.jumpsuit.cuffs_size": "null",
		"metadata.jumpsuit.front_rise_length": "null",
		"metadata.jumpsuit.back_rise_length": "null",
		"metadata.jumpsuit.pants_waist_size": "null"
	}
}