{
	"dataset": {
		"dataset.id": 106233,
		"dataset.name": "01_sou_021247_106233_wear_02top_02t-shirt_woman",
		"dataset.image_path": "./008.의류 통합 데이터(3-1)/원천데이터/상품/상의/t-shirt/01_sou_021247_106233_wear_02top_02t-shirt_woman.jpg",
		"dataset.label_path": "./008.의류 통합 데이터(3-1)/라벨링데이터/상품/상의/t-shirt/01_sou_021247_106233_wear_02top_02t-shirt_woman.json",
		"dataset.category": 6,
		"dataset.type": 1,
		"dataset.width": 607,
		"dataset.height": 1080,
		"dataset.file_size": 70218
	},
	"annotation": [
		{
			"annotation_type": "Polygon",
			"annotation_id": 93,
			"annotation_point_count": 145.0,
			"annotation_point": [
				231.91043282105602,
				336.27237405539927,
				227.90575357184753,
				337.34028852185475,
				223.3671170894122,
				337.8742457550834,
				219.09545922359212,
				338.4082029883102,
				215.09077997438362,
				340.01007468799435,
				211.08610072517695,
				341.34496777106324,
				207.6153787091971,
				343.4807967039742,
				203.61069945999043,
				345.6166256368833,
				200.13997744401058,
				348.55339041963634,
				198.80508436093987,
				351.7571338190028,
				196.66925542803074,
				355.49483445159603,
				194.8004051117332,
				359.4995137008027,
				194.53342649511978,
				363.5041929500112,
				194.53342649511978,
				367.5088721992179,
				193.99946926189114,
				371.24657283181114,
				190.8583984375,
				377.931640625,
				187.78313915265426,
				391.0029904612329,
				185.09199469718624,
				400.2297714514061,
				180.47860420209872,
				409.8410016495036,
				175.86521370701303,
				434.0613017487103,
				174.32741687531598,
				438.67469224379784,
				113.052734375,
				559.46484375,
				111.34438267960832,
				570.5239079102721,
				121.16594789890223,
				573.5557823910094,
				127.80000000000109,
				578.6000000000022,
				135.8000000000011,
				577.4000000000015,
				199.90000000000146,
				480.0,
				215.0,
				430.0,
				220.0,
				437.0,
				226.0,
				469.0,
				226.0,
				493.0,
				215.5,
				507.40000000000146,
				211.0,
				555.6000000000022,
				216.20000000000073,
				558.0,
				224.40000000000146,
				559.2999999999993,
				242.10000000000036,
				563.4000000000015,
				307.70907123179677,
				559.9473632428162,
				362.43654073199286,
				548.2639708776042,
				376.3000000000011,
				546.2000000000007,
				363.6663715072791,
				497.225993703265,
				354.44264069263954,
				473.8592089728445,
				358.10000000000036,
				442.8000000000011,
				359.041015625,
				435.708984375,
				361.4580078125,
				441.3662109375,
				363.6206252911379,
				446.6188387430757,
				365.6291449763121,
				450.9448811419097,
				366.5561540617764,
				453.41690536981696,
				367.94666768997376,
				456.04343111196613,
				369.18267980392557,
				458.3609538256278,
				370.26419040363544,
				460.369473510802,
				371.50020251758724,
				462.06899016748685,
				372.5817131172971,
				464.695515909636,
				373.8177252312489,
				467.322041651787,
				374.5902328024695,
				469.9485673939362,
				375.36274037369003,
				472.4205916218416,
				376.28974945915616,
				475.0471173639926,
				376.90775551613115,
				477.36464007765426,
				378.14376763008477,
				479.5276612770722,
				379.6887827725259,
				481.6906824764883,
				381.07929640072325,
				483.8537036759062,
				382.1608070004313,
				486.01672487532414,
				383.5513206286287,
				488.17974607474207,
				384.7873327425823,
				490.6517703026475,
				386.0233448565341,
				492.96929301630917,
				387.2593569704877,
				494.97781270148334,
				388.6498705986851,
				496.9863323866557,
				389.2678766556601,
				499.3038551003174,
				390.65839028385744,
				501.62137781397905,
				391.7399008835673,
				503.62989749915323,
				392.3579069405423,
				505.9474202128149,
				393.28491602600843,
				508.2649429264766,
				395.44793722542454,
				509.65545655467395,
				397.4564569105987,
				511.9729792683356,
				398.0744629675755,
				515.2175110674616,
				402.0,
				522.2000000000007,
				414.2000000000007,
				541.8000000000011,
				426.8982654649644,
				560.2985808996746,
				437.5,
				575.9000000000015,
				441.90000000000146,
				574.8000000000011,
				444.90000000000146,
				573.2000000000007,
				445.40000000000146,
				570.3000000000011,
				451.2633962441614,
				567.8048333237894,
				458.64269501374474,
				564.2009897386451,
				459.5,
				566.0,
				462.60000000000036,
				562.4000000000015,
				455.40000000000146,
				548.5,
				445.40000000000146,
				532.0,
				440.0,
				519.1000000000004,
				435.40000000000146,
				510.60000000000036,
				430.9251929322236,
				498.31504540916285,
				424.02824533636704,
				485.4110789394963,
				418.91115518460174,
				472.5071124698279,
				414.4615115743709,
				461.82796780527315,
				410.2343501446521,
				448.2565547940703,
				409.5673828125,
				445.1416015625,
				403.0,
				436.8000000000011,
				398.7468146286319,
				429.4515619740705,
				392.77473097324946,
				411.3293770887685,
				386.5967133987142,
				398.973341939698,
				391.1272596200397,
				396.70806882903526,
				389.06792042852794,
				388.88257990129205,
				381.2424315007829,
				366.2298487946646,
				379.8501510207425,
				366.1274123597541,
				379.6355655842908,
				364.5180215863784,
				378.7772238384914,
				363.0159235312276,
				378.13346752914003,
				361.4065327578501,
				377.4897112197905,
				359.9044347026993,
				376.7386621922142,
				358.50962936577343,
				376.0949058828646,
				356.7929458741728,
				375.45114957351325,
				355.50543325547187,
				374.70010054593877,
				353.78874976387124,
				374.27092967303724,
				352.39394442694356,
				373.51988064546276,
				350.8918463717928,
				372.66153889966154,
				349.2824555984171,
				371.05214812628583,
				348.10223569794107,
				369.55005007113505,
				347.56577210681644,
				368.04795201598245,
				346.92201579746506,
				366.2239758061569,
				346.2782594881155,
				364.6145850327812,
				345.4199177423143,
				363.32707241408025,
				344.56157599651306,
				362.0395597953793,
				343.70323425071365,
				360.4296875,
				342.30859375,
				347.10000000000036,
				338.10000000000036,
				322.2000000000007,
				329.7000000000007,
				319.10000000000036,
				326.60000000000036,
				316.10000000000036,
				318.60000000000036,
				311.7603271791795,
				314.1114060894888,
				311.0738807820089,
				316.51396847958677,
				312.275161977057,
				319.94620046543787,
				311.2451171875,
				323.37890625,
				310.6367517162962,
				327.8885445362703,
				300.8151864970041,
				331.304741134285,
				294.836842450477,
				331.304741134285,
				285.869326380689,
				332.5858148585412,
				270.0694171148698,
				328.31556911102234,
				264.0910730683445,
				322.7642496392491,
				259.9814453125,
				313.1357421875,
				258.8685986336368,
				314.9897286676678,
				256.82917864561387,
				322.2203995342934,
				253.86274957212663,
				325.3722304248731,
				249.22770414480328,
				327.22624859580174,
				245.89047143713105,
				329.63647221800966,
				242.3678369123645,
				331.6758922060326,
				239.21600602178478,
				333.7153121940537,
				238.28899693632047,
				334.8277230966123
			]
		}
	],
	"metadata.model": {
		"metadata.model.gender": "FEMALE",
		"metadata.model.age": "20대",
		"metadata.model.job": "university student/graduate student",
		"metadata.model.type": "wear",
		"metadata.model.usually_size": "M",
		"metadata.model.body_height": "170",
		"metadata.model.waist_height": "105",
		"metadata.model.chest_size_male": "null",
		"metadata.model.breast_size_female": "82.0",
		"metadata.model.waist_size": "65",
		"metadata.model.hip_seize": "95",
		"metadata.model.back_length": "42",
		"metadata.model.shoulders_width": "38",
		"metadata.model.arm_length": "55",
		"metadata.model.weight": "54"
	},
	"metadata.clothes": {
		"metadata.clothes.type": "02top_02t-shirt",
		"metadata.clothes.season": "spring&fall",
		"metadata.clothes.fiber_composition": "Polyester",
		"metadata.clothes.elasticity": "contain little",
		"metadata.clothes.transparency": "none at all",