{
	"dataset": {
		"dataset.id": 443332,
		"dataset.name": "01_sou_088667_443332_back_02top_02t-shirt_woman",
		"dataset.image_path": "./008.의류 통합 데이터(3-1)/원천데이터/상품/상의/t-shirt/01_sou_088667_443332_back_02top_02t-shirt_woman.jpg",
		"dataset.label_path": "./008.의류 통합 데이터(3-1)/라벨링데이터/상품/상의/t-shirt/01_sou_088667_443332_back_02top_02t-shirt_woman.json",
		"dataset.category": 6,
		"dataset.type": 1,
		"dataset.width": 4030,
		"dataset.height": 2854,
		"dataset.file_size": 1935600
	},
	"annotation": [
		{
			"annotation_type": "Polygon",
			"annotation_id": 32,
			"annotation_point_count": 336.0,
			"annotation_point": [
				1925.4287109375,
				417.369140625,
				1872.2701524880413,
				410.0986327170649,
				1841.815390805894,
				403.44522757479535,
				1795.5845138379518,
				383.4164203423916,
				1788.9311086956805,
				382.9362777032602,
				1782.277703553411,
				383.89656298152477,
				1775.1441557720063,
				388.62939756726337,
				1769.3824441024117,
				393.43082395859346,
				1763.6893242384067,
				398.64380118346526,
				1758.4077552079434,
				403.92537021392855,
				1753.1947779830716,
				409.6184900779317,
				1747.9818007581998,
				414.35132466367213,
				1741.2598038103388,
				420.5931789724,
				1735.0865413072006,
				425.3260135581386,
				1729.3934214431974,
				429.6472973103355,
				1723.7003015791925,
				434.8602745352073,
				1716.9783046313314,
				440.55339439921227,
				1711.7653274064578,
				445.35482079054054,
				1705.1119222641883,
				450.56779801541234,
				1699.3502105945936,
				455.8493670458756,
				1694.13723336972,
				461.5424869098806,
				1689.4043987839814,
				467.2356067738856,
				1683.6426871143867,
				472.03703316521387,
				1677.9495672503817,
				477.25001039008566,
				1676.0289966938508,
				484.3835581714902,
				1674.5885687764512,
				491.51710595289296,
				1673.6282834981848,
				495.83838970508987,
				1669.3755915515794,
				499.1993881790204,
				1663.2023290484412,
				502.49179484736123,
				1655.5200468223138,
				505.85279332129176,
				1648.8666416800443,
				510.10548526789717,
				1642.213236537773,
				514.9069116592273,
				1636.0399740346347,
				519.1596036058327,
				1630.27826236504,
				523.0007447188964,
				1623.1447145836373,
				526.7732940263686,
				1616.491309441366,
				531.5747204176987,
				1608.87761902083,
				535.8274123643041,
				1602.2242138785587,
				541.1089813947674,
				1595.5022169306976,
				545.3616733413728,
				1588.8488117884262,
				550.1630997327029,
				1583.6358345635545,
				555.8562195967079,
				1578.354265533093,
				561.5493394607129,
				1573.1412883082212,
				566.3507658520411,
				1567.9283110833494,
				572.0438857160461,
				1562.166599413753,
				577.7370055800511,
				1556.9536221888811,
				583.978859888779,
				1552.632338436686,
				590.6322650310503,
				1548.859789129212,
				596.3253848950553,
				1544.058362737882,
				602.5672392037832,
				1539.3255281521433,
				608.2603590677882,
				1534.5926935664047,
				615.8740494883241,
				1530.751552453341,
				622.5274546305955,
				1527.8706966185437,
				629.6610024119982,
				1526.0187178676024,
				637.274692832536,
				1525.5385752284692,
				644.9569750586616,
				1524.0981473110714,
				652.5706654791993,
				1523.6180046719383,
				659.704213260602,
				1522.1775767545387,
				667.3179036811398,
				1520.2570061980077,
				674.4514514625425,
				1518.8165782806082,
				682.0651418830785,
				1517.4447421688,
				684.6716304955153,
				1514.5638863340027,
				690.8448929986534,
				1512.1631731383368,
				698.4585834191894,
				1509.7624599426726,
				706.5524164788585,
				1507.4303385525982,
				713.6859642602631,
				1505.9899106352004,
				721.299654680799,
				1503.109054800403,
				729.4620795460596,
				1500.7769334103286,
				736.5956273274624,
				1497.4159349363981,
				745.1696030262647,
				1494.535079101599,
				752.3031508076692,
				1491.7228150723931,
				760.3969838673383,
				1488.8419592375958,
				767.5305316487429,
				1485.4809607636635,
				774.6640794301456,
				1481.7084114561912,
				783.238055128948,
				1478.3474129822607,
				789.8914602712193,
				1474.0947210356553,
				797.5737424973468,
				1471.213865200858,
				803.7470050004831,
				1468.3330093660588,
				810.8805527818877,
				1465.0406026977198,
				818.4942432024236,
				1461.199461584656,
				826.5880762620927,
				1457.9070549163152,
				831.869645292556,
				1454.5460564423847,
				839.483335713092,
				1451.6652006075874,
				847.0970261336297,
				1449.333079217513,
				854.2305739150324,
				1445.9720807435824,
				860.4038364181706,
				1442.611082269652,
				867.0572415604402,
				1440.2789608795774,
				874.2593811474344,
				1437.39810504478,
				881.8730715679721,
				1434.0371065708496,
				889.9669046276413,
				1431.704985180775,
				896.6203097699126,
				1428.8241293459778,
				904.2340001904486,
				1427.3837014285782,
				909.9271200544536,
				1412.6364632266395,
				953.6201002155503,
				1391.167228076838,
				1000.7426706561691,
				1366.4055862586956,
				1052.186524848983,
				1334.0302540200173,
				1104.110521680932,
				1316.8823026224127,
				1129.8324487773389,
				1267.839161625263,
				1199.3845396460238,
				1260.225471204727,
				1216.5324910436284,
				1248.2904970319942,
				1230.7995866064357,
				1231.622688273521,
				1245.1352739748345,
				1217.3555927107136,
				1255.0810857854449,
				1205.900761177114,
				1267.496202597311,
				1175.377407689377,
				1302.7523906707866,
				1164.9514532396333,
				1316.0592009553275,
				1136.8288129475623,
				1357.4886515319413,
				1110.146600572889,
				1394.1852675228165,
				1088.2658145895439,
				1422.7880504540208,
				1056.7821758235423,
				1464.6976436697678,
				983.4575356473833,
				1553.7983991317215,
				898.6780639376248,
				1660.458656824825,
				875.2882582312923,
				1690.0217250342957,
				829.6061157080712,
				1747.6388417302478,
				785.2958092966601,
				1829.537457605209,
				761.9745953959191,
				1859.1005258146797,
				741.9457881635153,
				1888.6635940241504,
				660.5273149276873,
				2011.031375197459,
				595.708058644741,
				2122.012916642758,
				519.5025626337847,
				2236.355456561989,
				495.2210634547755,
				2268.250646161534,
				477.1128267789063,
				2294.9328585362055,
				469.49913635836856,
				2305.9075474306737,
				470.45942163663494,
				2314.481523129476,
				475.67239886150674,
				2319.694500354348,
				516.6217067989874,
				2344.9362848116216,
				536.1703713922561,
				2349.7377112029517,
				550.9176095941966,
				2362.084236209226,
				550.9176095941966,
				2373.5390677428277,
				566.6251330744035,
				2380.6726155242304,
				585.2135123894077,
				2400.221280117501,
				597.1484865621405,
				2407.834970538037,
				622.3902710194143,
				2429.235613882249,
				644.7511996418907,
				2442.130873333246,
				652.3648900624285,
				2443.0911586115126,
				663.8197215960281,
				2435.4774681909767,
				674.3142678513614,
				2428.8240630487053,
				682.8882435501637,
				2411.6761116511007,
				685.7690993849628,
				2401.6617080348988,
				720.5451448193053,
				2346.376712729021,
				772.880692484794,
				2291.1603092287332,
				813.8985922278662,
				2232.034172809792,
				878.6492567052228,
				2146.0200485994046,
				892.0246587953534,
				2120.2981215029977,
				937.7068013185726,
				2062.2008621679124,
				986.7499423157242,
				2015.9699851999703,
				1013.4321546903957,
				1969.3275573984847,
				1060.1431742974728,
				1908.3494422286021,
				1098.2116264001543,
				1863.0788505389246,
				1131.6158357226886,
				1819.2486867666466,
				1215.9151647933159,
				1703.0541680964761,
				1297.333638029144,
				1570.1232488622427,
				1349.257634861091,
				1523.480821060757,
				1396.9289397464327,
				1481.57122784501,
				1442.1309396305187,
				1407.217710584995,
				1466.892581448661,
				1362.4958533400422,
				1540.2858134304097,
				1276.7560963520173,
				1554.552908993217,
				1257.6875743978817,
				1581.7838558126132,
