{
	"dataset": {
		"dataset.id": 415493,
		"dataset.name": "01_sou_083099_415493_wear_02top_02t-shirt_woman",
		"dataset.image_path": "./008.의류 통합 데이터(3-1)/원천데이터/상품/상의/t-shirt/01_sou_083099_415493_wear_02top_02t-shirt_woman.jpg",
		"dataset.label_path": "./008.의류 통합 데이터(3-1)/라벨링데이터/상품/상의/t-shirt/01_sou_083099_415493_wear_02top_02t-shirt_woman.json",
		"dataset.category": 6,
		"dataset.type": 1,
		"dataset.width": 1954,
		"dataset.height": 4000,
		"dataset.file_size": 456732
	},
	"annotation": [
		{
			"annotation_type": "Polygon",
			"annotation_id": 138,
			"annotation_point_count": 140.0,
			"annotation_point": [
				832.0,
				1649.0,
				772.0,
				1900.0,
				772.0,
				1933.0,
				750.0,
				2074.2000000000007,
				714.4000000000015,
				2203.600000000002,
				745.3000000000011,
				2207.7999999999993,
				778.8000000000011,
				2211.2000000000007,
				795.6000000000004,
				2214.9000000000015,
				833.218202477934,
				2224.1676414834,
				867.6000000000004,
				2232.2000000000007,
				884.5,
				2141.9000000000015,
				959.9947959329547,
				1934.3159168651764,
				970.482644382173,
				1895.8604725513833,
				978.348530719084,
				1881.8766746190922,
				987.6000000000022,
				1860.0,
				989.5,
				1866.2999999999993,
				990.583984375,
				1873.13671875,
				990.5843539098387,
				1873.1368009114121,
				959.1208085621874,
				2047.9342750650212,
				943.3890358883618,
				2130.0890879172184,
				931.1532126976108,
				2238.463521892456,
				925.9092884730017,
				2256.817256678587,
				915.421875,
				2275.171875,
				916.0,
				2302.0,
				932.808854435365,
				2321.8055355593133,
				946.4781596059929,
				2325.7110513223524,
				973.8167699472488,
				2333.5220828484235,
				1008.9664118145774,
				2339.3803564929767,
				1034.3522642743155,
				2343.285872256016,
				1063.6436324970891,
				2345.2386301375336,
				1102.6987901274551,
				2347.1913880190514,
				1130.037400468711,
				2349.144145900569,
				1167.1398002175592,
				2349.144145900569,
				1200.3366842033683,
				2353.0496616636083,
				1235.4863260706989,
				2358.9079353081615,
				1264.7776942934725,
				2362.813451071197,
				1294.069062516246,
				2364.766208952715,
				1319.4549149759841,
				2366.7189668342326,
				1354.604556843311,
				2366.7189668342326,
				1387.8014408291237,
				2364.766208952715,
				1426.8565984594898,
				2364.766208952715,
				1456.1479666822634,
				2355.002419545126,
				1485.439334905037,
				2353.0496616636083,
				1528.4000082984385,
				2358.9079353081615,
				1561.5968922842512,
				2362.813451071197,
				1594.7937762700603,
				2364.766208952715,
				1620.1796287297984,
				2362.813451071197,
				1651.4237548340898,
				2358.9079353081615,
				1682.9000000000015,
				2342.0,
				1674.85684941231,
				2263.222799113766,
				1637.7544496634619,
				1948.8287801893239,
				1635.801691781944,
				1923.4429277295858,
				1609.3436399571328,
				1747.5315311240083,
				1621.425641370628,
				1705.244526176768,
				1622.9358915473167,
				1668.9985219362752,
				1631.998046875,
				1643.32421875,
				1641.659965426501,
				1751.6002341559797,
				1781.2000000000007,
				2215.9000000000015,
				1813.502659000107,
				2220.2621257203646,
				1858.41609027503,
				2194.8762732606265,
				1877.9436690902112,
				2190.970757497591,
				1911.1405530760203,
				2190.970757497591,
				1942.1000000000022,
				2187.4000000000015,
				1920.2000000000007,
				2139.0,
				1882.0,
				1975.0,
				1882.0,
				1933.0,
				1835.0,
				1711.9000000000015,
				1814.5571482561281,
				1554.2154674921112,
				1792.9987012441634,
				1458.1397797214086,
				1792.9987012441634,
				1440.096296896183,
				1789.0,
				1422.1000000000022,
				1786.4000000000015,
				1408.0,
				1781.1000000000022,
				1382.5,
				1781.750815846619,
				1367.6880346494836,
				1776.1268731478485,
				1347.535573312216,
				1770.5029304490745,
				1329.257759541204,
				1763.7073330213898,
				1306.7619887461115,
				1759.2550450515264,
				1288.718505920886,
				1753.205476650819,
				1270.4627023471185,
				1750.2488527077548,
				1258.6362065748654,
				1748.0313847504585,
				1246.8097108026122,
				1746.5530727789264,
				1234.9832150303555,
				1743.5964488358622,
				1223.8958752438703,
				1738.4223569355017,
				1212.8085354573814,
				1733.2482650351376,
				1202.4603516566567,
				1728.813329120545,
				1193.5904798274678,
				1722.9000812344166,
				1187.677231941343,
				1714.7693653909955,
				1178.8073601121505,
				1705.1603375760387,
				1171.4158002544937,
				1694.0729977895462,
				1164.0242403968296,
				1684.4639699745894,
				1156.6326805391727,
				1673.3766301881042,
				1149.241120681516,
				1667.4638671875,
				1144.806640625,
				1667.4638671875,
				1144.806640625,
				1659.6643930940954,
				1140.621348186538,
				1641.6209102688663,
				1137.3407149455888,
				1607.8772540762293,
				1128.2018080600828,
				1603.1906351605867,
				1127.0301533311722,
				1586.3188070642718,
				1121.4062106323981,
				1570.3843027510811,
				1116.9539226625348,
				1552.340819925852,
				1111.3299799637643,
				1537.8123012873548,
				1110.1583252348537,
				1534.2000000000007,
				1134.7999999999993,
				1523.0,
				1160.2000000000007,
				1499.616357124858,
				1195.6891204453568,
				1466.8100247153488,
				1240.212000143969,
				1453.6000000000022,
				1251.9000000000015,
				1410.570597727623,
				1284.7348798425883,
				1382.45088423376,
				1298.7947365895197,
				1341.1000000000022,
				1322.0,
				1300.4350532099925,
				1308.1679744208086,
				1258.2554829692017,
				1296.4514271316948,
				1232.47907893316,
				1284.7348798425883,
				1206.7026748971184,
				1261.301785264368,
				1185.6128897767194,
				1230.8387623126837,
				1162.179795198499,
				1200.3757393609994,
				1139.6558350074156,
				1170.6159636295015,
				1126.0635834172317,
				1146.4519608025075,
				1138.146484375,
				1134.369140625,
				1117.6569154998833,
				1130.0764556263384,
				1080.2000000000007,
				1142.2999999999993,
				1040.327703391762,
				1148.8229312889162,
				1009.8646804400778,
				1160.5394785780227,
				972.1763634237705,
				1179.5525476107541,
				964.2062513929322,
				1183.0777894705461,
				959.7613812218897,
				1187.5226596415923,
				949.0323842572998,
				1199.0180135322225,
				940.2959153004194,
				1211.4329957341033,
				934.0117885068757,
				1223.847977935984,
				926.9613047872881,
				1236.2629601378649,
				919.6042782972836,
				1249.4442992657932,
				915.0061367410326,
				1258.6405823782952,
				913.4736328125,
				1269.369140625,
				913.4736328125,
				1269.369140625,
				902.0724453802668,
				1319.8845217099151,
				892.6992075489779,
				1352.6908541194207,
				883.3259697176909,
				1390.1838054445761,
				873.9527318864039,
				1432.363375685367,
				866.9228035129381,
				1465.1697080948761,
				854.4000000000015,
				1494.7999999999993
			]
		}
	],
	"metadata.model": {
		"metadata.model.gender": "FEMALE",
		"metadata.model.age": "20대",
		"metadata.model.job": "Others",
		"metadata.model.type": "wear",
		"metadata.model.usually_size": "L",
		"metadata.model.body_height": "170",
		"metadata.model.waist_height": "109",
		"metadata.model.chest_size_male": "null",
		"metadata.model.breast_size_female": "94.0",
		"metadata.model.waist_size": "83",
		"metadata.model.hip_seize": "98",
		"metadata.model.back_length": "45",
		"metadata.model.shoulders_width": "46",
		"metadata.model.arm_length": "57",
		"metadata.model.weight": "65"
	},
	"metadata.clothes": {
		"metadata.clothes.type": "02top_02t-shirt",
		"metadata.clothes.season": "spring&fall",
		"metadata.clothes.fiber_composition": "regenerated fiber Others",
		"metadata.clothes.elasticity": "contain",
		"metadata.clothes.transparency": "none",
		"metadata.clothes.isfleece": "fleece_none",
		"metadata.clothes.color": "Gray",
		"metadata.clothes.washing_method": "none",
		"metadata.clothes.bleach": "Chlorine bleach",
		"metadata.clothes.ironing": "Do not lron",