{
	"dataset": {
		"dataset.id": 92525,
		"dataset.name": "01_sou_018505_092525_wear_02top_02t-shirt_woman",
		"dataset.image_path": "./008.의류 통합 데이터(3-1)/원천데이터/상품/상의/t-shirt/01_sou_018505_092525_wear_02top_02t-shirt_woman.jpg",
		"dataset.label_path": "./008.의류 통합 데이터(3-1)/라벨링데이터/상품/상의/t-shirt/01_sou_018505_092525_wear_02top_02t-shirt_woman.json",
		"dataset.category": 6,
		"dataset.type": 1,
		"dataset.width": 607,
		"dataset.height": 1080,
		"dataset.file_size": 49036
	},
	"annotation": [
		{
			"annotation_type": "Polygon",
			"annotation_id": 107,
			"annotation_point_count": 113.0,
			"annotation_point": [
				191.47828023438706,
				330.0852658252952,
				182.64331670076717,
				345.03674257449893,
				172.44912800812745,
				368.1435702778126,
				165.31319592328146,
				384.7940784757884,
				170.41029026960132,
				386.4931099245623,
				175.50738461591936,
				391.59020427088035,
				180.26467267248518,
				395.3280734581822,
				190.11905507536903,
				402.80381183278405,
				192.49769910365103,
				404.842649571312,
				191.818359375,
				416.396484375,
				176.32858314949226,
				558.6389763142506,
				176.32858314949226,
				561.4706953955392,
				190.7703504640649,
				562.0370392117948,
				194.73475717786823,
				561.7538673036688,
				217.10533792004753,
				564.0192425686982,
				220.2202289094639,
				566.8509616499869,
				237.49371530532335,
				570.2490245475346,
				251.08596689550905,
				572.2312279044345,
				265.2445623019503,
				575.0629469857231,
				283.93390823845584,
				577.0451503426266,
				297.8093317367693,
				578.7441817913968,
				308.2866923375368,
				579.5936975157856,
				317.34819339766,
				579.5936975157856,
				334.9048517016472,
				579.310525607656,
				343.40000894551304,
				577.8946660670117,
				347.93075947557554,
				576.761978434497,
				347.64758756744595,
				565.7182740174721,
				346.798071843059,
				559.7716639467653,
				345.94855611867206,
				540.2328022858746,
				344.53269657802775,
				529.4722697769794,
				341.134765625,
				519.84375,
				343.3000000000011,
				510.1000000000022,
				342.2000000000007,
				487.3000000000011,
				336.0,
				456.0,
				337.20798322109476,
				440.9196945732856,
				340.37006952853335,
				432.94368582765674,
				342.7298354296072,
				422.7966924530392,
				343.20178860982196,
				414.3015352091734,
				338.2462802175669,
				401.794775933482,
				331.8749122846675,
				382.9166487248931,
				332.1108888747749,
				379.14102328317495,
				333.998701595634,
				376.7812573821011,
				334.9426079560635,
				374.42149148102726,
				334.9426079560635,
				372.0617255799534,
				337.06639726702997,
				371.1178192195239,
				337.06639726702997,
				374.89344466124203,
				339.4261631681038,
				376.07332761177895,
				344.3816715603589,
				375.6013744315642,
				347.68534382186226,
				375.6013744315642,
				354.292688344869,
				373.7135617107051,
				356.1805010657281,
				373.24160853049034,
				359.72014991733886,
				373.4775851205977,
				363.9677285392718,
				374.65746807113464,
				368.2153071612029,
				375.6013744315642,
				371.0470262424915,
				376.7812573821011,
				374.58667509410225,
				388.10813370725555,
				378.3623046875,
				383.388671875,
				377.0,
				378.0,
				374.0,
				371.0,
				372.0,
				361.0,
				370.0,
				357.0,
				362.0,
				324.0,
				357.18281839365045,
				311.29848142832816,
				347.6235815258751,
				294.36497611969753,
				346.5310973124142,
				292.31656821945944,
				345.30205257227135,
				290.67784189926897,
				344.0730078321303,
				288.90255505239656,
				342.84396309198746,
				287.12726820552416,
				341.205236771797,
				285.8982234653813,
				339.5665104516065,
				284.66917872523845,
				337.6546630780522,
				283.57669451177935,
				335.742815704496,
				282.7573313516841,
				333.69440780425975,
				281.8014076649051,
				331.64599990402166,
				281.11860503149364,
				329.5975920037836,
				280.43580239808034,
				327.68574463022924,
				279.8895602913508,
				325.5007762033092,
				279.4798787113032,
				323.3158077763892,
				279.2067576579375,
				321.40396040283304,
				279.07019713125555,
				319.4921875,
				278.5244140625,
				316.5,
				276.0,
				312.3000000000011,
				277.40000000000146,
				306.15346396296445,
				277.1991363567904,
				293.1747515070583,
				285.45831701054703,
				279.72408587093923,
				295.3693337950572,
				272.4088115776103,
				298.90898264666794,
				263.6776777436371,
				304.80839739935254,
				257.07033322063035,
				307.64011648064115,
				250.69896528773097,
				308.1120696608559,
				245.9794334855851,
				308.1120696608559,
				242.67576122408173,
				307.40413989053377,
				239.37208896257835,
				303.6285144488156,
				241.25990168343742,
				299.1449592367753,
				243.1477144042965,
				294.8973806148424,
				237.2482996516119,
				298.2010528763458,
				234.55146543275805,
				300.78332087377385,
				226.90407593853706,
				304.1973340408367,
				225.53847067171228,
				304.60701562088434,
				223.35350224479225,
				305.28981825429764,
				221.16853381787223,
				305.9726208877091,
				219.12012591763414,
				306.5188629944405,
				216.93515749071412,
				307.201665627852,
				214.88674959047785,
				308.0210287879472,
				213.11146274360544,
				308.7038314213605,
				211.1996153700493,
				309.6597551081377,
				209.28776799649495,
				310.7522393215968,
				207.3759206229388,
				311.8447235350577,
				205.73719430275014,
				313.07376827520056,
				204.09846798255967,
				314.5759340687073,
				202.32318113568726,
				315.94153933553207,
				200.82101534217873,
				317.4437051290406,
				199.318849548672,
				318.8093103958654,
				197.81640625,
				320.1748046875
			]
		}
	],
	"metadata.model": {
		"metadata.model.gender": "FEMALE",
		"metadata.model.age": "20대",
		"metadata.model.job": "university student/graduate student",
		"metadata.model.type": "wear",
		"metadata.model.usually_size": "M",
		"metadata.model.body_height": "166",
		"metadata.model.waist_height": "105",
		"metadata.model.chest_size_male": "null",
		"metadata.model.breast_size_female": "83.0",
		"metadata.model.waist_size": "68",
		"metadata.model.hip_seize": "75",
		"metadata.model.back_length": "35",
		"metadata.model.shoulders_width": "38",
		"metadata.model.arm_length": "51",
		"metadata.model.weight": "57"
	},
	"metadata.clothes": {
		"metadata.clothes.type": "02top_02t-shirt",
		"metadata.clothes.season": "summer",
		"metadata.clothes.fiber_composition": "Cotton",
		"metadata.clothes.elasticity": "contain",
		"metadata.clothes.transparency": "contain",
		"metadata.clothes.isfleece": "fleece_none",
		"metadata.clothes.color": "White",
		"metadata.clothes.washing_method": "none",
		"metadata.clothes.bleach": "none",
		"metadata.clothes.ironing": "none",
		"metadata.clothes.drycleaning": "none",
		"metadata.clothes.wringing": "none",
		"metadata.clothes.drying": "none",
		"metadata.clothes.top_length_type": "long",
		"metadata.clothes.sleeve_length_type": "short sleeves",
		"metadata.clothes.topneck_color_design": "round neck",
		"metadata.clothes.topsleeve_design": "basic sleeve",
		"metadata.clothes.pants_silhouette": "null",
		"metadata.clothes.skirt_design": "null",
		"metadata.top.front_length": "65.0",
		"metadata.top.chest_size": "92.0",
		"metadata.top.waist_size": "90.0",
		"metadata.top.hem_size": "94.0",
		"metadata.top.shoulder_width": "44.0",
		"metadata.top.sleeve_length": "21.0",
		"metadata.top.sleeve_cuff_size": "36.0",
		"metadata.pants.pants_length": "null",
		"metadata.pants.waist_size": "null",
		"metadata.pants.hip_size": "null",
		"metadata.pants.front_rise_length": "null",
		"metadata.pants.back_rise_length": "null",
		"metadata.pants.inner_seam_length": "null",
		"metadata.pants.pants_waist_size": "null",
		"metadata.skirt.length": "null",
		"metadata.skirt.waist_size": "null",
		"metadata.skirt.hip_size": "null",
		"metadata.skirt.hem_size": "null",
		"metadata.dress.front_length": "null",
		"metadata.dress.chest_size": "null",