{
	"dataset": {
		"dataset.id": 224157,
		"dataset.name": "01_sou_044832_224157_back_02top_02t-shirt_man",
		"dataset.image_path": "./008.의류 통합 데이터(3-1)/원천데이터/상품/상의/t-shirt/01_sou_044832_224157_back_02top_02t-shirt_man.jpg",
		"dataset.label_path": "./008.의류 통합 데이터(3-1)/라벨링데이터/상품/상의/t-shirt/01_sou_044832_224157_back_02top_02t-shirt_man.json",
		"dataset.category": 6,
		"dataset.type": 1,
		"dataset.width": 4032,
		"dataset.height": 2268,
		"dataset.file_size": 788852
	},
	"annotation": [
		{
			"annotation_type": "Polygon",
			"annotation_id": 156,
			"annotation_point_count": 212.0,
			"annotation_point": [
				651.8000000000011,
				1169.300000000001,
				628.1000000000004,
				1203.2000000000007,
				410.3000000000011,
				1337.1000000000004,
				534.0,
				1534.0,
				545.8000000000011,
				1546.300000000001,
				809.259765625,
				1383.0048828125,
				818.8072858211708,
				1382.3224529243016,
				829.0368967452268,
				1379.5945566778864,
				837.9025595460753,
				1376.1846863698684,
				849.4961185933371,
				1372.7748160618503,
				860.407703578996,
				1368.6829716922275,
				869.9553404414492,
				1365.9550754458123,
				880.8669254271081,
				1362.5452051377943,
				890.4145622895594,
				1359.1353348297762,
				902.0081213368212,
				1356.407438583361,
				912.2377322608772,
				1352.31559421374,
				923.1493172465362,
				1346.8598017209097,
				932.0149800473846,
				1342.085983289684,
				942.2445909714406,
				1337.3121648584583,
				951.792227833892,
				1333.2203204888356,
				961.3398646963433,
				1327.0825539344023,
				970.8875015587946,
				1322.3087355031766,
				983.1630346676611,
				1318.2168911335539,
				992.7106715301124,
				1312.7610986407253,
				1002.2583083925638,
				1308.6692542711025,
				1012.4879193166198,
				1303.213461778274,
				1021.3535821174682,
				1297.7576692854436,
				1030.9012189799196,
				1293.6658249158208,
				1041.8128039655785,
				1289.5739805462,
				1051.3604408280298,
				1284.1181880533695,
				1061.5900517520859,
				1280.7083177453515,
				1073.1836107993477,
				1274.5705511909182,
				1082.7312476618008,
				1269.7967327596925,
				1092.960858585855,
				1265.7048883900698,
				1108.6462620027396,
				1256.1572515276184,
				1118.8758729267956,
				1250.7014590347899,
				1128.423509789247,
				1247.29158872677,
				1140.0170688365106,
				1243.199744357149,
				1150.9286538221695,
				1239.789874049131,
				1160.4762906846208,
				1236.380003741111,
				1170.7059016086769,
				1232.970133433093,
				1198.666838134428,
				1217.9667040778113,
				1315.9663767302627,
				1170.2285197655528,
				1369.16015625,
				1138.17578125,
				1396.439315999498,
				1122.4903354532944,
				1423.0363044020414,
				1117.0345429604658,
				1435.311837510908,
				1151.815220102255,
				1461.2268518518486,
				1200.9173525377191,
				1448.2693446813792,
				1280.7083177453515,
				1412.1000000000004,
				1577.2000000000007,
				1381.0,
				1747.0,
				1372.6000000000004,
				1829.9000000000015,
				1355.1000000000004,
				1901.0,
				1641.2000000000007,
				1916.9000000000015,
				2630.800000000001,
				1882.0,
				2570.800000000001,
				1337.2000000000007,
				2575.0,
				1200.0,
				2541.0,
				1097.0,
				2604.6630859375,
				1045.3369140625,
				2610.555555555553,
				1061.8350168350134,
				2618.8047138047114,
				1077.1548821548786,
				2630.589225589223,
				1091.2962962962938,
				2644.7306397306347,
				1104.2592592592555,
				2660.0505050505017,
				1113.6868686868656,
				2674.191919191915,
				1123.1144781144758,
				2690.690235690232,
				1132.5420875420841,
				2708.3670033669987,
				1141.9696969696943,
				2726.043771043769,
				1151.3973063973026,
				2740.1851851851825,
				1158.4680134680111,
				2757.8619528619492,
				1165.5387205387178,
				2777.8956228956195,
				1173.7878787878763,
				2793.2154882154864,
				1182.0370370370347,
				2809.7138047138033,
				1186.750841750838,
				2828.56902356902,
				1191.464646464643,
				2847.42424242424,
				1196.178451178448,
				2865.101010101007,
				1200.8922558922532,
				2885.134680134677,
				1207.9629629629599,
				2903.9898989898975,
				1212.676767676765,
				2921.6666666666642,
				1218.56902356902,
				2938.164983164981,
				1224.4612794612767,
				2955.841750841748,
				1235.0673400673368,
				2971.161616161611,
				1245.6734006733986,
				2986.481481481478,
				1252.7441077441053,
				3005.3367003366984,
				1259.814814814812,
				3020.6565656565617,
				1266.8855218855188,
				3038.3333333333285,
				1271.5993265993238,
				3057.188552188549,
				1276.313131313129,
				3076.043771043769,
				1281.026936026934,
				3093.720538720536,
				1286.919191919189,
				3111.3973063973026,
				1292.8114478114458,
				3130.252525252523,
				1299.8821548821525,
				3150.286195286193,
				1306.9528619528592,
				3167.96296296296,
				1312.8451178451141,
				3186.81818181818,
				1318.737373737371,
				3205.673400673397,
				1323.451178451176,
				3226.885521885517,
				1330.5218855218827,
				3244.5622895622873,
				1335.2356902356878,
				3262.239057239054,
				1339.9494949494929,
				3281.0942760942744,
				1344.6632996632961,
				3299.949494949491,
				1348.1986531986495,
				3312.9124579124546,
				1351.7340067340047,
				3467.2890625,
				1442.474609375,
				3512.070707070703,
				1348.1986531986495,
				3526.2121212121165,
				1345.8417508417479,
				3596.0848484848466,
				1234.7515151515145,
				3572.3272727272706,
				1226.2666666666646,
				3567.2363636363625,
				1226.2666666666646,
				3546.8727272727265,
				1205.9030303030286,
				3526.5090909090904,
				1187.2363636363625,
				3509.5393939393907,
				1168.5696969696946,
				3487.4787878787865,
				1151.5999999999985,
				3462.0242424242424,
				1141.4181818181805,
				3439.9636363636346,
				1127.8424242424226,
				3417.9030303030268,
				1114.2666666666646,
				3394.1454545454544,
				1097.2969696969685,
				3372.0848484848466,
				1082.0242424242406,
				3350.0242424242424,
				1068.4484848484826,
				3326.2666666666664,
				1056.5696969696946,
				3305.9030303030268,
				1041.2969696969685,
				3285.5393939393907,
				1024.3272727272706,
				3261.7818181818147,
				1012.4484848484826,
				3239.7212121212106,
				997.1757575757565,
				3214.2666666666664,
				988.6909090909085,
				3187.1151515151505,
				978.5090909090886,
				3163.3575757575745,
				968.3272727272706,
				3141.2969696969667,
				954.7515151515145,
				3114.1454545454544,
				941.1757575757565,
				3086.9939393939385,
				929.2969696969685,
				3059.8424242424226,
				919.1151515151505,
				3034.3878787878784,
				908.9333333333325,
				3010.6303030303025,
				895.3575757575745,
				2985.1757575757547,
				880.0848484848466,
				2963.1151515151505,
				868.2060606060586,
				2939.3575757575745,
				858.0242424242406,
				2912.2060606060586,
				846.1454545454526,
				2891.8424242424226,
				834.2666666666646,
				2869.7818181818147,
				824.0848484848466,
				2844.3272727272706,
				815.5999999999985,
				2820.5696969696946,
				803.7212121212106,
				2793.4181818181787,
				798.6303030303006,
				2769.230369539011,
				796.5635651785342,
				2596.9182566404797,
				673.1262600282662,
				2591.8034511784517,
				668.5797662842415,
				2583.2787754084056,
				661.7600256682053,
				2576.4590347923695,
				657.781843642184,
				2568.502670740325,
				651.5304147441493,
				2561.1146184062854,
				646.9839210001246,
				2551.4533192002327,
				642.4374272560999,
				2544.6335785841966,
				638.4592452300785,
				2537.245526250157,
				634.4810632040571,
				2528.720850480111,
				628.2296343060243,
				2521.901109864073,
				623.1148288439963,
				2513.9447458120303,
				618.5683350999716,
				2505.9883817599875,
				613.4535296379436,
				2498.0320177079448,
				607.7704124579122,
				2490.6439653739035,
				602.655606995886,
				2480.9826661678526,
				598.1091132518613,
				2473.5946138338113,
				594.13093122584,
				2465.6382497817685,
				590.1527491998168,
				2455.976950575716,
