{
	"dataset": {
		"dataset.id": 23736,
		"dataset.name": "01_sou_004748_023736_front_02top_02t-shirt_woman",
		"dataset.image_path": "./008.의류 통합 데이터(3-1)/원천데이터/상품/상의/t-shirt/01_sou_004748_023736_front_02top_02t-shirt_woman.jpg",
		"dataset.label_path": "./008.의류 통합 데이터(3-1)/라벨링데이터/상품/상의/t-shirt/01_sou_004748_023736_front_02top_02t-shirt_woman.json",
		"dataset.category": 6,
		"dataset.type": 1,
		"dataset.width": 810,
		"dataset.height": 1080,
		"dataset.file_size": 78599
	},
	"annotation": [
		{
			"annotation_type": "Polygon",
			"annotation_id": 277,
			"annotation_point_count": 57.0,
			"annotation_point": [
				251.5556640625,
				309.318359375,
				236.97886297376135,
				324.80685131195423,
				226.04591836734835,
				333.00655976676535,
				209.64650145772612,
				344.8505830903796,
				175.0,
				383.0,
				95.0,
				498.0,
				66.0,
				552.0,
				32.0,
				638.0,
				34.0,
				647.0,
				75.30000000000109,
				669.2000000000007,
				87.90000000000146,
				673.6000000000004,
				108.40000000000146,
				645.1000000000004,
				164.8000000000011,
				590.9000000000015,
				204.0,
				540.0,
				207.0,
				552.0,
				197.0,
				637.0,
				197.0,
				685.0,
				203.2685546875,
				725.681640625,
				221.49052478134217,
				725.6814868804668,
				238.80102040816382,
				724.7704081632655,
				256.11151603498547,
				724.7704081632655,
				286.1771137026244,
				723.8593294460643,
				315.3316326530621,
				723.8593294460643,
				341.7529154518961,
				724.7704081632655,
				372.7295918367363,
				726.592565597668,
				411.90597667638576,
				727.5036443148692,
				438.32725947521976,
				728.4147230320705,
				462.9263848396513,
				728.4147230320705,
				499.36953352769706,
				731.1479591836742,
				529.435131195336,
				732.9701166180766,
				549.4788629737614,
				734.7922740524791,
				574.9890670553941,
				737.5255102040828,
				580.8000000000011,
				715.1000000000004,
				579.0,
				646.0,
				567.6000000000004,
				526.8000000000011,
				566.0,
				513.0,
				666.0,
				588.7000000000007,
				734.0,
				617.0,
				761.0,
				640.0,
				778.0,
				635.0,
				790.0,
				617.0,
				806.8000000000011,
				604.0,
				805.0,
				599.0,
				756.0,
				534.0,
				642.4088921282801,
				429.580903790089,
				604.1435860058318,
				397.6931486880476,
				572.2558309037904,
				374.9161807580185,
				544.9234693877552,
				352.13921282798947,
				533.0794460641409,
				343.0284256559771,
				517.5911078717218,
				332.0954810495641,
				490.2587890625,
				309.318359375,
				459.0,
				295.0,
				442.0,
				293.0,
				418.0,
				310.0,
				382.0,
				311.0,
				343.0,
				304.0,
				326.0,
				288.0
			]
		}
	],
	"metadata.model": {
		"metadata.model.gender": "FEMALE",
		"metadata.model.age": "20대",
		"metadata.model.job": "not employed",
		"metadata.model.type": "front",
		"metadata.model.usually_size": "L",
		"metadata.model.body_height": "158",
		"metadata.model.waist_height": "90",
		"metadata.model.chest_size_male": "null",
		"metadata.model.breast_size_female": "85.0",
		"metadata.model.waist_size": "78",
		"metadata.model.hip_seize": "108",
		"metadata.model.back_length": "44",
		"metadata.model.shoulders_width": "40",
		"metadata.model.arm_length": "50",
		"metadata.model.weight": "61"
	},
	"metadata.clothes": {
		"metadata.clothes.type": "02top_02t-shirt",
		"metadata.clothes.season": "winter",
		"metadata.clothes.fiber_composition": "Cotton",
		"metadata.clothes.elasticity": "none at all",
		"metadata.clothes.transparency": "none at all",
		"metadata.clothes.isfleece": "fleece_contain",
		"metadata.clothes.color": "Brown",
		"metadata.clothes.washing_method": "none",
		"metadata.clothes.bleach": "none",
		"metadata.clothes.ironing": "none",
		"metadata.clothes.drycleaning": "none",
		"metadata.clothes.wringing": "none",
		"metadata.clothes.drying": "none",
		"metadata.clothes.top_length_type": "long",
		"metadata.clothes.sleeve_length_type": "long sleeves",
		"metadata.clothes.topneck_color_design": "round neck",
		"metadata.clothes.topsleeve_design": "ribbed sleeve",
		"metadata.clothes.pants_silhouette": "null",
		"metadata.clothes.skirt_design": "null",
		"metadata.top.front_length": "65.0",
		"metadata.top.chest_size": "110.0",
		"metadata.top.waist_size": "110.0",
		"metadata.top.hem_size": "110.0",
		"metadata.top.shoulder_width": "55.0",
		"metadata.top.sleeve_length": "52.0",
		"metadata.top.sleeve_cuff_size": "20.0",
		"metadata.pants.pants_length": "null",
		"metadata.pants.waist_size": "null",
		"metadata.pants.hip_size": "null",
		"metadata.pants.front_rise_length": "null",
		"metadata.pants.back_rise_length": "null",
		"metadata.pants.inner_seam_length": "null",
		"metadata.pants.pants_waist_size": "null",
		"metadata.skirt.length": "null",
		"metadata.skirt.waist_size": "null",
		"metadata.skirt.hip_size": "null",
		"metadata.skirt.hem_size": "null",
		"metadata.dress.front_length": "null",
		"metadata.dress.chest_size": "null",
		"metadata.dress.waist_size": "null",
		"metadata.dress.hip_size": "null",
		"metadata.dress.hem_size": "null",
		"metadata.dress.shoulder_width": "null",
		"metadata.dress.sleeve_length": "null",
		"metadata.dress.cuff_size": "null",
		"metadata.jumpsuit.front_length": "null",
		"metadata.jumpsuit.inner_seam_length": "null",
		"metadata.jumpsuit.chest_size": "null",
		"metadata.jumpsuit.waist_size": "null",
		"metadata.jumpsuit.hip_size": "null",
		"metadata.jumpsuit.shoulder_width": "null",
		"metadata.jumpsuit.sleeve_length": "null",
		"metadata.jumpsuit.cuffs_size": "null",
		"metadata.jumpsuit.front_rise_length": "null",
		"metadata.jumpsuit.back_rise_length": "null",
		"metadata.jumpsuit.pants_waist_size": "null"
	}
}