{
	"dataset": {
		"dataset.id": 79181,
		"dataset.name": "01_sou_015837_079181_front_02top_02t-shirt_woman",
		"dataset.image_path": "./008.의류 통합 데이터(3-1)/원천데이터/상품/상의/t-shirt/01_sou_015837_079181_front_02top_02t-shirt_woman.jpg",
		"dataset.label_path": "./008.의류 통합 데이터(3-1)/라벨링데이터/상품/상의/t-shirt/01_sou_015837_079181_front_02top_02t-shirt_woman.json",
		"dataset.category": 6,
		"dataset.type": 1,
		"dataset.width": 1920,
		"dataset.height": 1080,
		"dataset.file_size": 121851
	},
	"annotation": [
		{
			"annotation_type": "Polygon",
			"annotation_id": 164,
			"annotation_point_count": 94.0,
			"annotation_point": [
				1362.0,
				180.0,
				1236.0,
				95.0,
				1098.0,
				50.0,
				1033.0,
				37.0,
				980.0,
				66.0,
				935.0,
				79.0,
				846.0,
				86.0,
				801.0,
				76.0,
				732.0,
				40.0,
				711.0,
				40.0,
				687.0,
				53.0,
				610.0,
				73.0,
				512.0,
				108.0,
				439.0,
				167.0,
				325.0,
				229.0,
				325.0,
				245.0,
				364.5,
				319.2000000000007,
				379.9724391891159,
				341.5473029173663,
				388.78554383859955,
				351.53548818678064,
				395.8360275581872,
				361.81744361117853,
				405.8242128276015,
				371.80562888059467,
				415.2248577870505,
				378.8561126001805,
				427.85697445131154,
				392.0757695744069,
				438.13892987570944,
				406.7642773235457,
				447.8333449901402,
				418.5150835228578,
				457.233989949591,
				432.32228080704954,
				462.81562289426256,
				440.8416153015496,
				466.3408647540564,
				449.3609497960515,
				474.30203595408966,
				454.84270088802987,
				485.30079055664646,
				448.92029456357704,
				497.99166125190277,
				440.45971410007223,
				506.8752707385829,
				432.8451916829181,
				520.0,
				427.0,
				536.0,
				459.0,
				536.0,
				547.0,
				544.947265625,
				582.59765625,
				544.947265625,
				582.59765625,
				545.7939408707025,
				587.2507851418741,
				545.3709118475272,
				593.596220489504,
				545.3709118475272,
				600.3646848603057,
				544.9478828243518,
				607.5561782542864,
				547.4860569634038,
				614.324642625088,
				550.4472601256311,
				621.5161360190687,
				552.9854342646831,
				627.861571366695,
				553.4084632878585,
				633.7839776911496,
				552.1393762183325,
				640.129413038776,
				551.2933181719818,
				647.3209064327566,
				550.4472601256311,
				653.6663417803829,
				550.4472601256311,
				661.2808641975389,
				549.6012020792805,
				667.6262995451652,
				549.1781730561052,
				679.8941412172499,
				536.0,
				866.0,
				520.0,
				983.0,
				524.0,
				1015.0,
				577.0,
				1025.0,
				621.578125,
				1032.71875,
				701.4035087719312,
				1037.1052631578968,
				758.4210526315801,
				1042.3684210526335,
				798.7719298245647,
				1040.6140350877213,
				896.1403508771946,
				1040.6140350877213,
				927.71875,
				1037.982421875,
				1000.5263157894769,
				1034.4736842105267,
				1070.7017543859656,
				1025.7017543859656,
				1103.1578947368434,
				1021.3157894736869,
				1130.3508771929846,
				1017.8070175438625,
				1163.6842105263167,
				1012.5438596491258,
				1206.6666666666679,
				1002.8947368421068,
				1232.9824561403511,
				991.4912280701756,
				1263.6842105263167,
				987.9824561403511,
				1281.228070175439,
				986.2280701754389,
				1291.0,
				971.9000000000015,
				1266.2999999999993,
				786.9000000000015,
				1257.0,
				697.0,
				1249.2999999999993,
				629.1000000000022,
				1260.2000000000007,
				489.0,
				1264.189453125,
				456.623046875,
				1266.6252436647192,
				446.2670565302178,
				1266.6252436647192,
				433.4746588693979,
				1266.6252436647192,
				429.8196881091644,
				1277.5901559454214,
				438.95711500974903,
				1290.991715399614,
				448.7037037037062,
				1297.6924951267101,
				443.8304093567276,
				1312.312378167644,
				425.5555555555584,
				1328.7597465886975,
				402.4074074074106,
				1345.8162768031216,
				377.12719298245975,
				1364.0911306042908,
				350.32407407407663,
				1380.5384990253442,
				327.7850877193014,
				1396.9858674463976,
				304.027777777781,
				1407.3416179337255,
				287.5804093567276,
				1418.9156920077985,
				266.8689083820682,
				1424.3981481481496,
				252.858187134505,
				1437.1905458089714,
				235.80165692008086,
				1442.6730019493225,
				218.7451267056549,
				1437.799707602342,
				213.87183235867633
			]
		}
	],
	"metadata.model": {
		"metadata.model.gender": "FEMALE",
		"metadata.model.age": "40대",
		"metadata.model.job": "entertainment and sports",
		"metadata.model.type": "front",
		"metadata.model.usually_size": "S",
		"metadata.model.body_height": "157",
		"metadata.model.waist_height": "100",
		"metadata.model.chest_size_male": "null",
		"metadata.model.breast_size_female": "84.0",
		"metadata.model.waist_size": "65",
		"metadata.model.hip_seize": "89",
		"metadata.model.back_length": "39",
		"metadata.model.shoulders_width": "40",
		"metadata.model.arm_length": "51",
		"metadata.model.weight": "48"
	},
	"metadata.clothes": {
		"metadata.clothes.type": "02top_02t-shirt",
		"metadata.clothes.season": "summer",
		"metadata.clothes.fiber_composition": "protein fiber Others",
		"metadata.clothes.elasticity": "contain a lot",
		"metadata.clothes.transparency": "contain",
		"metadata.clothes.isfleece": "fleece_none",
		"metadata.clothes.color": "Blue",
		"metadata.clothes.washing_method": "none",
		"metadata.clothes.bleach": "none",
		"metadata.clothes.ironing": "none",
		"metadata.clothes.drycleaning": "none",
		"metadata.clothes.wringing": "none",
		"metadata.clothes.drying": "none",
		"metadata.clothes.top_length_type": "long",
		"metadata.clothes.sleeve_length_type": "short sleeves",
		"metadata.clothes.topneck_color_design": "V-neck",
		"metadata.clothes.topsleeve_design": "basic sleeve",
		"metadata.clothes.pants_silhouette": "null",
		"metadata.clothes.skirt_design": "null",
		"metadata.top.front_length": "6.0",
		"metadata.top.chest_size": "88.0",
		"metadata.top.waist_size": "82.0",
		"metadata.top.hem_size": "88.0",
		"metadata.top.shoulder_width": "42.0",
		"metadata.top.sleeve_length": "15.0",
		"metadata.top.sleeve_cuff_size": "32.0",
		"metadata.pants.pants_length": "null",
		"metadata.pants.waist_size": "null",
		"metadata.pants.hip_size": "null",
		"metadata.pants.front_rise_length": "null",
		"metadata.pants.back_rise_length": "null",
		"metadata.pants.inner_seam_length": "null",
		"metadata.pants.pants_waist_size": "null",
		"metadata.skirt.length": "null",
		"metadata.skirt.waist_size": "null",
		"metadata.skirt.hip_size": "null",
		"metadata.skirt.hem_size": "null",
		"metadata.dress.front_length": "null",
		"metadata.dress.chest_size": "null",
		"metadata.dress.waist_size": "null",
		"metadata.dress.hip_size": "null",
		"metadata.dress.hem_size": "null",
		"metadata.dress.shoulder_width": "null",
		"metadata.dress.sleeve_length": "null",
		"metadata.dress.cuff_size": "null",
		"metadata.jumpsuit.front_length": "null",
		"metadata.jumpsuit.inner_seam_length": "null",
		"metadata.jumpsuit.chest_size": "null",
		"metadata.jumpsuit.waist_size": "null",
		"metadata.jumpsuit.hip_size": "null",
		"metadata.jumpsuit.shoulder_width": "null",
		"metadata.jumpsuit.sleeve_length": "null",
		"metadata.jumpsuit.cuffs_size": "null",
		"metadata.jumpsuit.front_rise_length": "null",
		"metadata.jumpsuit.back_rise_length": "null",
		"metadata.jumpsuit.pants_waist_size": "null"
	}
}