{
	"dataset": {
		"dataset.id": 532820,
		"dataset.name": "01_sou_106564_532820_wear_02top_02t-shirt_woman",
		"dataset.image_path": "./008.의류 통합 데이터(3-1)/원천데이터/상품/상의/t-shirt/01_sou_106564_532820_wear_02top_02t-shirt_woman.jpg",
		"dataset.label_path": "./008.의류 통합 데이터(3-1)/라벨링데이터/상품/상의/t-shirt/01_sou_106564_532820_wear_02top_02t-shirt_woman.json",
		"dataset.category": 6,
		"dataset.type": 1,
		"dataset.width": 1775,
		"dataset.height": 3757,
		"dataset.file_size": 795444
	},
	"annotation": [
		{
			"annotation_type": "Polygon",
			"annotation_id": 115,
			"annotation_point_count": 93.0,
			"annotation_point": [
				576.3000000000011,
				1393.9000000000015,
				566.2000000000007,
				1401.6000000000004,
				554.7000000000007,
				1406.7000000000007,
				536.9000000000015,
				1422.0,
				529.2136798160445,
				1437.234330711888,
				522.8451803708485,
				1456.3398290474706,
				516.4766809256544,
				1475.445327383055,
				510.1081814804602,
				1494.5508257186393,
				505.01338192430376,
				1513.6563240542218,
				498.6448824791096,
				1532.7618223898062,
				493.55008292295497,
				1551.8673207253905,
				488.45528336679854,
				1570.972819060973,
				485.90788358872123,
				1590.0783173965574,
				485.90788358872123,
				1611.731215510219,
				485.90788358872123,
				1632.1104137348411,
				483.3604838106421,
				1651.2159120704255,
				482.08678392160436,
				1670.3214104060098,
				478.2656842544875,
				1698.3428079648656,
				455.3388671875,
				1874.11328125,
				454.06538636274854,
				1886.8503915426245,
				479.53938414352706,
				1872.8396927631966,
				516.4766809256544,
				1872.8396927631966,
				543.2243785954724,
				1865.1974934289628,
				606.9093730474178,
				1861.376393761846,
				605.6356731583783,
				1885.5766916535867,
				601.8145734912614,
				1903.4084901001315,
				596.7197739351068,
				1922.513988435714,
				591.6249743789504,
				1941.6194867712984,
				582.7090751556789,
				1959.4512852178432,
				575.0668758214451,
				1978.5567835534275,
				566.1509765981718,
				1995.1148821109327,
				554.687677596823,
				2030.7784790040223,
				555.9613774858608,
				2037.1469784492165,
				531.7610795941218,
				2100.8319729011637,
				523.0,
				2258.0,
				499.0,
				2430.0,
				498.64453125,
				2446.0048828125,
				498.6448824791096,
				2468.93124083341,
				521.5714804818108,
				2476.5734401676436,
				555.9613774858608,
				2488.0367391689942,
				609.4567728254951,
				2494.4052386141884,
				640.0255701624301,
				2495.678938503226,
				670.5943674993632,
				2491.857838836111,
				724.0897628389976,
				2486.7630392799547,
				766.1218591772831,
				2477.8471400566814,
				818.3435546278779,
				2465.110141166293,
				902.4077473044472,
				2446.0046428307087,
				946.9872434208082,
				2429.4465442732035,
				966.0927417563926,
				2424.351744717047,
				966.0927417563926,
				2398.8777469362685,
				1009.0,
				2394.0,
				1033.6000000000004,
				2387.1000000000004,
				1003.0,
				2162.0,
				997.0,
				1983.0,
				985.1982421875,
				1877.9345703125,
				986.4719399810147,
				1839.7234956481843,
				1009.3985379837159,
				1821.8916972016395,
				986.4719399810147,
				1776.038501196239,
				978.8297406467809,
				1711.079806855254,
				968.6401415344699,
				1685.6058090744755,
				955.9031426440815,
				1656.310711626582,
				946.9872434208082,
				1638.4789131800371,
				940.618743975614,
				1619.3734148444528,
				932.9765446413803,
				1600.2679165088684,
				926.6080451961861,
				1581.162418173286,
				922.7869455290693,
				1560.783219948662,
				918.9658458619524,
				1539.1303218350004,
				913.871046305796,
				1520.0248234994178,
				906.228846971564,
				1500.9193251638335,
				899.8603475263681,
				1481.8138268282491,
				889.670748414057,
				1463.9820283817044,
				879.481149301746,
				1444.8765300461218,
				864.1967506332785,
				1429.5921313776544,
				847.6386520757733,
				1420.676232154381,
				829.8068536292285,
				1413.0340328201473,
				811.9750551826837,
				1404.1181335968759,
				796.6906565142162,
				1393.9285344845648,
				787.7747572909448,
				1391.3811347064857,
				785.2273575128656,
				1400.297033929759,
				810.7013552936442,
				1420.676232154381,
				813.2487550717215,
				1437.234330711888,
				803.0591559594104,
				1452.5187293803538,
				778.8588580676715,
				1456.3398290474706,
				772.4903586224773,
				1448.697629713237,
				762.3007595101662,
				1447.4239298241991,
				739.374161507465,
				1435.9606308228485,
				717.7212633938034,
				1418.1288323763038,
				655.3099688308957,
				1372.2756363709032,
				622.1937717158853,
				1354.4438379243584,
				612.0041726035743,
				1356.9912377024357,
				604.3619732693405,
				1356.9912377024357,
				594.1723741570295,
				1369.728236592824,
				587.8037109375,
				1381.19140625
			]
		}
	],
	"metadata.model": {
		"metadata.model.gender": "FEMALE",
		"metadata.model.age": "20대",
		"metadata.model.job": "not employed",
		"metadata.model.type": "wear",
		"metadata.model.usually_size": "M",
		"metadata.model.body_height": "156",
		"metadata.model.waist_height": "88",
		"metadata.model.chest_size_male": "null",
		"metadata.model.breast_size_female": "82.0",
		"metadata.model.waist_size": "75",
		"metadata.model.hip_seize": "89",
		"metadata.model.back_length": "40",
		"metadata.model.shoulders_width": "38",
		"metadata.model.arm_length": "51",
		"metadata.model.weight": "49"
	},
	"metadata.clothes": {
		"metadata.clothes.type": "02top_02t-shirt",
		"metadata.clothes.season": "summer",
		"metadata.clothes.fiber_composition": "Cotton",
		"metadata.clothes.elasticity": "contain",
		"metadata.clothes.transparency": "none",
		"metadata.clothes.isfleece": "fleece_none",
		"metadata.clothes.color": "Green",
		"metadata.clothes.washing_method": "Hand Washing30",
		"metadata.clothes.bleach": "Do not chlorine bleach",
		"metadata.clothes.ironing": "Ironing 140~160℃ : Place a cloth between the iron and textile",
		"metadata.clothes.drycleaning": "none",
		"metadata.clothes.wringing": "Do not wringing",
		"metadata.clothes.drying": "Do not tumble dry",
		"metadata.clothes.top_length_type": "long",
		"metadata.clothes.sleeve_length_type": "short sleeves",
		"metadata.clothes.topneck_color_design": "round neck",
		"metadata.clothes.topsleeve_design": "basic sleeve",
		"metadata.clothes.pants_silhouette": "null",
		"metadata.clothes.skirt_design": "null",
		"metadata.top.front_length": "66.0",
		"metadata.top.chest_size": "92.0",
		"metadata.top.waist_size": "92.0",
		"metadata.top.hem_size": "102.0",
		"metadata.top.shoulder_width": "46.0",
		"metadata.top.sleeve_length": "21.0",
		"metadata.top.sleeve_cuff_size": "36.0",
		"metadata.pants.pants_length": "null",
		"metadata.pants.waist_size": "null",
		"metadata.pants.hip_size": "null",
		"metadata.pants.front_rise_length": "null",
		"metadata.pants.back_rise_length": "null",
		"metadata.pants.inner_seam_length": "null",
		"metadata.pants.pants_waist_size": "null",
		"metadata.skirt.length": "null",
		"metadata.skirt.waist_size": "null",
		"metadata.skirt.hip_size": "null",
		"metadata.skirt.hem_size": "null",
		"metadata.dress.front_length": "null",
		"metadata.dress.chest_size": "null",
		"metadata.dress.waist_size": "null",
		"metadata.dress.hip_size": "null",
		"metadata.dress.hem_size": "null",
		"metadata.dress.shoulder_width": "null",
		"metadata.dress.sleeve_length": "null",
		"metadata.dress.cuff_size": "null",
		"metadata.jumpsuit.front_length": "null",
		"metadata.jumpsuit.inner_seam_length": "null",
		"metadata.jumpsuit.chest_size": "null",
		"metadata.jumpsuit.waist_size": "null",
		"metadata.jumpsuit.hip_size": "null",
		"metadata.jumpsuit.shoulder_width": "null",
		"metadata.jumpsuit.sleeve_length": "null",
		"metadata.jumpsuit.cuffs_size": "null",
		"metadata.jumpsuit.front_rise_length": "null",
		"metadata.jumpsuit.back_rise_length": "null",
		"metadata.jumpsuit.pants_waist_size": "null"
	}
}