{
	"dataset": {
		"dataset.id": 538797,
		"dataset.name": "01_sou_107760_538797_back_02top_02t-shirt_man",
		"dataset.image_path": "./008.의류 통합 데이터(3-1)/원천데이터/상품/상의/t-shirt/01_sou_107760_538797_back_02top_02t-shirt_man.jpg",
		"dataset.label_path": "./008.의류 통합 데이터(3-1)/라벨링데이터/상품/상의/t-shirt/01_sou_107760_538797_back_02top_02t-shirt_man.json",
		"dataset.category": 6,
		"dataset.type": 1,
		"dataset.width": 3024,
		"dataset.height": 4032,
		"dataset.file_size": 1410702
	},
	"annotation": [
		{
			"annotation_type": "Polygon",
			"annotation_id": 92,
			"annotation_point_count": 112.0,
			"annotation_point": [
				2659.600000000002,
				1422.2000000000007,
				2504.100000000002,
				1394.0,
				2350.051984631991,
				1352.5335179832982,
				2331.984271053858,
				1348.0165895887658,
				2318.4334858702605,
				1342.5962755153269,
				2298.559000934314,
				1338.0793471207908,
				2287.7183727874362,
				1329.9488760106324,
				2275.9743589616482,
				1320.011633542661,
				2266.9405021725834,
				1314.5913194692184,
				2260.6168024202343,
				1317.3014765059415,
				2247.066017236637,
				1320.011633542661,
				2235.322003410849,
				1322.7217905793805,
				2219.9644468694387,
				1321.818404900474,
				2206.4136616858377,
				1314.5913194692184,
				2187.442562428798,
				1308.267619716873,
				2173.8917772452005,
				1301.9439199645276,
				2154.017292309254,
				1296.5236058910887,
				2146.790206878002,
				1293.8134488543692,
				2135.046193052214,
				1285.6829777442072,
				2120.5920221897104,
				1280.2626636707682,
				2107.944622685016,
				1273.9389639184228,
				2090.7802947857926,
				1270.3254212027969,
				2079.0362809600047,
				1263.0983357715413,
				2066.388881455314,
				1259.4847930559154,
				2050.1279392349934,
				1255.8712503402894,
				2034.7703826935794,
				1255.8712503402894,
				2020.3162118310756,
				1252.2577076246635,
				2007.6688123263812,
				1249.547550587944,
				1994.1180271427838,
				1247.740779230131,
				1981.470703125,
				1245.03125,
				1793.4000000000015,
				1211.4000000000015,
				1730.8363783497844,
				1203.6435687216472,
				1705.219539075235,
				1209.6992501147797,
				1682.652323523842,
				1198.3720762858975,
				1636.7337034636766,
				1214.1865535931465,
				1610.376241284932,
				1226.994973230423,
				1577.2660408620395,
				1242.809450537672,
				1554.0889005660174,
				1249.170094303121,
				1495.2747287622005,
				1260.0616076001243,
				1445.1737675959885,
				1270.081799833366,
				1395.9441274935343,
				1271.8244419608855,
				1343.2292031360375,
				1274.8740656840491,
				1296.6135262248645,
				1270.9531208971275,
				1255.2257756962535,
				1262.2399102595227,
				1198.1542460199598,
				1243.9421679205589,
				1176.8068799578323,
				1235.6646178148367,
				1156.765625,
				1225.64453125,
				1146.6000000000022,
				1214.1000000000022,
				1090.7999999999993,
				1220.0,
				952.8773665714543,
				1261.063626823452,
				938.4482897555827,
				1263.7821485423847,
				923.0781861908508,
				1266.5006702613173,
				911.3676310939154,
				1270.9966869503187,
				897.775022499256,
				1276.433730388184,
				883.3459456833843,
				1279.1522521071129,
				869.8056163525507,
				1282.7595213110835,
				856.2652870217171,
				1286.3667905150505,
				842.6726784270577,
				1289.9740597190175,
				830.0210965812585,
				1295.411103156879,
				816.4807672504248,
				1299.0183723608498,
				803.8291854046256,
				1300.8481465947443,
				788.5113611037195,
				1305.3441632837494,
				775.8597792579203,
				1308.0626850026783,
				761.3784231782265,
				1308.0626850026783,
				747.8380938473929,
				1308.9514324877164,
				741.5123029244933,
				1321.6030143335156,
				739.6825286905951,
				1335.1433436643492,
				736.075259486628,
				1347.7949255101485,
				731.1610086870205,
				1349.8860960631719,
				602.3449026207054,
				1394.3757495787686,
				369.7000000000007,
				1472.5,
				338.3346203013516,
				1490.5695950178997,
				275.60000000000036,
				1513.0,
				256.779296875,
				1517.75390625,
				212.20000000000073,
				1534.2000000000007,
				239.10000000000036,
				1606.2999999999993,
				301.7000000000007,
				1775.7999999999993,
				290.8000000000011,
				1801.2999999999993,
				300.8564453125,
				1884.056640625,
				317.2123419123254,
				1914.4321472373958,
				349.9246995578378,
				1947.1445048829082,
				463.4677734375,
				1899.7265625,
				507.3957583380761,
				1911.8774678784212,
				521.4153401861549,
				1924.0277721467537,
				548.5,
				1942.7000000000007,
				571.0,
				1976.4000000000015,
				540.107421875,
				2020.294921875,
				514.8728686570539,
				2085.720282794573,
				500.8532868089751,
				2181.0534393614944,
				229.70000000000073,
				3746.0,
				287.60000000000036,
				3755.5,
				1137.0,
				3732.100000000002,
				1464.0,
				3706.100000000002,
				1856.0,
				3704.7999999999993,
				2544.100000000002,
				3675.0,
				2504.0,
				3311.9000000000015,
				2483.100000000002,
				3235.0,
				2481.7999999999993,
				3029.4000000000015,
				2425.100000000002,
				2659.5,
				2355.2000000000007,
				2186.100000000002,
				2322.907754385509,
				1978.3664940691779,
				2317.2615938923445,
				1952.0177451010677,
				2307.2239752378264,
				1927.5510496306815,
				2291.54019609014,
				1901.829651828477,
				2315.3795403946206,
				1869.207391201293,
				2331.6906707082126,
				1838.467184071833,
				2452.769445728336,
				1867.9526888694818,
				2522.4054251440575,
				1876.108254026276,
				2533.0703949644812,
				1870.4620935331077,
				2537.4618531258348,
				1832.8210235786682,
				2552.518281107612,
				1802.0808164492046,
				2553.7734375,
				1783.259765625
			]
		}
	],
	"metadata.model": {
		"metadata.model.gender": "MALE",
		"metadata.model.age": "30대",
		"metadata.model.job": "university student/graduate student",
		"metadata.model.type": "back",
		"metadata.model.usually_size": "XL",
		"metadata.model.body_height": "176",
		"metadata.model.waist_height": "108",
		"metadata.model.chest_size_male": "80.0",
		"metadata.model.breast_size_female": "null",
		"metadata.model.waist_size": "84",
		"metadata.model.hip_seize": "97",
		"metadata.model.back_length": "44",
		"metadata.model.shoulders_width": "45",
		"metadata.model.arm_length": "56",
		"metadata.model.weight": "70"
	},
	"metadata.clothes": {
		"metadata.clothes.type": "02top_02t-shirt",
		"metadata.clothes.season": "summer",
		"metadata.clothes.fiber_composition": "Polyester",
		"metadata.clothes.elasticity": "contain little",
		"metadata.clothes.transparency": "contain little",
		"metadata.clothes.isfleece": "fleece_none",
		"metadata.clothes.color": "Black",
		"metadata.clothes.washing_method": "none",
		"metadata.clothes.bleach": "none",
		"metadata.clothes.ironing": "none",
		"metadata.clothes.drycleaning": "none",
		"metadata.clothes.wringing": "none",
		"metadata.clothes.drying": "none",
		"metadata.clothes.top_length_type": "normal",
		"metadata.clothes.sleeve_length_type": "short sleeves",
		"metadata.clothes.topneck_color_design": "round neck",
		"metadata.clothes.topsleeve_design": "basic sleeve",
		"metadata.clothes.pants_silhouette": "null",
		"metadata.clothes.skirt_design": "null",
		"metadata.top.front_length": "67.0",
		"metadata.top.chest_size": "92.0",
		"metadata.top.waist_size": "92.0",
		"metadata.top.hem_size": "92.0",
		"metadata.top.shoulder_width": "45.0",
		"metadata.top.sleeve_length": "20.0",
		"metadata.top.sleeve_cuff_size": "30.0",
		"metadata.pants.pants_length": "null",
		"metadata.pants.waist_size": "null",
		"metadata.pants.hip_size": "null",
		"metadata.pants.front_rise_length": "null",
		"metadata.pants.back_rise_length": "null",
		"metadata.pants.inner_seam_length": "null",
		"metadata.pants.pants_waist_size": "null",
		"metadata.skirt.length": "null",
		"metadata.skirt.waist_size": "null",
		"metadata.skirt.hip_size": "null",
		"metadata.skirt.hem_size": "null",
		"metadata.dress.front_length": "null",
		"metadata.dress.chest_size": "null",