{
	"dataset": {
		"dataset.id": 345310,
		"dataset.name": "01_sou_069062_345310_wear_02top_02t-shirt_woman",
		"dataset.image_path": "./008.의류 통합 데이터(3-1)/원천데이터/상품/상의/t-shirt/01_sou_069062_345310_wear_02top_02t-shirt_woman.jpg",
		"dataset.label_path": "./008.의류 통합 데이터(3-1)/라벨링데이터/상품/상의/t-shirt/01_sou_069062_345310_wear_02top_02t-shirt_woman.json",
		"dataset.category": 6,
		"dataset.type": 1,
		"dataset.width": 1280,
		"dataset.height": 2275,
		"dataset.file_size": 172583
	},
	"annotation": [
		{
			"annotation_type": "Polygon",
			"annotation_id": 90,
			"annotation_point_count": 97.0,
			"annotation_point": [
				588.0,
				654.0,
				570.57421875,
				655.978515625,
				562.2979593589043,
				654.8753172171018,
				554.5739843290212,
				655.4270297192343,
				546.8500092991344,
				658.1855922299073,
				538.0226092649791,
				660.392442238448,
				530.298634235096,
				663.7027172512535,
				522.0229467030767,
				667.5647047661987,
				514.29897167319,
				671.9784047832763,
				509.3335591539799,
				677.4955298046225,
				506.02328414117073,
				684.1160798302371,
				500.5061591198246,
				691.2883423579879,
				493.8856090942063,
				696.805467379334,
				487.26505906859165,
				701.7708798985477,
				482.2996465493816,
				708.3914299241624,
				478.43765903443636,
				716.1154049540455,
				475.12738402163086,
				723.8393799839323,
				471.26539650668565,
				731.5633550138191,
				468.5068339960126,
				739.2873300437022,
				466.85169648961164,
				748.1147300778575,
				464.09313397893493,
				755.8387051077443,
				460.7828589661294,
				764.1143926397635,
				456.92087145118785,
				771.8383676696467,
				444.7831964042234,
				803.2859802913226,
				412.0,
				865.0,
				423.818359375,
				893.435546875,
				434.30065886366356,
				864.7467530291251,
				439.81778388501334,
				859.7813405099114,
				473.4722465152263,
				871.9190155568722,
				493.8856090942063,
				885.1601156081051,
				514.29897167319,
				897.2977906550695,
				515.9541091795945,
				902.8149156764157,
				502.7130091283616,
				924.8834157618003,
				497.19588410701544,
				934.8142408002241,
				523.82421875,
				935.998046875,
				523.057407644581,
				973.9291246668472,
				523.057407644581,
				1006.8786213221101,
				521.5248729164305,
				1031.3991769725399,
				521.5248729164305,
				1055.536598940933,
				521.1417392343901,
				1087.7198282321187,
				520.3754718703167,
				1114.9223196568164,
				533.2000000000007,
				1176.4000000000015,
				531.2000000000007,
				1188.5,
				516.5,
				1239.5,
				524.2000000000007,
				1251.1000000000022,
				533.248763586791,
				1249.747062365972,
				547.0415761401564,
				1254.7278002324638,
				567.3476612881677,
				1255.1109339145041,
				591.101949574524,
				1255.8772012785776,
				609.8754999943812,
				1253.1952655043133,
				628.6490504142421,
				1252.0458644581995,
				663.8973491617326,
				1249.747062365972,
				692.249241632544,
				1246.2988592276306,
				734.7770803387539,
				1245.1494581815168,
				772.3241811784756,
				1241.7012550431755,
				814.085752520612,
				1241.3181213611351,
				828.2616987560177,
				1243.233789771326,
				828.64453125,
				1255.876953125,
				839.7999999999993,
				1247.9000000000015,
				827.0,
				1215.0,
				832.0,
				1169.0,
				831.2000000000007,
				1060.1000000000022,
				834.1818804108625,
				1029.5432774167457,
				834.1818804108625,
				1015.1987523612443,
				836.9404429215356,
				997.5439522929337,
				862.318359375,
				986.509765625,
				902.4000000000015,
				959.6000000000022,
				840.2999999999993,
				836.4000000000015,
				834.7335929129986,
				819.8925266055776,
				834.1818804108625,
				811.0651265714223,
				829.2164678916524,
				803.8928640436716,
				827.0096178831118,
				795.6171765116524,
				824.2510553724387,
				787.3414889796331,
				822.5959178660341,
				779.0658014476103,
				818.1822178489601,
				771.8935389198596,
				814.871942836151,
				764.1695638899764,
				811.5616678233418,
				755.8938763579572,
				806.5962553041318,
				749.2733263323389,
				800.5274177806496,
				743.2044888088603,
				795.0102927593034,
				736.583938783242,
				791.1483052443618,
				729.4116762554913,
				779.5625,
				718.9296875,
				752.5284300949352,
				705.1914974117826,
				734.3219175244922,
				698.5709473861643,
				722.7359549796638,
				686.4332723392035,
				716.6671174561816,
				684.2264223306629,
				710.5982799326994,
				682.571284824262,
				722.1842424775277,
				693.0538223648182,
				726.0462299924693,
				700.2260848925689,
				723.8393799839323,
				702.9294761530291,
				714.4602674476446,
				704.0880724075105,
				703.4260174049487,
				701.3295098968374,
				686.8746423409102,
				691.9503973605497,
				679.7023798131595,
				690.2400886039322,
				668.6681297704672,
				680.3644348157213,
				630.0482546210405,
				658.2959347303367,
				617.359375,
				646.158203125
			]
		}
	],
	"metadata.model": {
		"metadata.model.gender": "FEMALE",
		"metadata.model.age": "20대",
		"metadata.model.job": "not employed",
		"metadata.model.type": "wear",
		"metadata.model.usually_size": "M",
		"metadata.model.body_height": "158",
		"metadata.model.waist_height": "99",
		"metadata.model.chest_size_male": "null",
		"metadata.model.breast_size_female": "92.0",
		"metadata.model.waist_size": "69",
		"metadata.model.hip_seize": "96",
		"metadata.model.back_length": "38",
		"metadata.model.shoulders_width": "41",
		"metadata.model.arm_length": "51",
		"metadata.model.weight": "53"
	},
	"metadata.clothes": {
		"metadata.clothes.type": "02top_02t-shirt",
		"metadata.clothes.season": "summer",
		"metadata.clothes.fiber_composition": "Cotton",
		"metadata.clothes.elasticity": "contain",
		"metadata.clothes.transparency": "none at all",
		"metadata.clothes.isfleece": "fleece_none",
		"metadata.clothes.color": "Black",
		"metadata.clothes.washing_method": "Hand Washing30",
		"metadata.clothes.bleach": "Do not chlorine bleach",
		"metadata.clothes.ironing": "Ironing 140~160℃ : Place a cloth between the iron and textile",
		"metadata.clothes.drycleaning": "none",
		"metadata.clothes.wringing": "none",
		"metadata.clothes.drying": "Line dry in shade",
		"metadata.clothes.top_length_type": "normal",
		"metadata.clothes.sleeve_length_type": "short sleeves",
		"metadata.clothes.topneck_color_design": "round neck",
		"metadata.clothes.topsleeve_design": "basic sleeve",
		"metadata.clothes.pants_silhouette": "null",
		"metadata.clothes.skirt_design": "null",
		"metadata.top.front_length": "65.0",
		"metadata.top.chest_size": "106.0",
		"metadata.top.waist_size": "108.0",
		"metadata.top.hem_size": "112.0",
		"metadata.top.shoulder_width": "52.0",
		"metadata.top.sleeve_length": "20.0",
		"metadata.top.sleeve_cuff_size": "38.0",
		"metadata.pants.pants_length": "null",
		"metadata.pants.waist_size": "null",
		"metadata.pants.hip_size": "null",
		"metadata.pants.front_rise_length": "null",
		"metadata.pants.back_rise_length": "null",
		"metadata.pants.inner_seam_length": "null",
		"metadata.pants.pants_waist_size": "null",
		"metadata.skirt.length": "null",
		"metadata.skirt.waist_size": "null",
		"metadata.skirt.hip_size": "null",
		"metadata.skirt.hem_size": "null",
		"metadata.dress.front_length": "null",
		"metadata.dress.chest_size": "null",
		"metadata.dress.waist_size": "null",
		"metadata.dress.hip_size": "null",
		"metadata.dress.hem_size": "null",
		"metadata.dress.shoulder_width": "null",
		"metadata.dress.sleeve_length": "null",
		"metadata.dress.cuff_size": "null",
		"metadata.jumpsuit.front_length": "null",
		"metadata.jumpsuit.inner_seam_length": "null",
		"metadata.jumpsuit.chest_size": "null",
		"metadata.jumpsuit.waist_size": "null",
		"metadata.jumpsuit.hip_size": "null",
		"metadata.jumpsuit.shoulder_width": "null",
		"metadata.jumpsuit.sleeve_length": "null",
		"metadata.jumpsuit.cuffs_size": "null",
		"metadata.jumpsuit.front_rise_length": "null",
		"metadata.jumpsuit.back_rise_length": "null",