{
	"dataset": {
		"dataset.id": 534491,
		"dataset.name": "01_sou_106899_534491_front_02top_02t-shirt_woman",
		"dataset.image_path": "./008.의류 통합 데이터(3-1)/원천데이터/상품/상의/t-shirt/01_sou_106899_534491_front_02top_02t-shirt_woman.jpg",
		"dataset.label_path": "./008.의류 통합 데이터(3-1)/라벨링데이터/상품/상의/t-shirt/01_sou_106899_534491_front_02top_02t-shirt_woman.json",
		"dataset.category": 6,
		"dataset.type": 1,
		"dataset.width": 4032,
		"dataset.height": 3024,
		"dataset.file_size": 1491880
	},
	"annotation": [
		{
			"annotation_type": "Polygon",
			"annotation_id": 186,
			"annotation_point_count": 284.0,
			"annotation_point": [
				1737.323007163548,
				749.9306508154295,
				1724.8201493674787,
				754.0982700807835,
				1713.9843392775547,
				758.2658893461412,
				1700.6479576284146,
				759.9329370522828,
				1688.1450998323453,
				759.9329370522828,
				1675.6422420362796,
				762.4335086114952,
				1666.4734796524972,
				761.5999847584244,
				1654.8041457094987,
				760.7664609053536,
				1643.1348117665038,
				762.4335086114952,
				1630.6319539704346,
				768.2681755829944,
				1619.7961438805105,
				773.2693187014229,
				1608.126809937512,
				779.9375095259893,
				1597.290999847588,
				787.4392242036301,
				1585.621665904593,
				794.1074150282002,
				1575.6193796677362,
				802.4426535589118,
				1564.7835695778122,
				811.6114159426943,
				1554.781283340959,
				819.9466544734059,
				1545.6125209571765,
				829.9489407102628,
				1533.943187014178,
				836.6171315348329,
				1521.4403292181123,
				839.9512269471161,
				1508.1039475689722,
				839.9512269471161,
				1494.7675659198321,
				839.9512269471161,
				1481.4311842706957,
				842.4517985063285,
				1468.9283264746264,
				846.6194177716861,
				1454.7584209724155,
				850.7870370370401,
				1443.9226108824914,
				855.7881801554686,
				1431.4197530864258,
				859.9557994208226,
				1419.7504191434273,
				866.6239902453926,
				1408.0810852004324,
				873.2921810699627,
				1396.411751257434,
				878.2933241883911,
				1384.742417314439,
				883.2944673068159,
				1371.406035665299,
				888.2956104252444,
				1359.7367017223041,
				894.1302773967436,
				1348.0673677793056,
				899.1314205151684,
				1335.56450998324,
				903.2990397805261,
				1323.8951760402415,
				909.1337067520253,
				1311.3923182441758,
				909.9672306050961,
				1299.7229843011773,
				915.8018975765917,
				1288.0536503581825,
				920.8030406950202,
				1276.384316415184,
				928.304755372661,
				1263.8814586191183,
				932.472374638015,
				1252.2121246761199,
				936.6399939033727,
				1239.7092668800542,
				940.8076131687267,
				1226.372885230914,
				942.4746608748719,
				1214.7035512879193,
				944.1417085810135,
				1201.3671696387792,
				948.3093278463675,
				1189.6978356957807,
				953.310470964796,
				1176.3614540466442,
				956.6445663770792,
				1164.6921201036457,
				960.8121856424368,
				1153.0227861606509,
				966.6468526139361,
				1141.3534522176524,
				970.8144718792901,
				1132.18468983387,
				976.6491388507893,
				1121.3488797439459,
				982.4838058222886,
				1109.6795458009474,
				986.6514250876426,
				1096.343164151811,
				989.9855204999294,
				1083.8403063557416,
				994.9866636183542,
				1072.1709724127468,
				1000.8213305898535,
				1060.5016384697483,
				1006.6559975613527,
				1051.3328760859658,
				1014.9912360920644,
				1040.4970659960418,
				1022.4929507697052,
				1031.3283036122593,
				1032.4952370065585,
				1020.4924935223316,
				1041.663999390341,
				1007.989635726266,
				1042.4975232434117,
				995.4867779301967,
				1044.1645709495533,
				981.3168724279894,
				1047.4986663618402,
				967.9804907788493,
				1051.6662856271942,
				954.6441091297092,
				1055.000381039481,
				942.9747751867144,
				1060.8350480109766,
				931.3054412437159,
				1066.6697149824759,
				917.9690595945794,
				1070.8373342478335,
				904.6326779454394,
				1074.1714296601167,
				892.9633440024445,
				1080.006096631616,
				882.1275339125168,
				1083.3401920438992,
				867.9576284103059,
				1085.8407636031152,
				854.6212467611695,
				1090.0083828684692,
				842.951912818171,
				1093.3424782807524,
				829.6155311690345,
				1096.6765736930392,
				818.7797210791068,
				1098.3436213991808,
				677.0806660570088,
				1150.022100289596,
				569.5560890108245,
				1190.8647690900834,
				411.1865569273032,
				1265.8819158664883,
				313.66426611797215,
				1317.5603947568998,
				246.14883401920815,
				1365.904778235028,
				218.6425468678608,
				1397.578684651733,
				202.8055936595083,
				1407.58097088859,
				201.13854595336306,
				1421.7508763907972,
				158.62882944673402,
				1448.4236396890774,
				91.11339734797002,
				1474.2628791342831,
				81.111328125,
				1477.59765625,
				91.94692120104082,
				1512.6049763755582,
				121.12025605853341,
				1599.2914570949579,
				127.78844688309982,
				1628.4647919524505,
				123.62082761774582,
				1648.4693644261606,
				136.95720926688227,
				1690.9790809327897,
				148.62654320988077,
				1700.981367169643,
				184.46806889193977,
				1690.9790809327897,
				276.15569272977154,
				1667.6404130467963,
				294.49321749733645,
				1667.6404130467963,
				396.1831275720215,
				1656.8046029568723,
				589.5606614845346,
				1639.3006020423745,
				626.2357110196644,
				1625.964220393238,
				728.7591449474203,
				1612.627838744098,
				906.299725651581,
				1576.786313062039,
				991.3191586648427,
				1541.7783112330471,
				1117.1812604785882,
				1492.600403901848,
				1195.53250266728,
				1458.4259259259306,
				1209.7024081694908,
				1460.926497485143,
				1227.206409083985,
				1473.4293552812123,
				1239.708984375,
				1485.931640625,
				1244.710409998479,
				1494.2674516079896,
				1236.3751714677674,
				1535.9436442615515,
				1240.542790733125,
				1625.964220393238,
				1236.3751714677674,
				1739.323464410918,
				1245.5439338515498,
				1847.6815653101694,
				1258.88031550069,
				2099.4057689376677,
				1281.3854595336124,
				2297.7844459686057,
				1298.0559365950357,
				2329.4583523853107,
				1320.5610806279583,
				2431.1482624599957,
				1325.562223746383,
				2460.3215973174847,
				1409.748132906574,
				2436.982929431495,
				1444.7561347355622,
				2436.1494055784206,
				1492.2669943606197,
				2427.814167047709,
				1571.4517604023822,
				2422.813023929284,
				1700.6479576284146,
				2414.4777853985725,
				1858.1839658588688,
				2411.9772138393564,
				2002.3835924401828,
				2413.6442615455016,
				2093.23769242494,
				2422.813023929284,
				2236.6037951531835,
				2428.6476909007833,
				2294.116941015094,
				2434.482357872279,
				2385.8045648529223,
				2450.3193110806315,
				2529.1706675811656,
				2484.493789056549,
				2634.194673068134,
				2522.835886297824,
				2670.0361987501965,
				2410.310166133215,
				2695.8754381954022,
				2337.7935909160224,
				2715.8800106691087,
				2241.9383478128366,
				2720.046875,
				2184.42578125,
				2727.5493446121072,
				2012.7192882182644,
				2728.382868465178,
				1842.6804221917446,
				2725.8822969059656,
				1794.3360387136163,
				2728.382868465178,
				1744.3246075293428,
				2722.548201493679,
				1695.9802240512145,
				2723.3817253467496,
				1664.3063176345095,
				2730.0499161713196,
				1610.9607910379564,
				2729.216392318249,
				1585.9550754458214,
				2720.0476299344664,
				1545.112406645334,
				2724.2152491998204,
				1522.6072626124114,
				2752.555060204242,
				1508.4373571102005,
				2835.073921658288,
				1515.1055479347706,
				2911.758116140838,
				1528.4419295839107,
				2937.5973555860437,
				1564.2834552659697,
				2954.267832647467,
				1575.9527892089645,
				3032.6190748361587,
				1603.4590763603155,
				3065.9600289590053,
				1607.6266956256695,
				3130.141365645486,
				1639.3006020423745,
				3277.6750876390834,
				1698.4807956104305,
				3361.0274729462035,
				1719.3188919372078,
				3523.5646242950825,
				1762.6621322969113,
