{
	"dataset": {
		"dataset.id": 500909,
		"dataset.name": "01_sou_100182_500909_wear_02top_02t-shirt_woman",
		"dataset.image_path": "./008.의류 통합 데이터(3-1)/원천데이터/상품/상의/t-shirt/01_sou_100182_500909_wear_02top_02t-shirt_woman.jpg",
		"dataset.label_path": "./008.의류 통합 데이터(3-1)/라벨링데이터/상품/상의/t-shirt/01_sou_100182_500909_wear_02top_02t-shirt_woman.json",
		"dataset.category": 6,
		"dataset.type": 1,
		"dataset.width": 2268,
		"dataset.height": 4032,
		"dataset.file_size": 390658
	},
	"annotation": [
		{
			"annotation_type": "Polygon",
			"annotation_id": 19,
			"annotation_point_count": 81.0,
			"annotation_point": [
				607.5604686318966,
				1627.181279919374,
				543.5881204333582,
				1778.0904090031072,
				620.6830015956984,
				1822.3789577559419,
				676.4537666918604,
				1842.0627572016456,
				730.5842151675479,
				1855.1852901654474,
				769.9518140589571,
				1861.7465566473493,
				789.6357421875,
				1863.38671875,
				841.9000000000015,
				1706.0,
				853.6079617031992,
				1730.5212270093216,
				845.4063786008228,
				1761.6872427983526,
				853.6083984375,
				1807.6162109375,
				822.4419459141682,
				1845.3433904425965,
				814.24036281179,
				1884.710989334004,
				791.2763671875,
				1940.4814453125,
				792.9162467456117,
				1970.0074535987223,
				806.0387797094136,
				2015.9363189720316,
				796.1968799865626,
				2053.6636012429663,
				809.3193359375,
				2111.07421875,
				802.7581464684627,
				2189.8098807424194,
				840.4854287393955,
				2216.054946670025,
				871.6514445284283,
				2224.2565297724013,
				911.0190434198357,
				2225.8968463928777,
				965.1494918955232,
				2222.616213151927,
				999.5961409255051,
				2222.616213151927,
				1045.5250062988143,
				2222.616213151927,
				1096.3748215335509,
				2212.774313429074,
				1152.1455866297129,
				2206.213046947174,
				1237.4420508944313,
				2193.0905139833703,
				1283.3709162677405,
				2193.0905139833703,
				1332.5804148820007,
				2188.169564121945,
				1421.15751238767,
				2178.327664399092,
				1445.762261694801,
				2173.4067145376666,
				1511.374926513814,
				2175.047031158141,
				1535.979675820945,
				2170.1260812967157,
				1598.3117073990088,
				2165.2051314352902,
				1613.074556983287,
				2152.0825984714866,
				1613.07421875,
				2035.6201171875,
				1601.5923406399597,
				1983.129986562526,
				1595.031074158058,
				1935.5608045687404,
				1578.6279079533033,
				1891.2722558159057,
				1549.1022087847468,
				1850.264340304022,
				1545.8215755437977,
				1830.5805408583183,
				1570.426324850927,
				1830.5805408583183,
				1608.1536071218597,
				1820.7386411354655,
				1649.1615226337435,
				1815.81769127404,
				1686.8888049046764,
				1807.6161081716637,
				1749.220703125,
				1784.6513671875,
				1815.5,
				1746.1000000000004,
				1727.5,
				1512.6000000000004,
				1691.8097547661037,
				1384.4144200890223,
				1668.845322079449,
				1340.1258713361876,
				1655.7227891156454,
				1318.8017552700094,
				1642.6002561518435,
				1297.4776392038293,
				1624.5567733266143,
				1272.8728898966983,
				1608.1536071218597,
				1253.1890904509946,
				1588.469807676156,
				1236.7859242462418,
				1567.1000000000004,
				1225.300000000001,
				1542.5,
				1213.800000000001,
				1519.6000000000004,
				1200.7000000000007,
				1498.251953125,
				1189.216796875,
				1399.0,
				1154.1000000000004,
				1352.2642143277062,
				1123.6040774334415,
				1309.615982195346,
				1121.963760812967,
				1260.406483581086,
				1115.402494331065,
				1202.9954018644494,
				1112.1218610901142,
				1143.9440035273365,
				1117.0428109515396,
				1088.1732384311745,
				1125.2443940539179,
				1043.8846896783398,
				1128.525027294867,
				1012.7186738893088,
				1133.4459771562942,
				980.9619140625,
				1138.2353515625,
				947.499685059207,
				1163.8246409674975,
				882.5431468883835,
				1185.4768203577714,
				855.0,
				1199.300000000001,
				827.4000000000015,
				1207.1000000000004,
				803.8079491055669,
				1226.8127991937508,
				774.3000000000011,
				1246.5,
				758.5352103804471,
				1264.212018140588,
				744.756550768454,
				1289.8009574200041,
				723.1043713781801,
				1311.453136810278,
				703.4205719324764,
				1342.9472159234047,
				687.673532375913,
				1364.5993953136804
			]
		}
	],
	"metadata.model": {
		"metadata.model.gender": "FEMALE",
		"metadata.model.age": "20대",
		"metadata.model.job": "sales work",
		"metadata.model.type": "wear",
		"metadata.model.usually_size": "XL",
		"metadata.model.body_height": "166",
		"metadata.model.waist_height": "95",
		"metadata.model.chest_size_male": "null",
		"metadata.model.breast_size_female": "115.0",
		"metadata.model.waist_size": "102",
		"metadata.model.hip_seize": "118",
		"metadata.model.back_length": "41",
		"metadata.model.shoulders_width": "40",
		"metadata.model.arm_length": "53",
		"metadata.model.weight": "98"
	},
	"metadata.clothes": {
		"metadata.clothes.type": "02top_02t-shirt",
		"metadata.clothes.season": "summer",
		"metadata.clothes.fiber_composition": "Polyester,Cotton,protein fiber Others,Polyurethane",
		"metadata.clothes.elasticity": "contain little",
		"metadata.clothes.transparency": "none at all",
		"metadata.clothes.isfleece": "fleece_none",
		"metadata.clothes.color": "Black",
		"metadata.clothes.washing_method": "Hand Washing30",
		"metadata.clothes.bleach": " Do not chlorine bleach",
		"metadata.clothes.ironing": "Ironing 180~210℃ : Place a cloth between the iron and textile",
		"metadata.clothes.drycleaning": "none",
		"metadata.clothes.wringing": "Do not wringing",
		"metadata.clothes.drying": "Drip dry in shade",
		"metadata.clothes.top_length_type": "normal",
		"metadata.clothes.sleeve_length_type": "long sleeves",
		"metadata.clothes.topneck_color_design": "round neck",
		"metadata.clothes.topsleeve_design": "basic sleeve",
		"metadata.clothes.pants_silhouette": "null",
		"metadata.clothes.skirt_design": "null",
		"metadata.top.front_length": "58.0",
		"metadata.top.chest_size": "108.0",
		"metadata.top.waist_size": "110.0",
		"metadata.top.hem_size": "110.0",
		"metadata.top.shoulder_width": "43.0",
		"metadata.top.sleeve_length": "30.0",
		"metadata.top.sleeve_cuff_size": "38.0",
		"metadata.pants.pants_length": "null",
		"metadata.pants.waist_size": "null",
		"metadata.pants.hip_size": "null",
		"metadata.pants.front_rise_length": "null",
		"metadata.pants.back_rise_length": "null",
		"metadata.pants.inner_seam_length": "null",
		"metadata.pants.pants_waist_size": "null",
		"metadata.skirt.length": "null",
		"metadata.skirt.waist_size": "null",
		"metadata.skirt.hip_size": "null",
		"metadata.skirt.hem_size": "null",
		"metadata.dress.front_length": "null",
		"metadata.dress.chest_size": "null",
		"metadata.dress.waist_size": "null",
		"metadata.dress.hip_size": "null",
		"metadata.dress.hem_size": "null",
		"metadata.dress.shoulder_width": "null",
		"metadata.dress.sleeve_length": "null",
		"metadata.dress.cuff_size": "null",
		"metadata.jumpsuit.front_length": "null",
		"metadata.jumpsuit.inner_seam_length": "null",
		"metadata.jumpsuit.chest_size": "null",
		"metadata.jumpsuit.waist_size": "null",
		"metadata.jumpsuit.hip_size": "null",
		"metadata.jumpsuit.shoulder_width": "null",
		"metadata.jumpsuit.sleeve_length": "null",
		"metadata.jumpsuit.cuffs_size": "null",
		"metadata.jumpsuit.front_rise_length": "null",
		"metadata.jumpsuit.back_rise_length": "null",
		"metadata.jumpsuit.pants_waist_size": "null"
	}
}