{
	"dataset": {
		"dataset.id": 222764,
		"dataset.name": "01_sou_044553_222764_wear_02top_02t-shirt_man",
		"dataset.image_path": "./008.의류 통합 데이터(3-1)/원천데이터/상품/상의/t-shirt/01_sou_044553_222764_wear_02top_02t-shirt_man.jpg",
		"dataset.label_path": "./008.의류 통합 데이터(3-1)/라벨링데이터/상품/상의/t-shirt/01_sou_044553_222764_wear_02top_02t-shirt_man.json",
		"dataset.category": 6,
		"dataset.type": 1,
		"dataset.width": 2268,
		"dataset.height": 4032,
		"dataset.file_size": 478237
	},
	"annotation": [
		{
			"annotation_type": "Polygon",
			"annotation_id": 164,
			"annotation_point_count": 114.0,
			"annotation_point": [
				1097.158203125,
				1666.1435546875,
				1072.0981355505155,
				1686.6473138466627,
				1060.707047908325,
				1695.760183960414,
				1049.3159602661362,
				1711.7077066594811,
				1039.0639813881644,
				1726.5161205943277,
				1027.6728937459757,
				1741.3245345291743,
				1015.1426973395664,
				1753.8547309355836,
				1008.3080447542525,
				1768.6631448704302,
				999.1951746404993,
				1785.749776333716,
				992.3605220551854,
				1801.6972990327813,
				987.8040869983106,
				1818.7839304960653,
				897.8000000000011,
				2021.5,
				791.9000000000015,
				2323.4000000000015,
				785.280832340959,
				2348.6988218120496,
				784.7314936236471,
				2357.4882412890493,
				782.5341387543976,
				2365.1789833314233,
				779.7874451678344,
				2374.517741525733,
				777.590090298585,
				2382.757822285419,
				773.195380560086,
				2390.997903045105,
				770.4486869735247,
				2397.5899676528534,
				773.744719277398,
				2406.928725847165,
				779.7874451678344,
				2412.9714517376015,
				786.9288484928966,
				2417.9155001934123,
				794.6195905352706,
				2422.3102099319112,
				802.3103325776428,
				2424.5075648011625,
				811.0997520546425,
				2425.0569035184744,
				852.3001558530723,
				2424.5075648011625,
				862.1882527646958,
				2389.899225610481,
				876.4710594148182,
				2371.221709221858,
				881.4151078706291,
				2364.6296446141096,
				891.3032047822526,
				2342.656095921615,
				918.2208019305599,
				2312.9918051867444,
				956.6745121424283,
				2254.761901151631,
				977.5493834002991,
				2223.4495942648227,
				1067.0,
				2026.0,
				1088.0,
				1947.0,
				1104.2000000000007,
				1978.7000000000007,
				1088.0,
				2085.0,
				1092.50390625,
				2202.34375,
				1086.1756213616554,
				2226.075433333579,
				1083.0114303499358,
				2302.807065367775,
				1080.6382870911457,
				2351.852026049426,
				1067.9814453125,
				2382.703125,
				1058.4889500091103,
				2406.434321001585,
				1060.8620932678987,
				2427.792610330691,
				1067.9815230442691,
				2426.210514824832,
				1076.6830483264966,
				2387.449174931269,
				1083.0114303499358,
				2375.5834586373203,
				1082.2203825970064,
				2398.523843472287,
				1077.474096079426,
				2439.65832662464,
				1134.429534290377,
				2438.076231118779,
				1252.2956494769242,
				2429.3747058365516,
				1355.1318573578064,
				2410.389559766234,
				1435.8187281566516,
				2396.1507002134967,
				1512.6000000000004,
				2382.800000000001,
				1578.800000000001,
				2354.6000000000004,
				1567.5940996655481,
				2326.2748153713565,
				1561.6612415185737,
				2317.7051313812844,
				1563.6388609008973,
				2307.817034469661,
				1562.3204479793476,
				2296.6105246364878,
				1561.6612415185737,
				2287.38163418564,
				1557.0467962931489,
				2278.1527437347904,
				1551.1139381461762,
				2269.5830597447166,
				1555.7283833715992,
				2246.5108336175963,
				1545.1810799992018,
				2227.393846255125,
				1542.5442541561024,
				2209.5952718142034,
				1553.7507639892756,
				2198.3887619810303,
				1550.4547316854005,
				2181.2493940008826,
				1549.13671875,
				2139.7197265625,
				1530.0,
				2052.0,
				1548.0,
				1943.0,
				1565.0,
				1963.0,
				1587.0,
				2029.0,
				1682.0,
				2187.0,
				1727.3232421875,
				2289.6171875,
				1751.58594738405,
				2322.577765803846,
				1774.9328428698263,
				2347.7557903473316,
				1774.4750606053985,
				2353.706959784882,
				1776.306189663108,
				2361.0314760157144,
				1782.2573591006585,
				2366.067080924411,
				1791.4130043891982,
				2371.5604680975357,
				1809.7242949662777,
				2407.2674847228427,
				1836.733448567471,
				2405.4363556651333,
				1866.4892957552256,
				2401.3163152852903,
				1885.258368596733,
				2395.8229281121676,
				1893.9562316208467,
				2388.9561941457614,
				1897.1607074718358,
				2376.5960730062325,
				1890.7517557698575,
				2354.622524313736,
				1829.7605091157202,
				2187.8678268670665,
				1707.8600503892285,
				1923.4996678379084,
				1638.4851624572802,
				1783.2469012434449,
				1632.9478281867723,
				1772.9632804553567,
				1626.6194461633331,
				1761.0975641614077,
				1620.291064139894,
				1750.8139433733213,
				1616.335825375245,
				1738.9482270793724,
				1610.7984911047351,
				1725.5004152795645,
				1602.0969658225076,
				1716.798889997337,
				1591.8133450344194,
				1706.5152692092488,
				1582.3207719992606,
				1697.02269617409,
				1572.0371512111724,
				1690.6943141506508,
				1564.1266736818743,
				1681.9927888684233,
				1553.0520051408566,
				1676.4554545979136,
				1543.5594321056979,
				1667.753929315686,
				1533.275390625,
				1662.216796875,
				1383.7677860138665,
				1587.8581062697704,
				1359.245305673041,
				1589.4402017756292,
				1347.3795893790939,
				1590.2312495285587,
				1331.558634320496,
				1590.2312495285587,
				1317.3197747677586,
				1590.2312495285587,
				1303.8719629679508,
				1590.2312495285587,
				1292.7972944269331,
				1590.2312495285587,
				1259.5732888038801,
				1589.4402017756292,
				1235.841856215984,
				1592.6043927873488,
				1215.2744140625,
				1598.1416015625
			]
		}
	],
	"metadata.model": {
		"metadata.model.gender": "MALE",
		"metadata.model.age": "30대",
		"metadata.model.job": "not employed",
		"metadata.model.type": "wear",
		"metadata.model.usually_size": "L",
		"metadata.model.body_height": "177",
		"metadata.model.waist_height": "104",
		"metadata.model.chest_size_male": "100.0",
		"metadata.model.breast_size_female": "null",
		"metadata.model.waist_size": "104",
		"metadata.model.hip_seize": "108",
		"metadata.model.back_length": "45",
		"metadata.model.shoulders_width": "49",
		"metadata.model.arm_length": "58",
		"metadata.model.weight": "93"
	},
	"metadata.clothes": {
		"metadata.clothes.type": "02top_02t-shirt",
		"metadata.clothes.season": "spring&fall",
		"metadata.clothes.fiber_composition": "Cotton",
		"metadata.clothes.elasticity": "none at all",
		"metadata.clothes.transparency": "none at all",
		"metadata.clothes.isfleece": "fleece_none",
		"metadata.clothes.color": "Blue",
		"metadata.clothes.washing_method": "Hand Washing30",
		"metadata.clothes.bleach": "Do not chlorine bleach",
		"metadata.clothes.ironing": "Ironing 140~160℃ : Place a cloth between the iron and textile",
		"metadata.clothes.drycleaning": "none",
		"metadata.clothes.wringing": "Do not wringing",
		"metadata.clothes.drying": "Do not tumble dry",
		"metadata.clothes.top_length_type": "normal",
		"metadata.clothes.sleeve_length_type": "long sleeves",
		"metadata.clothes.topneck_color_design": "round neck",
		"metadata.clothes.topsleeve_design": "basic sleeve",
		"metadata.clothes.pants_silhouette": "null",
		"metadata.clothes.skirt_design": "null",
		"metadata.top.front_length": "68.0",
		"metadata.top.chest_size": "116.0",
		"metadata.top.waist_size": "98.0",
		"metadata.top.hem_size": "102.0",
		"metadata.top.shoulder_width": "51.0",
		"metadata.top.sleeve_length": "58.0",
		"metadata.top.sleeve_cuff_size": "26.0",
		"metadata.pants.pants_length": "null",
		"metadata.pants.waist_size": "null",
		"metadata.pants.hip_size": "null",
		"metadata.pants.front_rise_length": "null",
		"metadata.pants.back_rise_length": "null",
		"metadata.pants.inner_seam_length": "null",
		"metadata.pants.pants_waist_size": "null",
		"metadata.skirt.length": "null",
		"metadata.skirt.waist_size": "null",