{
	"dataset": {
		"dataset.id": 448138,
		"dataset.name": "01_sou_089628_448138_wear_02top_02t-shirt_woman",
		"dataset.image_path": "./008.의류 통합 데이터(3-1)/원천데이터/상품/상의/t-shirt/01_sou_089628_448138_wear_02top_02t-shirt_woman.jpg",
		"dataset.label_path": "./008.의류 통합 데이터(3-1)/라벨링데이터/상품/상의/t-shirt/01_sou_089628_448138_wear_02top_02t-shirt_woman.json",
		"dataset.category": 6,
		"dataset.type": 1,
		"dataset.width": 2268,
		"dataset.height": 4032,
		"dataset.file_size": 960828
	},
	"annotation": [
		{
			"annotation_type": "Polygon",
			"annotation_id": 13,
			"annotation_point_count": 297.0,
			"annotation_point": [
				962.0859375,
				1163.107421875,
				948.0453149702607,
				1168.1410934922242,
				933.4746989150044,
				1173.7044196224124,
				919.4339234435738,
				1176.6185428334647,
				907.777430599368,
				1180.857267504085,
				898.7701406742999,
				1182.1818689636548,
				884.7293652028693,
				1188.0101153857577,
				868.5692273961286,
				1195.692803851256,
				855.8530533842677,
				1202.580731441014,
				844.9913214158041,
				1211.588021366082,
				836.5138720745617,
				1220.5953112911502,
				829.6259444848038,
				1229.867521508133,
				817.9164675822158,
				1248.7828303507758,
				807.7435283727264,
				1264.04223916501,
				786.7618412531556,
				1293.6073437425875,
				772.1382411395152,
				1317.1322656645298,
				758.7067823394882,
				1345.1343405198168,
				741.4869633650924,
				1385.1373045987948,
				734.0691951915069,
				1400.767601821708,
				729.5655502289719,
				1422.491065758637,
				710.9946377658162,
				1474.2829828277809,
				675.7337469120939,
				1561.2563146630728,
				674.356161394142,
				1568.568114719892,
				674.356161394142,
				1574.9791857842065,
				665.2164113231174,
				1598.3451555310003,
				623.9153378137598,
				1700.789832414057,
				611.3846080062376,
				1743.6274436165131,
				602.8011905482326,
				1785.8292461183773,
				603.1985709861019,
				1791.5515244237158,
				598.6154499359945,
				1798.7838483929609,
				588.3100505805487,
				1834.2831675094076,
				586.8000049166403,
				1842.654648733882,
				583.7269295304395,
				1852.5891596806487,
				573.2890700290372,
				1873.067498245584,
				567.3283634609779,
				1892.3007114385236,
				566.8779989647246,
				1904.195632545452,
				569.7391381173929,
				1915.931601477232,
				571.2226917521093,
				1920.6471826732977,
				571.6465642191724,
				1924.832923285534,
				569.8980902925414,
				1926.1575247451037,
				559.5132148495213,
				1926.3694609786344,
				549.7906401362852,
				1929.9193928902787,
				542.7437603713788,
				1934.9793704658314,
				539.6441929559878,
				1940.5162045668294,
				540.3064936857718,
				1948.675749557775,
				543.8299335682259,
				1957.9479597747559,
				547.0884531587653,
				1963.8026982260508,
				545.4989314072827,
				1969.8428808816843,
				543.5915053055032,
				1987.64552449829,
				531.8290443445312,
				1999.7258898095588,
				523.5635312368213,
				2009.2630203184544,
				521.0202964344498,
				2020.7075769291296,
				522.2919138356356,
				2025.1582378332805,
				527.3783834403803,
				2026.1119508841693,
				529.4712537464984,
				2028.4962335113942,
				531.6700921693828,
				2032.893910357163,
				531.9615044904895,
				2037.7949357575671,
				530.6369030309197,
				2043.8881024715847,
				514.7416855160936,
				2094.752798519028,
				508.64851880207607,
				2112.767378369166,
				507.32391734250814,
				2119.920226250837,
				509.70819996973114,
				2123.6291103376298,
				516.0662869756616,
				2127.3379944244225,
				547.5918017134009,
				2135.815443765663,
				596.0722151336213,
				2144.5578133988183,
				606.4041065182591,
				2148.5316177775258,
				609.8480703131372,
				2147.7368569017835,
				611.4375920646216,
				2143.4981322311633,
				609.3182297293097,
				2126.543233548682,
				609.1857695833532,
				2109.0584942823734,
				610.7752913348359,
				2099.521363773476,
				619.6766131431395,
				2080.129198405388,
				631.1211697538147,
				2061.0549373875965,
				632.5517393301488,
				2060.631064920535,
				639.5986190950553,
				2066.750723663743,
				652.632697457213,
				2072.8703824069507,
				668.2894867093164,
				2076.2878541726386,
				679.3366628821204,
				2075.5990614136626,
				690.8342035511778,
				2074.2744599540947,
				704.9000000000015,
				2070.1000000000004,
				715.763203020264,
				2062.564983051505,
				727.0,
				2051.7000000000007,
				738.5198560956578,
				2036.735254589912,
				758.7000000000007,
				2005.5,
				772.2707012854717,
				1985.2612418710669,
				791.3449623032648,
				1948.38433723667,
				800.5641884618635,
				1933.7607371230297,
				810.419223321056,
				1912.779050003459,
				813.9161711743182,
				1905.4672499466378,
				814.1000000000004,
				1912.5,
				811.5,
				1936.4000000000015,
				813.625,
				1972.677734375,
				815.4792008966087,
				1980.3602164706608,
				810.9755559340756,
				2003.1433615752467,
				808.5912733068508,
				2022.7474631768655,
				805.4122298038856,
				2045.7955285733642,
				807.8759885186828,
				2055.306167053068,
				812.6445537731324,
				2074.1155077789463,
				814.234075524615,
				2077.5594715738243,
				815.558676984183,
				2096.10389200779,
				816.3534378599252,
				2102.4619790137203,
				815.3000000000011,
				2106.5,
				815.8000000000011,
				2116.0,
				819.7974016548033,
				2119.946718280029,
				822.4466045739409,
				2121.5362400315116,
				828.2748509960438,
				2121.8011603234245,
				840.7000000000007,
				2199.7000000000007,
				842.275390625,
				2220.658203125,
				849.1420925495095,
				2228.668946400274,
				867.453383126589,
				2231.720828163121,
				914.3760652303572,
				2231.339342942765,
				971.0647689752332,
				2226.9904114307083,
				1038.9691381985722,
				2221.0773905151927,
				1097.6415650892995,
				2216.4614193488887,
				1131.0978189145062,
				2214.7447358572863,
				1179.6227389437681,
				2208.41208119938,
				1203.4274166939722,
				2203.834258555111,
				1267.0591514493244,
				2207.496516670526,
				1280.3348371177071,
				2205.2076053483906,
				1344.4243541374872,
				2211.158774785941,
				1380.207667806866,
				2213.9436168945394,
				1425.032181198676,
				2214.6302902911793,
				1440.5204811451222,
				2215.66030038614,
				1456.4284148339611,
				2212.379527491081,
				1465.1000000000004,
				2204.7000000000007,
				1463.9818221970054,
				2187.468542601844,
				1462.9518121020446,
				2157.9415865463034,
				1465.6000000000004,
				2150.800000000001,
				1467.3770406581734,
				2135.243215935132,
				1468.1400110988852,
				2118.1526780631903,
				1467.3770406581734,
				2114.1089347274174,
				1475.800000000001,
				2110.2000000000007,
				1477.867884217958,
				2105.0677350049846,
				1478.2493694383138,
				2096.9802483334406,
				1488.4000000000015,
				2081.0,
				1492.9365504220132,
				2055.283913748548,
				1487.4431632488904,
				2016.3724212722536,
				1470.0474372006647,
				1949.5362106659104,
				1465.0118322919661,
				1936.7183072619555,
				1463.5621884546144,
				1931.8734449634358,
				1464.8592382038241,
				1911.2350945421858,
				1466.9955554378175,
				1882.623703015499,
				1468.4070507531342,
				1848.1374390953315,
				1466.8811098717106,
				1842.415160789993,
				1466.30859375,
				1816.384765625,
				1469.1700211938423,
				1824.3327613451238,
				1483.7936213074827,
				1884.098779200871,
				1499.6570483872802,
				1938.110728316251,
				1506.5237823536845,
				1951.8441962490615,
				1516.124493732641,
				1966.022730272287,
				1523.9131503149056,
				1973.8113868545515,
				1542.224440891985,
				1981.6000434368161,
				1560.0906653786496,
				1988.9118434936372,
				1566.9573993450558,
				1988.9118434936372,
				1584.346767306275,
				1997.1455661663167,
				1591.2135012726794,
				1998.9894113980372,
				1605.3920352959049,
				2007.6682001611316,
				1617.3134484320253,
				2012.2460228054024,
				1613.1171110081104,
				2026.297395088508,
				1611.9726553470427,
				2035.4530403770477,
