{
	"dataset": {
		"dataset.id": 540244,
		"dataset.name": "01_sou_108049_540244_wear_02top_02t-shirt_woman",
		"dataset.image_path": "./008.의류 통합 데이터(3-1)/원천데이터/상품/상의/t-shirt/01_sou_108049_540244_wear_02top_02t-shirt_woman.jpg",
		"dataset.label_path": "./008.의류 통합 데이터(3-1)/라벨링데이터/상품/상의/t-shirt/01_sou_108049_540244_wear_02top_02t-shirt_woman.json",
		"dataset.category": 6,
		"dataset.type": 1,
		"dataset.width": 3024,
		"dataset.height": 4032,
		"dataset.file_size": 1175686
	},
	"annotation": [
		{
			"annotation_type": "Polygon",
			"annotation_id": 139,
			"annotation_point_count": 143.0,
			"annotation_point": [
				1473.4000000000015,
				1397.9000000000015,
				1469.6294751150763,
				1404.4942202334296,
				1462.700192680859,
				1408.2253723133927,
				1455.237888520931,
				1412.4895461190645,
				1447.242562635296,
				1414.0886112961925,
				1438.7142150239506,
				1416.7537199247363,
				1430.718889138314,
				1417.8197633761556,
				1422.723563252679,
				1419.4188285532819,
				1414.7282373670423,
				1421.01789373041,
				1406.7329114814074,
				1422.0839371818274,
				1398.204563870062,
				1423.1499806332467,
				1389.6762162587165,
				1421.01789373041,
				1381.6808903730816,
				1421.01789373041,
				1372.6195210360274,
				1421.01789373041,
				1364.6241951503907,
				1421.01789373041,
				1356.0958475390453,
				1423.1499806332467,
				1347.5674999277016,
				1424.749045810373,
				1339.572174042065,
				1426.348110987501,
				1331.0438264307195,
				1426.8811327132098,
				1323.5815222707934,
				1427.4141544389186,
				1315.5861963851567,
				1430.0792630674641,
				1308.6569139509393,
				1434.8764585988447,
				1303.2852394485162,
				1440.7234108066932,
				1297.3997912271461,
				1444.424950568562,
				1290.6259734629257,
				1453.3826767922837,
				1293.1060051033783,
				1464.191172896939,
				1299.8798228675969,
				1462.3404030160054,
				1325.4574626221092,
				1522.4904241463682,
				1336.1178971362897,
				1569.907148495904,
				1340.8558680314818,
				1642.5683740213808,
				1334.9334044124917,
				1642.5683740213808,
				1327.5302734375,
				1651.4521484375,
				1331.0,
				1709.0,
				1343.0,
				1766.0,
				1355.0,
				1788.0,
				1355.296314950483,
				1806.9256231437703,
				1356.415660574472,
				1813.215279507138,
				1356.415660574472,
				1813.215279507138,
				1360.8397408978562,
				1816.5200142065332,
				1361.90625,
				1798.716796875,
				1383.0,
				1837.0,
				1389.0,
				1867.0,
				1386.0,
				1942.0,
				1340.0,
				2070.0,
				1313.0,
				2118.0,
				1311.2000000000007,
				2164.9000000000015,
				1301.3456326132946,
				2191.2698221617156,
				1326.2199798130514,
				2206.3721043901387,
				1387.0732934981697,
				2231.69063636132,
				1443.0405746976212,
				2247.6812881325914,
				1517.2197265625,
				2268.5576171875,
				1550.9984495456902,
				2276.932089177464,
				1586.1630772834415,
				2276.0067042369974,
				1600.969236330915,
				2271.9967028283063,
				1622.5615516084818,
				2270.7628562410173,
				1650.3230998224954,
				2274.7728576497084,
				1653.408203125,
				2274.7724609375,
				1670.373106865949,
				2269.220548006906,
				1687.030035794356,
				2251.6382341380304,
				1690.731575556225,
				2242.384384733359,
				1691.6572265625,
				2238.6826171875,
				1697.0,
				2231.0,
				1724.8536029277184,
				2211.7171278062797,
				1748.5434574036772,
				2203.57374033017,
				1820.3533287839255,
				2182.1048097113326,
				1848.485030974125,
				2164.337418854364,
				1852.9267578125,
				2168.4091796875,
				1862.7000000000007,
				2152.4000000000015,
				1859.0,
				2141.0,
				1825.300000000001,
				2080.7000000000007,
				1815.1000000000004,
				2041.5,
				1803.540935185516,
				2029.00912516045,
				1806.6502285854858,
				2010.797549532057,
				1800.8759765625,
				2005.9111328125,
				1793.2950731246656,
				1997.9161911607553,
				1791.9255034127746,
				1971.3021202729215,
				1801.5495067936336,
				1962.0482708682503,
				1811.9878489221028,
				1942.985341094627,
				1813.8386188030363,
				1934.1016456661437,
				1800.1059062865043,
				1921.5164104757914,
				1796.4043665246354,
				1908.1908673330636,
				1800.1059062865043,
				1895.6056321427113,
				1800.846214238878,
				1856.5914030526183,
				1812.024864319721,
				1841.6741978122882,
				1814.6899729482666,
				1820.3533287839255,
				1826.9050541624329,
				1777.9706985105313,
				1825.2763766672106,
				1766.75503303207,
				1852.2606015312322,
				1664.222381628313,
				1863.3652208168369,
				1631.7968933143438,
				1870.472177159625,
				1591.3760791147397,
				1879.8000573595327,
				1537.1855370009853,
				1888.2395680165937,
				1495.8763532585326,
				1889.7201839213412,
				1458.0836322898558,
				1880.836488492856,
				1439.9460874567012,
				1875.6543328262396,
				1438.4654715519537,
				1869.7318692072513,
				1436.9848556472061,
				1864.919867516821,
				1435.1340857662708,
				1859.3675578740185,
				1432.1728539567775,
				1853.4450942550284,
				1431.4325460044038,
				1848.2629385884138,
				1431.8026999805898,
				1842.3404749694237,
				1433.2833158853373,
				1836.7881653266213,
				1435.1340857662708,
				1831.235855683819,
				1436.6147016710183,
				1825.6835460410148,
				1437.355009623392,
				1820.5013903744002,
				1436.2445476948324,
				1816.0595426601576,
				1432.1728539567775,
				1811.247540969729,
				1429.2116221472825,
				1805.6952313269248,
				1427.731006242535,
				1799.7727677079365,
				1427.731006242535,
				1793.8503040889464,
				1429.9519300996562,
				1788.297994446144,
				1430.69223805203,
				1782.7456848033416,
				1428.4713141949087,
				1777.5635291367253,
				1426.6205443139734,
				1772.011219493923,
				1425.8802363615996,
				1765.7186018987468,
				1425.1399284092277,
				1760.1662922559426,
				1423.65931250448,
				1755.354290565514,
				1420.3279267187972,
				1750.5422888750854,
				1417.3666949093022,
				1744.6198252560953,
				1415.1457710521827,
				1739.4376695894807,
				1412.5546932188736,
				1734.255859375,
				1412.1845703125,
				1724.9276337229549,
				1404.1151825618144,
				1713.5639066540189,
				1399.0440730880546,
				1706.753073492182,
				1391.640993564317,
				1701.2007638493778,
				1371.9117866335582,
				1696.9069777256118,
				1347.555655000464,
				1685.173096680488,
				1345.7048851195286,
				1677.140755397233,
				1339.8194368981585,
				1659.891580106927,
				1341.3740835981425,
				1644.7522824808839,
				1343.5209766600274,
				1628.095353552475,
				1337.6355284386555,
				1612.1047017812034,
				1329.6402025530206,
				1612.6599327454842,
				1358.4381819003574,
				1598.2609430718167,
				1411.1851235069826,
				1558.8025292102975,
				1414.9236786664696,
				1519.6402385297297,
				1423.6963279020983,
				1531.0779963939021,
				1407.8167223236815,
				1554.767850869861,
				1360.4370133717657,
				1559.9500065364773,
				1335.6366969672472,
				1532.5586122986497,
				1331.5650032291906,
				1517.0121452988024,
				1349.702548062347,
				1506.2776799893836,
				1354.1443957765896,
				1497.3935546875,
				1361.5478515625
			]
		}
	],
	"metadata.model": {
		"metadata.model.gender": "FEMALE",
		"metadata.model.age": "20대",
		"metadata.model.job": "office job",
		"metadata.model.type": "wear",
		"metadata.model.usually_size": "XS",
		"metadata.model.body_height": "155",
		"metadata.model.waist_height": "95",
		"metadata.model.chest_size_male": "null",
		"metadata.model.breast_size_female": "75.0",
		"metadata.model.waist_size": "73",
		"metadata.model.hip_seize": "87",
		"metadata.model.back_length": "43",
		"metadata.model.shoulders_width": "43",
		"metadata.model.arm_length": "51",
		"metadata.model.weight": "47"
	},
	"metadata.clothes": {
		"metadata.clothes.type": "02top_02t-shirt",
		"metadata.clothes.season": "summer",
		"metadata.clothes.fiber_composition": "Hemp",
		"metadata.clothes.elasticity": "none",
		"metadata.clothes.transparency": "contain little",
		"metadata.clothes.isfleece": "fleece_none",