{
	"dataset": {
		"dataset.id": 107030,
		"dataset.name": "01_sou_021406_107030_wear_02top_02t-shirt_man",
		"dataset.image_path": "./008.의류 통합 데이터(3-1)/원천데이터/상품/상의/t-shirt/01_sou_021406_107030_wear_02top_02t-shirt_man.jpg",
		"dataset.label_path": "./008.의류 통합 데이터(3-1)/라벨링데이터/상품/상의/t-shirt/01_sou_021406_107030_wear_02top_02t-shirt_man.json",
		"dataset.category": 6,
		"dataset.type": 1,
		"dataset.width": 810,
		"dataset.height": 1080,
		"dataset.file_size": 49218
	},
	"annotation": [
		{
			"annotation_type": "Polygon",
			"annotation_id": 90,
			"annotation_point_count": 95.0,
			"annotation_point": [
				282.9174813312238,
				410.6349662122957,
				272.4926020158273,
				444.4522576500476,
				267.91582573101914,
				458.43685185362847,
				268.42435642933015,
				459.7081785994087,
				276.7000000000007,
				465.5,
				280.42578125,
				468.916015625,
				283.3548177317698,
				472.94319855367576,
				284.45324404012354,
				464.8880722924132,
				292.8745124041725,
				467.0849249091207,
				297.26821763758744,
				469.28177752582997,
				306.42177020720555,
				469.64791962861455,
				320.7013122158078,
				472.5770564508912,
				330.5871489909932,
				476.2384774787388,
				328.39029637428575,
				482.82903532886303,
				324.40000000000146,
				488.3000000000011,
				333.0,
				540.0,
				333.0,
				555.0,
				325.7000000000007,
				598.6000000000004,
				322.166015625,
				646.1279296875,
				334.98085422441,
				649.4236920958901,
				351.0911067469351,
				652.7189710209514,
				365.37064875553733,
				653.8173973293069,
				381.1147591752797,
				654.5496815348761,
				400.5,
				653.3000000000011,
				412.96912211754534,
				650.8882605070285,
				420.29196417323874,
				646.8606973763981,
				424.3195273038709,
				645.0299868624734,
				430.91008515399517,
				643.9315605541196,
				436.4022166957657,
				642.4669921429813,
				452.5124692182908,
				642.1008500401967,
				478.87470061878776,
				642.4669921429813,
				493.52038473017456,
				641.3685658346276,
				498.0,
				638.5,
				499.0,
				622.7000000000007,
				498.8000000000011,
				611.7000000000007,
				498.5,
				568.7000000000007,
				499.37865837472964,
				519.8093877101146,
				499.7448004775142,
				482.09675112329205,
				504.138505710931,
				483.1951774316476,
				510.7290635610552,
				480.26604060936916,
				518.7841898223178,
				476.60461958152337,
				531.599609375,
				467.8173828125,
				544.2000000000007,
				462.40000000000146,
				539.0,
				446.0,
				522.9000000000015,
				393.2000000000007,
				506.91089522490984,
				340.82691746296223,
				506.1898881584366,
				337.9428891970729,
				504.90000000000146,
				335.8000000000011,
				503.30585989254723,
				333.2563432650022,
				502.22434929283736,
				330.55256676572935,
				500.42183162665606,
				328.2092937996931,
				498.79956572709307,
				325.8660208336587,
				497.3575515941484,
				323.52274786762246,
				495.5550339279671,
				321.1794749015862,
				493.03150919531254,
				319.5572090020232,
				490.6882362292781,
				317.7546913358419,
				488.16471149662357,
				316.6731807361339,
				485.64118676397084,
				315.4114183698075,
				483.478515625,
				313.9697265625,
				467.52429543246217,
				305.6162575810795,
				460.9337375823379,
				300.85641024487813,
				452.1463271155062,
				293.53356818918473,
				453.6108955266445,
				297.1949892170305,
				455.8077481433538,
				299.02569973095524,
				458.73688496563045,
				303.4194049643702,
				459.46875,
				307.447265625,
				458.0046007600613,
				313.67138384234204,
				454.3431797322137,
				317.6989469729724,
				448.118763984874,
				319.8957995896817,
				441.8943482375362,
				320.62808379525086,
				434.57150618184096,
				319.5296574868971,
				426.5163799205784,
				316.2343785618341,
				416.26440104260837,
				311.47453122563275,
				399.78800641729686,
				303.0532628615856,
				386.2407486142638,
				293.16742608640016,
				376.35491183907834,
				285.4784419279222,
				374.89034342794,
				285.84458403070676,
				370.1304960917387,
				289.50600505855255,
				366.3254477298906,
				289.36619170478843,
				360.34512671774064,
				294.97274265367923,
				354.73857576884984,
				297.2153630332359,
				349.13202481995904,
				299.4579834127908,
				344.27301399758835,
				302.0743738556066,
				339.0402331119567,
				305.0645343616816,
				333.4336821630677,
				308.4284649310157,
				327.8271312141769,
				311.7923955003498,
				323.7156605183227,
				315.5300961329431,
				319.97795988572943,
				320.01533689205644,
				316.6140293163953,
				324.87434771442713,
				313.2500987470612,
				329.73335853679964,
				310.25993824098623,
				334.9661394224295,
				307.6435477981704,
				339.825150244802,
				303.532077102318,
				343.9366209406544,
				301.2894567227613,
				349.91694195280434,
				299.4208984375,
				356.271484375
			]
		}
	],
	"metadata.model": {
		"metadata.model.gender": "MALE",
		"metadata.model.age": "20대",
		"metadata.model.job": "entertainment and sports",
		"metadata.model.type": "wear",
		"metadata.model.usually_size": "L",
		"metadata.model.body_height": "175",
		"metadata.model.waist_height": "102",
		"metadata.model.chest_size_male": "90.0",
		"metadata.model.breast_size_female": "null",
		"metadata.model.waist_size": "78",
		"metadata.model.hip_seize": "94",
		"metadata.model.back_length": "40",
		"metadata.model.shoulders_width": "42",
		"metadata.model.arm_length": "56",
		"metadata.model.weight": "66"
	},
	"metadata.clothes": {
		"metadata.clothes.type": "02top_02t-shirt",
		"metadata.clothes.season": "summer",
		"metadata.clothes.fiber_composition": "Cotton",
		"metadata.clothes.elasticity": "none",
		"metadata.clothes.transparency": "contain",
		"metadata.clothes.isfleece": "fleece_none",
		"metadata.clothes.color": "White",
		"metadata.clothes.washing_method": "Hand Washing30",
		"metadata.clothes.bleach": "none",
		"metadata.clothes.ironing": "Ironing 80~120℃",
		"metadata.clothes.drycleaning": "none",
		"metadata.clothes.wringing": "Do not wringing",
		"metadata.clothes.drying": "Drip dry",
		"metadata.clothes.top_length_type": "long",
		"metadata.clothes.sleeve_length_type": "long sleeves",
		"metadata.clothes.topneck_color_design": "round neck",
		"metadata.clothes.topsleeve_design": "basic sleeve",
		"metadata.clothes.pants_silhouette": "null",
		"metadata.clothes.skirt_design": "null",
		"metadata.top.front_length": "72.0",
		"metadata.top.chest_size": "112.0",
		"metadata.top.waist_size": "112.0",
		"metadata.top.hem_size": "112.0",
		"metadata.top.shoulder_width": "58.0",
		"metadata.top.sleeve_length": "21.0",
		"metadata.top.sleeve_cuff_size": "38.0",
		"metadata.pants.pants_length": "null",
		"metadata.pants.waist_size": "null",
		"metadata.pants.hip_size": "null",
		"metadata.pants.front_rise_length": "null",
		"metadata.pants.back_rise_length": "null",
		"metadata.pants.inner_seam_length": "null",
		"metadata.pants.pants_waist_size": "null",
		"metadata.skirt.length": "null",
		"metadata.skirt.waist_size": "null",
		"metadata.skirt.hip_size": "null",
		"metadata.skirt.hem_size": "null",
		"metadata.dress.front_length": "null",
		"metadata.dress.chest_size": "null",
		"metadata.dress.waist_size": "null",
		"metadata.dress.hip_size": "null",
		"metadata.dress.hem_size": "null",
		"metadata.dress.shoulder_width": "null",
		"metadata.dress.sleeve_length": "null",
		"metadata.dress.cuff_size": "null",
		"metadata.jumpsuit.front_length": "null",
		"metadata.jumpsuit.inner_seam_length": "null",
		"metadata.jumpsuit.chest_size": "null",
		"metadata.jumpsuit.waist_size": "null",
		"metadata.jumpsuit.hip_size": "null",
		"metadata.jumpsuit.shoulder_width": "null",
		"metadata.jumpsuit.sleeve_length": "null",
		"metadata.jumpsuit.cuffs_size": "null",
		"metadata.jumpsuit.front_rise_length": "null",
		"metadata.jumpsuit.back_rise_length": "null",
		"metadata.jumpsuit.pants_waist_size": "null"
	}
}