{
	"dataset": {
		"dataset.id": 38493,
		"dataset.name": "01_sou_007699_038493_wear_02top_02t-shirt_woman",
		"dataset.image_path": "./008.의류 통합 데이터(3-1)/원천데이터/상품/상의/t-shirt/01_sou_007699_038493_wear_02top_02t-shirt_woman.jpg",
		"dataset.label_path": "./008.의류 통합 데이터(3-1)/라벨링데이터/상품/상의/t-shirt/01_sou_007699_038493_wear_02top_02t-shirt_woman.json",
		"dataset.category": 6,
		"dataset.type": 1,
		"dataset.width": 607,
		"dataset.height": 1080,
		"dataset.file_size": 57592
	},
	"annotation": [
		{
			"annotation_type": "Polygon",
			"annotation_id": 199,
			"annotation_point_count": 120.0,
			"annotation_point": [
				215.97265625,
				364.8779296875,
				213.3207104084122,
				366.3055987567441,
				210.87262578355512,
				368.3456692774562,
				209.03656231491368,
				370.5897468502426,
				206.79248474212727,
				373.445845579241,
				204.95642127348583,
				376.5059513603119,
				203.32436485691505,
				379.3620500893121,
				202.50833664862876,
				380.58609240173973,
				201.08028728412864,
				383.2381840786675,
				199.44823086755787,
				385.8902757555952,
				187.81982889948995,
				401.5988187650928,
				172.31529294206484,
				422.61154512844587,
				147.40000000000146,
				487.90000000000146,
				130.0,
				546.0,
				110.0,
				566.0,
				111.0,
				585.0,
				106.0,
				597.0,
				101.201171875,
				603.51171875,
				108.52418042283534,
				608.2715365136391,
				117.31159088966888,
				613.3975259526269,
				125.73285925371601,
				617.0589469804727,
				126.0990013565006,
				619.2557995971802,
				133.05570130940941,
				608.6376786164255,
				136.7171223372552,
				596.9211313273154,
				142.5753959818103,
				598.0195576356709,
				153.19351696256672,
				595.4565629161771,
				160.15021691547554,
				589.2321471688374,
				166.74077476559978,
				581.1770209075767,
				177.72503784913897,
				579.346310393652,
				191.27229565217203,
				558.8423526377082,
				195.29985878280422,
				550.7872263764475,
				191.6384377549566,
				572.0234683379604,
				190.54001144660288,
				592.1612839911177,
				190.1738693438183,
				606.8069681025008,
				190.90615354938745,
				611.5668154387022,
				195.0,
				620.0,
				192.70000000000073,
				642.0,
				198.9609375,
				645.984375,
				206.28412186634523,
				648.9133099227402,
				223.49280069722408,
				651.4763046422304,
				239.6030532197492,
				651.1101625394476,
				261.9377214896158,
				652.574730950586,
				284.2723897594806,
				652.9408730533723,
				303.6779212070687,
				652.574730950586,
				327.4771578880718,
				652.574730950586,
				346.88268933565996,
				652.574730950586,
				364.4575102693252,
				650.7440204366649,
				378.37091017514285,
				651.1101625394476,
				388.6228890531129,
				648.9133099227402,
				394.1150205948834,
				645.6180309976771,
				393.7488784920988,
				639.0274731475511,
				394.1150205948834,
				619.6219416999666,
				395.2134469032371,
				581.9093051131422,
				392.6504521837451,
				562.5037736655577,
				388.6228890531129,
				532.1139791344285,
				385.3276101280517,
				511.9761634812712,
				395.0,
				522.0,
				398.0,
				542.0,
				406.0,
				562.0,
				434.7568359375,
				589.96484375,
				437.31978872347463,
				593.625852402256,
				442.44577816246056,
				596.9211313273154,
				448.6701939098002,
				599.1179839440229,
				452.3316149376478,
				600.9486944579476,
				463.6820201239716,
				614.8620943637652,
				468.8080095629575,
				611.5668154387022,
				477.22927792700466,
				606.0746838969353,
				486.3828304966228,
				599.1179839440229,
				478.693359375,
				584.47265625,
				479.0599884409294,
				579.7124524964383,
				477.9615621325738,
				575.3187472630198,
				474.6662832075126,
				564.7006262822651,
				469.5402937685267,
				551.8856526848031,
				466.24501484346547,
				546.7596632458153,
				461.11902540447954,
				546.7596632458153,
				460.75288330169496,
				539.0706790873373,
				449.0363360125848,
				500.9919003977302,
				448.6701939098002,
				496.2320530615307,
				443.9103465735989,
				487.07850049191256,
				439.5166413401839,
				472.79895848331034,
				409.0,
				408.0,
				391.8271484375,
				380.7900390625,
				389.99081750223013,
				378.34201482895514,
				387.74673992944554,
				376.09793725616873,
				385.0946482525178,
				374.0578667354566,
				382.6465636276607,
				372.0177962147427,
				380.6064931069468,
				369.7737186419563,
				378.3624155341622,
				367.73364812124237,
				375.71032385723447,
				365.4895705484578,
				374.8942956489482,
				364.6735423401715,
				360.4296875,
				357.4638671875,
				356.0362419052781,
				347.94450143373615,
				350.91025246629215,
				340.98780148082733,
				350.54411036350757,
				337.3263804529797,
				347.24883143844454,
				335.12952783627225,
				338.09527886882825,
				334.76338573348767,
				335.166015625,
				335.861328125,
				328.57558419642555,
				333.29881732234935,
				328.94172629921195,
				336.227954144626,
				328.209442093641,
				343.1846540975348,
				324.1818789630106,
				346.8460751253824,
				315.3944684961789,
				350.8736382560128,
				310.63462115997754,
				353.0704908727221,
				298.1857896652982,
				357.464196106137,
				291.2290897123894,
				358.92876451727534,
				286.46924237618805,
				355.63348559221413,
				281.34325293720394,
				353.0704908727221,
				275.48497929264886,
				346.8460751253824,
				274.3865529842951,
				343.1846540975348,
				274.7526950870797,
				339.523233069689,
				276.5834056010026,
				335.4956699390568,
				276.5834056010026,
				328.1728278833634,
				275.48497929264886,
				327.0744015750097,
				262.3038635924004,
				332.5665331167802,
				260.83929518126206,
				335.4956699390568,
				251.3193359375,
				336.59375,
				247.65817948101358,
				339.8893751724736,
				242.53219004202765,
				350.8736382560128,
				236.67391639747257,
				354.1689171810758,
				230.4495006501329,
				360.0271908256309
			]
		}
	],
	"metadata.model": {
		"metadata.model.gender": "FEMALE",
		"metadata.model.age": "50대 이상",
		"metadata.model.job": "homemaker",
		"metadata.model.type": "wear",
		"metadata.model.usually_size": "XL",
		"metadata.model.body_height": "162",
		"metadata.model.waist_height": "101",
		"metadata.model.chest_size_male": "null",
		"metadata.model.breast_size_female": "94.0",
		"metadata.model.waist_size": "86",
		"metadata.model.hip_seize": "102",
		"metadata.model.back_length": "46",
		"metadata.model.shoulders_width": "43",
		"metadata.model.arm_length": "54",
		"metadata.model.weight": "66"
	},
	"metadata.clothes": {
		"metadata.clothes.type": "02top_02t-shirt",
		"metadata.clothes.season": "winter",
		"metadata.clothes.fiber_composition": "Cotton",
		"metadata.clothes.elasticity": "none at all",
		"metadata.clothes.transparency": "none at all",
		"metadata.clothes.isfleece": "fleece_none",
		"metadata.clothes.color": "Gray,Red",
		"metadata.clothes.washing_method": "none",
		"metadata.clothes.bleach": "none",
		"metadata.clothes.ironing": "none",
		"metadata.clothes.drycleaning": "none",
		"metadata.clothes.wringing": "none",
		"metadata.clothes.drying": "none",
		"metadata.clothes.top_length_type": "normal",
		"metadata.clothes.sleeve_length_type": "long sleeves",
		"metadata.clothes.topneck_color_design": "hood",
		"metadata.clothes.topsleeve_design": "ribbed sleeve",
		"metadata.clothes.pants_silhouette": "null",
		"metadata.clothes.skirt_design": "null",
		"metadata.top.front_length": "59.0",
		"metadata.top.chest_size": "120.0",
		"metadata.top.waist_size": "118.0",
		"metadata.top.hem_size": "110.0",
		"metadata.top.shoulder_width": "58.0",
		"metadata.top.sleeve_length": "50.0",
		"metadata.top.sleeve_cuff_size": "20.0",
		"metadata.pants.pants_length": "null",
		"metadata.pants.waist_size": "null",
		"metadata.pants.hip_size": "null",
		"metadata.pants.front_rise_length": "null",
		"metadata.pants.back_rise_length": "null",
		"metadata.pants.inner_seam_length": "null",
		"metadata.pants.pants_waist_size": "null",
		"metadata.skirt.length": "null",