{
	"dataset": {
		"dataset.id": 92390,
		"dataset.name": "01_sou_018478_092390_wear_02top_02t-shirt_woman",
		"dataset.image_path": "./008.의류 통합 데이터(3-1)/원천데이터/상품/상의/t-shirt/01_sou_018478_092390_wear_02top_02t-shirt_woman.jpg",
		"dataset.label_path": "./008.의류 통합 데이터(3-1)/라벨링데이터/상품/상의/t-shirt/01_sou_018478_092390_wear_02top_02t-shirt_woman.json",
		"dataset.category": 6,
		"dataset.type": 1,
		"dataset.width": 607,
		"dataset.height": 1080,
		"dataset.file_size": 47089
	},
	"annotation": [
		{
			"annotation_type": "Polygon",
			"annotation_id": 172,
			"annotation_point_count": 83.0,
			"annotation_point": [
				226.0,
				481.0,
				206.0,
				580.0,
				199.0,
				649.0,
				200.0,
				717.0,
				202.0,
				724.1000000000022,
				202.90000000000146,
				746.0,
				205.90000000000146,
				749.9000000000015,
				224.10000000000036,
				749.2999999999993,
				229.40000000000146,
				743.2999999999993,
				228.0,
				721.0,
				245.10000000000036,
				678.4000000000015,
				248.70000000000073,
				660.7000000000007,
				250.70000000000073,
				658.4000000000015,
				249.8000000000011,
				686.2000000000007,
				252.65234375,
				709.05078125,
				258.36773734531926,
				713.9089953861621,
				299.5156116132166,
				711.9087514981402,
				345.8069701646018,
				708.194012848955,
				353.8079457166914,
				706.7652672146542,
				376.66787586552346,
				706.1937689609331,
				383.81160403703325,
				703.050528565469,
				396.38456561889143,
				702.1932811848856,
				399.242056887495,
				699.0500407894215,
				401.813799029238,
				699.0500407894215,
				417.24425187969973,
				695.3353021402363,
				420.0,
				699.0,
				421.7000000000007,
				708.6000000000022,
				425.7000000000007,
				711.7000000000007,
				448.3000000000011,
				710.4000000000015,
				451.7000000000007,
				704.6000000000022,
				448.3000000000011,
				690.7000000000007,
				445.90000000000146,
				642.2999999999993,
				443.0,
				624.0,
				419.0,
				498.0,
				417.0,
				451.3000000000011,
				405.74609375,
				422.650390625,
				404.71701015814506,
				413.3923536496277,
				400.60222273135514,
				401.04799136925794,
				394.7729405434038,
				386.64623537549414,
				390.7000000000007,
				380.40000000000146,
				385.90000000000146,
				376.7000000000007,
				378.10000000000036,
				373.8000000000011,
				375.5705992183848,
				371.2157825250324,
				367.10000000000036,
				365.7000000000007,
				361.51174217685366,
				365.04360138484844,
				359.79724741569044,
				360.9288139580585,
				355.0,
				362.0,
				361.0,
				369.0,
				358.42578125,
				372.244140625,
				358.42578125,
				372.244140625,
				358.4256516067617,
				371.9015804294977,
				351.2247736098798,
				373.2731762384283,
				345.39549142192664,
				372.93027728619563,
				339.5662092339753,
				371.2157825250324,
				332.70823018932606,
				369.84418671610183,
				322.07836267011953,
				364.35780348038315,
				316.90000000000146,
				359.90000000000146,
				308.70530353305185,
				355.7853296745707,
				303.2000000000007,
				358.2000000000007,
				302.2000000000007,
				358.90000000000146,
				295.7000000000007,
				352.7000000000007,
				290.0,
				350.0,
				283.9423828125,
				354.8662109375,
				283.9423828125,
				354.8662109375,
				274.30506596396845,
				358.3261049776411,
				270.8453761222281,
				359.31458778956767,
				266.8914448745254,
				361.04443271043783,
				262.9375136268245,
				363.2685190372704,
				260.46630659701077,
				365.7397260670841,
				258.7364616761406,
				369.19941590882263,
				257.00661675527044,
				371.67062293863637,
				254.2882890224755,
				376.11879559230147,
				253.29980621054892,
				380.31984754298537,
				251.81708199266177,
				384.0266580877069,
				250.82859918073518,
				387.9805893354096,
				248.85163355688383,
				391.4402791771481,
				246.8746679330343,
				395.14708972186963,
				245.39194371514532,
				398.60677956360814,
				243.66209879427515,
				402.56071081131086,
				242.67361598235038,
				406.51464205901357,
				241.932253873405,
				411.45705611864105,
				241.932253873405,
				416.39947017826853,
				238.96680543762886,
				434.4392814959101
			]
		}
	],
	"metadata.model": {
		"metadata.model.gender": "FEMALE",
		"metadata.model.age": "20대",
		"metadata.model.job": "service job",
		"metadata.model.type": "wear",
		"metadata.model.usually_size": "M",
		"metadata.model.body_height": "160",
		"metadata.model.waist_height": "95",
		"metadata.model.chest_size_male": "null",
		"metadata.model.breast_size_female": "80.0",
		"metadata.model.waist_size": "76",
		"metadata.model.hip_seize": "100",
		"metadata.model.back_length": "41",
		"metadata.model.shoulders_width": "40",
		"metadata.model.arm_length": "51",
		"metadata.model.weight": "60"
	},
	"metadata.clothes": {
		"metadata.clothes.type": "02top_02t-shirt",
		"metadata.clothes.season": "spring&fall",
		"metadata.clothes.fiber_composition": "Cotton",
		"metadata.clothes.elasticity": "contain",
		"metadata.clothes.transparency": "none at all",
		"metadata.clothes.isfleece": "fleece_none",
		"metadata.clothes.color": "Gray",
		"metadata.clothes.washing_method": "none",
		"metadata.clothes.bleach": "none",
		"metadata.clothes.ironing": "none",
		"metadata.clothes.drycleaning": "none",
		"metadata.clothes.wringing": "none",
		"metadata.clothes.drying": "none",
		"metadata.clothes.top_length_type": "long",
		"metadata.clothes.sleeve_length_type": "long sleeves",
		"metadata.clothes.topneck_color_design": "round neck",
		"metadata.clothes.topsleeve_design": "ribbed sleeve",
		"metadata.clothes.pants_silhouette": "null",
		"metadata.clothes.skirt_design": "null",
		"metadata.top.front_length": "75.0",
		"metadata.top.chest_size": "104.0",
		"metadata.top.waist_size": "100.0",
		"metadata.top.hem_size": "100.0",
		"metadata.top.shoulder_width": "47.0",
		"metadata.top.sleeve_length": "62.0",
		"metadata.top.sleeve_cuff_size": "18.0",
		"metadata.pants.pants_length": "null",
		"metadata.pants.waist_size": "null",
		"metadata.pants.hip_size": "null",
		"metadata.pants.front_rise_length": "null",
		"metadata.pants.back_rise_length": "null",
		"metadata.pants.inner_seam_length": "null",
		"metadata.pants.pants_waist_size": "null",
		"metadata.skirt.length": "null",
		"metadata.skirt.waist_size": "null",
		"metadata.skirt.hip_size": "null",
		"metadata.skirt.hem_size": "null",
		"metadata.dress.front_length": "null",
		"metadata.dress.chest_size": "null",
		"metadata.dress.waist_size": "null",
		"metadata.dress.hip_size": "null",
		"metadata.dress.hem_size": "null",
		"metadata.dress.shoulder_width": "null",
		"metadata.dress.sleeve_length": "null",
		"metadata.dress.cuff_size": "null",
		"metadata.jumpsuit.front_length": "null",
		"metadata.jumpsuit.inner_seam_length": "null",
		"metadata.jumpsuit.chest_size": "null",
		"metadata.jumpsuit.waist_size": "null",
		"metadata.jumpsuit.hip_size": "null",
		"metadata.jumpsuit.shoulder_width": "null",
		"metadata.jumpsuit.sleeve_length": "null",
		"metadata.jumpsuit.cuffs_size": "null",
		"metadata.jumpsuit.front_rise_length": "null",
		"metadata.jumpsuit.back_rise_length": "null",
		"metadata.jumpsuit.pants_waist_size": "null"
	}
}