{
	"dataset": {
		"dataset.id": 227405,
		"dataset.name": "01_sou_045481_227405_wear_02top_02t-shirt_woman",
		"dataset.image_path": "./008.의류 통합 데이터(3-1)/원천데이터/상품/상의/t-shirt/01_sou_045481_227405_wear_02top_02t-shirt_woman.jpg",
		"dataset.label_path": "./008.의류 통합 데이터(3-1)/라벨링데이터/상품/상의/t-shirt/01_sou_045481_227405_wear_02top_02t-shirt_woman.json",
		"dataset.category": 6,
		"dataset.type": 1,
		"dataset.width": 3024,
		"dataset.height": 4032,
		"dataset.file_size": 884950
	},
	"annotation": [
		{
			"annotation_type": "Polygon",
			"annotation_id": 193,
			"annotation_point_count": 222.0,
			"annotation_point": [
				1653.642578125,
				2305.318359375,
				1636.094734683582,
				2315.3016055661355,
				1618.244754557938,
				2319.5371940705263,
				1514.1702941643562,
				2327.7058290432797,
				1493.8999777504869,
				2334.059211799864,
				1408.46210677622,
				2337.084632160142,
				1408.2200731473968,
				2337.084632160142,
				1404.196264068225,
				2336.812344327718,
				1400.4144886178765,
				2336.3282770700716,
				1396.6327131675316,
				2336.0559892376477,
				1392.0945826271127,
				2336.0559892376477,
				1388.3128071767642,
				2335.8139556088245,
				1384.0167102651685,
				2335.8139556088245,
				1379.9929011859967,
				2335.2996341475773,
				1376.2111257356482,
				2335.0576005187577,
				1372.4293502852997,
				2334.8155668899344,
				1368.3752870025273,
				2334.8155668899344,
				1364.5935115521788,
				2334.059211799864,
				1360.8117361018303,
				2333.78692396744,
				1356.2736055614114,
				2333.3028567097936,
				1352.2497964822433,
				2333.3028567097936,
				1347.469632313001,
				2333.3028567097936,
				1343.4155690302287,
				2333.0305688773697,
				1339.6337935798801,
				2332.7885352485464,
				1335.3679508718888,
				2332.7885352485464,
				1331.3138875891127,
				2332.7885352485464,
				1327.0480448811213,
				2332.7885352485464,
				1322.993981598349,
				2332.7885352485464,
				1318.9701725191771,
				2332.7885352485464,
				1314.9463634400054,
				2332.7885352485464,
				1310.6502665284097,
				2332.7885352485464,
				1306.8684910780612,
				2332.5465016197268,
				1303.0867156277163,
				2332.2742137872992,
				1298.7906187161207,
				2331.7901465296563,
				1295.0088432657722,
				2331.275825068409,
				1290.9850341866004,
				2331.033791439586,
				1286.6889372750047,
				2330.5194699783387,
				1282.9071618246562,
				2330.0051485170916,
				1278.6413191166648,
				2329.7631148882683,
				1274.8595436663163,
				2329.006759798198,
				1271.0777682159678,
				2328.7647261693783,
				1267.0237049331918,
				2328.250404708131,
				1262.9998958540236,
				2327.7360832468803,
				1258.703798942428,
				2327.2520159892374,
				1254.9220234920795,
				2326.223373066743,
				1251.140248041731,
				2325.2249843478494,
				1247.3584725913825,
				2324.710662886602,
				1243.576697141034,
				2323.9543077965354,
				1239.7949216906854,
				2323.197952706465,
				1236.013146240337,
				2322.4415976163946,
				1232.2313707899884,
				2321.443208897501,
				1228.44959533964,
				2320.686853807434,
				1224.6678198892914,
				2320.444820178611,
				1220.886044438943,
				2319.9304987173637,
				1216.8622353597748,
				2319.6884650885404,
				1212.838426280603,
				2318.93210999847,
				1209.0566508302545,
				2318.175754908403,
				1166.246952732312,
				2301.6569597412818,
				1115.5409074940435,
				2280.7513050517555,
				1052.793689221864,
				2257.2135346487885,
				1046.016747614838,
				2252.5241330903555,
				1042.355988978903,
				2237.881098546608,
				1046.5310690760853,
				2211.22714517255,
				1058.5722421099963,
				2140.099512502402,
				1053.3382648867118,
				2104.036501807881,
				1066.4080808431172,
				2019.354985923681,
				1067.0131649151735,
				1903.0578272745697,
				1074.5464616122663,
				1816.470296563395,
				1073.7901065221959,
				1772.8134807645765,
				1081.3234032192922,
				1691.5204356838876,
				1015.0666973291882,
				1756.2644313938508,
				1008.2897557221659,
				1771.3007705844357,
				991.7407063514402,
				1806.6981887996953,
				976.6741129572547,
				1824.7599483505583,
				942.0633040356661,
				1853.3804249587956,
				921.7324792145919,
				1874.437350666336,
				899.8889442133805,
				1887.9912338803842,
				884.0962499327252,
				1915.8553553985475,
				847.9424766273987,
				1938.4249912862288,
				828.368006896395,
				1956.5170050406923,
				802.0165955583689,
				1964.7764026242548,
				792.6075382379022,
				1959.7844590297937,
				780.8386530364187,
				1978.0882522094798,
				754.2452080695693,
				1992.9128119748457,
				728.5593892108009,
				1994.6373015802055,
				709.3782241266344,
				1992.0354400703654,
				678.8819868950268,
				1974.1552057411172,
				668.4442866520658,
				1964.5948774026365,
				665.3886120881834,
				1954.1269229560748,
				680.6367307039873,
				1928.4108498937057,
				692.4056159054708,
				1897.0674949612185,
				713.311270594997,
				1863.9391420161664,
				726.3810865514024,
				1856.9806751875258,
				736.8187867943634,
				1839.9778127627615,
				739.8744613582458,
				1829.9636713702384,
				748.1641131454089,
				1824.306135296516,
				757.300882633448,
				1800.768364893549,
				763.8357906116507,
				1792.932526160428,
				775.1811169626963,
				1788.1523619911895,
				791.2763532793797,
				1753.9348577164346,
				814.027514388672,
				1732.5148815656648,
				888.8159056947625,
				1599.184606288185,
				944.0903356770505,
				1526.544263437896,
				1012.4043274121432,
				1371.5217241772189,
				1067.5577405800213,
				1260.8518473982258,
				1074.3346821870473,
				1251.079739634526,
				1074.3346821870473,
				1250.3233845444556,
				1080.3552687040028,
				1240.5210225771516,
				1087.8885654010955,
				1231.5052699035223,
				1093.909151918051,
				1221.7029079362183,
				1101.4424486151438,
				1212.687155262589,
				1110.4884554923774,
				1205.1538585654962,
				1120.2605632560771,
				1198.3769169584702,
				1130.7890261098473,
				1193.1126855315852,
				1141.3477431672181,
				1188.6048091947705,
				1151.8762060209883,
				1183.3103235642848,
				1162.4349230783591,
				1178.80244722747,
				1173.7197410221997,
				1175.0509259807222,
				1213.625035574274,
				1159.9843325865368,
				1240.70254779877,
				1145.674094282418,
				1224.1534984280443,
				1083.955518932733,
				1227.965528081997,
				1059.5101224216814,
				1231.9893371611652,
				1053.3382648867118,
				1238.1611946961348,
				1048.6186091246782,
				1246.874405333736,
				1052.6121640002457,
				1257.7659186307392,
				1054.0643657731816,
				1268.2943814845094,
				1052.9752144434788,
				1271.1685308267733,
				1070.7646861619178,
				1276.6142874752768,
				1074.7582410374853,
				1281.0011469976816,
				1086.3758552209547,
				1284.9947018732491,
				1082.7453507886203,
				1290.803508964982,
				1081.656199458921,
				1296.6123160567186,
				1078.0256950265866,
				1305.3255266943197,
				1074.7582410374853,
				1356.1525887470016,
				1066.0450303998841,
				1380.4769684436433,
				1057.694870205516,
				1432.7562322692575,
				1026.8355825306717,
				1444.3738464527269,
				1021.3898258821719,
				1442.1955437933248,
				1003.9634046069659,
				1482.1310925490034,
				997.7915470719963,
				1494.1117571757059,
				1026.1094816442055,
				1504.6099658258754,
				1064.5928286269482,
				1505.729371359179,
				1098.719570290894,
				1515.8947837697124,
				1094.7260154153264,
				1524.9710448505502,
				1101.9870242799952,
				1606.6573945780729,
				1146.2791783544744,
				1639.3016802654784,
				1154.2662881056094,
				1653.4909017551872,
				1162.9794987432106,
				1655.275899767752,
				1164.0686500729098,
				1660.0258097333863,
				1167.6991545052442,
				1664.3521608485862,
				1171.6927093808154,
				1667.6498690412882,
				1176.412365142849,
				1670.9173230303895,
				1181.1320209048827,
				1674.547827462724,
				1185.4886262236832,
				1678.9044327815282,
				1189.1191306560177,
				1682.8677334534914,
				1193.838786418055,
