{
	"dataset": {
		"dataset.id": 227058,
		"dataset.name": "01_sou_045412_227058_wear_02top_02t-shirt_man",
		"dataset.image_path": "./008.의류 통합 데이터(3-1)/원천데이터/상품/상의/t-shirt/01_sou_045412_227058_wear_02top_02t-shirt_man.jpg",
		"dataset.label_path": "./008.의류 통합 데이터(3-1)/라벨링데이터/상품/상의/t-shirt/01_sou_045412_227058_wear_02top_02t-shirt_man.json",
		"dataset.category": 6,
		"dataset.type": 1,
		"dataset.width": 2268,
		"dataset.height": 4032,
		"dataset.file_size": 1028965
	},
	"annotation": [
		{
			"annotation_type": "Polygon",
			"annotation_id": 47,
			"annotation_point_count": 160.0,
			"annotation_point": [
				1329.3955078125,
				2055.78515625,
				1315.7083321923874,
				2054.4606428849365,
				1311.7345278136818,
				2049.383003956589,
				1267.3603789181234,
				2035.6954555410448,
				1173.7552091085909,
				2028.5646843503655,
				1065.5794232438002,
				2025.0324137915159,
				982.3502982008904,
				2023.4870454220181,
				941.9499536840394,
				2024.8116468815879,
				847.1747192518869,
				2022.1845206534417,
				761.3405446718243,
				2025.6284844483216,
				754.8499975199375,
				2027.5270798737038,
				757.9186575679378,
				2009.9761105344169,
				761.7379251096954,
				1980.2388077670948,
				756.3953658894334,
				1940.1696136151368,
				742.3104370360179,
				1851.0901654591307,
				742.9727377658019,
				1793.7349222597986,
				748.9113676428697,
				1729.800825144608,
				757.4771237480818,
				1634.8710538755058,
				764.0559776639402,
				1563.0114246938956,
				765.38057912351,
				1544.5553110239016,
				756.8148230182978,
				1511.5948113716295,
				731.0954780116681,
				1569.6123553007474,
				711.9991403028835,
				1634.8710538755058,
				690.2315229839696,
				1664.5421265698478,
				682.9903683383254,
				1706.068382327332,
				678.3763399208274,
				1727.1736989164638,
				653.9815963737674,
				1773.313983091446,
				637.5123848931289,
				1808.3938450790283,
				602.5649830515031,
				1873.6525436537868,
				580.1571416937968,
				1917.1657016006247,
				556.4246988765208,
				1952.0910267512572,
				543.9072150835946,
				1970.5471404212494,
				540.5957114346729,
				1969.906916382457,
				524.1264999540326,
				2003.9712505843709,
				520.6825361591546,
				2019.601547807284,
				516.1126611236414,
				2028.3880708224242,
				501.60827514136326,
				2039.4484930098242,
				495.1177279894746,
				2036.7772133996932,
				490.54785295396323,
				2021.1248394857867,
				464.6077410374055,
				2015.031672771771,
				419.96867184993425,
				2013.1330773463887,
				413.4781246980474,
				2011.9850894147621,
				412.3522134574141,
				2009.313809804631,
				421.1166597815609,
				1988.3188766704643,
				429.5058023588299,
				1958.9568776500219,
				428.7551948650744,
				1939.1099324474817,
				418.8206839183076,
				1936.8360332752218,
				415.0234930675433,
				1929.9701823764572,
				417.51815914973304,
				1876.3458999549111,
				426.2163754009016,
				1842.325719134984,
				446.79185140620393,
				1801.9695280001179,
				442.04536284274946,
				1777.4644009980948,
				449.1540573424354,
				1755.299403241308,
				457.85227359360397,
				1743.4442201781676,
				460.2365562208288,
				1711.013561109723,
				512.4479304188335,
				1555.9689602671879,
				571.767999116526,
				1362.135613350276,
				625.5688950660151,
				1222.1473157648397,
				647.9767364237214,
				1175.984954898866,
				670.3845777814295,
				1143.0244552465938,
				676.9855083882812,
				1132.4938736430213,
				686.2135652232773,
				1122.6035160782394,
				691.4898943705593,
				1117.9894876607414,
				704.6696788932695,
				1105.4499271768236,
				719.1740648755494,
				1098.2087725311794,
				733.6784508578276,
				1091.6078419243277,
				769.266076738244,
				1081.0772603207552,
				878.7002339896262,
				1042.840431521201,
				894.5071447404807,
				1023.722017121423,
				931.4193720804669,
				949.2352617116685,
				953.8492901291665,
				953.8492901291665,
				988.1123145500151,
				951.2000872100289,
				1010.5422325987129,
				942.6343311048167,
				1025.6868426197852,
				947.2483595223148,
				1037.564102373919,
				951.2000872100289,
				1041.8249037355308,
				957.8893245808504,
				1046.9246193548715,
				958.2204749457433,
				1052.6424823220113,
				948.6833444368476,
				1065.3586563338722,
				945.813374607782,
				1079.3332017323228,
				946.1224482816815,
				1098.4074627501159,
				949.9417158234373,
				1149.6033091624522,
				946.1224482816815,
				1180.1132961145213,
				945.5043009338824,
				1187.7518311980348,
				956.6309531942607,
				1198.547333093522,
				1005.9061274902233,
				1216.3632227247235,
				1029.10872972367,
				1247.2043600416837,
				1041.4937533706398,
				1320.631434283785,
				1060.3251707875097,
				1347.0130800201987,
				1067.3234818322326,
				1347.3442303850916,
				1067.3234818322326,
				1351.7816452746465,
				1069.2220772576147,
				1356.8813608939872,
				1071.7829734127808,
				1361.3187757835422,
				1073.681568838163,
				1366.08734103799,
				1076.2203883023358,
				1370.2156822536472,
				1079.3994318053028,
				1374.366100160296,
				1081.9382512694756,
				1377.8542173371607,
				1085.7575188112332,
				1381.982558552816,
				1088.9365623141985,
				1385.4927524206742,
				1092.7558298559543,
				1388.980869597539,
				1096.243947032819,
				1402.9774916869828,
				1110.8807931610554,
				1437.6158198547091,
				1148.0800174839478,
				1464.2623858830357,
				1206.38455839597,
				1487.950675318325,
				1313.633123239064,
				1541.0892705380302,
				1475.9409554182348,
				1620.8302784040752,
				1677.1920705087305,
				1635.0918207854338,
				1752.186589811321,
				1641.6706747012922,
				1779.2084595865272,
				1658.1619628729259,
				1784.4847887338092,
				1681.8723289992085,
				1806.2303293617315,
				1707.5916740058365,
				1851.0680887681374,
				1714.8328286514807,
				1876.7653570837738,
				1712.8680031531185,
				1903.787226858978,
				1702.9776455883384,
				1928.8442711358239,
				1697.0390157112706,
				1930.1688725953918,
				1695.736490942696,
				1941.3617549287483,
				1705.6047718164828,
				2003.4634866915367,
				1703.3750260262095,
				2006.0243828467028,
				1695.118343594897,
				1994.8977305863245,
				1676.3531562510052,
				1989.1577909281914,
				1645.8431692989343,
				1989.1577909281914,
				1620.4108212752126,
				1994.257506547532,
				1612.1541388439,
				2000.6155935534625,
				1607.871260791293,
				2003.9050205113926,
				1604.7584473613078,
				2011.2786353029915,
				1602.9040053179106,
				2008.5190489288907,
				1602.9040053179106,
				1992.8666750149841,
				1592.9694943711438,
				1969.13423219771,
				1583.9622044460757,
				1967.301866845306,
				1572.747245421726,
				1960.3035558005831,
				1560.251838319793,
				1952.797480863026,
				1545.3721485906372,
				1937.5424873869924,
				1517.1360608108262,
				1882.9909839437478,
				1502.2563710816703,
				1841.0231943664076,
				1487.0013776056348,
				1820.4256416701119,
				1450.1333036476353,
				1757.8161460144893,
				1423.221817327394,
				1685.2942161030933,
				1408.9381982550422,
				1666.617335523173,
				1392.9988273582312,
				1593.5655650279496,
				1392.9988273582312,
				1575.9704423066778,
				1377.0815331524118,
				1552.9003002191857,
				1356.748900748029,
				1519.9398005669136,
				1356.748900748029,
				1509.519602418306,
				1341.361447126039,
				1490.842721838384,
				1339.7940020655478,
				1538.4842210008774,
				1333.700835351532,
				1560.472605229721,
				1326.9453679077305,
				1652.1350262318865,
				1325.6207664481608,
				1720.0429277257845,
				1321.0067380306627,
				1754.305952146633,
				1327.6076686375145,
				1848.5734226859495,
				1330.2568715566522,
				1899.9900360082138,
				1326.9453679077305,
				1939.5514662673377,
				1323.6559409498004,
				1965.911035312758,
				1324.3182416795844,
				1975.80139287754,
				1323.6559409498004,
				1988.98117740025,
				1324.3182416795844,
				2000.1961364246,
				1330.8970955954446,
				2015.362823136662,
