{
	"dataset": {
		"dataset.id": 445120,
		"dataset.name": "01_sou_089024_445120_wear_02top_02t-shirt_woman",
		"dataset.image_path": "./008.의류 통합 데이터(3-1)/원천데이터/상품/상의/t-shirt/01_sou_089024_445120_wear_02top_02t-shirt_woman.jpg",
		"dataset.label_path": "./008.의류 통합 데이터(3-1)/라벨링데이터/상품/상의/t-shirt/01_sou_089024_445120_wear_02top_02t-shirt_woman.json",
		"dataset.category": 6,
		"dataset.type": 1,
		"dataset.width": 2103,
		"dataset.height": 4032,
		"dataset.file_size": 1472045
	},
	"annotation": [
		{
			"annotation_type": "Polygon",
			"annotation_id": 5,
			"annotation_point_count": 101.0,
			"annotation_point": [
				559.6000000000004,
				1703.0,
				557.8000000000011,
				1708.2000000000007,
				594.0546875,
				1735.7216796875,
				604.052178092641,
				1710.94599651285,
				680.9862100805367,
				1720.0737630198892,
				695.7644987109798,
				1727.4629073351116,
				747.0538533695781,
				1743.5451626094164,
				726.1903870677761,
				1783.5334730212053,
				752.2697199450286,
				1790.0533062405175,
				788.3461304252287,
				1785.272095213022,
				803.9937301515802,
				1752.2382735685005,
				806.1670078913521,
				1788.3146840487007,
				789.7000000000007,
				1907.7000000000007,
				816.0,
				2189.0,
				810.5,
				2323.162109375,
				816.2353207091,
				2347.611332508355,
				842.4957600646685,
				2331.009905329549,
				892.903729862137,
				2325.57671098012,
				1040.716800579623,
				2302.425266168948,
				1186.748990927019,
				2279.8171407927184,
				1222.3967827418746,
				2269.8261000723815,
				1287.172533152274,
				2262.43091887455,
				1288.8930446962604,
				2278.5192110314656,
				1336.7051549712232,
				2290.2307632957873,
				1450.1683636351063,
				2296.7505965151013,
				1451.4662933963573,
				2282.8657665110077,
				1444.946460177045,
				2133.754766032269,
				1438.819024327413,
				1915.2497999461175,
				1434.8044973914457,
				1816.2147407212724,
				1499.580247801845,
				1776.67315962266,
				1566.9518577347499,
				1743.1986455475744,
				1589.5599831109794,
				1722.763797911115,
				1539.242566552668,
				1632.421849645354,
				1464.3026741732501,
				1494.3099978393966,
				1412.7637796659565,
				1326.900718438792,
				1409.6051140168893,
				1319.004054316123,
				1403.814226993598,
				1311.1073901934524,
				1400.6555613445307,
				1304.2636146204713,
				1398.0233399703066,
				1296.3669504978025,
				1395.9175628709272,
				1287.943842100287,
				1394.3382300463945,
				1278.9942894279284,
				1391.7060086721704,
				1272.1505138549473,
				1388.5473430231032,
				1264.2538497322766,
				1383.2829002746566,
				1256.8836298844508,
				1379.071346075898,
				1250.5662985863164,
				1374.3333476022963,
				1243.1960787384905,
				1358.0135750821119,
				1230.5614161422181,
				1354.8549094330447,
				1228.4556390428388,
				1349.0640224097533,
				1222.1383077447044,
				1341.6938025619274,
				1214.7680878968786,
				1334.3235827141016,
				1210.5565336981217,
				1325.9004743165879,
				1207.3978680490527,
				1319.0566987436068,
				1203.7127581251407,
				1310.6335903460913,
				1199.5012039263838,
				1304.316259047957,
				1196.8689825521597,
				1296.946039200131,
				1193.7103169030925,
				1289.5758193523052,
				1190.5516512540235,
				1281.1527109547915,
				1188.445874154646,
				1272.729602557276,
				1186.3400970552666,
				1264.8329384346052,
				1184.760764230732,
				1255.8833857622467,
				1182.6549871313546,
				1236.4049475929933,
				1173.1789901841494,
				1223.2438407218779,
				1164.7558817866357,
				1211.6620666752951,
				1154.7534405645856,
				1214.8207323243623,
				1165.2823260614805,
				1210.6091781256055,
				1174.231878733839,
				1192.1836285060417,
				1170.546768809927,
				1140.0656452964195,
				1167.9145474357028,
				1107.4261002560506,
				1162.6501046872563,
				1055.8345613212732,
				1148.9625535412943,
				1000.0314681877389,
				1133.6956695707995,
				958.4423704750097,
				1113.1643428518582,
				928.9614910837099,
				1121.0610069745271,
				913.1681628383685,
				1121.0610069745271,
				911.5888300138358,
				1121.587451249372,
				902.1128330666306,
				1121.587451249372,
				888.9517261955152,
				1120.0081184248393,
				880.5286177979997,
				1120.5345626996823,
				871.5790651256411,
				1120.5345626996823,
				863.1559567281256,
				1121.587451249372,
				854.7328483306119,
				1122.6403397990616,
				846.8361842079412,
				1123.1667840739065,
				839.4659643601153,
				1124.2196726235961,
				830.5164116877568,
				1127.3783382726633,
				822.6197475650861,
				1131.0634481965772,
				815.249527717262,
				1135.8014466701788,
				804.7206422203672,
				1143.6981107928477,
				799.9826437467655,
				1148.4361092664512,
				793.1388681737844,
				1154.7534405645856,
				787.3479811504931,
				1161.0707718627218,
				781.0306498523587,
				1167.9145474357028,
				776.2926513787552,
				1174.7583230086839,
				770.5017643554638,
				1182.1285428565097,
				764.1844330573294,
				1190.0252069791786,
				758.9199903088811,
				1197.9218711018493,
				755.2348803849691,
				1204.7656466748304,
				751.549770461057,
				1210.5565336981217,
				743.1266620635415,
				1227.402750493151,
				737.862219315095,
				1232.6671932415975,
				723.1220703125,
				1257.41015625,
				716.6279296875,
				1276.2900390625
			]
		}
	],
	"metadata.model": {
		"metadata.model.gender": "FEMALE",
		"metadata.model.age": "30대",
		"metadata.model.job": "service job",
		"metadata.model.type": "wear",
		"metadata.model.usually_size": "M",
		"metadata.model.body_height": "167",
		"metadata.model.waist_height": "102",
		"metadata.model.chest_size_male": "null",
		"metadata.model.breast_size_female": "89.0",
		"metadata.model.waist_size": "74",
		"metadata.model.hip_seize": "89",
		"metadata.model.back_length": "41",
		"metadata.model.shoulders_width": "44",
		"metadata.model.arm_length": "55",
		"metadata.model.weight": "55"
	},
	"metadata.clothes": {
		"metadata.clothes.type": "02top_02t-shirt",
		"metadata.clothes.season": "summer",
		"metadata.clothes.fiber_composition": "Cotton",
		"metadata.clothes.elasticity": "contain",
		"metadata.clothes.transparency": "contain",
		"metadata.clothes.isfleece": "fleece_none",
		"metadata.clothes.color": "Brown",
		"metadata.clothes.washing_method": "none",
		"metadata.clothes.bleach": "none",
		"metadata.clothes.ironing": "none",
		"metadata.clothes.drycleaning": "none",
		"metadata.clothes.wringing": "none",
		"metadata.clothes.drying": "none",
		"metadata.clothes.top_length_type": "long",
		"metadata.clothes.sleeve_length_type": "short sleeves",
		"metadata.clothes.topneck_color_design": "round neck",
		"metadata.clothes.topsleeve_design": "basic sleeve",
		"metadata.clothes.pants_silhouette": "null",
		"metadata.clothes.skirt_design": "null",
		"metadata.top.front_length": "68.0",
		"metadata.top.chest_size": "112.0",
		"metadata.top.waist_size": "112.0",
		"metadata.top.hem_size": "112.0",
		"metadata.top.shoulder_width": "49.0",
		"metadata.top.sleeve_length": "27.0",
		"metadata.top.sleeve_cuff_size": "36.0",
		"metadata.pants.pants_length": "null",
		"metadata.pants.waist_size": "null",
		"metadata.pants.hip_size": "null",
		"metadata.pants.front_rise_length": "null",
		"metadata.pants.back_rise_length": "null",
		"metadata.pants.inner_seam_length": "null",
		"metadata.pants.pants_waist_size": "null",
		"metadata.skirt.length": "null",
		"metadata.skirt.waist_size": "null",
		"metadata.skirt.hip_size": "null",
		"metadata.skirt.hem_size": "null",
		"metadata.dress.front_length": "null",
		"metadata.dress.chest_size": "null",
		"metadata.dress.waist_size": "null",
		"metadata.dress.hip_size": "null",
		"metadata.dress.hem_size": "null",
		"metadata.dress.shoulder_width": "null",
		"metadata.dress.sleeve_length": "null",
		"metadata.dress.cuff_size": "null",
		"metadata.jumpsuit.front_length": "null",
		"metadata.jumpsuit.inner_seam_length": "null",
		"metadata.jumpsuit.chest_size": "null",
		"metadata.jumpsuit.waist_size": "null",