{
	"dataset": {
		"dataset.id": 347912,
		"dataset.name": "01_sou_069583_347912_back_02top_02t-shirt_woman",
		"dataset.image_path": "./008.의류 통합 데이터(3-1)/원천데이터/상품/상의/t-shirt/01_sou_069583_347912_back_02top_02t-shirt_woman.jpg",
		"dataset.label_path": "./008.의류 통합 데이터(3-1)/라벨링데이터/상품/상의/t-shirt/01_sou_069583_347912_back_02top_02t-shirt_woman.json",
		"dataset.category": 6,
		"dataset.type": 1,
		"dataset.width": 4032,
		"dataset.height": 2268,
		"dataset.file_size": 666366
	},
	"annotation": [
		{
			"annotation_type": "Polygon",
			"annotation_id": 197,
			"annotation_point_count": 167.0,
			"annotation_point": [
				1908.5,
				233.60000000000036,
				1810.7186544342476,
				320.53007135575535,
				1803.2999999999993,
				368.40000000000146,
				1789.4000000000015,
				374.60000000000036,
				1773.5117227319024,
				385.2599388379167,
				1757.5840978593224,
				390.61162079510177,
				1741.6564729867423,
				396.98267074413343,
				1726.8756371049894,
				403.3537206931651,
				1709.8012232415858,
				408.70540265035197,
				1693.8735983690058,
				415.07645259938363,
				1680.1121304790977,
				420.3007135575899,
				1663.1651376146729,
				428.8379204892917,
				1650.4230377166095,
				434.1896024464786,
				1633.348623853206,
				439.4138634046849,
				1617.4209989806259,
				444.7655453618718,
				1601.4933741080495,
				451.13659531090343,
				1587.7319062181414,
				456.4882772680885,
				1571.8042813455613,
				464.8980632008115,
				1556.896024464826,
				471.2691131498432,
				1495.9887869520862,
				515.4841997961212,
				1479.4240570846014,
				526.9520897043785,
				1423.3588175331242,
				574.0978593272121,
				1371.116207951065,
				594.485219164113,
				1317.5993883791998,
				635.2599388379167,
				1279.373046875,
				669.6640625,
				1037.2000000000007,
				944.5,
				751.0,
				1304.0,
				497.7000000000007,
				1749.7999999999993,
				511.0,
				1765.0,
				721.8000000000011,
				1894.1000000000022,
				842.7000000000007,
				1747.9000000000015,
				992.1000000000004,
				1546.1000000000022,
				1454.5,
				1027.9000000000015,
				1481.7000000000007,
				1290.0,
				1510.201171875,
				1408.18359375,
				1488.6672976199588,
				1667.9384946276841,
				1491.3590573347865,
				1789.0676817950698,
				1487.3214177625414,
				1894.0463106734715,
				1476.55437890322,
				1964.0320632590701,
				1459.0579407568184,
				2005.7543388389458,
				1456.3661810419871,
				2025.9425367001786,
				1532.0,
				2027.0,
				1540.4000000000015,
				2134.2000000000007,
				1557.1000000000022,
				2137.9000000000015,
				1882.0234375,
				2123.83203125,
				1897.725048950404,
				2122.711298448343,
				1914.548547168095,
				2127.197564639726,
				1930.250478837941,
				2124.9544315440326,
				1949.3171101513253,
				2120.4681653526495,
				1966.14060836902,
				2118.225032256956,
				1982.9641065867108,
				2115.981899161263,
				2002.0307379000951,
				2115.981899161263,
				2018.8542361177897,
				2114.860332613418,
				2036.7993008833255,
				2113.738766065573,
				2055.8659321967098,
				2112.6171995177247,
				2073.810996962249,
				2109.2524998741865,
				2090.63449517994,
				2108.1309333263416,
				2107.4579933976347,
				2105.8878002306483,
				2125.4030581631705,
				2104.7662336828034,
				2144.4696894765584,
				2102.52310058711,
				2157.928488050711,
				2101.4015340392652,
				2179.238252459789,
				2100.2799674914168,
				2197.1833172253246,
				2100.2799674914168,
				2214.006815443019,
				2099.158400943572,
				2230.83031366071,
				2098.036834395727,
				2248.7753784262495,
				2095.7937013000337,
				2266.7204431917853,
				2093.5505682043404,
				2283.54394140948,
				2092.4290016564955,
				2300.367439627171,
				2090.185868560802,
				2317.1909378448654,
				2090.185868560802,
				2336.2575691582497,
				2090.185868560802,
				2354.2026339237855,
				2090.185868560802,
				2373.2692652371697,
				2090.185868560802,
				2391.214330002709,
				2090.185868560802,
				2410.2809613160935,
				2090.185868560802,
				2428.226026081633,
				2090.185868560802,
				2447.292657395017,
				2090.185868560802,
				2466.3592887084014,
				2090.185868560802,
				2484.304353473941,
				2090.185868560802,
				2503.370984787325,
				2090.185868560802,
				2516.829783361478,
				2090.185868560802,
				2539.2611143184004,
				2090.185868560802,
				2557.20617908394,
				2090.185868560802,
				2576.272810397324,
				2090.185868560802,
				2591.97474206717,
				2089.0643020129573,
				2611.0413733805544,
				2086.821168917264,
				2628.986438146094,
				2084.5780358215707,
				2644.68836981594,
				2083.456469273726,
				2661.511868033631,
				2081.2133361780325,
				2678.3353662513255,
				2080.0917696301876,
				2695.1588644690164,
				2078.970203082343,
				2713.103929234556,
				2076.7270699866494,
				2731.0489940000916,
				2075.6055034388046,
				2740.0215263828613,
				2074.483936890956,
				2746.400436123742,
				2062.42657725784,
				2728.8759588136454,
				1992.977722732645,
				2714.596755079492,
				1924.1779229226377,
				2697.7213324845834,
				1872.2535457075392,
				2681.494140625,
				1735.951171875,
				2672.7217125382267,
				1593.3384301732913,
				2666.3506625891932,
				1501.5953109072361,
				2661.2538226299694,
				1376.7227319062185,
				2651.060142711518,
				1281.1569826707419,
				2637.0438328236487,
				1133.3486238532096,
				2640.8664627930666,
				1021.2181447502535,
				2623.02734375,
				953.6845703125,
				3073.100000000002,
				1295.7000000000007,
				3299.0,
				1497.0,
				3497.134765625,
				1648.638671875,
				3540.4587155963272,
				1614.2354740061164,
				3567.2171253822635,
				1598.9449541284375,
				3622.0081549439346,
				1535.2344546381246,
				3670.4281345565723,
				1494.4597349643227,
				3694.638124362893,
				1468.975535168196,
				3653.863404689091,
				1432.023445463812,
				3614.362895005095,
				1375.958205912335,
				3582.5076452599387,
				1331.3608562691115,
				3352.100000000002,
				1137.7000000000007,
				3205.2999999999993,
				938.1000000000004,
				2827.100000000002,
				594.3000000000011,
				2710.7999999999993,
				475.90000000000146,
				2685.654943934758,
				461.73377505946155,
				2672.912844036695,
				452.17720013591315,
				2659.1089024804605,
				441.5587835541937,
				2646.366802582397,
				430.9403669724743,
				2632.562861026163,
				420.32195039075486,
				2618.758919469925,
				411.8272171253793,
				2604.9549779136905,
				402.27064220183274,
				2592.212878015627,
				391.6522256201133,
				2578.408936459393,
				381.0338090383939,
				2564.6049949031585,
				369.3535507985034,
				2549.7392116887495,
				361.9206591912989,
				2535.935270132515,
				354.4877675840962,
				2520.007645259935,
				350.24040095140845,
				2504.0800203873587,
				349.1785592932356,
				2488.1523955147786,
				344.9311926605478,
				2470.1010873258565,
				341.7456676860329,
				2453.1116207951054,
				338.56014271151616,
				2437.1839959225254,
				336.4364593951723,
				2420.1945293917743,
				333.25093442065736,
				2403.205062861023,
				331.1272511043135,
				2387.277437988443,
				329.0035677879696,
				2369.226129799521,
				326.8798844716257,
				2353.298504926941,
				324.7562011552818,
				2337.3708800543645,
				321.5706761807651,
				2321.4432551817845,
				317.3233095480773,
				2304.4537886510334,
				313.07594291538953,
				2288.5261637784533,
				309.8904179408746,
				2274.722222222219,
				303.51936799184296,
				2260.9182806659846,
				293.96279306829456,
				2249.2380224260924,
				279.09700985388736,
				2239.681447502546,
				267.4167516139969,
				2229.063030920828,
				253.61281005776254,
				2219.506455997278,
				240.87071015969923,
				2211.0117227319024,
				227.06676860346306,
				2199.3314644920138,
				215.3865103635726,
				2185.527522935776,
				205.8299354400242,
				2169.5998980631994,
				203.70625212368031,
				2153.6722731906193,
				205.8299354400242,
				2137.7446483180393,
				207.9536187563681,
				2119.693340129117,
				211.13914373088483,
