{
	"dataset": {
		"dataset.id": 78947,
		"dataset.name": "01_sou_015790_078947_back_02top_02t-shirt_woman",
		"dataset.image_path": "./008.의류 통합 데이터(3-1)/원천데이터/상품/상의/t-shirt/01_sou_015790_078947_back_02top_02t-shirt_woman.jpg",
		"dataset.label_path": "./008.의류 통합 데이터(3-1)/라벨링데이터/상품/상의/t-shirt/01_sou_015790_078947_back_02top_02t-shirt_woman.json",
		"dataset.category": 6,
		"dataset.type": 1,
		"dataset.width": 1920,
		"dataset.height": 1080,
		"dataset.file_size": 265094
	},
	"annotation": [
		{
			"annotation_type": "Polygon",
			"annotation_id": 130,
			"annotation_point_count": 103.0,
			"annotation_point": [
				486.0,
				362.0,
				514.7999999999993,
				437.2999999999993,
				535.2000000000007,
				439.7999999999993,
				589.0,
				430.0,
				614.9000000000015,
				414.2999999999993,
				619.0,
				410.0,
				632.0,
				427.0,
				610.0,
				465.0,
				593.0,
				536.0,
				567.0,
				717.0,
				571.0,
				734.0,
				563.0,
				772.0,
				563.0,
				827.0,
				524.5,
				958.2000000000007,
				546.0,
				962.0,
				589.0,
				943.2999999999993,
				688.2000000000007,
				993.6000000000022,
				752.9000000000015,
				1001.7999999999993,
				779.7999999999993,
				996.2999999999993,
				799.9000000000015,
				976.2999999999993,
				848.6000000000022,
				986.6000000000022,
				871.9000000000015,
				986.7999999999993,
				895.5,
				984.4000000000015,
				935.6000000000022,
				991.0,
				978.5,
				981.7999999999993,
				1033.7000000000007,
				958.2999999999993,
				1039.2999999999993,
				951.6000000000022,
				1049.5,
				960.9000000000015,
				1061.7000000000007,
				986.0,
				1137.2999999999993,
				986.6000000000022,
				1203.9000000000015,
				975.1000000000022,
				1277.7999999999993,
				989.6000000000022,
				1321.1000000000022,
				989.7000000000007,
				1382.0,
				960.5,
				1419.2999999999993,
				953.6000000000022,
				1424.0,
				939.0,
				1436.0,
				932.4000000000015,
				1407.842484297169,
				893.1430717998737,
				1402.3431069958897,
				861.8389240849101,
				1393.7979207277494,
				808.8333874810523,
				1385.2950373619278,
				755.8278508771982,
				1377.3843946285524,
				701.0032894736905,
				1371.885017327273,
				667.499390838213,
				1368.246967727966,
				633.9954922027355,
				1366.4279429283124,
				612.9286468486061,
				1362.1976526965627,
				580.7784410872919,
				1355.006159302582,
				552.4354965345519,
				1350.3528400476534,
				533.3991904916656,
				1341.4692305609751,
				508.01744910115303,
				1334.2777371669981,
				486.8659979423919,
				1324.125,
				461.0615234375,
				1304.2000000000007,
				412.2000000000007,
				1312.1000000000022,
				397.2000000000007,
				1392.4000000000015,
				435.6000000000022,
				1413.1000000000022,
				438.2000000000007,
				1423.7000000000007,
				419.2999999999993,
				1430.9000000000015,
				373.40000000000146,
				1495.2000000000007,
				212.0,
				1481.0,
				204.0,
				1400.8540448343192,
				174.71288174140136,
				1393.2395224171632,
				172.17470760234937,
				1375.9799382716155,
				165.06782001300598,
				1357.1974496426374,
				156.4380279402303,
				1338.9225958414645,
				150.34641000650845,
				1301.865253411317,
				136.64026965563062,
				1264.3002761533571,
				120.90358999351156,
				1252.1170402859098,
				113.28906757635923,
				1236.8879954516015,
				111.76616309292694,
				1232.31928200131,
				109.22798895387677,
				1219.6284113060537,
				104.1516406757728,
				1204.3993664717455,
				98.06002274205093,
				1180.0328947368544,
				88.92259584146632,
				1171.4031026640769,
				83.3386127355534,
				1151.6053443794772,
				73.69355100715802,
				1116.5785412605692,
				60.49504548409095,
				1094.2421875,
				52.373046875,
				1085.452065735335,
				61.76413255361331,
				1076.1454272254778,
				72.76288715617011,
				1064.7236435997474,
				80.80043859649777,
				1053.3018599740171,
				87.56890296730307,
				1041.0340183019362,
				89.68404808317791,
				1024.9589154212772,
				93.06828026858057,
				1004.6535223088649,
				95.1834253844554,
				985.6172162659823,
				94.33736733810656,
				954.313068551015,
				93.91433831493123,
				930.623046875,
				91.3759765625,
				859.5,
				80.10000000000036,
				830.2000000000007,
				60.600000000000364,
				817.9000000000015,
				50.400000000001455,
				786.0,
				71.0,
				666.0,
				123.0,
				648.6745993069162,
				139.00923218540993,
				631.3304093567313,
				140.70134827810944,
				622.0237708468776,
				146.20072557938875,
				611.0250162443226,
				152.5461609270169,
				583.105100714758,
				163.54491552957188,
				554.7621561620181,
				177.08184427117885,
				509.92107970544384,
				196.1181503140633,
				466.3490903183956,
				216.4235434264756,
				434.62191358025484,
				229.1144141217319,
				422.35407190817386,
				232.49864630713273,
				425.31527507039937,
				240.95922677063754,
				425.73828125,
				245.6123046875
			]
		}
	],
	"metadata.model": {
		"metadata.model.gender": "FEMALE",
		"metadata.model.age": "20대",
		"metadata.model.job": "university student/graduate student",
		"metadata.model.type": "back",
		"metadata.model.usually_size": "M",
		"metadata.model.body_height": "164",
		"metadata.model.waist_height": "109",
		"metadata.model.chest_size_male": "null",
		"metadata.model.breast_size_female": "73.0",
		"metadata.model.waist_size": "65",
		"metadata.model.hip_seize": "88",
		"metadata.model.back_length": "43",
		"metadata.model.shoulders_width": "37",
		"metadata.model.arm_length": "53",
		"metadata.model.weight": "49"
	},
	"metadata.clothes": {
		"metadata.clothes.type": "02top_02t-shirt",
		"metadata.clothes.season": "summer",
		"metadata.clothes.fiber_composition": "Cotton",
		"metadata.clothes.elasticity": "contain",
		"metadata.clothes.transparency": "none at all",
		"metadata.clothes.isfleece": "fleece_none",
		"metadata.clothes.color": "Blue",
		"metadata.clothes.washing_method": "none",
		"metadata.clothes.bleach": "none",
		"metadata.clothes.ironing": "none",
		"metadata.clothes.drycleaning": "none",
		"metadata.clothes.wringing": "none",
		"metadata.clothes.drying": "none",
		"metadata.clothes.top_length_type": "normal",
		"metadata.clothes.sleeve_length_type": "short sleeves",
		"metadata.clothes.topneck_color_design": "round neck",
		"metadata.clothes.topsleeve_design": "basic sleeve",
		"metadata.clothes.pants_silhouette": "null",
		"metadata.clothes.skirt_design": "null",
		"metadata.top.front_length": "51.0",
		"metadata.top.chest_size": "90.0",
		"metadata.top.waist_size": "92.0",
		"metadata.top.hem_size": "94.0",
		"metadata.top.shoulder_width": "40.0",
		"metadata.top.sleeve_length": "22.0",
		"metadata.top.sleeve_cuff_size": "24.0",
		"metadata.pants.pants_length": "null",
		"metadata.pants.waist_size": "null",
		"metadata.pants.hip_size": "null",
		"metadata.pants.front_rise_length": "null",
		"metadata.pants.back_rise_length": "null",
		"metadata.pants.inner_seam_length": "null",
		"metadata.pants.pants_waist_size": "null",
		"metadata.skirt.length": "null",
		"metadata.skirt.waist_size": "null",
		"metadata.skirt.hip_size": "null",
		"metadata.skirt.hem_size": "null",
		"metadata.dress.front_length": "null",
		"metadata.dress.chest_size": "null",
		"metadata.dress.waist_size": "null",
		"metadata.dress.hip_size": "null",
		"metadata.dress.hem_size": "null",
		"metadata.dress.shoulder_width": "null",
		"metadata.dress.sleeve_length": "null",
		"metadata.dress.cuff_size": "null",
		"metadata.jumpsuit.front_length": "null",
		"metadata.jumpsuit.inner_seam_length": "null",
		"metadata.jumpsuit.chest_size": "null",
		"metadata.jumpsuit.waist_size": "null",
		"metadata.jumpsuit.hip_size": "null",
		"metadata.jumpsuit.shoulder_width": "null",
		"metadata.jumpsuit.sleeve_length": "null",
		"metadata.jumpsuit.cuffs_size": "null",
		"metadata.jumpsuit.front_rise_length": "null",
		"metadata.jumpsuit.back_rise_length": "null",
		"metadata.jumpsuit.pants_waist_size": "null"
	}
}