{
	"dataset": {
		"dataset.id": 222602,
		"dataset.name": "01_sou_044521_222602_back_02top_02t-shirt_man",
		"dataset.image_path": "./008.의류 통합 데이터(3-1)/원천데이터/상품/상의/t-shirt/01_sou_044521_222602_back_02top_02t-shirt_man.jpg",
		"dataset.label_path": "./008.의류 통합 데이터(3-1)/라벨링데이터/상품/상의/t-shirt/01_sou_044521_222602_back_02top_02t-shirt_man.json",
		"dataset.category": 6,
		"dataset.type": 1,
		"dataset.width": 3024,
		"dataset.height": 4032,
		"dataset.file_size": 982501
	},
	"annotation": [
		{
			"annotation_type": "Polygon",
			"annotation_id": 2,
			"annotation_point_count": 115.0,
			"annotation_point": [
				1003.888671875,
				962.470703125,
				986.1182060272695,
				969.3049606673958,
				964.2473177542633,
				977.506543769774,
				942.376429481259,
				984.341196355088,
				921.8724717253172,
				992.5427794574643,
				902.7354444864377,
				1003.4782235939656,
				884.9653477646225,
				1015.7805982475311,
				867.1952510428055,
				1029.449903418159,
				849.4251543209903,
				1040.385347554662,
				831.6550575991732,
				1051.3207916911633,
				812.5180303602938,
				1062.2562358276664,
				796.114864155541,
				1073.1916799641695,
				778.344767433724,
				1085.4940546177331,
				759.2077401948445,
				1095.0625682371738,
				741.4376434730293,
				1107.3649428907393,
				725.0344772682747,
				1122.4011785784296,
				708.6313110635219,
				1133.3366227149309,
				689.4942838246425,
				1145.6389973684963,
				674.4580481369521,
				1160.6752330561867,
				375.7000000000007,
				1387.1000000000004,
				256.0,
				1492.5,
				328.0,
				1601.0,
				453.10000000000036,
				1726.800000000001,
				572.1000000000004,
				1899.9000000000015,
				699.0,
				1843.300000000001,
				761.6000000000004,
				1828.300000000001,
				789.294921875,
				1822.27734375,
				804.4835165433342,
				1825.1249692835518,
				780.7520839554381,
				1882.0804074945027,
				717.0,
				2028.0,
				690.0,
				2196.0,
				681.0,
				2562.0,
				664.3000000000011,
				2746.2000000000007,
				660.5,
				2864.7000000000007,
				1015.0283203125,
				2866.1943359375,
				1165.3911433400517,
				2862.7771129027733,
				1180.1995572748983,
				2866.194439195431,
				1197.2861887381823,
				2868.4726567238686,
				1215.5119289656868,
				2863.916221666992,
				1230.3203429005334,
				2858.2206778458967,
				1248.546083128038,
				2854.8033515532406,
				1266.7718233555424,
				2854.8033515532406,
				1284.9975635830451,
				2850.246916496364,
				1303.2233038105496,
				2850.246916496364,
				1319.170826509615,
				2852.5251340248033,
				1336.2574579729007,
				2853.664242789022,
				1353.3440894361847,
				2855.9424603174593,
				1372.708938427908,
				2855.9424603174593,
				1392.0737874196311,
				2855.9424603174593,
				1410.2995276471356,
				2855.9424603174593,
				1428.5252678746383,
				2854.8033515532406,
				1446.7510081021428,
				2854.8033515532406,
				1466.115857093866,
				2854.8033515532406,
				1483.20248855715,
				2855.9424603174593,
				1499.150011256217,
				2857.081569081678,
				1517.3757514837198,
				2859.359786610117,
				1535.6014917112243,
				2859.359786610117,
				1553.8272319387288,
				2859.359786610117,
				1830.7445725203652,
				2875.1933984327607,
				2010.7237572669655,
				2875.079487556339,
				2235.9000000000015,
				2887.800000000001,
				2399.9872818152053,
				2856.9834791603116,
				2407.933356493386,
				2840.897523104484,
				2424.2131192486813,
				2834.308095322578,
				2437.0043614135575,
				2773.065178290748,
				2454.8345777645955,
				2737.4047455886703,
				2435.841796875,
				2698.6435546875,
				2347.7000000000007,
				2238.800000000001,
				2338.6151603170656,
				2112.507344271282,
				2335.385048659269,
				2089.896562666703,
				2324.079657856979,
				2059.2105019176324,
				2366.07110940834,
				1939.6963705791477,
				2354.765625,
				1913.85546875,
				2338.0,
				1807.0,
				2311.0,
				1746.0,
				2383.0,
				1739.0,
				2564.7000000000007,
				1768.5,
				2771.1000000000004,
				1380.0,
				2492.0,
				1220.0,
				2388.6818910129186,
				1174.1599076812781,
				2378.9915560395275,
				1161.2394610500905,
				2366.07110940834,
				1138.6286794455118,
				2343.460327803761,
				1124.093176985427,
				2327.309769514777,
				1106.3275628675437,
				2314.3893228835896,
				1083.716781262965,
				2306.3140437390975,
				1061.1059996583863,
				2283.703262134519,
				1061.1059996583863,
				2261.09248052994,
				1065.9511671450819,
				2254.6322572143454,
				1051.4156646849951,
				2230.4064197808693,
				1043.3403855405031,
				2206.1805823473915,
				1033.650050567112,
				2183.5693359375,
				1028.8046875,
				1994.0,
				931.0,
				1871.8891810839577,
				906.4261568825077,
				1768.002461787186,
				857.2166582682476,
				1711.9583105876118,
				833.9788394781808,
				1701.0228664511087,
				851.748936199996,
				1681.8858392122293,
				859.9505193023724,
				1661.3818814562874,
				865.418241370624,
				1639.510993183283,
				868.1521024047506,
				1617.6401049102788,
				873.6198244730003,
				1599.8700081884617,
				873.6198244730003,
				1579.3660504325198,
				877.7206160241894,
				1558.862092676578,
				884.5552686095034,
				1535.6242738865112,
				890.0229906777549,
				1516.4872466476318,
				890.0229906777549,
				1495.9832888916899,
				890.0229906777549,
				1472.7454701016231,
				890.0229906777549,
				1452.2415123456813,
				887.2891296436283,
				1431.7375545897394,
				884.5552686095034,
				1387.99609375,
				884.5556640625,
				1342.0,
				877.0,
				1279.0,
				839.0,
				1188.0,
				893.0,
				1110.0,
				917.6000000000004
			]
		}
	],
	"metadata.model": {
		"metadata.model.gender": "MALE",
		"metadata.model.age": "30대",
		"metadata.model.job": "sales work",
		"metadata.model.type": "back",
		"metadata.model.usually_size": "XL",
		"metadata.model.body_height": "177",
		"metadata.model.waist_height": "105",
		"metadata.model.chest_size_male": "110.0",
		"metadata.model.breast_size_female": "null",
		"metadata.model.waist_size": "109",
		"metadata.model.hip_seize": "107",
		"metadata.model.back_length": "44",
		"metadata.model.shoulders_width": "45",
		"metadata.model.arm_length": "58",
		"metadata.model.weight": "100"
	},
	"metadata.clothes": {
		"metadata.clothes.type": "02top_02t-shirt",
		"metadata.clothes.season": "summer",
		"metadata.clothes.fiber_composition": "Cotton",
		"metadata.clothes.elasticity": "none",
		"metadata.clothes.transparency": "none",
		"metadata.clothes.isfleece": "fleece_none",
		"metadata.clothes.color": "White",
		"metadata.clothes.washing_method": "Washing40",
		"metadata.clothes.bleach": "Do not any bleach",
		"metadata.clothes.ironing": "Ironing 140~160℃ : Place a cloth between the iron and textile",
		"metadata.clothes.drycleaning": "DO NOT DRYCLEAN",
		"metadata.clothes.wringing": "none",
		"metadata.clothes.drying": "Do not tumble dry",
		"metadata.clothes.top_length_type": "long",
		"metadata.clothes.sleeve_length_type": "short sleeves",
		"metadata.clothes.topneck_color_design": "round neck",
		"metadata.clothes.topsleeve_design": "basic sleeve",
		"metadata.clothes.pants_silhouette": "null",
		"metadata.clothes.skirt_design": "null",
		"metadata.top.front_length": "73.0",
		"metadata.top.chest_size": "122.0",
		"metadata.top.waist_size": "122.0",
		"metadata.top.hem_size": "122.0",
		"metadata.top.shoulder_width": "60.0",
		"metadata.top.sleeve_length": "22.0",
		"metadata.top.sleeve_cuff_size": "20.0",
		"metadata.pants.pants_length": "null",
		"metadata.pants.waist_size": "null",
		"metadata.pants.hip_size": "null",
		"metadata.pants.front_rise_length": "null",
		"metadata.pants.back_rise_length": "null",
		"metadata.pants.inner_seam_length": "null",
		"metadata.pants.pants_waist_size": "null",
		"metadata.skirt.length": "null",
		"metadata.skirt.waist_size": "null",
		"metadata.skirt.hip_size": "null",
		"metadata.skirt.hem_size": "null",
		"metadata.dress.front_length": "null",
		"metadata.dress.chest_size": "null",