{
	"dataset": {
		"dataset.id": 22152,
		"dataset.name": "01_sou_004431_022152_back_02top_02t-shirt_woman",
		"dataset.image_path": "./008.의류 통합 데이터(3-1)/원천데이터/상품/상의/t-shirt/01_sou_004431_022152_back_02top_02t-shirt_woman.jpg",
		"dataset.label_path": "./008.의류 통합 데이터(3-1)/라벨링데이터/상품/상의/t-shirt/01_sou_004431_022152_back_02top_02t-shirt_woman.json",
		"dataset.category": 6,
		"dataset.type": 1,
		"dataset.width": 707,
		"dataset.height": 1080,
		"dataset.file_size": 115769
	},
	"annotation": [
		{
			"annotation_type": "Polygon",
			"annotation_id": 493,
			"annotation_point_count": 152.0,
			"annotation_point": [
				65.30000000000109,
				494.0,
				78.40000000000146,
				510.0,
				88.701171875,
				525.435546875,
				101.31629343332679,
				542.1428032128097,
				113.24987518155285,
				557.4859797462414,
				123.47865953717519,
				572.1472373226352,
				127.91113275794487,
				577.2616295004445,
				134.04840337131827,
				578.6254674145275,
				141.54951189877465,
				579.307386371569,
				145.98198511954615,
				579.307386371569,
				149.3915799047536,
				573.8520347152371,
				153.48309364700253,
				564.3051693166562,
				157.23364791073072,
				555.4402228751169,
				160.30228321741743,
				548.2800738261831,
				161.6661211315004,
				545.5523979980171,
				163.02995904558338,
				546.5752764335775,
				163.71187800262487,
				548.2800738261831,
				163.02995904558338,
				551.6896686113905,
				161.32516165297966,
				554.7583039180754,
				160.98420217445891,
				556.4631013106809,
				163.02995904558338,
				563.9642098381373,
				163.02995904558338,
				572.8291562796767,
				163.37091852410413,
				580.671224285652,
				161.6661211315004,
				587.4904138560669,
				157.57460738925147,
				599.0830361257722,
				153.1421341684818,
				620.9044427511035,
				150.0734988617951,
				664.8882154802777,
				148.36870146919136,
				678.5265946211111,
				147.34582303362913,
				721.1465294362024,
				144.70000000000073,
				769.7999999999993,
				140.10000000000036,
				828.5,
				138.40000000000146,
				862.9000000000015,
				138.1396484375,
				871.8515625,
				138.1396484375,
				871.8515625,
				164.39379695966636,
				873.5554163349807,
				171.21298653008125,
				870.8277405068147,
				202.9222180325105,
				873.5554163349807,
				214.85579978073656,
				872.5325378994166,
				239.74584171275274,
				872.8734973779392,
				257.1347751173107,
				874.9192542490637,
				274.86466800038943,
				874.9192542490637,
				308.2786968954242,
				873.5554163349807,
				344.42040161862315,
				871.8506189423751,
				385.3355390411143,
				871.8506189423751,
				426.5916359421244,
				875.2602137275826,
				454.20935370230654,
				876.9650111201881,
				485.2366662476943,
				876.6240516416656,
				502.6255996522523,
				874.2373352920222,
				521.0,
				874.6000000000022,
				543.8816965532642,
				872.5325378994166,
				542.8588181177001,
				863.6675914578773,
				541.8359396821397,
				856.1664829304209,
				540.8130612465757,
				842.8690632681137,
				539.4492233324927,
				814.910386029409,
				538.4263448969323,
				762.0616668586954,
				535.3577095902438,
				734.7849085770322,
				532.9709932406004,
				675.1169998359001,
				532.2890742835589,
				659.0919043454269,
				526.833722627227,
				626.3597944074354,
				521.378370970895,
				605.2203067391492,
				513.5363029649161,
				576.579710543403,
				521.378370970895,
				591.5819275983158,
				524.106046799061,
				592.2638465553573,
				531.6071553265174,
				588.5132922916309,
				538.0853854184097,
				583.7398595923405,
				553.7695214303676,
				573.5110752367182,
				568.7717384852804,
				558.8498176603243,
				587.865234375,
				538.392578125,
				607.9820785151642,
				516.2298828452294,
				596.7304157239814,
				506.0010984896071,
				588.8883477180025,
				498.8409494406733,
				575.2499685771727,
				488.6121650850491,
				569.7946169208408,
				480.770097079072,
				558.542954129658,
				472.2461101160534,
				552.7466429948036,
				464.745001588597,
				539.4492233324927,
				452.4704603618502,
				524.2248563643334,
				437.5978501359168,
				519.9772777424005,
				433.1142949238765,
				517.3815352512192,
				430.5185524326953,
				514.785792760038,
				427.6868333514067,
				512.4260268589642,
				424.85511427011807,
				510.06626095789034,
				421.78741859872207,
				507.7064950568165,
				418.95569951743346,
				504.8747759755279,
				416.12398043614485,
				501.8070803041319,
				413.764214535071,
				498.7393846327359,
				411.40444863399716,
				495.9076655514473,
				409.2806593230307,
				492.6039932899457,
				407.628823192279,
				489.06434443833496,
				406.4489402417421,
				485.5246955867242,
				405.0330807010978,
				482.4569999153282,
				403.3812445703479,
				479.1533276538248,
				401.7294084395962,
				476.0856319824288,
				399.84159571873715,
				472.78195972092544,
				398.18975958798546,
				469.47828745942206,
				396.3019468671264,
				465.7026620177039,
				395.12206391658947,
				461.92703657598577,
				393.70620437594516,
				458.387387724375,
				392.29034483530086,
				454.84773887276606,
				391.11046188476394,
				451.3080900211553,
				389.930578934227,
				447.29648798932976,
				388.5147193935827,
				443.756839137719,
				387.5708130331532,
				430.306640625,
				382.1435546875,
				418.7495679361473,
				378.82321300136755,
				406.81640625,
				372.685546875,
				401.70159401011006,
				376.7774561302431,
				390.79089069744623,
				384.27856465769946,
				380.5621063418239,
				387.6881594429069,
				373.0609978143675,
				391.09775422811435,
				359.76357815205665,
				393.8254300562803,
				353.967267017204,
				393.8254300562803,
				335.21449569856304,
				393.8254300562803,
				321.2351570792125,
				391.77967318515584,
				310.3244537665487,
				390.41583527107286,
				300.09566941092635,
				387.6881594429069,
				296.6860746257189,
				385.64240257178244,
				291.5716824479059,
				380.5280103939713,
				281.3428980922836,
				369.61730708130744,
				278.2742627855969,
				370.29922603834893,
				269.75027582257826,
				372.68594238799415,
				262.93108625216337,
				375.4136182161601,
				258.15765355287294,
				377.8003345658053,
				244.59259708709578,
				381.1994451002538,
				240.58099505527025,
				383.08725782111287,
				236.8053696135521,
				384.5031173617572,
				233.26572076194134,
				385.9189769024015,
				229.72607191033057,
				387.0988598529384,
				226.4223996488272,
				388.7506959836901,
				222.64677420710905,
				390.4025321144418,
				219.57907853571487,
				391.5824150649787,
				215.80345309399672,
				392.7622980155156,
				212.26380424238596,
				393.70620437594516,
				208.4881788006678,
				394.6501107363747,
				204.94852994905705,
				395.8299936869116,
				201.40888109744628,
				397.2458532275559,
				198.1052088359429,
				398.8976893583076,
				195.0375131645469,
				401.49343184948884,
				191.9698174931509,
				403.8531977505627,
				189.1380984118623,
				405.9769870615273,
				185.83442615035892,
				408.33675296260117,
				182.76673047896475,
				410.4605422735676,
				179.69903480756875,
				413.05628476474885,
				176.63133913617276,
				415.1800740757153,
				173.56364346477676,
				417.0678867965744,
				170.25997120327338,
				419.4276526976482,
				166.95629894177,
				421.5514420086147,
				163.65262668026662,
				423.2032781393664,
				161.0568841890854,
				425.5630440404402,
				157.75321192758202,
				427.92280994151406,
				147.841796875,
				435.001953125,
				130.63880858611083,
				447.6970276625598,
				109.4990234375,
				463.0400390625
			]
		}
	],
	"metadata.model": {
		"metadata.model.gender": "FEMALE",
		"metadata.model.age": "20대",
		"metadata.model.job": "university student/graduate student",
		"metadata.model.type": "back",
		"metadata.model.usually_size": "S",
		"metadata.model.body_height": "161",
		"metadata.model.waist_height": "99",
		"metadata.model.chest_size_male": "null",
		"metadata.model.breast_size_female": "84.0",