{
	"dataset": {
		"dataset.id": 138818,
		"dataset.name": "01_sou_027764_138818_wear_02top_02t-shirt_woman",
		"dataset.image_path": "./008.의류 통합 데이터(3-1)/원천데이터/상품/상의/t-shirt/01_sou_027764_138818_wear_02top_02t-shirt_woman.jpg",
		"dataset.label_path": "./008.의류 통합 데이터(3-1)/라벨링데이터/상품/상의/t-shirt/01_sou_027764_138818_wear_02top_02t-shirt_woman.json",
		"dataset.category": 6,
		"dataset.type": 1,
		"dataset.width": 608,
		"dataset.height": 1080,
		"dataset.file_size": 43739
	},
	"annotation": [
		{
			"annotation_type": "Polygon",
			"annotation_id": 3,
			"annotation_point_count": 197.0,
			"annotation_point": [
				266.0544000000009,
				372.6720000000005,
				263.8080000000009,
				374.5727999999999,
				260.8703999999998,
				378.8927999999996,
				257.0688000000009,
				385.97760000000017,
				253.26720000000023,
				395.3088000000007,
				247.21919999999955,
				408.4416000000001,
				239.78880000000026,
				421.2288000000008,
				232.53119999999944,
				431.9423999999999,
				227.34720000000016,
				441.4464000000007,
				225.619200000001,
				445.2479999999996,
				225.79199999999946,
				447.84000000000015,
				228.72960000000057,
				449.5679999999993,
				233.7412109375,
				452.6787109375,
				233.7412109375,
				452.6787109375,
				240.5,
				457.2000000000007,
				246.20000000000073,
				460.60000000000036,
				252.70000000000073,
				462.5,
				256.89600000000064,
				462.7008000000005,
				258.7968000000001,
				462.1823999999997,
				260.6975999999995,
				460.1088,
				263.8080000000009,
				451.9871999999996,
				266.9184000000005,
				448.7039999999997,
				271.58400000000074,
				442.8287999999993,
				271.2384000000002,
				447.14880000000085,
				271.41120000000046,
				454.40639999999985,
				271.9295999999995,
				459.0720000000001,
				272.4480000000003,
				462.8736000000008,
				274.52160000000003,
				465.6383999999998,
				276.249600000001,
				467.3664000000008,
				276.767578125,
				469.4404296875,
				276.42239999999947,
				481.53600000000006,
				276.76800000000003,
				495.7055999999993,
				277.8047999999999,
				497.77920000000086,
				283.5072,
				500.54399999999987,
				287.481600000001,
				502.79039999999986,
				291.62890625,
				504.1728515625,
				298.8863999999994,
				506.0735999999997,
				308.7000000000007,
				506.90000000000146,
				317.40000000000146,
				506.60000000000036,
				328.8000000000011,
				505.60000000000036,
				338.28479999999945,
				504.6911999999993,
				348.10000000000036,
				502.40000000000146,
				354.2000000000007,
				502.40000000000146,
				367.5,
				501.90000000000146,
				379.58400000000074,
				501.5807999999997,
				389.43359375,
				500.5439453125,
				392.71680000000015,
				500.02560000000085,
				396.8639999999996,
				500.71680000000015,
				399.1103999999996,
				499.6800000000003,
				399.97440000000097,
				497.4336000000003,
				399.6288000000004,
				493.1136000000006,
				399.3000000000011,
				487.10000000000036,
				400.3000000000011,
				482.40000000000146,
				400.8000000000011,
				479.3000000000011,
				402.0480000000007,
				475.66079999999965,
				401.3000000000011,
				472.90000000000146,
				400.3000000000011,
				470.10000000000036,
				400.10000000000036,
				466.0,
				401.0,
				462.90000000000146,
				402.2000000000007,
				460.3000000000011,
				402.0480000000007,
				456.3071999999993,
				404.46720000000096,
				454.40639999999985,
				405.5040000000008,
				451.2960000000003,
				406.8863999999994,
				445.9392000000007,
				407.92319999999927,
				445.2479999999996,
				409.9968000000008,
				452.851200000001,
				412.9344000000001,
				461.83680000000095,
				416.7360000000008,
				472.2047999999995,
				419.3279999999995,
				471.16799999999967,
				424.16640000000007,
				472.5504000000001,
				426.41280000000006,
				472.03199999999924,
				430.38671875,
				469.9580078125,
				437.8176000000003,
				467.1936000000005,
				445.2479999999996,
				463.21919999999955,
				449.22240000000056,
				459.7631999999994,
				451.9871999999996,
				456.9984000000004,
				448.7039999999997,
				448.7039999999997,
				443.6928000000007,
				436.2623999999996,
				439.2000000000007,
				422.95679999999993,
				432.633600000001,
				404.9856,
				428.4863999999998,
				393.40799999999945,
				423.8207999999995,
				380.7936000000009,
				422.0927734375,
				377.5107421875,
				417.220000000003,
				374.58000000000175,
				406.4200000000019,
				369.2800000000025,
				395.1200000000026,
				364.9800000000014,
				382.51953125,
				360.2802734375,
				380.7599999999984,
				359.7599999999984,
				378.8399999999983,
				359.3999999999978,
				376.91999999999825,
				359.15999999999804,
				375.119999999999,
				358.91999999999825,
				373.4399999999987,
				358.7999999999993,
				371.27999999999884,
				358.4399999999987,
				369.59999999999854,
				358.3199999999979,
				366.119999999999,
				358.5599999999995,
				368.5199999999986,
				361.4399999999987,
				369.119999999999,
				361.5599999999995,
				371.03999999999905,
				361.7999999999993,
				373.0799999999981,
				362.15999999999804,
				374.8799999999992,
				362.3999999999978,
				376.6799999999985,
				363.119999999999,
				377.8799999999992,
				364.5599999999995,
				379.3199999999979,
				365.9999999999982,
				380.8799999999992,
				367.3199999999979,
				382.1999999999989,
				369.119999999999,
				383.3999999999978,
				370.7999999999993,
				384.119999999999,
				372.59999999999854,
				384.59999999999854,
				374.6399999999994,
				383.7599999999984,
				375.9599999999991,
				382.91999999999825,
				377.9999999999982,
				382.1999999999989,
				380.03999999999905,
				381.119999999999,
				382.4399999999987,
				380.5199999999986,
				383.9999999999982,
				378.9599999999991,
				386.15999999999804,
				377.6399999999994,
				387.9599999999991,
				376.5599999999995,
				389.7599999999984,
				374.9999999999982,
				391.1999999999989,
				373.0799999999981,
				391.7999999999993,
				370.5599999999995,
				392.27999999999884,
				368.8799999999992,
				392.3999999999978,
				367.3199999999979,
				393.119999999999,
				365.03999999999905,
				394.0799999999981,
				363.47999999999956,
				394.1999999999989,
				361.7999999999993,
				394.7999999999993,
				359.8799999999992,
				395.6399999999994,
				357.59999999999854,
				395.6399999999994,
				355.7999999999993,
				395.5199999999986,
				353.6399999999994,
				395.8799999999992,
				352.3199999999979,
				396.119999999999,
				350.5199999999986,
				396.59999999999854,
				348.35999999999876,
				397.1999999999989,
				346.7999999999993,
				398.15999999999804,
				345.23999999999796,
				399.119999999999,
				343.5599999999995,
				400.7999999999993,
				342.71999999999935,
				402.59999999999854,
				341.9999999999982,
				403.6799999999985,
				341.03999999999905,
				405.23999999999796,
				340.2001953125,
				406.2001953125,
				338.8799999999992,
				407.03999999999905,
				337.3199999999979,
				407.8799999999992,
				335.7599999999984,
				408.35999999999876,
				334.2001953125,
				408.240234375,
				332.40000000000146,
				407.70000000000255,
				331.1000000000022,
				407.1000000000022,
				329.70000000000255,
				406.8000000000029,
				328.1000000000022,
				406.5000000000018,
				326.70000000000255,
				406.0000000000018,
				325.1000000000022,
				405.40000000000146,
				323.70000000000255,
				405.1000000000022,
				322.0000000000018,
				404.8000000000029,
				320.6000000000022,
				403.6000000000022,
				319.40000000000146,
				402.6000000000022,
				317.90000000000146,
				401.90000000000146,
				316.6000000000022,
				401.20000000000255,
				315.1000000000022,
				400.90000000000146,
				313.70000000000255,
				400.6000000000022,
				312.099609375,
				399.900390625,
				310.9300000000021,
				399.1100000000024,
				309.83000000000175,
				398.1100000000024,
				308.83000000000175,
				397.51000000000204,
				307.83000000000175,
				396.3100000000013,
				307.0300000000025,
				395.01000000000204,
