{
	"dataset": {
		"dataset.id": 530805,
		"dataset.name": "01_sou_106161_530805_wear_02top_02t-shirt_woman",
		"dataset.image_path": "./008.의류 통합 데이터(3-1)/원천데이터/상품/상의/t-shirt/01_sou_106161_530805_wear_02top_02t-shirt_woman.jpg",
		"dataset.label_path": "./008.의류 통합 데이터(3-1)/라벨링데이터/상품/상의/t-shirt/01_sou_106161_530805_wear_02top_02t-shirt_woman.json",
		"dataset.category": 6,
		"dataset.type": 1,
		"dataset.width": 1668,
		"dataset.height": 3962,
		"dataset.file_size": 311227
	},
	"annotation": [
		{
			"annotation_type": "Polygon",
			"annotation_id": 100,
			"annotation_point_count": 109.0,
			"annotation_point": [
				676.0,
				1768.0,
				603.0,
				1945.0,
				572.0,
				2068.0,
				574.86328125,
				2086.75,
				665.5843187745195,
				2118.2246357306867,
				691.0,
				2088.0,
				696.0,
				2130.0,
				688.0,
				2265.0,
				662.0,
				2426.0,
				664.9000000000015,
				2439.7000000000007,
				720.9000000000015,
				2452.100000000002,
				797.7999999999993,
				2444.7000000000007,
				992.5,
				2469.100000000002,
				1109.6000000000022,
				2498.2000000000007,
				1146.9000000000015,
				2487.100000000002,
				1128.4000000000015,
				2412.600000000002,
				1123.0,
				2449.600000000002,
				1102.5,
				2470.0,
				1085.861341396303,
				2420.0094581419216,
				1098.8214257943291,
				2353.357595523492,
				1130.2959164752574,
				2275.597089135321,
				1126.593035218677,
				2245.974039082681,
				1130.2999999999993,
				2120.100000000002,
				1111.7815101923588,
				2016.3954011747483,
				1148.810322758156,
				1997.8809948918497,
				1208.0564228634285,
				1999.7324355201417,
				1239.5,
				2018.2000000000007,
				1227.2999999999993,
				1918.2999999999993,
				1221.0,
				1865.0,
				1224.1000000000022,
				1826.2999999999993,
				1227.2999999999993,
				1795.1000000000022,
				1217.4000000000015,
				1749.6000000000022,
				1202.7000000000007,
				1619.2000000000007,
				1191.181496392881,
				1583.3160909276958,
				1189.0285668083052,
				1576.4267162570504,
				1186.014465389897,
				1570.398513420234,
				1185.153293556068,
				1564.3703105834174,
				1182.5697780545743,
				1558.3421077466046,
				1180.847434386913,
				1551.8833189928737,
				1178.6945048023372,
				1544.563358405314,
				1176.1109893008434,
				1537.6739837346686,
				1173.9580597162676,
				1530.3540231471052,
				1173.0968878824388,
				1523.8952343933743,
				1171.8051301316918,
				1516.5752738058145,
				1170.0827864640305,
				1509.2553132182547,
				1168.7910287132836,
				1502.7965244645238,
				1167.4992709625367,
				1495.476563876964,
				1166.6380991287078,
				1487.7260173724862,
				1164.9157554610465,
				1481.2672286187553,
				1163.6239977102996,
				1474.37785394811,
				1161.4710681257238,
				1466.6273074436322,
				1158.88755262423,
				1461.4602764406482,
				1155.8734512058218,
				1453.709729936174,
				1153.2899357043316,
				1448.9732848501044,
				1148.553490618262,
				1442.945082013288,
				1144.678217366025,
				1437.778051010304,
				1140.8029441137842,
				1432.1804340904055,
				1136.4970849446327,
				1427.0134030874215,
				1130.8994680247342,
				1420.985200250605,
				1126.1630229386647,
				1417.1099269983679,
				1121.8571637695095,
				1412.8040678292164,
				1116.259546849611,
				1408.4982086600612,
				1110.2313440127946,
				1405.0535213247385,
				1104.2031411759817,
				1402.4700058232447,
				1097.7443524222508,
				1400.317076238669,
				1090.424391834691,
				1398.1641466540932,
				1085.2578125,
				1397.734375,
				1045.1296475739255,
				1407.2714344674096,
				993.2893099818102,
				1429.488722006885,
				924.7860067350884,
				1455.4088908029444,
				835.9168565771797,
				1472.071856457551,
				844.435546875,
				1442.681640625,
				841.1462438124727,
				1442.979768101035,
				835.1658838553158,
				1444.1758400924664,
				830.0825778917315,
				1445.9699480796153,
				825.8963259217198,
				1447.4650380689054,
				821.7100739517082,
				1448.362092062478,
				816.3277499902688,
				1449.8571820517682,
				811.5434620245396,
				1451.3522720410583,
				808.2542640481042,
				1452.8473620303448,
				804.0680120780926,
				1455.837542008925,
				799.283724112367,
				1458.5287039896466,
				796.2935441337904,
				1461.817901966082,
				792.1072921637788,
				1464.5090639468035,
				787.3230041980532,
				1467.200225927525,
				783.4357702259003,
				1469.5923699103878,
				778.9505002580299,
				1471.9845138932506,
				775.3622842837358,
				1474.9746938718308,
				772.0730863073004,
				1478.562909846125,
				768.783888330865,
				1482.749161816133,
				766.0927263501435,
				1486.9354137861446,
				763.401564369422,
				1490.8226477582975,
				760.4113843908417,
				1494.4108637325917,
				757.1221864144063,
				1498.8961337004584,
				753.8329884379709,
				1503.6804216661876,
				751.1418264572494,
				1507.5676556383405,
				749.6467364679593,
				1511.7539076083485,
				746.9555744872378,
				1515.3421235826427,
				746.0585204936651,
				1520.1264115483682,
				743.3673585129436,
				1524.013645520521,
				741.5732505257947,
				1528.4989154883915,
				739.7791425386495,
				1532.9841854562583,
				737.6860165536418,
				1537.7684734219838,
				735.2938725707791,
				1542.2537433898542,
				732.6027105900612,
				1547.0380313555797,
				730.5095846050535,
				1551.5233013234465,
				728.4164586200495,
				1555.7095532934582,
				726.3233326350455,
				1559.8958052634698,
				713.2000000000007,
				1586.5
			]
		}
	],
	"metadata.model": {
		"metadata.model.gender": "FEMALE",
		"metadata.model.age": "30대",
		"metadata.model.job": "office job",
		"metadata.model.type": "wear",
		"metadata.model.usually_size": "S",
		"metadata.model.body_height": "165",
		"metadata.model.waist_height": "104",
		"metadata.model.chest_size_male": "null",
		"metadata.model.breast_size_female": "82.0",
		"metadata.model.waist_size": "71",
		"metadata.model.hip_seize": "90",
		"metadata.model.back_length": "40",
		"metadata.model.shoulders_width": "41",
		"metadata.model.arm_length": "53",
		"metadata.model.weight": "52"
	},
	"metadata.clothes": {
		"metadata.clothes.type": "02top_02t-shirt",
		"metadata.clothes.season": "spring&fall",
		"metadata.clothes.fiber_composition": "Polyurethane,Viscos rayon",
		"metadata.clothes.elasticity": "contain a lot",
		"metadata.clothes.transparency": "contain a lot",
		"metadata.clothes.isfleece": "fleece_none",
		"metadata.clothes.color": "Pink",
		"metadata.clothes.washing_method": "Washing30",
		"metadata.clothes.bleach": "Do not chlorine bleach",
		"metadata.clothes.ironing": "Ironing 80~120℃",
		"metadata.clothes.drycleaning": "DO NOT DRYCLEAN",
		"metadata.clothes.wringing": "none",
		"metadata.clothes.drying": "Line dry in shade",
		"metadata.clothes.top_length_type": "normal",
		"metadata.clothes.sleeve_length_type": "long sleeves",
		"metadata.clothes.topneck_color_design": "boat neck",
		"metadata.clothes.topsleeve_design": "basic sleeve",
		"metadata.clothes.pants_silhouette": "null",
		"metadata.clothes.skirt_design": "null",
		"metadata.top.front_length": "56.0",
		"metadata.top.chest_size": "94.0",
		"metadata.top.waist_size": "88.0",
		"metadata.top.hem_size": "104.0",
		"metadata.top.shoulder_width": "52.0",
		"metadata.top.sleeve_length": "35.0",
		"metadata.top.sleeve_cuff_size": "22.0",
		"metadata.pants.pants_length": "null",
		"metadata.pants.waist_size": "null",
		"metadata.pants.hip_size": "null",
		"metadata.pants.front_rise_length": "null",
		"metadata.pants.back_rise_length": "null",
		"metadata.pants.inner_seam_length": "null",
		"metadata.pants.pants_waist_size": "null",
		"metadata.skirt.length": "null",
		"metadata.skirt.waist_size": "null",
		"metadata.skirt.hip_size": "null",
		"metadata.skirt.hem_size": "null",
		"metadata.dress.front_length": "null",
		"metadata.dress.chest_size": "null",
		"metadata.dress.waist_size": "null",
		"metadata.dress.hip_size": "null",
		"metadata.dress.hem_size": "null",
		"metadata.dress.shoulder_width": "null",