{
	"dataset": {
		"dataset.id": 338917,
		"dataset.name": "01_sou_067784_338917_back_02top_02t-shirt_woman",
		"dataset.image_path": "./008.의류 통합 데이터(3-1)/원천데이터/상품/상의/t-shirt/01_sou_067784_338917_back_02top_02t-shirt_woman.jpg",
		"dataset.label_path": "./008.의류 통합 데이터(3-1)/라벨링데이터/상품/상의/t-shirt/01_sou_067784_338917_back_02top_02t-shirt_woman.json",
		"dataset.category": 6,
		"dataset.type": 1,
		"dataset.width": 3456,
		"dataset.height": 4608,
		"dataset.file_size": 927882
	},
	"annotation": [
		{
			"annotation_type": "Polygon",
			"annotation_id": 31,
			"annotation_point_count": 201.0,
			"annotation_point": [
				229.90000000000146,
				1679.0,
				280.8984375,
				1764.203125,
				306.9253987527809,
				1802.8714412253103,
				356.7481282082954,
				1852.6941706808266,
				440.0338849100517,
				1982.8281655273204,
				462.3425697408802,
				2017.7784384289498,
				501.01095678098136,
				2063.8830537459944,
				535.2176068549161,
				2103.2950636137884,
				553.3000000000011,
				2118.6000000000004,
				695.0966796875,
				2053.47265625,
				719.6360681230926,
				2056.446825469051,
				727.815919227729,
				2074.293773333713,
				727.81640625,
				2109.244140625,
				754.5863410247221,
				2155.348661552387,
				774.6641573724664,
				2178.4009692109084,
				765.1368617040498,
				2205.492636069468,
				745.8621580102135,
				2248.325310944656,
				713.7373046875,
				2306.1494140625,
				709.2000000000007,
				2353.6000000000004,
				705.5072343969005,
				2390.333475103771,
				709.2253485353722,
				2417.103896900764,
				715.1743311569262,
				2442.3870730423696,
				709.9689713630669,
				2542.7761547810933,
				715.9179539846209,
				2590.3680157535255,
				718.8924452953979,
				2687.782606181474,
				715.1743311569262,
				2837.9944173757103,
				706.9944800522899,
				2991.180719880729,
				706.9944800522899,
				3040.259826508547,
				710.7125941907616,
				3064.055756994763,
				703.2763659138182,
				3126.5200745210823,
				706.2508572245952,
				3192.7025061858694,
				710.7125941907616,
				3220.2165508105572,
				706.9944800522899,
				3249.9614639183274,
				677.9931897722145,
				3324.3237466877545,
				672.8000000000011,
				3351.7999999999993,
				664.1000000000004,
				3405.4000000000015,
				663.4627997190728,
				3461.5965206801193,
				667.0321892920056,
				3505.321542948539,
				666.1000000000004,
				3528.5,
				652.7546310002745,
				3565.108818295157,
				574.8000000000011,
				3764.7000000000007,
				557.6000000000004,
				3924.7999999999993,
				566.8000000000011,
				3945.100000000002,
				609.0117617839842,
				3962.424710437408,
				675.830734589279,
				3966.2796511761735,
				837.7382456174946,
				3964.9946709299184,
				981.6560331981291,
				3961.139730191153,
				1164.123046875,
				3945.720703125,
				1514.0,
				3934.7999999999993,
				2086.0,
				3925.9000000000015,
				2282.6000000000004,
				3903.5,
				2354.546626520989,
				3902.5214795045285,
				2399.473839027518,
				3911.816764850704,
				2440.7862183438647,
				3911.816764850704,
				2460.9260032605835,
				3904.0706937288924,
				2523.9273817180147,
				3902.5214795045285,
				2573.5022368976315,
				3903.5542889874378,
				2664.389471393595,
				3907.685526919071,
				2703.6362317441235,
				3902.005074763074,
				2732.0,
				3902.5,
				2763.0227770113743,
				3908.71833640198,
				2796.5890852059056,
				3919.046431231065,
				2822.409322278625,
				3921.628454938338,
				2851.3279878000685,
				3920.0792407139743,
				2855.9756304731563,
				3910.7839553677986,
				2851.844392541523,
				3868.9551713099936,
				2845.647535644068,
				3831.7740299252837,
				2838.417869263707,
				3794.0764837991155,
				2837.3850597808014,
				3786.8468174187547,
				2830.2000000000007,
				3747.100000000002,
				2814.6640625,
				3650.0,
				2784.600000000002,
				3525.0,
				2775.3441941424753,
				3327.979892257252,
				2779.681993970691,
				3285.8412653545784,
				2776.5835655219635,
				3258.575095005788,
				2767.288280175788,
				3161.904127405538,
				2758.6126805193526,
				2997.067733933309,
				2759.8520518988444,
				2947.492878753692,
				2744.359375,
				2876.849609375,
				2720.7000000000007,
				2685.5,
				2741.2000000000007,
				2458.6000000000004,
				2743.089553991238,
				2392.244172647157,
				2744.948611060474,
				2339.5708890188143,
				2747.0142300262887,
				2288.0336958216703,
				2743.39939683611,
				2251.885363919866,
				2731.5220877826614,
				2214.1878177936997,
				2734.5,
				2191.800000000001,
				2734.6205162313854,
				2180.105104857712,
				2736.685546875,
				2140.341796875,
				2749.600000000002,
				2116.1000000000004,
				2772.9000000000015,
				2111.5,
				2872.0,
				2183.7000000000007,
				2890.574748150597,
				2194.5644376184337,
				2907.600000000002,
				2202.300000000001,
				2921.042627896404,
				2198.6956755500687,
				2932.4035322083982,
				2188.8839854624366,
				2954.6089360909355,
				2156.8668914922673,
				2991.2736727341944,
				2110.906869502831,
				3047.045384811263,
				2044.290657855221,
				3083.7109375,
				1986.9697265625,
				3116.7600249075986,
				1940.4933048228977,
				3166.9000000000015,
				1866.1000000000004,
				3220.040973198469,
				1782.9898586793224,
				3264.45178096354,
				1724.6361228949827,
				3269.615828378086,
				1705.5291474611713,
				3258.771484375,
				1698.8154296875,
				3222.600000000002,
				1675.6000000000004,
				3197.7999999999993,
				1660.1000000000004,
				3148.7771188777697,
				1632.7160789161098,
				3078.5460740399794,
				1588.82167589249,
				2996.955078125,
				1533.56640625,
				2982.2000000000007,
				1519.300000000001,
				2947.172707813992,
				1498.5541270862705,
				2921.4000000000015,
				1475.7000000000007,
				2895.119109875395,
				1458.3778382011224,
				2875.805572545003,
				1447.223495785709,
				2854.942820990247,
				1433.1256463440059,
				2845.286052325053,
				1427.135351343135,
				2815.4000000000015,
				1405.9000000000015,
				2791.734880636235,
				1386.2360958199515,
				2765.708081666937,
				1366.1995918515222,
				2745.6715776985075,
				1351.3271352976371,
				2735.4000000000015,
				1341.300000000001,
				2714.42909084052,
				1323.8027625781215,
				2689.899865621439,
				1307.4327322740191,
				2666.2000000000007,
				1293.300000000001,
				2655.662231263017,
				1284.4010808051553,
				2641.564381821314,
				1275.4672787779946,
				2614.2000000000007,
				1264.5,
				2597.669978797694,
				1257.599674723675,
				2579.0794081053373,
				1250.1634464467315,
				2558.2000000000007,
				1240.800000000001,
				2537.044062150955,
				1237.201687436229,
				2514.3222535269633,
				1232.0376400216846,
				2493.7000000000007,
				1225.300000000001,
				2473.5,
				1218.6000000000004,
				2449.771484375,
				1213.9638671875,
				2174.6000000000004,
				1131.4000000000015,
				2124.9840627548747,
				1115.3301684530015,
				2118.787205857423,
				1100.4577118991165,
				2090.281664129143,
				1091.162426552939,
				2067.3532936085703,
				1086.8246267247214,
				2041.946180329016,
				1071.3324844810923,
				2015.9193813597176,
				1052.1222280989896,
				1996.708984375,
				1053.9814453125,
				1986.8960798439402,
				1067.3642156233818,
				1963.7664354113385,
				1091.7788403022405,
				1934.2118897474575,
				1126.473306951144,
				1891.8076171875,
				1143.177734375,
				1831.4000000000015,
				1170.2000000000007,
				1773.5893589654988,
				1180.442477293882,
				1754.300000000001,
				1192.4000000000015,
				1724.7601096077833,
				1193.2922797564388,
				1683.6407417276023,
				1163.7377340925577,
				1620.6767096610747,
				1136.7531489211888,
				1588.5522035046815,
				1134.1831884286767,
				1554.0848502839963,
				1110.579244831626,
				1543.3264181703653,
				1106.2758719861722,
				1509.3297726912879,
				1086.4803568970892,
				1487.800000000001,
				1066.7000000000007,
				1473.1814407894835,
				1051.1926995643753,
				1456.4000000000015,
				1036.6000000000004,
				1440.0458984375,
