{
	"dataset": {
		"dataset.id": 24168,
		"dataset.name": "01_sou_004834_024168_wear_02top_02t-shirt_man",
		"dataset.image_path": "./008.의류 통합 데이터(3-1)/원천데이터/상품/상의/t-shirt/01_sou_004834_024168_wear_02top_02t-shirt_man.jpg",
		"dataset.label_path": "./008.의류 통합 데이터(3-1)/라벨링데이터/상품/상의/t-shirt/01_sou_004834_024168_wear_02top_02t-shirt_man.json",
		"dataset.category": 6,
		"dataset.type": 1,
		"dataset.width": 810,
		"dataset.height": 1080,
		"dataset.file_size": 54104
	},
	"annotation": [
		{
			"annotation_type": "Polygon",
			"annotation_id": 109,
			"annotation_point_count": 64.0,
			"annotation_point": [
				428.8662109375,
				306.970703125,
				427.08593430268957,
				312.3105556936607,
				416.4067896381366,
				317.3958626767817,
				387.0,
				326.0,
				365.0,
				340.2000000000007,
				315.5,
				429.5,
				336.8212890625,
				441.986328125,
				353.09471769828633,
				450.37664028538165,
				367.8421079493364,
				455.2076819193462,
				375.9785991223289,
				454.6991512210352,
				380.30111005798244,
				443.76574120732585,
				387.4205398343511,
				440.20602631914153,
				389.2003972784423,
				445.2913333022625,
				384.0,
				474.0,
				384.5,
				523.0,
				378.2666015625,
				589.96875,
				379.0,
				615.6000000000004,
				389.96319332591156,
				619.4630974741394,
				419.71223917716634,
				623.0228123623237,
				444.63024339445656,
				623.5313430606366,
				469.29398226259036,
				624.5484044572604,
				491.6693329883201,
				624.0398737589476,
				547.0991791043343,
				617.1747093317354,
				560.3209772604478,
				615.1405865384877,
				558.2868544672001,
				584.1202139414509,
				555.998466324796,
				568.8642929920898,
				558.2868544672001,
				536.0640629509635,
				554.4728742298594,
				505.8064864013959,
				547.8619751518017,
				486.73658521469406,
				554.7000000000007,
				447.3000000000011,
				560.8000000000011,
				456.8000000000011,
				564.3896484375,
				456.9873046875,
				575.8311635589653,
				453.42782447525497,
				595.6638607931345,
				445.7998640005735,
				598.7150449830078,
				443.76574120732585,
				601.0034331254119,
				444.02000655648226,
				601.8000000000011,
				446.60000000000036,
				612.7000000000007,
				440.60000000000036,
				597.6982421875,
				402.8291015625,
				589.8157577625461,
				373.84277018941793,
				584.2219200811141,
				361.63803342993015,
				575.8000000000011,
				345.5,
				564.0,
				334.0,
				549.0,
				325.0,
				521.9269095378877,
				317.3958626767817,
				521.4183788395767,
				314.3446784869084,
				516.0788065072993,
				309.0051061546328,
				510.7392578125,
				306.970703125,
				498.2802734375,
				307.7333984375,
				502.60274300202946,
				311.8020249953479,
				514.8074797615191,
				316.88733197846886,
				508.45084603261785,
				320.4470468666532,
				504.63686579527894,
				324.5152924531503,
				493.19492508325675,
				329.3463340871149,
				474.37928924571133,
				333.92311037192303,
				470.3110436592142,
				334.68590641939045,
				457.85204155057,
				334.17737572107944,
				446.91863153686063,
				330.1091301345823,
				440.5619978079594,
				323.7524964056811,
				436.7480175706187,
				320.19278151749677,
				434.4596294282146,
				315.1074745343776,
				436.7480175706187,
				309.0051061546328,
				438.27360966555534,
				306.2081873139159,
				433.18830268243437,
				306.71671801222874
			]
		}
	],
	"metadata.model": {
		"metadata.model.gender": "MALE",
		"metadata.model.age": "50대 이상",
		"metadata.model.job": "service job",
		"metadata.model.type": "wear",
		"metadata.model.usually_size": "M",
		"metadata.model.body_height": "173",
		"metadata.model.waist_height": "94",
		"metadata.model.chest_size_male": "104.0",
		"metadata.model.breast_size_female": "null",
		"metadata.model.waist_size": "90",
		"metadata.model.hip_seize": "96",
		"metadata.model.back_length": "52",
		"metadata.model.shoulders_width": "45",
		"metadata.model.arm_length": "57",
		"metadata.model.weight": "70"
	},
	"metadata.clothes": {
		"metadata.clothes.type": "02top_02t-shirt",
		"metadata.clothes.season": "summer",
		"metadata.clothes.fiber_composition": "Cotton",
		"metadata.clothes.elasticity": "contain little",
		"metadata.clothes.transparency": "none at all",
		"metadata.clothes.isfleece": "fleece_none",
		"metadata.clothes.color": "Black",
		"metadata.clothes.washing_method": "none",
		"metadata.clothes.bleach": "none",
		"metadata.clothes.ironing": "none",
		"metadata.clothes.drycleaning": "none",
		"metadata.clothes.wringing": "none",
		"metadata.clothes.drying": "none",
		"metadata.clothes.top_length_type": "long",
		"metadata.clothes.sleeve_length_type": "short sleeves",
		"metadata.clothes.topneck_color_design": "round neck",
		"metadata.clothes.topsleeve_design": "basic sleeve",
		"metadata.clothes.pants_silhouette": "null",
		"metadata.clothes.skirt_design": "null",
		"metadata.top.front_length": "66.0",
		"metadata.top.chest_size": "108.0",
		"metadata.top.waist_size": "106.0",
		"metadata.top.hem_size": "110.0",
		"metadata.top.shoulder_width": "47.0",
		"metadata.top.sleeve_length": "22.0",
		"metadata.top.sleeve_cuff_size": "34.0",
		"metadata.pants.pants_length": "null",
		"metadata.pants.waist_size": "null",
		"metadata.pants.hip_size": "null",
		"metadata.pants.front_rise_length": "null",
		"metadata.pants.back_rise_length": "null",
		"metadata.pants.inner_seam_length": "null",
		"metadata.pants.pants_waist_size": "null",
		"metadata.skirt.length": "null",
		"metadata.skirt.waist_size": "null",
		"metadata.skirt.hip_size": "null",
		"metadata.skirt.hem_size": "null",
		"metadata.dress.front_length": "null",
		"metadata.dress.chest_size": "null",
		"metadata.dress.waist_size": "null",
		"metadata.dress.hip_size": "null",
		"metadata.dress.hem_size": "null",
		"metadata.dress.shoulder_width": "null",
		"metadata.dress.sleeve_length": "null",
		"metadata.dress.cuff_size": "null",
		"metadata.jumpsuit.front_length": "null",
		"metadata.jumpsuit.inner_seam_length": "null",
		"metadata.jumpsuit.chest_size": "null",
		"metadata.jumpsuit.waist_size": "null",
		"metadata.jumpsuit.hip_size": "null",
		"metadata.jumpsuit.shoulder_width": "null",
		"metadata.jumpsuit.sleeve_length": "null",
		"metadata.jumpsuit.cuffs_size": "null",
		"metadata.jumpsuit.front_rise_length": "null",
		"metadata.jumpsuit.back_rise_length": "null",
		"metadata.jumpsuit.pants_waist_size": "null"
	}
}