{
	"dataset": {
		"dataset.id": 415355,
		"dataset.name": "01_sou_083071_415355_wear_02top_02t-shirt_man",
		"dataset.image_path": "./008.의류 통합 데이터(3-1)/원천데이터/상품/상의/t-shirt/01_sou_083071_415355_wear_02top_02t-shirt_man.jpg",
		"dataset.label_path": "./008.의류 통합 데이터(3-1)/라벨링데이터/상품/상의/t-shirt/01_sou_083071_415355_wear_02top_02t-shirt_man.json",
		"dataset.category": 6,
		"dataset.type": 1,
		"dataset.width": 3000,
		"dataset.height": 4000,
		"dataset.file_size": 1077774
	},
	"annotation": [
		{
			"annotation_type": "Polygon",
			"annotation_id": 200,
			"annotation_point_count": 137.0,
			"annotation_point": [
				1243.921875,
				1468.611328125,
				1201.4196517296768,
				1590.4497663046895,
				1210.8644226589058,
				1598.0055830480742,
				1229.2817259709082,
				1610.7560238025362,
				1254.7826074798286,
				1623.0342260105353,
				1274.144387884753,
				1632.006758393305,
				1272.255433698905,
				1693.3977694333043,
				1281.0,
				1746.0,
				1284.0,
				1844.0,
				1273.0,
				1942.0,
				1241.0,
				2121.0,
				1233.626953125,
				2207.05078125,
				1239.765421702352,
				2258.9978765302876,
				1252.515862456814,
				2265.60921618075,
				1252.515862456814,
				2278.831895481675,
				1251.5713853638917,
				2285.9154736785968,
				1251.0991468174288,
				2292.9990518755185,
				1251.5713853638917,
				2299.610391525981,
				1257.2382479214284,
				2304.8050155370584,
				1263.377349025428,
				2308.5829239087507,
				1266.2107803041981,
				2314.2497864662873,
				1269.5164501294312,
				2326.055750127827,
				1287.5,
				2341.600000000002,
				1347.0,
				2347.0,
				1433.0,
				2373.0,
				1600.0,
				2394.0,
				1725.6044383019798,
				2398.024904608563,
				1744.4939801604414,
				2399.441620247948,
				1788.884403527827,
				2398.969381701485,
				1795.9679817247488,
				2396.6081889691777,
				1801.6348442822855,
				2393.7747576904076,
				1806.8294682933629,
				2386.218940947023,
				1816.2742392225955,
				2383.8577482147157,
				1823.3578174195172,
				2380.0798398430234,
				1831.3858727093648,
				2376.774170017794,
				1836.1082581739793,
				2373.468500192561,
				1841.775120731516,
				2368.273876181487,
				1847.9142218355191,
				2363.551490716869,
				1850.748046875,
				2357.412109375,
				1847.800000000003,
				2255.300000000003,
				1843.5,
				2223.5,
				1826.0,
				2189.0,
				1842.0,
				2113.0,
				1842.0,
				2032.0,
				1826.0,
				1968.0,
				1823.0,
				1891.0,
				1856.3200679625297,
				1827.8724179236888,
				1848.3864603819784,
				1781.9708312076255,
				1813.2519125252402,
				1655.0331099187642,
				1856.3200679625297,
				1660.133286220549,
				1922.0556736299768,
				1655.5997961745197,
				2014.4255333178553,
				1651.0663061284868,
				2034.259552269239,
				1655.5997961745197,
				2035.9596110364982,
				1676.000501381659,
				2043.326171875,
				1660.69921875,
				2034.0,
				1546.0,
				2005.335885775563,
				1438.6042951212585,
				1995.8155566788992,
				1393.04272015865,
				1994.4555096650874,
				1384.2024145688883,
				1993.0954626512794,
				1373.3220384584165,
				1989.6953451167574,
				1364.481732868655,
				1986.9752510891376,
				1353.6013567581795,
				1984.2551570615215,
				1344.0810276615157,
				1980.8550395269958,
				1332.520628044138,
				1978.814969006282,
				1322.3202754405684,
				1972.6947574441401,
				1314.1599933577127,
				1967.2545693889042,
				1304.639664261049,
				1961.8143813336683,
				1295.1193351643851,
				1954.3341227577184,
				1287.6390765884353,
				1946.1738406748627,
				1280.8388415193876,
				1936.6535115781953,
				1274.03860645034,
				1927.1331824815315,
				1269.9584654089122,
				1916.2528063710597,
				1266.5583478743902,
				1907.4125007812981,
				1261.1181598191542,
				1897.8921716846344,
				1256.3579952708205,
				1889.0518660948728,
				1250.9178072155846,
				1879.531536998209,
				1246.157642667251,
				1872.0512784222592,
				1239.357407598207,
				1864.5703125,
				1232.556640625,
				1823.7000000000007,
				1192.7000000000007,
				1773.0,
				1162.0,
				1743.8328461953934,
				1119.2312551035066,
				1739.8660424051159,
				1110.730961267196,
				1726.832258522776,
				1112.3743514088856,
				1717.198592174962,
				1114.6977650574736,
				1709.8316708501625,
				1118.664568847751,
				1700.7646907581002,
				1122.064686382273,
				1692.2643969217934,
				1125.4081352912217,
				1683.7641030854866,
				1129.998293962828,
				1675.8304955049316,
				1134.5317840088574,
				1667.8968879243766,
				1138.4985877991348,
				1659.3965940880698,
				1141.2753504523316,
				1652.0296727632704,
				1146.4321953796898,
				1644.0960651827154,
				1150.9656854257191,
				1635.5957713464086,
				1155.442506846175,
				1628.795536277361,
				1161.1093694037154,
				1594.2276746763782,
				1184.9101921453766,
				1585.160694584316,
				1189.500350816983,
				1577.227087003761,
				1192.843799725928,
				1569.2934794232096,
				1196.8106035162054,
				1561.9265580984102,
				1201.4007621878118,
				1555.1263230293625,
				1207.5776423755306,
				1547.759401704563,
				1220.0447400021148,
				1530.192127776194,
				1217.8346636046736,
				1522.8252064513945,
				1238.7453864419913,
				1510.924795080562,
				1267.6463854854373,
				1500.1577562212406,
				1281.8135418792845,
				1505.2579325230254,
				1257.5027015074447,
				1497.891011198226,
				1236.53531004455,
				1492.2241486406856,
				1220.6680948834437,
				1489.957403617671,
				1217.8346636046736,
				1478.0569922468385,
				1225.201584929473,
				1477.490234375,
				1165.69921875,
				1457.0,
				1209.0,
				1381.95703125,
				1258.560546875,
				1362.1224290905375,
				1274.144387884753,
				1355.983327986538,
				1276.9778191635232,
				1349.3719883360754,
				1280.7557275352156,
				1343.2328872320759,
				1285.0058744533671,
				1337.0937861280763,
				1288.7837828250595,
				1331.426923570536,
				1292.5616911967518,
				1324.3433453736143,
				1296.339599568444,
				1318.2042442696147,
				1301.0619850330586,
				1311.5929046191523,
				1305.3121319512138,
				1305.9260420616156,
				1310.5067559622912,
				1301.6758951434604,
				1316.1736185198279,
				1298.370225318231,
				1322.7849581702903,
				1294.5923169465386,
				1329.3962978207528,
				1290.8144085748463,
				1336.4798760176745,
				1288.9254543889983,
				1343.5634542146,
				1287.036500203154,
				1350.6470324115216,
				1285.619784563769,
				1358.6750877013692,
				1282.7863532849988,
				1366.2309044447538,
				1281.3696376456137,
				1372.8422440952127,
				1278.5362063668435,
				1379.925822292138,
				1276.1750136345363,
				1386.0649233961376,
				1273.3415823557698,
				1393.1485015930593
			]
		}
	],
	"metadata.model": {
		"metadata.model.gender": "MALE",
		"metadata.model.age": "30대",
		"metadata.model.job": "not employed",
		"metadata.model.type": "wear",
		"metadata.model.usually_size": "M",
		"metadata.model.body_height": "169",
		"metadata.model.waist_height": "104",
		"metadata.model.chest_size_male": "88.0",
		"metadata.model.breast_size_female": "null",
		"metadata.model.waist_size": "87",
		"metadata.model.hip_seize": "95",
		"metadata.model.back_length": "41",
		"metadata.model.shoulders_width": "43",
		"metadata.model.arm_length": "56",
		"metadata.model.weight": "64"
	},
	"metadata.clothes": {
		"metadata.clothes.type": "02top_02t-shirt",
		"metadata.clothes.season": "summer",
		"metadata.clothes.fiber_composition": "Hemp,Polyester",
		"metadata.clothes.elasticity": "contain",
		"metadata.clothes.transparency": "contain",
		"metadata.clothes.isfleece": "fleece_none",
		"metadata.clothes.color": "White,Gray,Blue",
		"metadata.clothes.washing_method": "Washing30",
		"metadata.clothes.bleach": "Do not any bleach",
		"metadata.clothes.ironing": "Ironing 140~160℃ : Place a cloth between the iron and textile",
		"metadata.clothes.drycleaning": "none",
		"metadata.clothes.wringing": "none",
		"metadata.clothes.drying": "Drip dry in shade",
		"metadata.clothes.top_length_type": "normal",