{
	"dataset": {
		"dataset.id": 224971,
		"dataset.name": "01_sou_044995_224971_front_02top_02t-shirt_man",
		"dataset.image_path": "./008.의류 통합 데이터(3-1)/원천데이터/상품/상의/t-shirt/01_sou_044995_224971_front_02top_02t-shirt_man.jpg",
		"dataset.label_path": "./008.의류 통합 데이터(3-1)/라벨링데이터/상품/상의/t-shirt/01_sou_044995_224971_front_02top_02t-shirt_man.json",
		"dataset.category": 6,
		"dataset.type": 1,
		"dataset.width": 4032,
		"dataset.height": 2268,
		"dataset.file_size": 756070
	},
	"annotation": [
		{
			"annotation_type": "Polygon",
			"annotation_id": 168,
			"annotation_point_count": 85.0,
			"annotation_point": [
				2213.7080078125,
				337.0400390625,
				2180.7179111152727,
				339.3155532673936,
				2161.3790341872354,
				345.0034582462267,
				2120.4261183396266,
				349.5537822292954,
				2070.372554525882,
				357.51684919966283,
				2012.3559237417703,
				359.79201119119716,
				1983.9163988475975,
				358.6544301954309,
				1927.1198830409376,
				465.71637426900634,
				1906.6520467836272,
				470.83333333333394,
				1875.9502923976615,
				474.2446393762202,
				1855.482456140353,
				481.06725146198914,
				1829.897660818715,
				487.8898635477599,
				1802.6072124756356,
				494.7124756335288,
				1778.7280701754407,
				501.53508771929955,
				1753.1432748538027,
				506.65204678362716,
				1725.8528265107234,
				511.76900584795476,
				1700.2680311890854,
				518.5916179337237,
				1674.6832358674474,
				525.4142300194944,
				1649.0984405458112,
				532.2368421052652,
				1625.2197265625,
				545.8818359375,
				1625.2197265625,
				545.8818359375,
				1110.845703125,
				981.98046875,
				841.921588817122,
				1223.6027645168306,
				770.9365346812665,
				1327.3501513307729,
				699.9514805454128,
				1407.8908858310697,
				724.5232300539774,
				1427.0022465599523,
				765.4761459015863,
				1465.224968017721,
				787.2000000000007,
				1508.0,
				810.4000000000015,
				1535.0,
				900.62109375,
				1473.416015625,
				917.0019345377368,
				1476.1457455770833,
				1114.9410278011765,
				1379.2238447377422,
				1293.7687603357335,
				1278.2066523136418,
				1547.6768385909054,
				1134.8714468470134,
				1627.1254953352654,
				1098.559861462134,
				1614.5666011419999,
				1122.5855720927302,
				1600.7791194733036,
				1162.8559393428786,
				1597.366376486003,
				1281.209866142468,
				1603.0997847046692,
				1400.6558706979922,
				1606.5125276919698,
				1588.35673499953,
				1612.1094261911421,
				1699.202627227056,
				1606.5125276919698,
				1744.6603638179022,
				1604.6013916190805,
				1855.6427657649201,
				1609.2919921875,
				1861.2666015625,
				1623.5117797053827,
				1861.266207820665,
				1754.3335942185768,
				1861.266207820665,
				1990.7608445054648,
				1861.361006236979,
				2124.9954020059577,
				1859.0858442454446,
				2402.5651649730808,
				1848.8476152835428,
				2653.9705650375654,
				1838.609386321641,
				2708.5744528343766,
				1835.1966433343405,
				2735.876396732783,
				1831.78390034704,
				2704.02412885131,
				1422.2547418709564,
				2692.64831889364,
				1258.4430784805227,
				2670.4000000000015,
				1107.2000000000007,
				2661.800000000001,
				1051.1000000000004,
				2643.712890625,
				1001.3876953125,
				2664.189834316203,
				995.6997878248931,
				2714.2433981299473,
				1040.0654466598025,
				2776.810352897126,
				1074.1928765328103,
				2958.8233122198308,
				1148.1356412576588,
				3131.735623576398,
				1219.803243990973,
				3221.6045222419834,
				1280.7775853640778,
				3376.0,
				1353.0,
				3478.6982421875,
				1428.6630859375,
				3535.5768770736486,
				1368.3713220381287,
				3603.831736819662,
				1280.7775853640778,
				3543.539944044016,
				1225.0361165715003,
				3525.338648111747,
				1205.697239643463,
				3462.0,
				1138.7000000000007,
				2899.9000000000015,
				715.6000000000004,
				2765.4345703125,
				648.2822265625,
				2754.058732981788,
				636.9067417600145,
				2742.68292302412,
				624.3933508065784,
				2734.719856053751,
				601.6417308912405,
				2715.3809791257136,
				590.2659209335707,
				2705.142750163812,
				576.6149489843683,
				2692.6293592103757,
				573.2022059970677,
				2675.5656442738727,
				558.4136530520973,
				2598.2101365617236,
				510.6352512298872,
				2536.780762790311,
				486.0635017213226,
				2462.8379980654627,
				464.449462801751,
				2376.381842387178,
				449.6609098567824,
				2310.4021446326988,
				448.5233288610161,
				2273.9995527681567,
				422.35896595837585
			]
		}
	],
	"metadata.model": {
		"metadata.model.gender": "MALE",
		"metadata.model.age": "30대",
		"metadata.model.job": "not employed",
		"metadata.model.type": "front",
		"metadata.model.usually_size": "L",
		"metadata.model.body_height": "174",
		"metadata.model.waist_height": "102",
		"metadata.model.chest_size_male": "91.0",
		"metadata.model.breast_size_female": "null",
		"metadata.model.waist_size": "79",
		"metadata.model.hip_seize": "103",
		"metadata.model.back_length": "44",
		"metadata.model.shoulders_width": "44",
		"metadata.model.arm_length": "53",
		"metadata.model.weight": "73"
	},
	"metadata.clothes": {
		"metadata.clothes.type": "02top_02t-shirt",
		"metadata.clothes.season": "winter",
		"metadata.clothes.fiber_composition": "Polyester",
		"metadata.clothes.elasticity": "contain",
		"metadata.clothes.transparency": "none at all",
		"metadata.clothes.isfleece": "fleece_none",
		"metadata.clothes.color": "Purple",
		"metadata.clothes.washing_method": "none",
		"metadata.clothes.bleach": "none",
		"metadata.clothes.ironing": "none",
		"metadata.clothes.drycleaning": "none",
		"metadata.clothes.wringing": "none",
		"metadata.clothes.drying": "none",
		"metadata.clothes.top_length_type": "normal",
		"metadata.clothes.sleeve_length_type": "long sleeves",
		"metadata.clothes.topneck_color_design": "Chinese collar",
		"metadata.clothes.topsleeve_design": "ribbed sleeve",
		"metadata.clothes.pants_silhouette": "null",
		"metadata.clothes.skirt_design": "null",
		"metadata.top.front_length": "57.0",
		"metadata.top.chest_size": "104.0",
		"metadata.top.waist_size": "106.0",
		"metadata.top.hem_size": "106.0",
		"metadata.top.shoulder_width": "50.0",
		"metadata.top.sleeve_length": "55.0",
		"metadata.top.sleeve_cuff_size": "16.0",
		"metadata.pants.pants_length": "null",
		"metadata.pants.waist_size": "null",
		"metadata.pants.hip_size": "null",
		"metadata.pants.front_rise_length": "null",
		"metadata.pants.back_rise_length": "null",
		"metadata.pants.inner_seam_length": "null",
		"metadata.pants.pants_waist_size": "null",
		"metadata.skirt.length": "null",
		"metadata.skirt.waist_size": "null",
		"metadata.skirt.hip_size": "null",
		"metadata.skirt.hem_size": "null",
		"metadata.dress.front_length": "null",
		"metadata.dress.chest_size": "null",
		"metadata.dress.waist_size": "null",
		"metadata.dress.hip_size": "null",
		"metadata.dress.hem_size": "null",
		"metadata.dress.shoulder_width": "null",
		"metadata.dress.sleeve_length": "null",
		"metadata.dress.cuff_size": "null",
		"metadata.jumpsuit.front_length": "null",
		"metadata.jumpsuit.inner_seam_length": "null",
		"metadata.jumpsuit.chest_size": "null",
		"metadata.jumpsuit.waist_size": "null",
		"metadata.jumpsuit.hip_size": "null",
		"metadata.jumpsuit.shoulder_width": "null",
		"metadata.jumpsuit.sleeve_length": "null",
		"metadata.jumpsuit.cuffs_size": "null",
		"metadata.jumpsuit.front_rise_length": "null",
		"metadata.jumpsuit.back_rise_length": "null",
		"metadata.jumpsuit.pants_waist_size": "null"
	}
}