{
	"dataset": {
		"dataset.id": 38895,
		"dataset.name": "01_sou_007779_038895_wear_02top_02t-shirt_man",
		"dataset.image_path": "./008.의류 통합 데이터(3-1)/원천데이터/상품/상의/t-shirt/01_sou_007779_038895_wear_02top_02t-shirt_man.jpg",
		"dataset.label_path": "./008.의류 통합 데이터(3-1)/라벨링데이터/상품/상의/t-shirt/01_sou_007779_038895_wear_02top_02t-shirt_man.json",
		"dataset.category": 6,
		"dataset.type": 1,
		"dataset.width": 525,
		"dataset.height": 1080,
		"dataset.file_size": 50498
	},
	"annotation": [
		{
			"annotation_type": "Polygon",
			"annotation_id": 1,
			"annotation_point_count": 65.0,
			"annotation_point": [
				198.8000000000029,
				224.40000000000146,
				191.37000000000262,
				225.4000000000051,
				183.4000000000051,
				224.4000000000051,
				169.2200000000048,
				231.87000000000262,
				150.31000000000495,
				256.0100000000057,
				144.58000000000538,
				273.17000000000553,
				137.90000000000146,
				311.8000000000029,
				127.0,
				423.40000000000146,
				127.80000000000291,
				502.7000000000007,
				126.80000000000291,
				521.8000000000029,
				129.8000000000029,
				525.5,
				133.21000000000276,
				525.4100000000035,
				133.21000000000276,
				522.0100000000057,
				133.4000000000051,
				518.5100000000057,
				140.9000000000051,
				514.4100000000035,
				148.21000000000276,
				514.7100000000028,
				166.61000000000422,
				516.4100000000035,
				175.3000000000029,
				520.5100000000057,
				175.9000000000051,
				522.6100000000042,
				184.71000000000276,
				521.4100000000035,
				202.4000000000051,
				519.0100000000057,
				239.0300000000061,
				516.1200000000026,
				306.94000000000597,
				509.38000000000466,
				325.4000000000051,
				507.1200000000026,
				325.6000000000058,
				515.5200000000041,
				330.8000000000029,
				515.8200000000033,
				343.9000000000051,
				513.5200000000041,
				354.8000000000029,
				506.82000000000335,
				354.1000000000058,
				503.7200000000048,
				361.00000000000364,
				516.6200000000026,
				364.50000000000364,
				513.3200000000033,
				372.4000000000051,
				509.32000000000335,
				378.6000000000058,
				508.7200000000048,
				387.3000000000029,
				507.92000000000553,
				379.9000000000051,
				490.1200000000026,
				375.9000000000051,
				470.0200000000041,
				368.9000000000051,
				452.1200000000026,
				368.6000000000058,
				448.42000000000553,
				365.50000000000364,
				440.0200000000041,
				363.8000000000029,
				432.2200000000048,
				360.9100000000035,
				422.68000000000393,
				348.43000000000393,
				389.44000000000597,
				347.5900000000038,
				385.96000000000276,
				343.75000000000364,
				359.44000000000597,
				342.25000000000364,
				352.2200000000048,
				338.0500000000029,
				340.0300000000061,
				337.1500000000051,
				319.82000000000335,
				335.25000000000364,
				308.0300000000061,
				331.0200000000041,
				291.2200000000048,
				327.2200000000048,
				282.42000000000553,
				318.2200000000048,
				264.32000000000335,
				311.7200000000048,
				259.5200000000041,
				301.42000000000553,
				253.02000000000407,
				296.1200000000026,
				248.7200000000048,
				285.7200000000048,
				236.12000000000262,
				287.6200000000026,
				241.52000000000407,
				286.5200000000041,
				242.52000000000407,
				280.5200000000041,
				244.12000000000262,
				271.92000000000553,
				240.32000000000335,
				260.42000000000553,
				239.71000000000276,
				237.2200000000048,
				231.9100000000035,
				221.02000000000407,
				223.11000000000422,
				216.02000000000407,
				218.51000000000568,
				212.42000000000553,
				218.51000000000568,
				204.919921875,
				218.91015625
			]
		}
	],
	"metadata.model": {
		"metadata.model.gender": "MALE",
		"metadata.model.age": "50대 이상",
		"metadata.model.job": "not employed",
		"metadata.model.type": "wear",
		"metadata.model.usually_size": "XL",
		"metadata.model.body_height": "185",
		"metadata.model.waist_height": "112",
		"metadata.model.chest_size_male": "102.0",
		"metadata.model.breast_size_female": "null",
		"metadata.model.waist_size": "96",
		"metadata.model.hip_seize": "99",
		"metadata.model.back_length": "44",
		"metadata.model.shoulders_width": "47",
		"metadata.model.arm_length": "61",
		"metadata.model.weight": "86"
	},
	"metadata.clothes": {
		"metadata.clothes.type": "02top_02t-shirt",
		"metadata.clothes.season": "spring&fall",
		"metadata.clothes.fiber_composition": "Cotton",
		"metadata.clothes.elasticity": "contain a lot",
		"metadata.clothes.transparency": "none at all",
		"metadata.clothes.isfleece": "fleece_none",
		"metadata.clothes.color": "Gray",
		"metadata.clothes.washing_method": "Washing60",
		"metadata.clothes.bleach": "Do not chlorine bleach",
		"metadata.clothes.ironing": "Ironing 180~210℃ : Place a cloth between the iron and textile",
		"metadata.clothes.drycleaning": "DRYCLEAN",
		"metadata.clothes.wringing": "Do not wringing",
		"metadata.clothes.drying": "Line dry in shade",
		"metadata.clothes.top_length_type": "normal",
		"metadata.clothes.sleeve_length_type": "long sleeves",
		"metadata.clothes.topneck_color_design": "band collar",
		"metadata.clothes.topsleeve_design": "basic sleeve",
		"metadata.clothes.pants_silhouette": "null",
		"metadata.clothes.skirt_design": "null",
		"metadata.top.front_length": "67.0",
		"metadata.top.chest_size": "116.0",
		"metadata.top.waist_size": "116.0",
		"metadata.top.hem_size": "116.0",
		"metadata.top.shoulder_width": "49.0",
		"metadata.top.sleeve_length": "57.0",
		"metadata.top.sleeve_cuff_size": "24.0",
		"metadata.pants.pants_length": "null",
		"metadata.pants.waist_size": "null",
		"metadata.pants.hip_size": "null",
		"metadata.pants.front_rise_length": "null",
		"metadata.pants.back_rise_length": "null",
		"metadata.pants.inner_seam_length": "null",
		"metadata.pants.pants_waist_size": "null",
		"metadata.skirt.length": "null",
		"metadata.skirt.waist_size": "null",
		"metadata.skirt.hip_size": "null",
		"metadata.skirt.hem_size": "null",
		"metadata.dress.front_length": "null",
		"metadata.dress.chest_size": "null",
		"metadata.dress.waist_size": "null",
		"metadata.dress.hip_size": "null",
		"metadata.dress.hem_size": "null",
		"metadata.dress.shoulder_width": "null",
		"metadata.dress.sleeve_length": "null",
		"metadata.dress.cuff_size": "null",
		"metadata.jumpsuit.front_length": "null",
		"metadata.jumpsuit.inner_seam_length": "null",
		"metadata.jumpsuit.chest_size": "null",
		"metadata.jumpsuit.waist_size": "null",
		"metadata.jumpsuit.hip_size": "null",
		"metadata.jumpsuit.shoulder_width": "null",
		"metadata.jumpsuit.sleeve_length": "null",
		"metadata.jumpsuit.cuffs_size": "null",
		"metadata.jumpsuit.front_rise_length": "null",
		"metadata.jumpsuit.back_rise_length": "null",
		"metadata.jumpsuit.pants_waist_size": "null"
	}
}