{
	"dataset": {
		"dataset.id": 24506,
		"dataset.name": "01_sou_004902_024506_front_02top_02t-shirt_woman",
		"dataset.image_path": "./008.의류 통합 데이터(3-1)/원천데이터/상품/상의/t-shirt/01_sou_004902_024506_front_02top_02t-shirt_woman.jpg",
		"dataset.label_path": "./008.의류 통합 데이터(3-1)/라벨링데이터/상품/상의/t-shirt/01_sou_004902_024506_front_02top_02t-shirt_woman.json",
		"dataset.category": 6,
		"dataset.type": 1,
		"dataset.width": 1232,
		"dataset.height": 1080,
		"dataset.file_size": 89006
	},
	"annotation": [
		{
			"annotation_type": "Polygon",
			"annotation_id": 447,
			"annotation_point_count": 89.0,
			"annotation_point": [
				700.0,
				111.0,
				543.0,
				108.0,
				536.0,
				114.0,
				521.0,
				180.0,
				480.6845703125,
				209.009765625,
				480.6845703125,
				209.009765625,
				467.12076822917334,
				215.11338975695253,
				458.30457899306384,
				220.53873697917334,
				443.38487413195253,
				223.25141059028465,
				443.38487413195253,
				223.25141059028465,
				423.0398220486186,
				242.24012586806202,
				423.0398220486186,
				242.24012586806202,
				407.4419487847299,
				255.12532552084122,
				353.0,
				330.0,
				160.0,
				546.0,
				44.0,
				704.0,
				44.0,
				718.0,
				107.7587890625,
				761.9326171875,
				130.94816744765194,
				730.8109791765473,
				138.5761279223334,
				720.1318345119944,
				157.79858831852835,
				701.82472937276,
				164.2060751172612,
				695.722360993017,
				210.5840748033188,
				644.4624666031614,
				257.26719290836627,
				593.8128090512819,
				346.60000000000036,
				498.0,
				382.40000000000146,
				450.2000000000007,
				393.9453125,
				437.1875,
				393.9453125,
				437.1875,
				393.94531250000364,
				439.53125000000364,
				393.94531250000364,
				457.10937500000364,
				392.77343750000364,
				473.51562500000364,
				392.77343750000364,
				493.43750000000364,
				392.77343750000364,
				512.1875000000036,
				390.42968750000364,
				530.9375000000036,
				385.74218750000364,
				548.5156250000036,
				383.39843750000364,
				567.2656250000036,
				378.71093750000364,
				584.8437500000036,
				375.19531250000364,
				602.4218750000036,
				370.50781250000364,
				621.1718750000036,
				366.99218750000364,
				639.9218750000036,
				363.47656250000364,
				658.6718750000036,
				359.96093750000364,
				677.4218750000036,
				356.44531250000364,
				696.1718750000036,
				349.41406250000364,
				719.6093750000036,
				340.03906250000364,
				743.0468750000036,
				332.0,
				865.0,
				306.0,
				920.0,
				306.0,
				934.0,
				313.0,
				937.0,
				401.0,
				920.0,
				546.76953125,
				915.3134765625,
				629.5465696199171,
				906.8772439531422,
				675.4168522567816,
				896.8595960209532,
				731.8320274538437,
				890.5326604848342,
				803.0100522351859,
				876.824300156577,
				875.7000000000007,
				856.1000000000004,
				857.84375,
				768.2119140625,
				859.1796875000036,
				771.1718750000036,
				856.8359375000036,
				754.7656250000036,
				856.8359375000036,
				754.7656250000036,
				860.3515625000036,
				732.5000000000036,
				861.5234375000036,
				713.7500000000036,
				853.3203125000036,
				696.1718750000036,
				848.6328125000036,
				677.4218750000036,
				843.9453125000036,
				658.6718750000036,
				842.7734375000036,
				639.9218750000036,
				840.4296875000036,
				621.1718750000036,
				840.4296875000036,
				602.4218750000036,
				836.9140625000036,
				583.6718750000036,
				833.3984375000036,
				564.9218750000036,
				829.8828125000036,
				546.1718750000036,
				829.8828125000036,
				527.4218750000036,
				828.7109375000036,
				508.67187500000364,
				826.3671875000036,
				489.92187500000364,
				825.1953125000036,
				470.00000000000364,
				822.8515625,
				451.25,
				822.8515625,
				451.25,
				1101.5,
				767.0,
				1179.1000000000004,
				713.5,
				1097.0,
				594.0,
				911.0,
				350.0,
				864.0,
				307.0,
				797.3887803819525,
				227.9985894097299,
				789.928927951396,
				223.92957899306202,
				781.7909071180638,
				217.14789496528465,
				772.2965494791733,
				211.72254774306202,
				764.8369140625,
				205.619140625,
				697.9000000000015,
				179.90000000000146,
				710.7000000000007,
				140.40000000000146
			]
		}
	],
	"metadata.model": {
		"metadata.model.gender": "FEMALE",
		"metadata.model.age": "50대 이상",
		"metadata.model.job": "homemaker",
		"metadata.model.type": "front",
		"metadata.model.usually_size": "L",
		"metadata.model.body_height": "166",
		"metadata.model.waist_height": "100",
		"metadata.model.chest_size_male": "null",
		"metadata.model.breast_size_female": "87.0",
		"metadata.model.waist_size": "80",
		"metadata.model.hip_seize": "98",
		"metadata.model.back_length": "45",
		"metadata.model.shoulders_width": "38",
		"metadata.model.arm_length": "51",
		"metadata.model.weight": "60"
	},
	"metadata.clothes": {
		"metadata.clothes.type": "02top_02t-shirt",
		"metadata.clothes.season": "winter",
		"metadata.clothes.fiber_composition": "Viscos rayon,Polyester",
		"metadata.clothes.elasticity": "contain a lot",
		"metadata.clothes.transparency": "none at all",
		"metadata.clothes.isfleece": "fleece_none",
		"metadata.clothes.color": "Beige,Red",
		"metadata.clothes.washing_method": "Hand Washing30",
		"metadata.clothes.bleach": "Do not chlorine bleach",
		"metadata.clothes.ironing": "Ironing 80~120℃",
		"metadata.clothes.drycleaning": "none",
		"metadata.clothes.wringing": "none",
		"metadata.clothes.drying": "Line dry in shade",
		"metadata.clothes.top_length_type": "normal",
		"metadata.clothes.sleeve_length_type": "long sleeves",
		"metadata.clothes.topneck_color_design": "turtle neck",
		"metadata.clothes.topsleeve_design": "basic sleeve",
		"metadata.clothes.pants_silhouette": "null",
		"metadata.clothes.skirt_design": "null",
		"metadata.top.front_length": "68.0",
		"metadata.top.chest_size": "82.0",
		"metadata.top.waist_size": "90.0",
		"metadata.top.hem_size": "120.0",
		"metadata.top.shoulder_width": "36.0",
		"metadata.top.sleeve_length": "60.0",
		"metadata.top.sleeve_cuff_size": "18.0",
		"metadata.pants.pants_length": "null",
		"metadata.pants.waist_size": "null",
		"metadata.pants.hip_size": "null",
		"metadata.pants.front_rise_length": "null",
		"metadata.pants.back_rise_length": "null",
		"metadata.pants.inner_seam_length": "null",
		"metadata.pants.pants_waist_size": "null",
		"metadata.skirt.length": "null",
		"metadata.skirt.waist_size": "null",
		"metadata.skirt.hip_size": "null",
		"metadata.skirt.hem_size": "null",
		"metadata.dress.front_length": "null",
		"metadata.dress.chest_size": "null",
		"metadata.dress.waist_size": "null",
		"metadata.dress.hip_size": "null",
		"metadata.dress.hem_size": "null",
		"metadata.dress.shoulder_width": "null",
		"metadata.dress.sleeve_length": "null",
		"metadata.dress.cuff_size": "null",
		"metadata.jumpsuit.front_length": "null",
		"metadata.jumpsuit.inner_seam_length": "null",
		"metadata.jumpsuit.chest_size": "null",
		"metadata.jumpsuit.waist_size": "null",
		"metadata.jumpsuit.hip_size": "null",
		"metadata.jumpsuit.shoulder_width": "null",
		"metadata.jumpsuit.sleeve_length": "null",
		"metadata.jumpsuit.cuffs_size": "null",
		"metadata.jumpsuit.front_rise_length": "null",
		"metadata.jumpsuit.back_rise_length": "null",
		"metadata.jumpsuit.pants_waist_size": "null"
	}
}