{
	"dataset": {
		"dataset.id": 446921,
		"dataset.name": "01_sou_089385_446921_front_02top_02t-shirt_woman",
		"dataset.image_path": "./008.의류 통합 데이터(3-1)/원천데이터/상품/상의/t-shirt/01_sou_089385_446921_front_02top_02t-shirt_woman.jpg",
		"dataset.label_path": "./008.의류 통합 데이터(3-1)/라벨링데이터/상품/상의/t-shirt/01_sou_089385_446921_front_02top_02t-shirt_woman.json",
		"dataset.category": 6,
		"dataset.type": 1,
		"dataset.width": 1575,
		"dataset.height": 2100,
		"dataset.file_size": 428796
	},
	"annotation": [
		{
			"annotation_type": "Polygon",
			"annotation_id": 1,
			"annotation_point_count": 68.0,
			"annotation_point": [
				56.0,
				731.0,
				148.0,
				907.2999999999993,
				206.0,
				912.0,
				358.669921875,
				911.017578125,
				357.24821312540735,
				943.7085769980513,
				357.24821312540735,
				1011.9346978557514,
				350.14132553606396,
				1077.3180636777142,
				350.14132553606396,
				1149.8083170890204,
				345.8771929824561,
				1213.7703053931145,
				341.6130604288501,
				1272.0467836257303,
				338.7703053931127,
				1314.6881091617943,
				333.084795321638,
				1354.4866796621172,
				333.084795321638,
				1384.335607537363,
				293.0,
				1654.2999999999993,
				336.0,
				1664.7000000000007,
				649.0,
				1666.1000000000022,
				857.0,
				1647.1000000000022,
				1199.0,
				1641.7000000000007,
				1312.4139051332058,
				1627.3911630929179,
				1306.7283950617275,
				1593.2781026640696,
				1301.0428849902528,
				1562.007797270955,
				1291.093242365172,
				1499.4671864847296,
				1283.9863547758287,
				1446.8762183235885,
				1262.6656920077985,
				1326.0591293047437,
				1244.1877842755057,
				1181.0786224821313,
				1231.39453125,
				1107.166015625,
				1226.7999999999993,
				1045.6000000000022,
				1218.1000000000022,
				913.6000000000022,
				1245.6000000000022,
				901.1000000000022,
				1291.0,
				917.7000000000007,
				1408.7999999999993,
				944.9000000000015,
				1475.4000000000015,
				784.6000000000022,
				1495.9000000000015,
				741.2000000000007,
				1510.7999999999993,
				706.1000000000022,
				1406.0,
				657.0,
				1353.0,
				638.7000000000007,
				1274.0,
				598.2999999999993,
				1249.8732943469804,
				585.5214424951264,
				1232.8167641325526,
				571.3076673164396,
				1211.4961013645225,
				561.3580246913589,
				1193.017578125,
				552.830078125,
				1146.0,
				541.0,
				1088.0,
				513.0,
				1063.2999999999993,
				490.0,
				968.0,
				467.0,
				924.0,
				444.0,
				907.748046875,
				440.8251953125,
				894.9553281351546,
				450.77485380117105,
				870.7919103313834,
				466.4100064977265,
				839.5,
				473.5,
				784.0,
				476.0,
				731.0,
				467.0,
				669.0,
				439.0,
				467.40000000000146,
				506.7999999999993,
				377.0,
				545.1000000000022,
				337.3000000000011,
				572.7000000000007,
				286.17933723196984,
				592.6283300844698,
				254.90000000000146,
				609.7000000000007,
				229.3242365172191,
				621.055880441847,
				208.00357374918894,
				632.4269005847964,
				189.52566601689432,
				640.9551656920084,
				166.78362573099548,
				649.4834307992205,
				148.30571799870086,
				658.0116959064326,
				128.40643274853937,
				666.5399610136446,
				107.0857699805074,
				675.0682261208567,
				85.80000000000109,
				685.0,
				65.90000000000146,
				695.0,
				47.400000000001455,
				703.5
			]
		}
	],
	"metadata.model": {
		"metadata.model.gender": "FEMALE",
		"metadata.model.age": "20대",
		"metadata.model.job": "office job",
		"metadata.model.type": "front",
		"metadata.model.usually_size": "XL",
		"metadata.model.body_height": "162",
		"metadata.model.waist_height": "94",
		"metadata.model.chest_size_male": "null",
		"metadata.model.breast_size_female": "94.0",
		"metadata.model.waist_size": "81",
		"metadata.model.hip_seize": "106",
		"metadata.model.back_length": "40",
		"metadata.model.shoulders_width": "45",
		"metadata.model.arm_length": "52",
		"metadata.model.weight": "67"
	},
	"metadata.clothes": {
		"metadata.clothes.type": "02top_02t-shirt",
		"metadata.clothes.season": "summer",
		"metadata.clothes.fiber_composition": "Cotton",
		"metadata.clothes.elasticity": "contain little",
		"metadata.clothes.transparency": "none at all",
		"metadata.clothes.isfleece": "fleece_none",
		"metadata.clothes.color": "White,Blue",
		"metadata.clothes.washing_method": "Hand Washing30",
		"metadata.clothes.bleach": "Do not any bleach",
		"metadata.clothes.ironing": "Ironing 80~120℃ : Place a cloth between the iron and textile",
		"metadata.clothes.drycleaning": "DRYCLEAN : petroleum solvent only",
		"metadata.clothes.wringing": "none",
		"metadata.clothes.drying": "Drip dry in shade",
		"metadata.clothes.top_length_type": "long",
		"metadata.clothes.sleeve_length_type": "short sleeves",
		"metadata.clothes.topneck_color_design": "round neck",
		"metadata.clothes.topsleeve_design": "basic sleeve",
		"metadata.clothes.pants_silhouette": "null",
		"metadata.clothes.skirt_design": "null",
		"metadata.top.front_length": "65.0",
		"metadata.top.chest_size": "92.0",
		"metadata.top.waist_size": "88.0",
		"metadata.top.hem_size": "94.0",
		"metadata.top.shoulder_width": "40.0",
		"metadata.top.sleeve_length": "16.0",
		"metadata.top.sleeve_cuff_size": "24.0",
		"metadata.pants.pants_length": "null",
		"metadata.pants.waist_size": "null",
		"metadata.pants.hip_size": "null",
		"metadata.pants.front_rise_length": "null",
		"metadata.pants.back_rise_length": "null",
		"metadata.pants.inner_seam_length": "null",
		"metadata.pants.pants_waist_size": "null",
		"metadata.skirt.length": "null",
		"metadata.skirt.waist_size": "null",
		"metadata.skirt.hip_size": "null",
		"metadata.skirt.hem_size": "null",
		"metadata.dress.front_length": "null",
		"metadata.dress.chest_size": "null",
		"metadata.dress.waist_size": "null",
		"metadata.dress.hip_size": "null",
		"metadata.dress.hem_size": "null",
		"metadata.dress.shoulder_width": "null",
		"metadata.dress.sleeve_length": "null",
		"metadata.dress.cuff_size": "null",
		"metadata.jumpsuit.front_length": "null",
		"metadata.jumpsuit.inner_seam_length": "null",
		"metadata.jumpsuit.chest_size": "null",
		"metadata.jumpsuit.waist_size": "null",
		"metadata.jumpsuit.hip_size": "null",
		"metadata.jumpsuit.shoulder_width": "null",
		"metadata.jumpsuit.sleeve_length": "null",
		"metadata.jumpsuit.cuffs_size": "null",
		"metadata.jumpsuit.front_rise_length": "null",
		"metadata.jumpsuit.back_rise_length": "null",
		"metadata.jumpsuit.pants_waist_size": "null"
	}
}