{
	"dataset": {
		"dataset.id": 106402,
		"dataset.name": "01_sou_021281_106402_back_02top_02t-shirt_woman",
		"dataset.image_path": "./008.의류 통합 데이터(3-1)/원천데이터/상품/상의/t-shirt/01_sou_021281_106402_back_02top_02t-shirt_woman.jpg",
		"dataset.label_path": "./008.의류 통합 데이터(3-1)/라벨링데이터/상품/상의/t-shirt/01_sou_021281_106402_back_02top_02t-shirt_woman.json",
		"dataset.category": 6,
		"dataset.type": 1,
		"dataset.width": 1920,
		"dataset.height": 1080,
		"dataset.file_size": 350922
	},
	"annotation": [
		{
			"annotation_type": "Polygon",
			"annotation_id": 62,
			"annotation_point_count": 153.0,
			"annotation_point": [
				774.3733943481093,
				166.58397559409605,
				738.7479929351357,
				181.13519588953568,
				662.479527938347,
				235.82771355170735,
				608.2887764932602,
				263.9266217084187,
				565.6386480411093,
				299.0502569043074,
				391.3752408477885,
				441.10027296082626,
				263.7000000000007,
				536.1000000000022,
				194.4150390625,
				599.173828125,
				143.40237636480742,
				654.3676407621533,
				135.45774459430868,
				672.3475968743332,
				135.0396060800722,
				674.8564279597558,
				84.02670734318417,
				723.3604956112213,
				99.45601851852189,
				738.8316206379823,
				114.84351584243632,
				756.2261828302326,
				132.86528580604136,
				771.3209831941822,
				139.2353515625,
				784.998046875,
				136.91193742715404,
				789.3532066206426,
				143.59053869621312,
				796.0318078896998,
				151.72100980637333,
				800.3874174129996,
				177.2739190097327,
				781.513109478703,
				205.14981995885137,
				764.9617932901638,
				238.83320027236914,
				752.475712656702,
				308.43584045470016,
				715.5982186927649,
				362.73577251183633,
				681.6244644110266,
				406.29186774483424,
				652.006319652588,
				475.1104982129709,
				604.9657368009503,
				536.0890315391698,
				570.7016085509895,
				576.7413870899654,
				544.8583253794131,
				610.424767403485,
				516.1113025256345,
				621.1686042276233,
				506.81933554259376,
				633.0739369246439,
				510.8845710976748,
				632.4931889882027,
				531.2107488730726,
				635.6873026386238,
				546.3101952205106,
				636.5584245432838,
				559.37702379041,
				639.7525381937048,
				568.378616805232,
				638.3006683526037,
				578.2513317247103,
				640.9140340665836,
				590.7374123581685,
				646.7215134309845,
				639.5202390191298,
				659.0333696835114,
				708.3388694872665,
				667.0476912063823,
				747.3651308160297,
				678.546500347893,
				797.5417525244447,
				698.4080797741408,
				856.4295932794594,
				717.5727616766599,
				894.7589570844975,
				753.4629841486494,
				966.5394020284766,
				771.9307685274434,
				959.2219780293344,
				821.7589414739923,
				945.9809250785001,
				879.2529871815495,
				936.921257270038,
				930.4749551755558,
				933.0883208895357,
				1000.1647075483525,
				925.8289716840336,
				1057.862015033661,
				923.7382791128512,
				1125.2578130575203,
				921.4152873670901,
				1197.5609311442968,
				921.7056613353125,
				1238.7940346315372,
				919.6730435577701,
				1247.7956276463556,
				919.6730435577701,
				1261.4432041526961,
				845.6276816616737,
				1273.0581628814944,
				808.4598137295143,
				1278.576171875,
				770.419921875,
				1285.834617483175,
				697.246583901262,
				1287.5768612924949,
				634.8161807339638,
				1288.4479831971548,
				551.4788518548266,
				1286.4153654196125,
				541.3157629671296,
				1283.8019997056326,
				519.2473413824082,
				1280.6078860552152,
				456.8169382151118,
				1280.6078860552152,
				450.4287109142733,
				1276.5426505001342,
				444.6212315498724,
				1276.5426505001342,
				440.2656220265726,
				1279.7367641505552,
				440.2656220265726,
				1292.2228447840134,
				444.040483613433,
				1363.3644669979112,
				482.6602213866918,
				1433.3445933389266,
				518.0858455095295,
				1524.5220193600035,
				569.482037884467,
				1606.4074783980395,
				611.0055153399262,
				1673.774239025075,
				637.7199204161625,
				1728.0741710822113,
				656.8846023186816,
				1786.7297126626509,
				684.1797553313627,
				1794.8601837728093,
				675.4685362847631,
				1801.2484110736477,
				674.3070404118807,
				1808.7981342473686,
				660.3690899373214,
				1811.1211259931297,
				649.9156270814019,
				1827.0916942452277,
				633.0739369246439,
				1850.0312377346054,
				611.295889308145,
				1804.4425247240688,
				566.8686721704871,
				1750.4329666351514,
				518.6665934459706,
				1695.552286641574,
				477.14311599051143,
				1680.162109375,
				466.109375,
				1593.0502758599177,
				411.518599172794,
				1565.174374910799,
				395.2576569524754,
				1538.7503438027816,
				375.51222711351693,
				1507.6803292032419,
				352.28230965591683,
				1472.5450790486248,
				330.5042620394179,
				1429.569731752068,
				305.8224747407203,
				1376.1409215995882,
				274.4620861729618,
				1273.6389108179355,
				210.28943919634366,
				1268.7025533581946,
				204.48195983194455,
				1264.056569866676,
				198.38410649932484,
				1254.183854947194,
				196.64186269000493,
				1188.2689641612596,
				166.73334396334576,
				1159.521941307481,
				153.95688936166698,
				1134.549780040561,
				142.05155666464816,
				1111.900610519402,
				136.8248252366884,
				1085.7669533796034,
				134.5018334909273,
				1067.1830194135255,
				130.14622396762752,
				1054.987312748286,
				122.88687476212908,
				1045.985719733464,
				123.17724873034786,
				1034.080387036447,
				116.20827349306819,
				1030.828125,
				116.353515625,
				1028.2148328784024,
				119.54757412759864,
				1025.6014671644225,
				123.32243571445906,
				1022.6977274822202,
				126.8069233330989,
				1019.5036138318028,
				130.29141095173873,
				1016.019126213163,
				133.19515063393737,
				1011.953890658082,
				135.22776841147788,
				1007.8886551030009,
				137.2603861890184,
				1003.8234195479235,
				139.0026299983383,
				999.4678100246238,
				139.87375190299826,
				995.112200501324,
				140.45449983943763,
				990.7565909780242,
				141.3256217440976,
				986.4009814547244,
				142.7774915851969,
				982.0453719314246,
				143.3582395216381,
				977.6897624081248,
				143.93898745807746,
				973.334152884825,
				145.3908572991768,
				968.9785433615252,
				145.97160523561797,
				964.332559870003,
				147.1331011084967,
				959.6865763784845,
				148.00422301315666,
				955.3309668551847,
				148.29459698137725,
				950.9753573318849,
				148.58497094959785,
				946.3293738403663,
				148.58497094959785,
				941.9737643170665,
				149.1657188860372,
				937.6181547937667,
				150.32721475891776,
				933.262545270467,
				150.90796269535713,
				928.6165617789447,
				151.7790846000171,
				924.5513262238674,
				152.35983253645645,
				919.9053427323452,
				152.35983253645645,
				914.9689852726078,
				152.65020650467704,
				910.3230017810856,
				152.65020650467704,
				905.3866443213483,
				152.65020650467704,
				900.7406608298261,
				152.65020650467704,
				896.0946773383075,
				152.35983253645645,
				891.448693846789,
				152.06945856823768,
				886.8027103552668,
				152.06945856823768,
				882.1567268637482,
				152.06945856823768,
				875.7684995629097,
				151.4887106317965,
				871.1225160713875,
				150.03684079069717,
				866.7669065480877,
				149.1657188860372,
				862.4112970247879,
				147.7138490449379,
				858.0556875014881,
				147.4234750767173,
				853.7000779781883,
				145.97160523561797,
				849.3444684548886,
				144.81010936273742,
				844.69848496337,
				143.3582395216381,
				840.633249408289,
				141.61599571231818,
				833.9546481392317,
				138.71225603011771,
				830.7605344888107,
				139.29300396655708,
				815.6610881413726,
				150.90796269535713
			]
		}
	],
	"metadata.model": {
		"metadata.model.gender": "FEMALE",
		"metadata.model.age": "20대",
		"metadata.model.job": "university student/graduate student",
		"metadata.model.type": "back",
		"metadata.model.usually_size": "M",
		"metadata.model.body_height": "170",