{
	"dataset": {
		"dataset.id": 110379,
		"dataset.name": "01_sou_022076_110379_wear_02top_02t-shirt_woman",
		"dataset.image_path": "./008.의류 통합 데이터(3-1)/원천데이터/상품/상의/t-shirt/01_sou_022076_110379_wear_02top_02t-shirt_woman.jpg",
		"dataset.label_path": "./008.의류 통합 데이터(3-1)/라벨링데이터/상품/상의/t-shirt/01_sou_022076_110379_wear_02top_02t-shirt_woman.json",
		"dataset.category": 6,
		"dataset.type": 1,
		"dataset.width": 608,
		"dataset.height": 1080,
		"dataset.file_size": 35373
	},
	"annotation": [
		{
			"annotation_type": "Polygon",
			"annotation_id": 39,
			"annotation_point_count": 59.0,
			"annotation_point": [
				236.0,
				362.0,
				220.0,
				375.0,
				206.0,
				392.0,
				184.0,
				440.0,
				177.0,
				462.0,
				178.857421875,
				471.7861328125,
				178.85786159702548,
				470.9074484621942,
				183.25156683044042,
				475.7405242189525,
				188.52401311054018,
				480.13422945236744,
				193.79645939063994,
				484.9673052091257,
				199.0689056707397,
				489.80038096588396,
				204.3000000000011,
				495.5,
				212.68939189432967,
				486.7247873024917,
				218.8405792211106,
				483.2098231157597,
				224.11302550121036,
				478.81611788234295,
				228.50673073462713,
				473.9830421255847,
				233.3398064913854,
				468.27122532214526,
				233.3398064913854,
				465.63500218209447,
				232.0,
				533.0,
				221.0,
				585.0,
				222.90000000000146,
				607.8000000000029,
				262.2000000000007,
				616.2000000000007,
				298.0,
				616.2000000000007,
				357.7000000000007,
				621.3000000000029,
				314.8000000000011,
				619.2000000000007,
				384.74310753232567,
				612.2434185230413,
				384.74310753232567,
				597.2353073922131,
				382.50604945810665,
				583.6430558020293,
				377.9469817372319,
				560.7061312435908,
				376.8142941047172,
				543.4326448477295,
				375.1152626559433,
				527.8581899006458,
				375.1152626559433,
				517.0976573917469,
				375.6816064722025,
				501.52320244466137,
				373.9825750234286,
				482.55068460002985,
				375.6816064722025,
				466.12671392855555,
				377.947265625,
				467.826171875,
				382.0,
				481.0,
				401.61871693122157,
				497.2696798626912,
				407.7699042580043,
				493.7547156759574,
				413.92109158478706,
				490.67912201256695,
				420.0722789115698,
				488.042898872518,
				425.78409571501106,
				484.5279346857842,
				429.7384304250845,
				479.25548840568445,
				427.98046875,
				479.6953125,
				432.0,
				473.0,
				431.0,
				459.0,
				406.0,
				399.0,
				388.3000000000011,
				374.3000000000011,
				355.0,
				356.0,
				343.76943634597046,
				350.66579608034044,
				341.8713556851362,
				351.9311831875657,
				333.01364593456856,
				354.46195740201256,
				323.5232426303901,
				353.1965702947891,
				313.400145772599,
				353.1965702947891,
				303.9097424684205,
				351.9311831875657,
				293.7866456106294,
				351.9311831875657,
				284.29624230645095,
				351.9311831875657,
				274.8058390022725,
				349.400408973117,
				265.9482421875,
				348.767578125
			]
		}
	],
	"metadata.model": {
		"metadata.model.gender": "FEMALE",
		"metadata.model.age": "40대",
		"metadata.model.job": "entertainment and sports",
		"metadata.model.type": "wear",
		"metadata.model.usually_size": "M",
		"metadata.model.body_height": "160",
		"metadata.model.waist_height": "95",
		"metadata.model.chest_size_male": "null",
		"metadata.model.breast_size_female": "85.0",
		"metadata.model.waist_size": "73",
		"metadata.model.hip_seize": "90",
		"metadata.model.back_length": "41",
		"metadata.model.shoulders_width": "43",
		"metadata.model.arm_length": "52",
		"metadata.model.weight": "53"
	},
	"metadata.clothes": {
		"metadata.clothes.type": "02top_02t-shirt",
		"metadata.clothes.season": "summer",
		"metadata.clothes.fiber_composition": "Cotton",
		"metadata.clothes.elasticity": "none",
		"metadata.clothes.transparency": "contain",
		"metadata.clothes.isfleece": "fleece_none",
		"metadata.clothes.color": "Black,White",
		"metadata.clothes.washing_method": "none",
		"metadata.clothes.bleach": "none",
		"metadata.clothes.ironing": "none",
		"metadata.clothes.drycleaning": "none",
		"metadata.clothes.wringing": "none",
		"metadata.clothes.drying": "none",
		"metadata.clothes.top_length_type": "long",
		"metadata.clothes.sleeve_length_type": "short sleeves",
		"metadata.clothes.topneck_color_design": "round neck",
		"metadata.clothes.topsleeve_design": "basic sleeve",
		"metadata.clothes.pants_silhouette": "null",
		"metadata.clothes.skirt_design": "null",
		"metadata.top.front_length": "62.0",
		"metadata.top.chest_size": "104.0",
		"metadata.top.waist_size": "104.0",
		"metadata.top.hem_size": "100.0",
		"metadata.top.shoulder_width": "35.0",
		"metadata.top.sleeve_length": "32.0",
		"metadata.top.sleeve_cuff_size": "30.0",
		"metadata.pants.pants_length": "null",
		"metadata.pants.waist_size": "null",
		"metadata.pants.hip_size": "null",
		"metadata.pants.front_rise_length": "null",
		"metadata.pants.back_rise_length": "null",
		"metadata.pants.inner_seam_length": "null",
		"metadata.pants.pants_waist_size": "null",
		"metadata.skirt.length": "null",
		"metadata.skirt.waist_size": "null",
		"metadata.skirt.hip_size": "null",
		"metadata.skirt.hem_size": "null",
		"metadata.dress.front_length": "null",
		"metadata.dress.chest_size": "null",
		"metadata.dress.waist_size": "null",
		"metadata.dress.hip_size": "null",
		"metadata.dress.hem_size": "null",
		"metadata.dress.shoulder_width": "null",
		"metadata.dress.sleeve_length": "null",
		"metadata.dress.cuff_size": "null",
		"metadata.jumpsuit.front_length": "null",
		"metadata.jumpsuit.inner_seam_length": "null",
		"metadata.jumpsuit.chest_size": "null",
		"metadata.jumpsuit.waist_size": "null",
		"metadata.jumpsuit.hip_size": "null",
		"metadata.jumpsuit.shoulder_width": "null",
		"metadata.jumpsuit.sleeve_length": "null",
		"metadata.jumpsuit.cuffs_size": "null",
		"metadata.jumpsuit.front_rise_length": "null",
		"metadata.jumpsuit.back_rise_length": "null",
		"metadata.jumpsuit.pants_waist_size": "null"
	}
}