{
	"dataset": {
		"dataset.id": 25493,
		"dataset.name": "01_sou_005099_025493_wear_02top_02t-shirt_woman",
		"dataset.image_path": "./008.의류 통합 데이터(3-1)/원천데이터/상품/상의/t-shirt/01_sou_005099_025493_wear_02top_02t-shirt_woman.jpg",
		"dataset.label_path": "./008.의류 통합 데이터(3-1)/라벨링데이터/상품/상의/t-shirt/01_sou_005099_025493_wear_02top_02t-shirt_woman.json",
		"dataset.category": 6,
		"dataset.type": 1,
		"dataset.width": 607,
		"dataset.height": 1080,
		"dataset.file_size": 52797
	},
	"annotation": [
		{
			"annotation_type": "Polygon",
			"annotation_id": 234,
			"annotation_point_count": 77.0,
			"annotation_point": [
				238.0,
				370.0,
				228.0,
				393.0,
				205.0,
				472.0,
				153.9755859375,
				567.9189453125,
				153.9755859375,
				567.9189453125,
				149.94941699008268,
				573.9368867077555,
				148.93235559345885,
				575.1022695580541,
				152.00472856242777,
				580.2511428784637,
				154.94996885681758,
				582.8997402655041,
				160.54380653824956,
				584.5312762559224,
				172.02812480846478,
				583.1963831728535,
				177.77028394357148,
				574.5301725224526,
				197.77249141051107,
				549.2095815023313,
				214.2997391056524,
				528.8259760116562,
				236.5,
				497.5,
				249.70000000000073,
				466.2000000000007,
				252.18527612990147,
				459.6869898203149,
				258.0,
				530.0,
				239.3000000000011,
				575.0,
				237.2978515625,
				599.890625,
				237.2978515625,
				599.890625,
				239.76982873384077,
				606.6299956990042,
				257.7802909657257,
				610.8677515182717,
				264.3134978537619,
				610.3380320408633,
				305.4550439324794,
				613.6929220644488,
				351.1874921487379,
				613.3397757461771,
				388.62100188559634,
				612.2803367913602,
				396.7433672058578,
				609.8083125634548,
				396.3902208875861,
				601.6859472431915,
				394.09476981881744,
				582.3217574579303,
				393.9181966596807,
				578.9668674343429,
				372.60000000000036,
				516.8000000000011,
				373.40000000000146,
				497.40000000000146,
				384.5,
				481.0,
				389.40000000000146,
				457.90000000000146,
				391.60000000000036,
				452.60000000000036,
				413.8000000000011,
				505.8000000000011,
				470.2919921875,
				582.2744140625,
				472.72868335410385,
				583.722571187076,
				481.8045437337023,
				582.0098115434539,
				492.84036617970924,
				576.6066728738897,
				494.92392945751635,
				575.3883180758494,
				495.29473309170135,
				571.4507366271137,
				471.75753097885536,
				532.0219501920164,
				457.1372734023844,
				498.33179142884364,
				448.44987397288605,
				482.0164315246657,
				448.0260983909593,
				480.3213291969587,
				439.76247454338954,
				461.887091383147,
				435.9484943060488,
				454.68290649039227,
				422.2000000000007,
				398.10000000000036,
				409.0,
				363.8000000000011,
				394.60000000000036,
				356.90000000000146,
				369.9189453125,
				353.27734375,
				368.5946627535741,
				353.4240854977943,
				363.44461227877036,
				351.51120960715343,
				360.04557896540064,
				351.51120960715343,
				358.5888504025261,
				351.51120960715343,
				360.2074376946075,
				352.5412197021142,
				363.72418644740173,
				354.45409559275504,
				365.7989210672513,
				356.2198271841171,
				366.3727838344439,
				363.5770421481229,
				364.96019856135536,
				375.55458810952405,
				351.4817807472973,
				396.4049353175142,
				340.548959310785,
				407.6026164927298,
				327.5855465442073,
				410.8986487966049,
				315.63742944266414,
				409.3830625140199,
				295.831806759561,
				393.22661845306357,
				284.4722668551367,
				372.8471330027696,
				284.4722668551367,
				361.4434498085611,
				286.7971467837633,
				358.13270307475796,
				291.2114757621657,
				355.5576778373561,
				291.94719725856703,
				354.45409559275504,
				283.25096917111114,
				356.54354464253265,
				279.8077925679572,
				357.39698157835846,
				268.2863939343242,
				356.9114053907342,
				260.9291789703202,
				358.382848383535,
				250.879223329488,
				360.45758300338457
			]
		}
	],
	"metadata.model": {
		"metadata.model.gender": "FEMALE",
		"metadata.model.age": "40대",
		"metadata.model.job": "office job",
		"metadata.model.type": "wear",
		"metadata.model.usually_size": "S",
		"metadata.model.body_height": "165",
		"metadata.model.waist_height": "95",
		"metadata.model.chest_size_male": "null",
		"metadata.model.breast_size_female": "81.0",
		"metadata.model.waist_size": "80",
		"metadata.model.hip_seize": "88",
		"metadata.model.back_length": "40",
		"metadata.model.shoulders_width": "39",
		"metadata.model.arm_length": "54",
		"metadata.model.weight": "54"
	},
	"metadata.clothes": {
		"metadata.clothes.type": "02top_02t-shirt",
		"metadata.clothes.season": "spring&fall",
		"metadata.clothes.fiber_composition": "Nylon",
		"metadata.clothes.elasticity": "contain",
		"metadata.clothes.transparency": "none at all",
		"metadata.clothes.isfleece": "fleece_none",
		"metadata.clothes.color": "Gray",
		"metadata.clothes.washing_method": "none",
		"metadata.clothes.bleach": "none",
		"metadata.clothes.ironing": "none",
		"metadata.clothes.drycleaning": "none",
		"metadata.clothes.wringing": "none",
		"metadata.clothes.drying": "none",
		"metadata.clothes.top_length_type": "normal",
		"metadata.clothes.sleeve_length_type": "long sleeves",
		"metadata.clothes.topneck_color_design": "U-neck",
		"metadata.clothes.topsleeve_design": "basic sleeve",
		"metadata.clothes.pants_silhouette": "null",
		"metadata.clothes.skirt_design": "null",
		"metadata.top.front_length": "55.0",
		"metadata.top.chest_size": "64.0",
		"metadata.top.waist_size": "58.0",
		"metadata.top.hem_size": "62.0",
		"metadata.top.shoulder_width": "31.0",
		"metadata.top.sleeve_length": "50.0",
		"metadata.top.sleeve_cuff_size": "16.0",
		"metadata.pants.pants_length": "null",
		"metadata.pants.waist_size": "null",
		"metadata.pants.hip_size": "null",
		"metadata.pants.front_rise_length": "null",
		"metadata.pants.back_rise_length": "null",
		"metadata.pants.inner_seam_length": "null",
		"metadata.pants.pants_waist_size": "null",
		"metadata.skirt.length": "null",
		"metadata.skirt.waist_size": "null",
		"metadata.skirt.hip_size": "null",
		"metadata.skirt.hem_size": "null",
		"metadata.dress.front_length": "null",
		"metadata.dress.chest_size": "null",
		"metadata.dress.waist_size": "null",
		"metadata.dress.hip_size": "null",
		"metadata.dress.hem_size": "null",
		"metadata.dress.shoulder_width": "null",
		"metadata.dress.sleeve_length": "null",
		"metadata.dress.cuff_size": "null",
		"metadata.jumpsuit.front_length": "null",
		"metadata.jumpsuit.inner_seam_length": "null",
		"metadata.jumpsuit.chest_size": "null",
		"metadata.jumpsuit.waist_size": "null",
		"metadata.jumpsuit.hip_size": "null",
		"metadata.jumpsuit.shoulder_width": "null",
		"metadata.jumpsuit.sleeve_length": "null",
		"metadata.jumpsuit.cuffs_size": "null",
		"metadata.jumpsuit.front_rise_length": "null",
		"metadata.jumpsuit.back_rise_length": "null",
		"metadata.jumpsuit.pants_waist_size": "null"
	}
}