{
	"dataset": {
		"dataset.id": 444385,
		"dataset.name": "01_sou_088877_444385_wear_02top_02t-shirt_woman",
		"dataset.image_path": "./008.의류 통합 데이터(3-1)/원천데이터/상품/상의/t-shirt/01_sou_088877_444385_wear_02top_02t-shirt_woman.jpg",
		"dataset.label_path": "./008.의류 통합 데이터(3-1)/라벨링데이터/상품/상의/t-shirt/01_sou_088877_444385_wear_02top_02t-shirt_woman.json",
		"dataset.category": 6,
		"dataset.type": 1,
		"dataset.width": 1574,
		"dataset.height": 2100,
		"dataset.file_size": 310622
	},
	"annotation": [
		{
			"annotation_type": "Polygon",
			"annotation_id": 75,
			"annotation_point_count": 186.0,
			"annotation_point": [
				586.2000000000007,
				890.5,
				600.2578125,
				903.275390625,
				619.2870895068154,
				913.89745908451,
				633.2276432723229,
				929.6082418996048,
				659.427033206226,
				942.1768681516805,
				661.0202393508553,
				990.6147605210317,
				661.1000000000022,
				1033.7000000000007,
				662.0,
				1243.0,
				656.6000000000022,
				1278.6000000000022,
				650.6000000000022,
				1301.0,
				674.0,
				1314.7999999999993,
				719.7999999999993,
				1308.4000000000015,
				721.5,
				1322.7999999999993,
				755.6000000000022,
				1334.5,
				753.4000000000015,
				1351.0,
				778.0,
				1359.0,
				837.5,
				1353.7999999999993,
				911.0,
				1353.2999999999993,
				947.2000000000007,
				1360.4000000000015,
				977.0,
				1348.0,
				984.0,
				1344.7999999999993,
				969.5,
				1220.6000000000022,
				974.9000000000015,
				1089.5,
				976.8046875,
				1081.0078125,
				977.7218637116493,
				1078.254446002673,
				968.0861529489339,
				1048.4296269752122,
				953.8620084896829,
				1025.4874584925528,
				949.7324181628028,
				1000.7099165312757,
				951.567791641417,
				953.9078928266499,
				990.5694780619415,
				940.601435106706,
				1023.6062006769716,
				928.671507495721,
				1034.1595981789978,
				930.0480376046798,
				1040.583405354144,
				927.2949773867622,
				1038.7480318755297,
				921.7888569509232,
				1026.0,
				874.0,
				1025.0,
				833.0,
				1011.033203125,
				763.2578125,
				1009.7491309134457,
				756.3299378539705,
				1009.3361718807573,
				754.9075234080447,
				1008.3267164675199,
				752.6133065597787,
				1007.5466827391101,
				750.6861644072342,
				1006.7666490107003,
				748.5296005698656,
				1005.8948466083602,
				746.4648054064237,
				1005.2524658908442,
				744.4000102429854,
				1004.7477381842255,
				743.0234801340266,
				1003.6006297600943,
				740.6833789487937,
				1002.9582490425782,
				739.0315428180438,
				1001.9029092923774,
				736.8749789806716,
				1001.2605285748614,
				735.0854898390244,
				1000.2510731616239,
				733.1583476864798,
				999.7463454550052,
				731.8735862514513,
				998.4615840199767,
				729.4417163922917,
				997.3144755958419,
				727.3769212288498,
				996.5344418674322,
				725.7250850981,
				995.6626394650921,
				723.6602899346581,
				994.6072997148913,
				721.8708007930109,
				993.0931165950351,
				720.3566176731583,
				991.6707021491093,
				718.9342032272325,
				990.0188660183558,
				717.7870948030977,
				988.5964515724336,
				716.2270273462782,
				987.3116901374015,
				715.2175719330407,
				985.0174732891355,
				713.7951574871149,
				983.2279841474883,
				712.6480490629838,
				980.6584612774313,
				711.2715189540213,
				979.0066251466815,
				709.8491045080991,
				977.4465576898583,
				708.7019960839643,
				975.4276468633834,
				707.2795816380385,
				973.3628516999452,
				705.8571671921163,
				971.4357095474006,
				704.4806370831539,
				969.6462204057534,
				703.5629503438468,
				967.8567312641062,
				702.6911479415066,
				965.791936100668,
				701.6358081913058,
				963.7730252741931,
				700.488699767171,
				961.7082301107548,
				699.616897364831,
				959.5516662733826,
				698.6992106255238,
				956.8444903924283,
				697.6897552122864,
				955.3303072725721,
				697.1850275056677,
				952.7607844025151,
				696.2673407663606,
				952.1184036849991,
				695.9920347445695,
				949.0441531083234,
				694.8449263204384,
				946.3369772273691,
				693.9731239180946,
				944.8227941075129,
				693.1930901896849,
				942.3909242483533,
				692.2754034503778,
				940.3261290849114,
				691.9083287546564,
				938.2613339214731,
				691.4036010480377,
				936.2424230949982,
				690.7612203305252,
				933.9482062467323,
				689.8435335912181,
				932.1128327681217,
				689.3388058845994,
				929.4515412241308,
				688.6964251670834,
				927.3867460606925,
				688.1916974604646,
				925.0925292124266,
				687.8246227647433,
				923.4406930816731,
				687.1822420472272,
				921.3758979182348,
				686.6775143406085,
				920.4582111789277,
				686.035133623096,
				918.6687220372805,
				685.39275290558,
				917.6592666240431,
				684.7503721880676,
				916.5121581999119,
				684.3374131553792,
				913.5755606341299,
				682.180849318007,
				912.1531461882041,
				680.3913601763597,
				910.8683847531756,
				678.7395240456099,
				908.5741679049097,
				677.4547626105814,
				905.3622643173367,
				675.7570421428645,
				902.1503607297636,
				675.3899674471395,
				899.8561438814977,
				675.1146614253485,
				897.6995800441291,
				675.1146614253485,
				896.139512587306,
				675.8946951537582,
				895.1300571740685,
				677.4547626105814,
				893.4782210433186,
				679.1065987413313,
				887.3297198899636,
				685.117446883789,
				877.9234308120758,
				699.4792443539336,
				850.4845973068113,
				721.3660730863921,
				830.8002167486884,
				738.8480054701831,
				813.0888626800734,
				749.6767089939967,
				801.8013157866044,
				754.5404487123233,
				795.606930296286,
				760.7348342026417,
				786.9806749468044,
				762.0654799746335,
				779.6850653693182,
				758.1194269956177,
				768.3975184758492,
				760.0924534851256,
				755.0910607559053,
				745.6847716780139,
				746.4648054064237,
				730.8641308382139,
				746.2353837215996,
				718.0624008248888,
				750.2273210375824,
				696.8179528099463,
				757.4311619411383,
				685.2550998946863,
				768.4892871497796,
				680.6207818611874,
				767.7092534213698,
				678.1889120020242,
				752.6591908967421,
				682.3185023289043,
				747.7495668414558,
				685.713943264338,
				745.8683090258746,
				685.9433649491657,
				745.2259283083622,
				686.1269022970264,
				745.2259283083622,
				686.1269022970264,
				742.2434464056169,
				687.2281263841942,
				738.6185837853554,
				688.0540444495709,
				736.1408295892288,
				688.283466134395,
				733.8924970779262,
				688.604656493153,
				731.2312055339389,
				689.1552685367387,
				730.1758657837345,
				689.2470372106691,
				727.9275332724355,
				689.5682275694235,
				725.1744730545142,
				689.6599962433575,
				723.2473309019733,
				689.9811866021118,
				721.4119574233591,
				690.5317986456976,
				718.3377068466834,
				691.3577167110743,
				715.7681839766228,
				692.1377504394841,
				710.6291382365089,
				693.8354709072009,
				708.1972683773456,
				694.707273309541,
				706.3618948987314,
				695.3037696900901,
				704.1594467243995,
				695.8543817336758,
				701.1310804846871,
				696.9097214838766,
				697.643870875323,
				698.3321359298025,
				695.8084973967088,
				698.9745166473149,
				692.7342468200331,
				700.534584104138,
				691.4494853850047,
				701.0851961477201,
				689.2929215476324,
				701.8193455391665,
				688.2375817974316,
				702.3699575827486,
				687.2740107211575,
				702.782916615437,
				683.098536057314,
				705.444208159428,
				679.3819047631223,
				708.4725743991366,
				676.3076541864466,
				711.225634617058,
				674.151090349078,
				713.7951574871149,
				673.6004783054923,
				714.2081165198033,
				671.8109891638451,
				716.6858707159299,
				669.1496976198578,
				719.8518899665396,
				667.3143241412436,
				722.7426031953546,
				665.2954133147687,
				725.4038947393419,
				663.8271145318795,
				727.2392682179561,
				662.221162738093,
				729.9005597619434,
				661.6705506945073,
				732.2406609471764,
