{
	"dataset": {
		"dataset.id": 497981,
		"dataset.name": "01_sou_099597_497981_front_02top_02t-shirt_woman",
		"dataset.image_path": "./008.의류 통합 데이터(3-1)/원천데이터/상품/상의/t-shirt/01_sou_099597_497981_front_02top_02t-shirt_woman.jpg",
		"dataset.label_path": "./008.의류 통합 데이터(3-1)/라벨링데이터/상품/상의/t-shirt/01_sou_099597_497981_front_02top_02t-shirt_woman.json",
		"dataset.category": 6,
		"dataset.type": 1,
		"dataset.width": 2100,
		"dataset.height": 1576,
		"dataset.file_size": 411686
	},
	"annotation": [
		{
			"annotation_type": "Polygon",
			"annotation_id": 91,
			"annotation_point_count": 129.0,
			"annotation_point": [
				508.0,
				621.0,
				514.0,
				674.0,
				542.0,
				692.0,
				622.0,
				688.0,
				662.0,
				679.0,
				674.0,
				688.0,
				685.0,
				723.0,
				697.0,
				1030.0,
				691.0,
				1034.0,
				691.0,
				1168.0,
				674.0,
				1319.0,
				675.5615234375,
				1392.560546875,
				722.0938613540675,
				1392.560738581149,
				743.3658622179064,
				1392.560738581149,
				764.6378630817435,
				1392.560738581149,
				780.5918637296218,
				1392.560738581149,
				804.5228647014392,
				1397.8787387971097,
				825.7948655652763,
				1399.208238851099,
				844.4078663211349,
				1401.8672389590793,
				868.3388672929523,
				1401.8672389590793,
				885.6223679948198,
				1401.8672389590793,
				905.5648688046676,
				1401.8672389590793,
				930.8253698304743,
				1401.8672389590793,
				953.4268707483025,
				1401.8672389590793,
				973.3693715581503,
				1401.8672389590793,
				994.6413724219874,
				1403.1967390130685,
				1014.5838732318352,
				1403.1967390130685,
				1034.526374041683,
				1404.5262390670578,
				1059.7868750674897,
				1404.5262390670578,
				1091.6948763632463,
				1400.5377389050882,
				1184.7598801425356,
				1399.208238851099,
				1253.8938829500075,
				1399.208238851099,
				1291.1198844617247,
				1393.8902386351401,
				1397.479888780912,
				1393.8902386351401,
				1491.8743926141924,
				1393.8902386351401,
				1493.2038926681817,
				1384.58373825721,
				1486.0,
				1265.0,
				1492.0,
				1261.0,
				1498.0,
				888.0,
				1515.0,
				817.0,
				1515.0,
				781.0,
				1486.0,
				706.0,
				1498.0,
				697.0,
				1578.0,
				697.0,
				1612.0,
				723.0,
				1641.0,
				737.0,
				1664.0,
				737.0,
				1681.0,
				710.0,
				1704.0,
				634.0,
				1727.0,
				608.0,
				1772.0,
				523.0,
				1795.0004049238778,
				483.1827016520929,
				1772.3989040060496,
				468.55820105820385,
				1755.115403304182,
				457.9222006262844,
				1733.843402440345,
				449.94520030234526,
				1713.9009016304972,
				443.2977000323972,
				1693.9584008206493,
				433.991199654467,
				1674.0159000108015,
				424.6846992765386,
				1655.402899254943,
				418.0371990065887,
				1635.460398445095,
				407.40119857467107,
				1618.1768977432275,
				398.0946981967427,
				1598.2343969333797,
				390.11769787280355,
				1579.621396177521,
				380.81119749487334,
				1563.6673955296428,
				366.18669690098614,
				1545.054394773786,
				355.5506964690667,
				1526.4413940179275,
				346.2441960911383,
				1506.4988932080796,
				334.2786956052296,
				1487.8858924522228,
				323.64269517331013,
				1469.2728916963642,
				315.665694849371,
				1450.6598909405056,
				305.02969441745154,
				1433.3763902386381,
				290.40519382356433,
				1413.4338894287903,
				281.09869344563594,
				1393.4913886189424,
				274.45119317568606,
				1373.5488878090946,
				266.4741928517469,
				1353.6063869992468,
				258.4971925278078,
				1334.99338624339,
				257.16769247381853,
				1296.4378846776835,
				246.53169204189908,
				1279.154296875,
				242.54296875,
				1252.0,
				248.0,
				1194.0,
				283.0,
				1074.0,
				292.0,
				1023.0,
				274.0,
				971.0,
				234.0,
				950.673828125,
				235.4521484375,
				929.9002593762416,
				243.14577546921464,
				919.1288469017854,
				247.76209510112494,
				908.3574344273311,
				252.37841473303342,
				896.8166353475572,
				254.68657454898857,
				885.275836267785,
				255.45596115430635,
				872.9656505826933,
				260.07228078621483,
				860.6554648976035,
				263.91921381280554,
				849.8840524231473,
				266.2273736287607,
				838.3432533433752,
				269.3049200500336,
				826.0330676582835,
				273.1518530766243,
				815.2616551838291,
				277.7681727085346,
				804.4902427093748,
				281.6151057351253,
				792.1800570242831,
				283.9232655510805,
				779.8698713391914,
				287.7701985776712,
				767.5596856540997,
				292.38651820957966,
				756.7882731796453,
				298.5416110521255,
				736.7842214413722,
				306.2354771053069,
				725.2434223616001,
				309.31302352657985,
				714.4720098871439,
				314.69872976380793,
				702.9312108073718,
				319.3150493957164,
				693.698571543553,
				327.00891544889964,
				685.2353188850539,
				336.2415547127166,
				674.4639064105977,
				341.6272609499447,
				664.4618805414611,
				347.01296718717276,
				653.6904680670068,
				353.1680600297168,
				642.9190555925525,
				358.5537662669449,
				632.9170297234159,
				363.1700858988552,
				621.376230643642,
				367.0170189254459,
				609.0660449585503,
				370.8639519520366,
				595.217086062823,
				378.557818005218,
				584.4456735883687,
				383.1741376371283,
				573.6742611139143,
				387.7904572690368,
				562.90284863946,
				392.40677690094526,
				550.5926629543683,
				397.02309653285556,
				538.2824772692766,
				401.63941616476404,
				520.5865853469586,
				407.7945090073099,
				509.04578626718467,
				410.8720554285828,
				498.27437379273033,
				414.71898845517353,
				488.27234792359377,
				420.1046946924016,
				476.73154884381984,
				425.49040092962787,
				465.1907497640477,
				429.3373339562204,
				453.6499506842738,
				432.4148803774915,
				442.1091516045017,
				437.8005866147196,
				429.0295793140922,
				442.41690624662806,
				425.1826462875015,
				450.88015890512906
			]
		}
	],
	"metadata.model": {
		"metadata.model.gender": "FEMALE",
		"metadata.model.age": "20대",
		"metadata.model.job": "service job",
		"metadata.model.type": "front",
		"metadata.model.usually_size": "M",
		"metadata.model.body_height": "163",
		"metadata.model.waist_height": "95",
		"metadata.model.chest_size_male": "null",
		"metadata.model.breast_size_female": "80.0",
		"metadata.model.waist_size": "66",
		"metadata.model.hip_seize": "90",
		"metadata.model.back_length": "43",
		"metadata.model.shoulders_width": "43",
		"metadata.model.arm_length": "54",
		"metadata.model.weight": "52"
	},
	"metadata.clothes": {
		"metadata.clothes.type": "02top_02t-shirt",
		"metadata.clothes.season": "summer",
		"metadata.clothes.fiber_composition": "Cotton",
		"metadata.clothes.elasticity": "contain little",
		"metadata.clothes.transparency": "contain little",
		"metadata.clothes.isfleece": "fleece_none",
		"metadata.clothes.color": "White",
		"metadata.clothes.washing_method": "none",
		"metadata.clothes.bleach": "none",
		"metadata.clothes.ironing": "none",
		"metadata.clothes.drycleaning": "none",
		"metadata.clothes.wringing": "none",
		"metadata.clothes.drying": "none",
		"metadata.clothes.top_length_type": "normal",
		"metadata.clothes.sleeve_length_type": "short sleeves",
		"metadata.clothes.topneck_color_design": "round neck",
		"metadata.clothes.topsleeve_design": "basic sleeve",
		"metadata.clothes.pants_silhouette": "null",
		"metadata.clothes.skirt_design": "null",
		"metadata.top.front_length": "62.0",
		"metadata.top.chest_size": "88.0",
		"metadata.top.waist_size": "86.0",
		"metadata.top.hem_size": "84.0",
		"metadata.top.shoulder_width": "38.0",
		"metadata.top.sleeve_length": "19.0",
		"metadata.top.sleeve_cuff_size": "32.0",
		"metadata.pants.pants_length": "null",
		"metadata.pants.waist_size": "null",
		"metadata.pants.hip_size": "null",
		"metadata.pants.front_rise_length": "null",
		"metadata.pants.back_rise_length": "null",
		"metadata.pants.inner_seam_length": "null",
		"metadata.pants.pants_waist_size": "null",
		"metadata.skirt.length": "null",