{
	"dataset": {
		"dataset.id": 534854,
		"dataset.name": "01_sou_106971_534854_wear_02top_02t-shirt_man",
		"dataset.image_path": "./008.의류 통합 데이터(3-1)/원천데이터/상품/상의/t-shirt/01_sou_106971_534854_wear_02top_02t-shirt_man.jpg",
		"dataset.label_path": "./008.의류 통합 데이터(3-1)/라벨링데이터/상품/상의/t-shirt/01_sou_106971_534854_wear_02top_02t-shirt_man.json",
		"dataset.category": 6,
		"dataset.type": 1,
		"dataset.width": 2320,
		"dataset.height": 3479,
		"dataset.file_size": 590141
	},
	"annotation": [
		{
			"annotation_type": "Polygon",
			"annotation_id": 149,
			"annotation_point_count": 126.0,
			"annotation_point": [
				655.2000000000007,
				947.7999999999993,
				616.6000000000022,
				1043.4000000000015,
				566.7999999999993,
				1161.0,
				502.0,
				1307.6000000000022,
				449.7999999999993,
				1426.4000000000015,
				388.0,
				1614.0,
				373.0,
				1683.2000000000007,
				404.0,
				1696.4000000000015,
				488.119140625,
				1706.0,
				488.119140625,
				1706.0,
				491.7000000000007,
				1694.0,
				491.7000000000007,
				1670.0,
				512.1000000000022,
				1647.2000000000007,
				610.5,
				1438.4000000000015,
				665.7000000000007,
				1329.2000000000007,
				696.9000000000015,
				1268.0,
				722.1000000000022,
				1228.4000000000015,
				743.7200000000048,
				1179.2000000000044,
				754.5,
				1144.4000000000015,
				774.919921875,
				1126.400390625,
				774.919921875,
				1126.400390625,
				786.9200000000019,
				1184.0000000000036,
				808.5,
				1284.7999999999993,
				815.7000000000007,
				1324.4000000000015,
				822.9200000000019,
				1379.6000000000022,
				831.2999999999993,
				1440.7999999999993,
				808.5200000000041,
				1632.800000000003,
				803.7200000000048,
				1697.6000000000022,
				832.5200000000041,
				1700.0000000000036,
				857.7000000000007,
				1696.4000000000015,
				905.7000000000007,
				1662.800000000003,
				968.1000000000022,
				1648.4000000000015,
				1029.3200000000033,
				1647.2000000000044,
				1084.5,
				1644.7999999999993,
				1137.2999999999993,
				1632.7999999999993,
				1245.2999999999993,
				1631.6000000000022,
				1313.7000000000007,
				1654.4000000000015,
				1365.2999999999993,
				1678.4000000000015,
				1386.9200000000055,
				1683.2000000000044,
				1395.2999999999993,
				1676.0,
				1390.5,
				1642.4000000000015,
				1388.1000000000022,
				1602.7999999999993,
				1361.0,
				1536.7999999999993,
				1340.6000000000022,
				1457.6000000000022,
				1331.0,
				1346.0,
				1341.7999999999993,
				1320.800000000003,
				1360.6000000000022,
				1261.7999999999993,
				1366.0,
				1215.0,
				1379.0,
				1193.4000000000015,
				1388.7999999999993,
				1156.7999999999993,
				1407.0,
				1125.4000000000015,
				1427.0,
				1134.0,
				1482.9000000000015,
				1215.2000000000007,
				1510.5,
				1276.4000000000015,
				1546.5,
				1330.4000000000015,
				1572.9000000000015,
				1403.6000000000022,
				1635.3200000000033,
				1528.400000000005,
				1685.7000000000007,
				1599.2000000000007,
				1689.300000000003,
				1629.2000000000007,
				1677.300000000003,
				1660.4000000000015,
				1700.1000000000022,
				1679.6000000000022,
				1750.5,
				1685.6000000000022,
				1800.9000000000015,
				1682.0,
				1817.7000000000007,
				1662.800000000003,
				1805.7200000000048,
				1635.2000000000044,
				1799.7200000000048,
				1610.0000000000036,
				1791.3200000000033,
				1546.400000000005,
				1757.7200000000048,
				1452.800000000003,
				1734.9000000000015,
				1376.0,
				1672.520000000004,
				1229.6000000000022,
				1640.1200000000026,
				1176.800000000003,
				1587.3200000000033,
				1062.800000000003,
				1516.5,
				914.0,
				1509.3200000000033,
				898.4000000000051,
				1502.1200000000026,
				881.6000000000022,
				1493.7000000000007,
				864.7999999999993,
				1487.7200000000048,
				848.0000000000036,
				1478.1200000000026,
				832.4000000000051,
				1467.2999999999993,
				815.6000000000022,
				1455.2999999999993,
				801.2000000000007,
				1443.2999999999993,
				788.0,
				1430.1000000000022,
				773.6000000000022,
				1414.5,
				762.7999999999993,
				1397.7000000000007,
				754.4000000000015,
				1378.5,
				748.4000000000015,
				1361.7000000000007,
				742.4000000000015,
				1344.9000000000015,
				737.6000000000022,
				1329.2999999999993,
				729.2000000000007,
				1314.9000000000015,
				723.2000000000007,
				1299.2999999999993,
				713.6000000000022,
				1280.1200000000026,
				705.2000000000044,
				1265.7200000000048,
				700.4000000000051,
				1216.5,
				681.2000000000007,
				1200.9000000000015,
				666.7999999999993,
				1178.1000000000022,
				657.2000000000007,
				1176.9200000000055,
				644.0000000000036,
				1169.7200000000048,
				629.6000000000022,
				1109.7200000000048,
				603.2000000000044,
				1085.7200000000048,
				604.4000000000051,
				1067.7200000000048,
				604.4000000000051,
				1002.9200000000019,
				614.0000000000036,
				978.9200000000019,
				635.6000000000022,
				971.7000000000007,
				660.7999999999993,
				952.5,
				669.2000000000007,
				939.2999999999993,
				683.6000000000022,
				928.5,
				689.6000000000022,
				912.9200000000019,
				698.0000000000036,
				897.3200000000033,
				704.0000000000036,
				880.5200000000041,
				711.2000000000044,
				863.7200000000048,
				720.8000000000029,
				848.1200000000026,
				730.4000000000051,
				831.3200000000033,
				740.0000000000036,
				814.5200000000041,
				748.4000000000051,
				796.5,
				756.7999999999993,
				778.5,
				761.6000000000022,
				761.7000000000007,
				770.0,
				746.1000000000022,
				779.6000000000022,
				735.2999999999993,
				795.2000000000007,
				722.1200000000026,
				809.6000000000022,
				713.7200000000048,
				826.4000000000051,
				704.1200000000026,
				842.0000000000036,
				689.7000000000007,
				860.0,
				684.9200000000019,
				874.4000000000051,
				681.3200000000033,
				891.2000000000044,
				675.3203125,
				904.400390625,
				675.3203125,
				904.400390625
			]
		}
	],
	"metadata.model": {
		"metadata.model.gender": "MALE",
		"metadata.model.age": "20대",
		"metadata.model.job": "university student/graduate student",
		"metadata.model.type": "wear",
		"metadata.model.usually_size": "XL",
		"metadata.model.body_height": "189",
		"metadata.model.waist_height": "109",
		"metadata.model.chest_size_male": "97.0",
		"metadata.model.breast_size_female": "null",
		"metadata.model.waist_size": "83",
		"metadata.model.hip_seize": "102",
		"metadata.model.back_length": "56",
		"metadata.model.shoulders_width": "53",
		"metadata.model.arm_length": "62",
		"metadata.model.weight": "80"
	},
	"metadata.clothes": {
		"metadata.clothes.type": "02top_02t-shirt",
		"metadata.clothes.season": "spring&fall",
		"metadata.clothes.fiber_composition": "Cotton",
		"metadata.clothes.elasticity": "contain",
		"metadata.clothes.transparency": "none at all",
		"metadata.clothes.isfleece": "fleece_none",
		"metadata.clothes.color": "Black",
		"metadata.clothes.washing_method": "none",
		"metadata.clothes.bleach": "none",
		"metadata.clothes.ironing": "none",
		"metadata.clothes.drycleaning": "none",
		"metadata.clothes.wringing": "none",
		"metadata.clothes.drying": "none",
		"metadata.clothes.top_length_type": "normal",
		"metadata.clothes.sleeve_length_type": "long sleeves",
		"metadata.clothes.topneck_color_design": "Chinese collar",
		"metadata.clothes.topsleeve_design": "basic sleeve",
		"metadata.clothes.pants_silhouette": "null",
		"metadata.clothes.skirt_design": "null",
		"metadata.top.front_length": "70.0",
		"metadata.top.chest_size": "110.0",
		"metadata.top.waist_size": "110.0",
		"metadata.top.hem_size": "110.0",
		"metadata.top.shoulder_width": "49.0",
		"metadata.top.sleeve_length": "59.0",
		"metadata.top.sleeve_cuff_size": "26.0",
		"metadata.pants.pants_length": "null",
		"metadata.pants.waist_size": "null",
		"metadata.pants.hip_size": "null",
		"metadata.pants.front_rise_length": "null",
		"metadata.pants.back_rise_length": "null",