{
	"dataset": {
		"dataset.id": 525972,
		"dataset.name": "01_sou_105195_525972_back_02top_02t-shirt_man",
		"dataset.image_path": "./008.의류 통합 데이터(3-1)/원천데이터/상품/상의/t-shirt/01_sou_105195_525972_back_02top_02t-shirt_man.jpg",
		"dataset.label_path": "./008.의류 통합 데이터(3-1)/라벨링데이터/상품/상의/t-shirt/01_sou_105195_525972_back_02top_02t-shirt_man.json",
		"dataset.category": 6,
		"dataset.type": 1,
		"dataset.width": 2988,
		"dataset.height": 5312,
		"dataset.file_size": 1541577
	},
	"annotation": [
		{
			"annotation_type": "Polygon",
			"annotation_id": 67,
			"annotation_point_count": 242.0,
			"annotation_point": [
				1808.5341693621667,
				2549.8482333880893,
				1764.462367412376,
				2539.598977120695,
				1748.3563932778998,
				2533.742259253613,
				1712.0447425019884,
				2523.6394209328973,
				1700.0384708744714,
				2513.390164665503,
				1674.708166099339,
				2506.654939118358,
				1625.511736015851,
				2452.333880901173,
				1598.424415880596,
				2424.3680530858546,
				1579.8293366526086,
				2422.7574556724066,
				1546.7388807035968,
				2428.6141735394885,
				1520.5300682484049,
				2438.863429806883,
				1494.1748378465345,
				2440.4740272203308,
				1463.719904937705,
				2438.863429806883,
				1435.7540771223903,
				2440.4740272203308,
				1407.788249307072,
				2434.617309353249,
				1399.2960083998041,
				2436.227906766697,
				1388.314662399025,
				2436.227906766697,
				1372.208688264549,
				2448.9662681275986,
				1345.999875809357,
				2476.932095942917,
				1323.0122581810574,
				2493.9165777574563,
				1301.9280738595626,
				2512.51165698544,
				1296.9498636725439,
				2509.2904621585476,
				1269.130453803904,
				2523.9322568262505,
				1195.9214804653748,
				2544.430769361039,
				1141.654296875,
				2560.521484375,
				1137.6814691119398,
				2560.8053121558914,
				1133.4249522636928,
				2562.2241511053107,
				1129.1684354154422,
				2563.926757844609,
				1125.195686357074,
				2565.061829004142,
				1120.655401718941,
				2566.1969001636753,
				1116.3988848706904,
				2567.048203533326,
				1111.574832442675,
				2568.750810272624,
				1107.6020833843068,
				2569.885881432161,
				1103.6293343259422,
				2571.0209525916944,
				1099.0890496878055,
				2572.1560237512276,
				1094.5487650496725,
				2573.5748627006433,
				1089.4409448317747,
				2574.993701650059,
				1085.4681957734065,
				2576.6963083893606,
				1080.9279111352735,
				2578.1151473387763,
				1076.3876264971404,
				2580.1015218679604,
				1072.1311096488898,
				2581.520360817376,
				1068.1583605905216,
				2583.50673534656,
				1063.901843742271,
				2585.209342085858,
				1059.645326894024,
				2586.91194882516,
				1055.9563456255382,
				2588.6145555644616,
				1051.6998287772876,
				2590.600930093642,
				1047.443311929037,
				2592.303536832944,
				1042.903027290904,
				2594.289911362128,
				1038.9302782325394,
				2596.843821471077,
				1035.2412969640536,
				2599.1139637901433,
				1031.8360834854539,
				2600.532802739559,
				1027.2957988473208,
				2601.9516416889783,
				1022.7555142091878,
				2603.370480638394,
				1018.4989973609372,
				2605.073087377692,
				1014.5262483025726,
				2607.059461906876,
				1010.269731454322,
				2609.6133720158286,
				1007.1482857656047,
				2612.45104991466,
				1002.891768917354,
				2614.7211922337265,
				998.351484279221,
				2616.991334552793,
				994.3787352208528,
				2618.6939412920947,
				990.6897539523707,
				2620.680315821279,
				986.43323710412,
				2622.9504581403453,
				982.1767202558694,
				2625.220600459412,
				978.2039711975049,
				2627.206974988596,
				974.2312221391367,
				2629.1933495177764,
				969.6909375010036,
				2631.747259626729,
				966.5694918122863,
				2634.5849375255602,
				962.5967427539181,
				2637.422615424395,
				959.1915292753183,
				2639.6927577434617,
				955.2187802169537,
				2642.2466678524106,
				951.5297989484679,
				2645.0843457512456,
				948.1245854698682,
				2647.6382558601945,
				944.1518364115036,
				2649.908398179261,
				940.1790873531354,
				2652.4623082882135,
				935.6388027150024,
				2655.5837539769273,
				860.6000000000022,
				2714.800000000003,
				648.5625,
				2898.640625,
				515.5660882393386,
				3023.0954400394476,
				426.4951706774664,
				3109.726058490036,
				341.0847017825181,
				3197.576826496268,
				282.5175231116955,
				3267.1253511678697,
				233.7115408860118,
				3326.9126793943324,
				153.18167021363115,
				3425.7447934013435,
				126.33837998950548,
				3457.468681848037,
				106.81598709923128,
				3492.8530189616613,
				97.054790654096,
				3500.1739162955128,
				79.97269687510561,
				3524.5769074083546,
				90.95404287588462,
				3539.218702076061,
				137.3197259902845,
				3574.603039189682,
				192.22645599417956,
				3618.528423192798,
				237.37198955293934,
				3650.2523116394914,
				259.33468155449737,
				3657.5732089733465,
				269.09587799963265,
				3653.912760306419,
				278.85707444477157,
				3644.15156386128,
				298.37946733504214,
				3624.6291709710094,
				326.44290711481153,
				3603.8866285250915,
				356.94664600586475,
				3572.162740078398,
				446.0175635677406,
				3495.293318072945,
				487.5026484595728,
				3455.028382736753,
				518.0063873506224,
				3429.405242068271,
				560.7116217980983,
				3401.3418022885016,
				613.1780526907096,
				3352.535820062818,
				626.5996978027724,
				3336.6738758394677,
				670.5250818058885,
				3286.647744058144,
				730.3124100323512,
				3234.1813131655326,
				771.7974949241834,
				3209.778322052691,
				792.5400373700977,
				3190.2559291624166,
				824.2639258167947,
				3178.054433605994,
				846.2266178183527,
				3164.632788493931,
				881.6109549319735,
				3129.24845138031,
				890.1520018214687,
				3126.8081522690263,
				912.1146938230268,
				3121.9275540464587,
				929.1967876020171,
				3107.285759378752,
				953.599778714859,
				3081.6626187102665,
				946.2788813810039,
				3108.505908934396,
				940.1781336027962,
				3195.136527384984,
				947.4990309366476,
				3264.685052056586,
				947.4990309366476,
				3276.886547613005,
				942.61843271408,
				3296.408940503279,
				943.9000000000015,
				3329.0,
				934.078125,
				3394.021484375,
				935.2975353802249,
				3484.311972072166,
				934.0773858245848,
				3527.0172065196384,
				931.637086713301,
				3595.3455816355963,
				931.637086713301,
				3614.8679745258705,
				929.1967876020171,
				3667.3344054184818,
				926.7564884907333,
				3707.5993407546703,
				930.4169371576572,
				3755.185173424714,
				926.7564884907333,
				3785.688912315767,
				927.9766380463734,
				3803.9911556503976,
				932.857236268941,
				3836.9351936527346,
				931.637086713301,
				3880.8605776558506,
				927.9766380463734,
				3891.8419236566297,
				929.1967876020171,
				3912.5844661025476,
				936.5176849358686,
				3935.7673076597457,
				1004.8460600518265,
				3947.9688032161685,
				1076.834883834712,
				3954.06955099438,
				1204.9505871771325,
				3960.1702987725876,
				1253.7565694028199,
				3961.3904483282313,
				1372.1110763001016,
				3968.7113456620827,
				1456.3013956394097,
				3972.3717943290103,
				1579.5365007592627,
				3968.7113456620827,
				1603.9394918721046,
				3969.9314952177265,
				1660.0663714316433,
				3965.050896995159,
				1725.9544474363174,
				3962.6105978838714,
				1797.9432712191992,
				3961.3904483282313,
				1919.958226783412,
				3963.830747439515,
				1978.5254054542347,
				3952.849401438736,
				1999.267947900149,
				3947.9688032161685,
				2021.230639901707,
				3946.7486536605247,
				2040.7530327919812,
				3945.5285041048846,
				2037.0925841250537,
				3905.2635687686925,
				2032.211985902486,
				3877.2001289889267,
				2033.4321354581298,
				3849.1366892091573,
				2035.8724345694136,
				3811.3120529842527,
				2032.211985902486,
				3795.4501087609024,
				2029.7716867912022,
				3688.076947864396,
				2027.3313876799184,
				3546.5395994099126,
				2020.0104903460633,
