{
	"dataset": {
		"dataset.id": 63634,
		"dataset.name": "01_sou_012727_063634_wear_02top_02t-shirt_man",
		"dataset.image_path": "./008.의류 통합 데이터(3-1)/원천데이터/상품/상의/t-shirt/01_sou_012727_063634_wear_02top_02t-shirt_man.jpg",
		"dataset.label_path": "./008.의류 통합 데이터(3-1)/라벨링데이터/상품/상의/t-shirt/01_sou_012727_063634_wear_02top_02t-shirt_man.json",
		"dataset.category": 6,
		"dataset.type": 1,
		"dataset.width": 3468,
		"dataset.height": 4624,
		"dataset.file_size": 1090957
	},
	"annotation": [
		{
			"annotation_type": "Polygon",
			"annotation_id": 75,
			"annotation_point_count": 182.0,
			"annotation_point": [
				1780.68359375,
				1286.693359375,
				1768.1060558899044,
				1295.07916573263,
				1753.4320553089128,
				1301.3680231244834,
				1738.7580547279176,
				1309.7531663136215,
				1724.084054146926,
				1317.0901666041173,
				1709.4100535659345,
				1323.3790239959708,
				1693.6879100863007,
				1329.6678813878243,
				1677.9657666066632,
				1334.9085958810356,
				1665.3880518229562,
				1343.2937390701736,
				1650.7140512419646,
				1353.7751680565998,
				1637.0881935596153,
				1363.20845414438,
				1623.462335877266,
				1372.6417402321604,
				1609.836478194913,
				1382.0750263199407,
				1598.3069063098483,
				1392.5564553063632,
				1586.7773344247835,
				1406.1823129887125,
				1578.3921912356454,
				1420.8563135697077,
				1571.0551909451497,
				1436.5784570493415,
				1564.7663335532961,
				1451.252457630333,
				1551.1000000000022,
				1469.1000000000022,
				1546.9000000000015,
				1484.7999999999993,
				1540.7000000000007,
				1500.5,
				1535.4000000000015,
				1516.2000000000007,
				1528.1000000000022,
				1530.9000000000015,
				1522.7999999999993,
				1547.7000000000007,
				1518.7000000000007,
				1560.2999999999993,
				1511.2999999999993,
				1576.0,
				1508.1666170266108,
				1591.7036060484024,
				1503.9740454320417,
				1606.377606629394,
				1497.6851880401882,
				1624.196035906316,
				1491.3963306483347,
				1640.966322284592,
				1486.1556161551234,
				1656.6884657642258,
				1480.9149016619122,
				1672.4106092438597,
				1475.6741871686972,
				1689.1808956221357,
				1470.433472675486,
				1702.8067533044887,
				1462.048329486348,
				1719.5770396827647,
				1454.7113291958522,
				1733.202897365114,
				1446.3261860067141,
				1751.0213266420324,
				1444.2299002094296,
				1766.7434701216698,
				1441.0854715135029,
				1780.3693278040191,
				1436.8928999189338,
				1795.0433283850107,
				1429.555899628438,
				1813.9099005605713,
				1424.3151851352268,
				1828.5839011415665,
				1413.833984375,
				1860.02734375,
				1406.4967558583048,
				1871.5577599858989,
				1348.7999999999993,
				1973.2000000000007,
				1262.9011787443087,
				2144.0749136328996,
				1227.264320190472,
				2269.8520614699773,
				1219.9273198999763,
				2287.6704907468957,
				1219.9273198999763,
				2299.2000626319605,
				1206.3014622176233,
				2311.777777415671,
				1206.3014622176233,
				2329.5962066925895,
				1194.7718903325585,
				2340.077635679012,
				1200.0126048257698,
				2362.0886365504994,
				1185.3386042447783,
				2401.9180666989087,
				1164.3757462719332,
				2414.4957814826157,
				1160.1831746773641,
				2428.121639164965,
				1171.712746562429,
				2440.6993539486757,
				1161.2313175760064,
				2478.432498299797,
				1151.7980314882261,
				2504.636070765857,
				1191.6274616366318,
				2536.0803577251245,
				1220.9754627986185,
				2551.8025012047583,
				1255.564178453813,
				2547.6099296101893,
				1274.4307506293735,
				2536.0803577251245,
				1284.9121796157997,
				2483.673212793008,
				1295.3936086022222,
				2472.1436409079433,
				1299.5861801967912,
				2445.940068441887,
				1321.5971810682786,
				2432.314210759534,
				1322.6453239669208,
				2410.3032098880467,
				1361.426611216688,
				2345.3183501722233,
				1396.0153268718823,
				2328.548063793947,
				1405.4486129596626,
				2310.729634517029,
				1418.0263277433733,
				2298.151919733318,
				1434.7999999999993,
				2256.2000000000007,
				1519.6961889116756,
				2104.245483484494,
				1537.5146181885939,
				2082.234482613003,
				1551.1404758709468,
				2044.5013382618818,
				1570.0070480465074,
				2016.2014799985373,
				1601.451335005775,
				1930.2537623098688,
				1619.269764282697,
				1920.8204762220885,
				1633.943359375,
				1882.0390625,
				1639.4000000000015,
				1847.9000000000015,
				1691.2000000000007,
				1792.2000000000007,
				1717.0,
				1822.0,
				1733.0,
				1915.5,
				1673.609375,
				2645.91796875,
				1737.00136722979,
				2653.4639772298688,
				1853.21945183125,
				2636.861393715375,
				2002.6427034616972,
				2614.2215071046994,
				2111.3141591929307,
				2603.6562266863875,
				2248.662804631018,
				2612.712181330655,
				2318.0917902370857,
				2617.240158652792,
				2381.4834727469715,
				2627.805439071104,
				2452.421784127084,
				2651.954651455824,
				2503.7388604446132,
				2656.482628777958,
				2487.1362769301195,
				2582.5256658497565,
				2490.1549284782086,
				2522.1526348879597,
				2503.7000000000007,
				2448.2000000000007,
				2473.552344963715,
				2360.6547770651523,
				2478.0803222858485,
				2288.2071399109955,
				2464.496390319444,
				2277.6418594926836,
				2447.89380680495,
				2110.1066985736943,
				2462.9870645453993,
				1941.062211880664,
				2487.1362769301195,
				1809.750869538755,
				2506.7578125,
				1765.98046875,
				2562.603515625,
				1848.994140625,
				2597.3170584353975,
				1939.5528861066196,
				2632.0315512384295,
				2030.1124325493147,
				2633.540877012474,
				2054.261644934031,
				2659.199415171239,
				2079.920183092796,
				2677.311324459777,
				2108.5973727996497,
				2677.311324459777,
				2134.2559109584145,
				2867.486328125,
				2366.69140625,
				2881.070303955843,
				2398.387921416277,
				2894.6542359222476,
				2442.15836886358,
				2894.6542359222476,
				2473.854210118523,
				2932.3873802733724,
				2490.456793633017,
				2980.685805042809,
				2498.003422503243,
				3016.9096236198857,
				2479.8915132147013,
				3038.0401844565167,
				2457.2516266040293,
				2935.600000000002,
				2138.600000000002,
				2772.2269527892386,
				1813.9099005605713,
				2764.889952498739,
				1788.7544709931572,
				2760.69738090417,
				1773.0323275135233,
				2757.5529522082434,
				1757.3101840338895,
				2754.4085235123166,
				1740.5398976556098,
				2752.312237715032,
				1724.817754175976,
				2751.26409481639,
				1709.0956106963422,
				2748.119666120463,
				1692.3253243180661,
				2741.8308087286096,
				1674.5068950411442,
				2736.5900942353983,
				1658.7847515615103,
				2732.3975226408293,
				1642.0144651832343,
				2727.156808147618,
				1627.3404646022427,
				2722.964236553049,
				1611.6183211226053,
				2719.819807857122,
				1594.8480347443292,
				2716.6753791611955,
				1580.1740341633376,
				2710.386521769342,
				1564.4518906837038,
				2704.0976643774884,
				1547.6816043054241,
				2699.9050927829194,
				1531.9594608257903,
				2694.6643782897045,
				1515.1891744475142,
				2687.3273779992087,
				1499.4670309678804,
				2681.038520607355,
				1484.7930303868852,
				2673.7015203168594,
				1470.1190298058937,
				2667.412662925006,
				1455.445029224902,
				2660.07566263451,
				1440.7710286439105,
				2653.7868052426566,
				1427.1451709615612,
				2645.4016620535185,
				1412.471170380566,
				2634.920233067096,
				1398.8453126982167,
				2625.486946979312,
				1386.2675979145097,
				2612.909232195605,
				1373.6898831308026,
				2600.331517411898,
				1362.1603112457378,
				2588.801945526833,
				1349.5825964620271,
				2577.2723736417684,
				1339.1011674756046,
				2563.6465159594154,
				1329.6678813878243,
				2550.020658277066,
				1319.1864524014018,
				2533.25037189879,
				1310.8013092122637,
				2517.528228419156,
				1304.5124518204102,
				2501.8060849395224,
				1300.3198802258412,
				2486.083941459885,
				1295.07916573263,
				2468.2655121829666,
