{
	"dataset": {
		"dataset.id": 343073,
		"dataset.name": "01_sou_068615_343073_wear_02top_02t-shirt_woman",
		"dataset.image_path": "./008.의류 통합 데이터(3-1)/원천데이터/상품/상의/t-shirt/01_sou_068615_343073_wear_02top_02t-shirt_woman.jpg",
		"dataset.label_path": "./008.의류 통합 데이터(3-1)/라벨링데이터/상품/상의/t-shirt/01_sou_068615_343073_wear_02top_02t-shirt_woman.json",
		"dataset.category": 6,
		"dataset.type": 1,
		"dataset.width": 1878,
		"dataset.height": 2505,
		"dataset.file_size": 244684
	},
	"annotation": [
		{
			"annotation_type": "Polygon",
			"annotation_id": 157,
			"annotation_point_count": 142.0,
			"annotation_point": [
				1205.5137046628606,
				1189.942068364342,
				1224.9176128230065,
				1251.5494767728087,
				1237.821211749506,
				1290.4058028635027,
				1243.2057962639465,
				1311.265004135661,
				1246.261911799169,
				1327.127699056582,
				1250.9673595280037,
				1343.9605893855096,
				1248.800000000001,
				1345.1000000000004,
				1238.0,
				1342.9000000000015,
				1227.294591572625,
				1342.9418842071009,
				1213.7000000000007,
				1346.2000000000007,
				1201.1000000000004,
				1352.6000000000004,
				1203.0,
				1360.7000000000007,
				1187.7000000000007,
				1358.2000000000007,
				1186.5693359375,
				1351.3798828125,
				1157.326621554641,
				1287.982036140893,
				1140.4829512767355,
				1242.1298226065956,
				1117.2059347121303,
				1189.3763830556545,
				1098.280199635983,
				1144.2727770892634,
				1082.2787128719738,
				1096.2449228107362,
				1073.0614821921208,
				1055.0013246163653,
				1068.2189269872215,
				1029.782607172503,
				1058.0191488744913,
				1001.6396414165029,
				1055.6095682652904,
				1008.9151712170969,
				1054.7907787378917,
				1015.3953054767917,
				1056.4049638061915,
				1028.332180009682,
				1057.2237533335901,
				1045.7139119770218,
				1052.7788958991423,
				1060.6626693486614,
				1050.7436190738954,
				1088.969393010142,
				1050.7436190738954,
				1114.8431420759243,
				1048.3340384646945,
				1120.9021845786701,
				1042.6726937323983,
				1122.1186718765202,
				1043.0703915028498,
				1127.7800166088145,
				1049.1294340055956,
				1141.1145889121563,
				1053.1765936695938,
				1156.0633462837977,
				1061.2709129975865,
				1178.3110274425308,
				1058.837938401888,
				1186.3819527840278,
				1021.6414998715154,
				1181.93709534958,
				986.8780359368375,
				1181.5393975791303,
				954.547546597858,
				1176.2757506172838,
				931.0833781412766,
				1169.8190103440866,
				915.1286793502604,
				1171.9010751423284,
				884.8100728500303,
				1181.0013358896977,
				842.0458655333496,
				1184.720979742735,
				813.0607162634533,
				1188.0897137983156,
				775.6771258411027,
				1192.1134794758145,
				754.7862958992009,
				1196.1606391398109,
				744.680093732457,
				1198.8509475869778,
				742.9957267046666,
				1201.5646500206403,
				739.6269926490859,
				1200.207798803809,
				737.9426256212955,
				1198.1959159650578,
				747.7213119770786,
				1169.889192303579,
				752.7744130604515,
				1146.986479522926,
				757.476604346366,
				1112.2931975477404,
				758.8334555631973,
				1105.555729436579,
				755.11381171016,
				1103.192936800373,
				749.0547692074124,
				1088.7120591586736,
				752.4235032629949,
				1072.874330300143,
				749.733194815828,
				1064.1015853637346,
				745.6860351518317,
				1043.5616652192894,
				744.0016681240413,
				1035.1398300803357,
				740.9838438659172,
				1022.6708352773858,
				738.9485670406702,
				1003.1368565523153,
				726.8304820351768,
				1035.8182556887514,
				702.3837661457164,
				1116.7380549821883,
				692.675261749424,
				1143.4071995888717,
				675.6912275525374,
				1179.3169688619055,
				641.2552794288185,
				1250.6218397050397,
				621.1832390143154,
				1295.2107779684939,
				610.7963090096073,
				1317.3882771677363,
				603.4973852225139,
				1330.582485552095,
				596.4791892733865,
				1347.9876115059305,
				593.1104552178058,
				1357.8130858347085,
				591.4260881900154,
				1370.165110705173,
				589.4609933242609,
				1376.3411231404043,
				574.58241791211,
				1380.8327685478453,
				568.9678611528088,
				1379.709857195985,
				572.6173230463555,
				1369.0421993533128,
				562.5111208796116,
				1365.392737459766,
				545.6674506017062,
				1361.7432755662194,
				530.5081473515911,
				1360.058908538429,
				525.45504626822,
				1360.6203642143591,
				523.7706792404297,
				1367.0771044875564,
				519.8404895089188,
				1362.8661869180796,
				525.1743184302541,
				1348.8297950198266,
				532.7539700553116,
				1324.1257452788977,
				536.1227041108923,
				1305.597707973202,
				545.6674506017062,
				1288.1925820193665,
				570.0907725046691,
				1215.2033441484436,
				602.1873219786776,
				1123.545705052842,
				619.9901457029628,
				1080.6879217901715,
				629.2775583423081,
				1063.7272815797805,
				640.2025500364507,
				1031.3733982543035,
				651.1977236900821,
				970.6660032943546,
				660.8828340998789,
				919.2460209737492,
				668.6496376169125,
				892.5534823805683,
				679.3172954595848,
				857.1583808104697,
				683.691970934542,
				845.0169018184788,
				690.9675007351361,
				834.3492439758065,
				696.3013296564732,
				827.0737141752106,
				703.7172233760521,
				821.6930972808805,
				710.4546914872135,
				817.2950278194276,
				716.8646437874158,
				812.9203523444703,
				723.6021118985791,
				812.9203523444703,
				730.9946116316587,
				811.9144109250956,
				738.7614151486941,
				808.5456768695149,
				751.2070159651448,
				804.4985172055185,
				758.9504254956828,
				800.4513575415222,
				764.3544363765104,
				801.8082087583534,
				771.7703300960875,
				798.4394747027709,
				782.2040480737905,
				794.0647992278155,
				786.578723548746,
				795.7491662556058,
				784.5668407099965,
				799.1179003111865,
				784.5668407099965,
				814.9556291697172,
				786.578723548746,
				823.7049801196299,
				794.6730428767405,
				832.8052408669973,
				800.4045695685272,
				834.138698097333,
				847.8943621576218,
				830.7699640417504,
				876.8795114275163,
				829.4365068114166,
				899.7822242081693,
				828.0796555945853,
				919.3162029332398,
				827.4012299861697,
				949.3072936225108,
				827.4012299861697,
				983.6496658002397,
				825.3893471474203,
				996.58654033313,
				819.3303046446745,
				1009.6871727715006,
				808.1011911260703,
				1018.1090079104542,
				797.1060174724371,
				1020.4484065601628,
				789.1520620634274,
				1020.4484065601628,
				784.7072046289795,
				1019.7465869652497,
				782.367805979271,
				1031.443580213796,
				784.4732647640085,
				1059.7503038752748,
				788.9181221984563,
				1082.6764106424253,
				793.1290397679313,
				1087.3552079418423,
				794.5326789577575,
				1090.162486321493,
				797.1060174724371,
				1095.2389813913614,
				800.8256613254744,
				1103.0291788948925,
				808.2181610585558,
				1113.5564728185836,
				822.8394026192382,
				1117.743996401563,
				836.9459764769836,
				1122.1186718765202,
				851.426854118683,
				1133.8624530980596,
				892.2025725831118,
				1145.606234319599,
				1006.1078928374463,
				1148.5070886452377,
				1039.8888093392452,
				1176.5096904822549,
				1113.205563021127
			]
		}
	],
	"metadata.model": {
		"metadata.model.gender": "FEMALE",
		"metadata.model.age": "20대",
		"metadata.model.job": "not employed",
		"metadata.model.type": "wear",
		"metadata.model.usually_size": "M",
		"metadata.model.body_height": "160",
		"metadata.model.waist_height": "97",
		"metadata.model.chest_size_male": "null",
		"metadata.model.breast_size_female": "93.0",
		"metadata.model.waist_size": "80",
		"metadata.model.hip_seize": "96",
		"metadata.model.back_length": "38",
		"metadata.model.shoulders_width": "39",
		"metadata.model.arm_length": "52",
		"metadata.model.weight": "53"
	},
	"metadata.clothes": {
		"metadata.clothes.type": "02top_02t-shirt",
		"metadata.clothes.season": "spring&fall",
		"metadata.clothes.fiber_composition": "Cotton",