{
	"dataset": {
		"dataset.id": 415461,
		"dataset.name": "01_sou_083093_415461_front_02top_02t-shirt_woman",
		"dataset.image_path": "./008.의류 통합 데이터(3-1)/원천데이터/상품/상의/t-shirt/01_sou_083093_415461_front_02top_02t-shirt_woman.jpg",
		"dataset.label_path": "./008.의류 통합 데이터(3-1)/라벨링데이터/상품/상의/t-shirt/01_sou_083093_415461_front_02top_02t-shirt_woman.json",
		"dataset.category": 6,
		"dataset.type": 1,
		"dataset.width": 3913,
		"dataset.height": 2464,
		"dataset.file_size": 1685797
	},
	"annotation": [
		{
			"annotation_type": "Polygon",
			"annotation_id": 106,
			"annotation_point_count": 96.0,
			"annotation_point": [
				53.5,
				999.9000000000015,
				113.0,
				1166.0,
				118.0,
				1178.0,
				166.0,
				1172.0,
				667.0,
				1014.0,
				1359.0,
				757.0,
				1411.6000000000022,
				760.7000000000007,
				1419.0,
				1032.0,
				1407.0,
				1541.0,
				1377.2000000000007,
				1661.9000000000015,
				1379.942857142858,
				1759.2408163265354,
				1405.0857142857167,
				1759.2408163265354,
				1459.0,
				1758.4000000000015,
				1526.078125,
				1763.357421875,
				1526.078125,
				1763.357421875,
				1632.1787966094635,
				1764.965134243601,
				1789.7219090567487,
				1773.0030481439753,
				2009.9607499269296,
				1769.787882583827,
				2222.1616768967397,
				1779.433379264272,
				2265.566411958749,
				1789.0788759447169,
				2324.5959183673476,
				1787.9755102040872,
				2396.432653061227,
				1787.9755102040872,
				2443.1265306122477,
				1791.5673469387766,
				2514.963265306127,
				1791.5673469387766,
				2568.840816326534,
				1791.5673469387766,
				2619.126953125,
				1784.3837890625,
				2552.0,
				1201.0,
				2514.600000000002,
				942.0,
				2508.2000000000007,
				841.0,
				2528.0,
				815.0,
				2612.0,
				845.0,
				2731.0,
				932.0,
				3352.0,
				1289.0,
				3483.0,
				1377.0,
				3712.5,
				1565.6000000000022,
				3895.4000000000015,
				1379.4000000000015,
				3805.0,
				1301.0,
				3582.7999999999993,
				1150.2000000000007,
				3376.0,
				991.0,
				3042.0288947346453,
				768.263810597522,
				3008.2696563530844,
				723.2514927554403,
				2968.080086851227,
				683.0619232535828,
				2910.20710676855,
				639.6571881915752,
				2852.333984375,
				607.505859375,
				2766.5714285714275,
				576.4489795918362,
				2763.578231292515,
				546.5170068027219,
				2732.2999999999993,
				496.10000000000036,
				2697.7278911564645,
				474.6802721088443,
				2664.8027210884356,
				438.7619047619046,
				2631.877551020407,
				396.8571428571431,
				2604.9387755102034,
				363.9319727891161,
				2577.300000000001,
				330.7000000000007,
				2533.2999999999993,
				304.10000000000036,
				2494.4000000000015,
				276.7000000000007,
				2428.340136054423,
				256.1768707482988,
				2404.600000000002,
				242.40000000000146,
				2353.7000000000007,
				219.8000000000011,
				2322.4000000000015,
				198.90000000000146,
				2264.0,
				177.10000000000036,
				2230.7891156462574,
				154.40816326530694,
				2189.100000000002,
				173.5,
				2138.0,
				172.36734693877588,
				2084.122448979593,
				163.3877551020414,
				2054.190476190477,
				148.42176870748335,
				2006.299319727892,
				145.42857142857065,
				1958.408163265307,
				142.43537414965976,
				1904.5306122448965,
				139.44217687074888,
				1865.619047619046,
				130.4625850340144,
				1820.7210884353735,
				124.47619047619082,
				1778.8163265306139,
				139.44217687074888,
				1721.9455782312943,
				166.3809523809523,
				1686.0272108843528,
				184.34013605442124,
				1635.142857142855,
				196.3129251700684,
				1599.2244897959172,
				211.27891156462647,
				1551.3333333333358,
				235.224489795919,
				1518.7999999999993,
				257.60000000000036,
				1465.5,
				278.0,
				1425.619047619046,
				280.12244897959135,
				1392.6000000000022,
				311.5,
				1350.7891156462574,
				334.0,
				1343.2999999999993,
				378.90000000000146,
				1334.5,
				420.0,
				1277.0,
				443.0,
				1225.4938775510236,
				470.4897959183709,
				1171.6163265306168,
				502.8163265306157,
				1126.5,
				532.8000000000011,
				1078.2285714285754,
				556.6938775510225,
				1036.4000000000015,
				586.7000000000007,
				981.2489795918391,
				614.163265306126,
				937.4000000000015,
				647.3000000000011,
				887.1000000000004,
				667.3000000000011,
				837.5755102040839,
				693.1836734693898,
				789.6000000000004,
				722.9000000000015,
				744.1000000000004,
				747.9000000000015,
				693.9020408163287,
				775.7959183673502,
				333.0,
				862.0
			]
		}
	],
	"metadata.model": {
		"metadata.model.gender": "FEMALE",
		"metadata.model.age": "20대",
		"metadata.model.job": "Others",
		"metadata.model.type": "front",
		"metadata.model.usually_size": "L",
		"metadata.model.body_height": "170",
		"metadata.model.waist_height": "109",
		"metadata.model.chest_size_male": "null",
		"metadata.model.breast_size_female": "94.0",
		"metadata.model.waist_size": "83",
		"metadata.model.hip_seize": "98",
		"metadata.model.back_length": "45",
		"metadata.model.shoulders_width": "46",
		"metadata.model.arm_length": "57",
		"metadata.model.weight": "65"
	},
	"metadata.clothes": {
		"metadata.clothes.type": "02top_02t-shirt",
		"metadata.clothes.season": "spring&fall",
		"metadata.clothes.fiber_composition": "Cotton",
		"metadata.clothes.elasticity": "none",
		"metadata.clothes.transparency": "none at all",
		"metadata.clothes.isfleece": "fleece_none",
		"metadata.clothes.color": "Blue",
		"metadata.clothes.washing_method": "Hand Washing30",
		"metadata.clothes.bleach": "Do not chlorine bleach",
		"metadata.clothes.ironing": "Do not lron",
		"metadata.clothes.drycleaning": "none",
		"metadata.clothes.wringing": "Do not wringing",
		"metadata.clothes.drying": "Line dry in shade",
		"metadata.clothes.top_length_type": "normal",
		"metadata.clothes.sleeve_length_type": "long sleeves",
		"metadata.clothes.topneck_color_design": "round neck",
		"metadata.clothes.topsleeve_design": "basic sleeve",
		"metadata.clothes.pants_silhouette": "null",
		"metadata.clothes.skirt_design": "null",
		"metadata.top.front_length": "68.0",
		"metadata.top.chest_size": "96.0",
		"metadata.top.waist_size": "92.0",
		"metadata.top.hem_size": "98.0",
		"metadata.top.shoulder_width": "43.0",
		"metadata.top.sleeve_length": "63.0",
		"metadata.top.sleeve_cuff_size": "20.0",
		"metadata.pants.pants_length": "null",
		"metadata.pants.waist_size": "null",
		"metadata.pants.hip_size": "null",
		"metadata.pants.front_rise_length": "null",
		"metadata.pants.back_rise_length": "null",
		"metadata.pants.inner_seam_length": "null",
		"metadata.pants.pants_waist_size": "null",
		"metadata.skirt.length": "null",
		"metadata.skirt.waist_size": "null",
		"metadata.skirt.hip_size": "null",
		"metadata.skirt.hem_size": "null",
		"metadata.dress.front_length": "null",
		"metadata.dress.chest_size": "null",
		"metadata.dress.waist_size": "null",
		"metadata.dress.hip_size": "null",
		"metadata.dress.hem_size": "null",
		"metadata.dress.shoulder_width": "null",
		"metadata.dress.sleeve_length": "null",
		"metadata.dress.cuff_size": "null",
		"metadata.jumpsuit.front_length": "null",
		"metadata.jumpsuit.inner_seam_length": "null",
		"metadata.jumpsuit.chest_size": "null",
		"metadata.jumpsuit.waist_size": "null",
		"metadata.jumpsuit.hip_size": "null",
		"metadata.jumpsuit.shoulder_width": "null",
		"metadata.jumpsuit.sleeve_length": "null",
		"metadata.jumpsuit.cuffs_size": "null",
		"metadata.jumpsuit.front_rise_length": "null",
		"metadata.jumpsuit.back_rise_length": "null",
		"metadata.jumpsuit.pants_waist_size": "null"
	}
}