{
	"dataset": {
		"dataset.id": 534659,
		"dataset.name": "01_sou_106932_534659_wear_02top_02t-shirt_woman",
		"dataset.image_path": "./008.의류 통합 데이터(3-1)/원천데이터/상품/상의/t-shirt/01_sou_106932_534659_wear_02top_02t-shirt_woman.jpg",
		"dataset.label_path": "./008.의류 통합 데이터(3-1)/라벨링데이터/상품/상의/t-shirt/01_sou_106932_534659_wear_02top_02t-shirt_woman.json",
		"dataset.category": 6,
		"dataset.type": 1,
		"dataset.width": 3456,
		"dataset.height": 4608,
		"dataset.file_size": 1050708
	},
	"annotation": [
		{
			"annotation_type": "Polygon",
			"annotation_id": 154,
			"annotation_point_count": 103.0,
			"annotation_point": [
				1055.2618944480455,
				2107.0896137997697,
				1050.0393139150183,
				2148.8702580639874,
				1082.419313219787,
				2169.7605801961,
				1155.5354406821716,
				2200.0515472876577,
				1223.428987611529,
				2203.185095607474,
				1241.1857614238215,
				2191.695418434814,
				1267.298828125,
				2099.77734375,
				1328.9000000000015,
				2314.9000000000015,
				1338.3257593381313,
				2334.794125039767,
				1333.103515625,
				2359.86328125,
				1305.9457600333626,
				2468.4921866852674,
				1304.9012439267572,
				2504.005734309856,
				1277.744140625,
				2573.98828125,
				1261.031567449325,
				2713.9534717375573,
				1272.5212446219848,
				2743.1999227225097,
				1325.791566058866,
				2786.0250830933364,
				1367.5722103230873,
				2804.8263730122344,
				1454.2670471713427,
				2828.8502434641596,
				1624.5231725480335,
				2823.6276629311324,
				1784.3341368586734,
				2807.9599213320507,
				1932.7000000000007,
				2782.9000000000015,
				2008.9050997788545,
				2736.932826082877,
				2026.7000000000007,
				2702.5,
				2014.1000000000022,
				2672.2000000000007,
				1970.2580038344495,
				2470.5812188984783,
				1926.388327357021,
				2279.434771389675,
				1956.6792944485787,
				2166.6270318762836,
				1975.4805843674767,
				2049.6412279364667,
				1996.3709064995892,
				2075.7541306016064,
				2047.5521957232559,
				2146.7812258507765,
				2056.952840682705,
				2146.7812258507765,
				2100.822517160137,
				2136.336064784722,
				2150.958984375,
				2113.357421875,
				2210.101797704134,
				2070.6172839506144,
				2251.25406107862,
				2027.2991119774706,
				2160.285899935021,
				1849.6946068875877,
				2047.6561637616396,
				1636.5592863875718,
				2036.1713223116967,
				1623.8655142586867,
				2030.7311342564608,
				1616.6119301850376,
				2026.4998768801634,
				1608.1494154324464,
				2024.6864808617502,
				1599.082435340384,
				2019.2462928065142,
				1590.6199205877929,
				2011.9927087328651,
				1583.9708018536148,
				2004.134659319745,
				1576.7172177799657,
				1994.4632138882116,
				1570.6725643852587,
				1987.2096298145625,
				1565.8368416694939,
				1978.1426497225038,
				1558.5832575958448,
				1967.2622736120284,
				1551.934138861663,
				1952.7551054647301,
				1547.0984161458982,
				1944.89705605161,
				1544.0760894485466,
				1935.2256106200766,
				1540.4492974117202,
				1923.7407691701337,
				1536.2180400354264,
				1915.8827197570135,
				1533.195713338071,
				1908.0246703438934,
				1527.151059943364,
				1900.7710862702443,
				1519.293010530244,
				1896.5398288939505,
				1510.8304957776527,
				1890.4951754992398,
				1502.3679810250615,
				1881.4281954071812,
				1498.1367236487677,
				1871.7567499756478,
				1497.5322583092966,
				1859.6674431862339,
				1497.5322583092966,
				1849.3915324152294,
				1497.5322583092966,
				1840.9290176626382,
				1499.3456543277098,
				1831.862037570576,
				1501.1590503461193,
				1823.400390625,
				1501.763671875,
				1812.548320555492,
				1493.884470119152,
				1798.9447410277899,
				1486.1109961033217,
				1782.18359375,
				1480.5234375,
				1760.7999999999993,
				1464.2000000000007,
				1688.2999999999993,
				1482.4000000000015,
				1623.1000000000022,
				1491.2000000000007,
				1540.8360407190776,
				1490.1537795105032,
				1465.0292397660778,
				1485.8219623131881,
				1443.3701537795096,
				1479.3242365172155,
				1419.5451591942801,
				1487.9878709118457,
				1402.2178904050234,
				1490.1537795105032,
				1378.0173713891418,
				1500.2257558619822,
				1359.169921875,
				1508.412109375,
				1350.707627351847,
				1511.4349611171237,
				1341.6406472597846,
				1514.4572878144754,
				1333.7825978466644,
				1518.6885451907729,
				1324.111152415131,
				1521.7108718881282,
				1315.0441723230724,
				1523.5242679065377,
				1305.372726891539,
				1526.546594603893,
				1297.514677478419,
				1530.1733866407158,
				1287.8432320468855,
				1536.2180400354264,
				1281.7985786521785,
				1543.4716241090755,
				1274.5449945785294,
				1551.934138861663,
				1268.5003411838225,
				1556.7698615774316,
				1260.0378264312312,
				1563.4189803116096,
				1253.9931730365242,
				1570.0680990457877,
				1247.3440543023462,
				1575.5082871010236,
				1238.881539549755,
				1582.7618711746727,
				1231.6279554761059,
				1589.4109899088508,
				1223.7699060629857,
				1595.4556433035614,
				1215.9118566498655,
				1599.082435340384,
				1208.0538072367453,
				1608.1494154324464,
				1205.03148053939,
				1617.2163955245087,
				1200.1957578236252,
				1626.2833756165674,
				1194.7555697683893,
				1634.7458903691586,
				1192.337708410505,
				1644.417335800692,
				1188.1064510342112,
				1652.8798505532832,
				1182.0617976395006,
				1662.5512959848165,
				1172.3903522079709,
				1694.5879589767646
			]
		}
	],
	"metadata.model": {
		"metadata.model.gender": "FEMALE",
		"metadata.model.age": "20대",
		"metadata.model.job": "university student/graduate student",
		"metadata.model.type": "wear",
		"metadata.model.usually_size": "M",
		"metadata.model.body_height": "162",
		"metadata.model.waist_height": "95",
		"metadata.model.chest_size_male": "null",
		"metadata.model.breast_size_female": "80.0",
		"metadata.model.waist_size": "63",
		"metadata.model.hip_seize": "91",
		"metadata.model.back_length": "39",
		"metadata.model.shoulders_width": "39",
		"metadata.model.arm_length": "53",
		"metadata.model.weight": "50"
	},
	"metadata.clothes": {
		"metadata.clothes.type": "02top_02t-shirt",
		"metadata.clothes.season": "summer",
		"metadata.clothes.fiber_composition": "Cotton",
		"metadata.clothes.elasticity": "contain little",
		"metadata.clothes.transparency": "contain",
		"metadata.clothes.isfleece": "fleece_none",
		"metadata.clothes.color": "White",
		"metadata.clothes.washing_method": "Washing30",
		"metadata.clothes.bleach": "Do not chlorine bleach",
		"metadata.clothes.ironing": "none",
		"metadata.clothes.drycleaning": "none",
		"metadata.clothes.wringing": "none",
		"metadata.clothes.drying": "Do not tumble dry",
		"metadata.clothes.top_length_type": "normal",
		"metadata.clothes.sleeve_length_type": "short sleeves",
		"metadata.clothes.topneck_color_design": "round neck",
		"metadata.clothes.topsleeve_design": "basic sleeve",
		"metadata.clothes.pants_silhouette": "null",
		"metadata.clothes.skirt_design": "null",
		"metadata.top.front_length": "71.0",
		"metadata.top.chest_size": "102.0",
		"metadata.top.waist_size": "104.0",
		"metadata.top.hem_size": "110.0",
		"metadata.top.shoulder_width": "49.0",
		"metadata.top.sleeve_length": "23.0",
		"metadata.top.sleeve_cuff_size": "36.0",
		"metadata.pants.pants_length": "null",
		"metadata.pants.waist_size": "null",
		"metadata.pants.hip_size": "null",
		"metadata.pants.front_rise_length": "null",
		"metadata.pants.back_rise_length": "null",
		"metadata.pants.inner_seam_length": "null",
		"metadata.pants.pants_waist_size": "null",
		"metadata.skirt.length": "null",
		"metadata.skirt.waist_size": "null",
		"metadata.skirt.hip_size": "null",
		"metadata.skirt.hem_size": "null",
		"metadata.dress.front_length": "null",
		"metadata.dress.chest_size": "null",
		"metadata.dress.waist_size": "null",
		"metadata.dress.hip_size": "null",
		"metadata.dress.hem_size": "null",
		"metadata.dress.shoulder_width": "null",
		"metadata.dress.sleeve_length": "null",