{
	"dataset": {
		"dataset.id": 344119,
		"dataset.name": "01_sou_068824_344119_wear_02top_02t-shirt_woman",
		"dataset.image_path": "./008.의류 통합 데이터(3-1)/원천데이터/상품/상의/t-shirt/01_sou_068824_344119_wear_02top_02t-shirt_woman.jpg",
		"dataset.label_path": "./008.의류 통합 데이터(3-1)/라벨링데이터/상품/상의/t-shirt/01_sou_068824_344119_wear_02top_02t-shirt_woman.json",
		"dataset.category": 6,
		"dataset.type": 1,
		"dataset.width": 2203,
		"dataset.height": 3995,
		"dataset.file_size": 1058034
	},
	"annotation": [
		{
			"annotation_type": "Polygon",
			"annotation_id": 99,
			"annotation_point_count": 138.0,
			"annotation_point": [
				841.2228060159268,
				1393.9244245415393,
				829.8578708205278,
				1413.3885089566465,
				813.5942566615959,
				1436.1836950669567,
				802.2293214661986,
				1455.647779482062,
				750.2380087332294,
				1552.0537814844029,
				721.4990921471654,
				1586.671112826707,
				719.5400390625,
				1603.6533203125,
				701.1000000000004,
				1637.2000000000007,
				749.875,
				1702.2724609375,
				784.6750686896794,
				1734.2506747537082,
				809.129274075638,
				1752.121055612679,
				840.1673039885864,
				1766.2292510276566,
				861.799870291552,
				1772.8130755546445,
				883.4324365945158,
				1737.0723138367048,
				898.4811783704899,
				1728.6073965877185,
				909.7677347024728,
				1690.9855421477805,
				922.0,
				1668.4000000000015,
				949.0,
				1763.0,
				969.962890625,
				1887.5595703125,
				957.7355991133918,
				1944.9330596173604,
				931.2822265625,
				2002.0244140625,
				937.813869223557,
				2034.6825189249848,
				931.8265949347951,
				2056.9987230921943,
				931.8265949347951,
				2098.365345450922,
				936.1809762357134,
				2111.428489353677,
				945.9783341627808,
				2111.9727870162933,
				963.3958593664556,
				2119.5929542929007,
				991.699337822427,
				2127.7574192321226,
				1021.3635604349365,
				2134.996578144901,
				1050.320196086046,
				2135.8130246388228,
				1095.007034186723,
				2140.49398453731,
				1095.8234806806468,
				2139.73196780965,
				1103.6613670222996,
				2139.73196780965,
				1129.5155059965055,
				2138.1535045880664,
				1142.0343522366456,
				2138.1535045880664,
				1156.1316616983713,
				2138.1535045880664,
				1167.8884912108515,
				2138.1535045880664,
				1179.6453207233317,
				2137.3370580941446,
				1192.2185967297337,
				2137.3370580941446,
				1205.5538894637975,
				2137.3370580941446,
				1218.8347524315996,
				2138.9155213157264,
				1253.343224241382,
				2142.0724477588938,
				1264.3380370262003,
				2141.25600126497,
				1277.6188999940023,
				2140.49398453731,
				1290.192176000406,
				2139.73196780965,
				1302.7110222405463,
				2138.1535045880664,
				1314.4678517530283,
				2137.3370580941446,
				1327.8031444870921,
				2134.996578144901,
				1340.3219907272323,
				2133.4181149233173,
				1352.8952667336362,
				2133.4181149233173,
				1366.99257619536,
				2132.6560981956573,
				1378.7494057078402,
				2131.8940814679954,
				1392.846715169564,
				2130.3156182464118,
				1406.182007903628,
				2127.975138297168,
				1430.45768365625,
				2123.239748632419,
				1453.2093259535504,
				2116.218308784688,
				1464.9661554660306,
				2113.0613823415224,
				1471.497727417409,
				2108.108273611728,
				1476.3964063809435,
				2074.3618185296073,
				1478.0292993687872,
				2051.5013166997833,
				1483.4722759949364,
				2045.5140424110195,
				1487.8266572958546,
				2038.4381727970267,
				1492.7253362593874,
				2030.8180055204193,
				1495.446824572462,
				2022.6535405811974,
				1495.446824572462,
				2013.4004803167445,
				1494.9025269098474,
				2001.4259317392189,
				1464.421857803416,
				1901.8194594807028,
				1453.1548961872886,
				1873.4071214922078,
				1460.9383527626796,
				1801.821092905102,
				1470.0825534946089,
				1747.609045708663,
				1479.8799114216763,
				1686.8654265608475,
				1487.7177734375,
				1713.64453125,
				1508.0,
				1729.0,
				1511.8846139834277,
				1756.100089245454,
				1517.7630287396678,
				1760.6721896114195,
				1528.8667010570116,
				1763.2848183919705,
				1553.0335172771101,
				1752.1811460746285,
				1597.4482065464817,
				1724.0953866837026,
				1632.71875,
				1694.703125,
				1689.574722606283,
				1645.7452621837547,
				1698.0396398552693,
				1636.6219624820696,
				1681.1098053572969,
				1605.207714024722,
				1685.342263981789,
				1595.4260318703382,
				1654.3042340688407,
				1543.6959820154243,
				1626.0878432388872,
				1483.5010149115242,
				1606.33636965792,
				1455.2846240815707,
				1598.811998769932,
				1443.9980677495896,
				1594.1092669649406,
				1429.889872334612,
				1586.5848960769526,
				1416.7222232806344,
				1578.1199788279664,
				1403.554574226655,
				1569.6550615789802,
				1392.268017894674,
				1563.0712370519923,
				1379.1003688406963,
				1553.6657734420078,
				1366.873266147717,
				1544.2603098320233,
				1356.5272561767324,
				1535.795392583037,
				1342.4190607617566,
				1529.2115680560473,
				1331.1325044297755,
				1518.8655580850645,
				1319.8459480977945,
				1508.5195481140818,
				1309.4999381268117,
				1496.2924454211025,
				1300.0944745168272,
				1484.0653427281231,
				1292.5701036288392,
				1471.838240035142,
				1282.2240936578564,
				1455.8489518981696,
				1278.4619082138615,
				1442.6813028441902,
				1270.9375373258754,
				1430.4541015625,
				1266.234375,
				1410.984890478543,
				1258.9925985411937,
				1392.0799086224742,
				1253.6314842835036,
				1375.8084565772006,
				1247.9882061175122,
				1341.9487875812574,
				1231.0583716195415,
				1314.6729431123022,
				1216.0096298435656,
				1291.1592840873418,
				1218.8312689265604,
				1274.2294495893693,
				1218.8312689265604,
				1262.00234689639,
				1218.8312689265604,
				1246.0130587594158,
				1218.8312689265604,
				1230.9643169834417,
				1218.8312689265604,
				1215.9155752074657,
				1218.8312689265604,
				1201.8073797924899,
				1217.890722565562,
				1186.758638016514,
				1217.890722565562,
				1171.709896240538,
				1217.890722565562,
				1155.7206081035656,
				1217.890722565562,
				1140.6718663275897,
				1217.890722565562,
				1124.6825781906173,
				1217.890722565562,
				1092.7040019166689,
				1220.7123616485587,
				1062.6065183647188,
				1244.226020673519,
				1010.8764685098049,
				1265.858586976483,
				996.7682730948272,
				1269.6207724204778,
				983.6006240408497,
				1275.2640505864674,
				969.4924286258738,
				1279.9667823914606,
				954.4436868498979,
				1282.7884214744554,
				941.2760377959203,
				1287.4911532794467,
				928.1083887419409,
				1295.0155241674347,
				915.8812860489616,
				1304.4209877774192,
				905.5352760779788,
				1315.7075441094003,
				894.2487197459977,
				1326.9941004413813,
				883.902709775015,
				1338.2806567733642,
				873.5566998040322,
				1349.5672131053452,
				865.0917825550459,
				1362.7348621593228,
				857.567411667058,
				1375.9025112133004,
				848.162109375,
				1384.3671875
			]
		}
	],
	"metadata.model": {
		"metadata.model.gender": "FEMALE",
		"metadata.model.age": "30대",
		"metadata.model.job": "not employed",
		"metadata.model.type": "wear",
		"metadata.model.usually_size": "S",
		"metadata.model.body_height": "154",
		"metadata.model.waist_height": "91",
		"metadata.model.chest_size_male": "null",
		"metadata.model.breast_size_female": "76.0",
		"metadata.model.waist_size": "62",
		"metadata.model.hip_seize": "82",
		"metadata.model.back_length": "41",
		"metadata.model.shoulders_width": "40",
		"metadata.model.arm_length": "50",
		"metadata.model.weight": "50"
	},
	"metadata.clothes": {
		"metadata.clothes.type": "02top_02t-shirt",
		"metadata.clothes.season": "summer",
		"metadata.clothes.fiber_composition": "Cotton",
		"metadata.clothes.elasticity": "contain",
		"metadata.clothes.transparency": "none at all",
		"metadata.clothes.isfleece": "fleece_none",
		"metadata.clothes.color": "White,Gray",
		"metadata.clothes.washing_method": "none",