{
	"dataset": {
		"dataset.id": 443416,
		"dataset.name": "01_sou_088684_443416_front_02top_02t-shirt_man",
		"dataset.image_path": "./008.의류 통합 데이터(3-1)/원천데이터/상품/상의/t-shirt/01_sou_088684_443416_front_02top_02t-shirt_man.jpg",
		"dataset.label_path": "./008.의류 통합 데이터(3-1)/라벨링데이터/상품/상의/t-shirt/01_sou_088684_443416_front_02top_02t-shirt_man.json",
		"dataset.category": 6,
		"dataset.type": 1,
		"dataset.width": 3024,
		"dataset.height": 4032,
		"dataset.file_size": 577780
	},
	"annotation": [
		{
			"annotation_type": "Polygon",
			"annotation_id": 106,
			"annotation_point_count": 143.0,
			"annotation_point": [
				2825.0,
				1207.0,
				2627.0,
				1032.0,
				2492.8325565765936,
				959.5921599378271,
				2346.6469318351574,
				835.6191560986608,
				2337.1543587999986,
				825.1773257599871,
				2325.763271157808,
				814.7354954213133,
				2314.3721835156175,
				805.2429223861545,
				2302.981095873429,
				795.7503493509957,
				2291.5900082312382,
				787.2070336193538,
				2280.1989205890477,
				779.6129751912267,
				2266.909318339827,
				769.171144852553,
				2255.5182306976367,
				761.5770864244259,
				2244.127143055446,
				753.9830279962989,
				2228.939026199194,
				747.3382268716887,
				2216.5986812534884,
				741.6426830505934,
				2202.359821700751,
				734.0486246224664,
				2190.9687340585606,
				726.4545661943412,
				2179.57764641637,
				716.0127358556656,
				2168.1865587741813,
				706.5201628205086,
				2155.846213828476,
				697.0275897853498,
				2144.4551261862853,
				687.5350167501911,
				2133.0640385440947,
				677.0931864115173,
				2119.7744362948742,
				666.6513560728436,
				2111.2311205632304,
				657.1587830376848,
				2096.992261010493,
				649.5647246095577,
				2082.753401457756,
				646.716952699011,
				2067.5652846015037,
				641.9706661814325,
				2054.2756823522814,
				637.2243796638522,
				2040.036822799544,
				631.528835842757,
				2024.84870594329,
				627.7318066286934,
				2009.6605890870378,
				622.985520111115,
				1994.4724722307838,
				620.1377482005682,
				1979.2843553745315,
				616.3407189865047,
				1964.0962385182775,
				614.442204379473,
				1949.8573789655402,
				616.3407189865047,
				1937.5170340198347,
				619.1884908970515,
				1925.1766890741292,
				627.7318066286934,
				1909.9885722178751,
				633.4273504497887,
				1894.8004553616229,
				631.528835842757,
				1880.5615958088856,
				626.7825493251785,
				1870.1201171875,
				618.2392578125,
				1804.0,
				578.0,
				1682.0,
				413.0,
				1436.0,
				444.0,
				1198.330078125,
				423.546875,
				1103.4046414204677,
				565.9351561698059,
				1102.4553841169527,
				595.3621325787972,
				991.3922796056013,
				641.8757404510725,
				916.4009526278496,
				660.4811835999826,
				905.9591222891759,
				664.2782128140461,
				889.8217481294068,
				669.9737566351414,
				876.5321458801864,
				674.7200431527199,
				861.3440290239323,
				679.4663296703002,
				846.1559121676783,
				681.3648442773319,
				830.967795311426,
				685.1618734913955,
				816.7289357586887,
				692.7559319195207,
				802.4900762059515,
				697.502218437101,
				788.2512166532142,
				700.3499903476477,
				774.9616144039919,
				704.1470195617112,
				760.7227548512546,
				707.9440487757747,
				745.5346379950006,
				709.8425633828065,
				731.2957784422633,
				712.6903352933532,
				718.0061761930428,
				717.4366218109335,
				703.7673166403056,
				726.9291948460905,
				691.4269716945983,
				737.371025184766,
				680.0358840524095,
				745.914340916408,
				669.5940537137358,
				756.3561712550818,
				655.3551941609985,
				766.7980015937555,
				643.964106518808,
				778.1890892359461,
				633.5222761801342,
				786.7324049675881,
				622.1311885379437,
				797.1742353062618,
				608.8415862887214,
				806.6668083414206,
				595.5519840395009,
				818.0578959836112,
				582.2623817902786,
				825.6519544117364,
				569.9220368445731,
				835.1445274468952,
				557.5816918988676,
				843.6878431785372,
				547.1398615601938,
				855.0789308207277,
				532.9010020074566,
				863.6222465523697,
				523.4084289722978,
				873.1148195875285,
				511.06808402659226,
				883.5566499262022,
				500.6262536879185,
				893.998480264876,
				489.23516604572796,
				903.4910533000348,
				475.94556379650567,
				912.0343690316768,
				464.55447615431694,
				919.6284274598038,
				450.3156166015797,
				927.2224858879308,
				437.97527165587235,
				935.7658016195728,
				423.7364121031351,
				945.2583746547316,
				407.59903794336606,
				952.8524330828586,
				389.5631491765653,
				963.2942634215324,
				380.0705761414083,
				972.7868364566912,
				367.730231195701,
				985.1271814023967,
				357.2884008570272,
				998.4167836516172,
				345.8973132148385,
				1011.7063859008395,
				338.3032547867115,
				1024.9959881500617,
				326.91216714452094,
				1041.1333623098308,
				317.41959410936215,
				1052.5244499520195,
				307.9270210742052,
				1064.864794897725,
				296.53593343201464,
				1076.2558825399155,
				284.19558848630913,
				1086.6977128785893,
				272.8045008441186,
				1094.2917713067163,
				258.5656412913813,
				1103.784344341875,
				246.22529634567582,
				1111.3784027700021,
				231.03717948942176,
				1118.9724611981273,
				217.74757724020128,
				1127.5157769297712,
				207.30574690152753,
				1135.1098353578964,
				194.01614465230523,
				1145.551665696572,
				182.6250570101147,
				1155.044238731729,
				171.23396936792597,
				1168.3338409809512,
				162.69065363628215,
				1180.6741859266567,
				152.2488232976084,
				1196.8115600864257,
				140.85773565541967,
				1211.050419639163,
				130.4159053167441,
				1224.3400218883853,
				118.07556037103859,
				1234.781852227059,
				103.83670081830132,
				1245.2236825657328,
				83.90229744446879,
				1269.9043724571438,
				472.0,
				1670.0,
				529.0,
				1681.0,
				548.0,
				1722.0,
				548.0,
				1907.0,
				576.0,
				2155.0,
				576.0,
				2495.0,
				548.0,
				2762.0,
				548.0,
				2969.0,
				529.0,
				3041.0,
				529.0,
				3133.0,
				491.0,
				3247.0,
				519.0,
				3247.0,
				538.0,
				3288.0,
				869.0,
				3257.0,
				1294.0,
				3236.0,
				1700.0,
				3247.0,
				2542.0,
				3226.0,
				2542.0,
				2999.0,
				2485.0,
				2732.0,
				2485.0,
				2515.0,
				2428.0,
				1979.0,
				2334.0,
				1753.0,
				2390.0,
				1629.0,
				2419.0,
				1619.0,
				2485.0,
				1666.800000000001,
				2514.5,
				1681.1000000000004,
				2601.7000000000007,
				1554.6000000000004,
				2850.7000000000007,
				1233.4000000000015
			]
		}
	],
	"metadata.model": {
		"metadata.model.gender": "MALE",
		"metadata.model.age": "40대",
		"metadata.model.job": "office job",
		"metadata.model.type": "front",
		"metadata.model.usually_size": "XL",
		"metadata.model.body_height": "180",
		"metadata.model.waist_height": "112",
		"metadata.model.chest_size_male": "100.0",
		"metadata.model.breast_size_female": "null",
		"metadata.model.waist_size": "80",
		"metadata.model.hip_seize": "97",
		"metadata.model.back_length": "42",
		"metadata.model.shoulders_width": "46",
		"metadata.model.arm_length": "60",
		"metadata.model.weight": "70"
	},
	"metadata.clothes": {
		"metadata.clothes.type": "02top_02t-shirt",
		"metadata.clothes.season": "summer",
		"metadata.clothes.fiber_composition": "Cotton",
		"metadata.clothes.elasticity": "none",
		"metadata.clothes.transparency": "none at all",
		"metadata.clothes.isfleece": "fleece_none",
		"metadata.clothes.color": "Black",
		"metadata.clothes.washing_method": "Washing40_1",
		"metadata.clothes.bleach": "none",
		"metadata.clothes.ironing": "none",
		"metadata.clothes.drycleaning": "none",
		"metadata.clothes.wringing": "none",
		"metadata.clothes.drying": "none",
		"metadata.clothes.top_length_type": "long",
		"metadata.clothes.sleeve_length_type": "short sleeves",
		"metadata.clothes.topneck_color_design": "polo collar",
		"metadata.clothes.topsleeve_design": "ribbed sleeve",