{
	"dataset": {
		"dataset.id": 346870,
		"dataset.name": "01_sou_069374_346870_wear_02top_02t-shirt_woman",
		"dataset.image_path": "./008.의류 통합 데이터(3-1)/원천데이터/상품/상의/t-shirt/01_sou_069374_346870_wear_02top_02t-shirt_woman.jpg",
		"dataset.label_path": "./008.의류 통합 데이터(3-1)/라벨링데이터/상품/상의/t-shirt/01_sou_069374_346870_wear_02top_02t-shirt_woman.json",
		"dataset.category": 6,
		"dataset.type": 1,
		"dataset.width": 1440,
		"dataset.height": 2560,
		"dataset.file_size": 248582
	},
	"annotation": [
		{
			"annotation_type": "Polygon",
			"annotation_id": 154,
			"annotation_point_count": 207.0,
			"annotation_point": [
				271.60000000000036,
				682.5,
				213.8000000000011,
				804.3000000000011,
				140.0,
				1017.0,
				122.20000000000073,
				1063.2999999999993,
				111.31651494392463,
				1088.93936594349,
				119.0852915729738,
				1109.138185179021,
				131.51533417945393,
				1131.2791985718104,
				126.46562937057206,
				1135.5520257177886,
				155.98698056095782,
				1132.0560762347159,
				177.3511162908435,
				1139.8248528637632,
				200.65744617799282,
				1160.8005497621962,
				207.2609063126838,
				1174.0074700315818,
				204.5418344925165,
				1187.6028291324183,
				201.43432384089647,
				1193.0409727727529,
				197.16149669492006,
				1197.313799918731,
				193.27710838039457,
				1201.9750658961602,
				189.3927200658709,
				1206.2478930421348,
				180.0701881110108,
				1212.074475513924,
				192.50023071749092,
				1207.4132095364948,
				197.5499355263728,
				1204.305698884873,
				202.59964033525466,
				1200.0328717388948,
				205.31871215542196,
				1194.9831669300147,
				208.81466163849473,
				1189.933462121131,
				211.1452946272093,
				1184.4953184807964,
				212.31061112156567,
				1179.0571748404618,
				220.0791015625,
				1169.345703125,
				255.40000000000146,
				1165.7000000000007,
				327.40000000000146,
				1103.2999999999993,
				343.40000000000146,
				1057.6000000000022,
				360.10000000000036,
				990.0,
				401.6484375,
				921.4541015625,
				404.4448872005669,
				929.2847911952285,
				405.00423911785765,
				940.5277647327894,
				395.49525652390184,
				971.2361849920962,
				392.7000000000007,
				1007.0,
				405.10000000000036,
				1082.6000000000022,
				400.529296875,
				1097.08984375,
				401.6481276141094,
				1107.1587008939423,
				406.122942952441,
				1119.4644430743574,
				412.05207327573225,
				1125.6173141645631,
				408.52815619679495,
				1155.3748361644757,
				408.52815619679495,
				1164.1566612659517,
				408.1925450464205,
				1170.924819465181,
				404.9483039261286,
				1174.5046717358455,
				404.27708162537965,
				1179.3710334162824,
				408.80783215544034,
				1181.2728299350747,
				413.33858268550284,
				1179.035422265908,
				417.9252684072926,
				1176.7420794050122,
				422.4560189373551,
				1174.84028288622,
				427.266445426063,
				1173.8334494350966,
				431.7971959561237,
				1173.497838284722,
				437.3347799373096,
				1173.497838284722,
				458.98169913649326,
				1172.8825511756986,
				495.89892567773495,
				1173.497838284722,
				606.2590589593583,
				1175.3996348035107,
				654.7548701885353,
				1178.6438759238044,
				770.31697630097,
				1173.8334494350966,
				811.3734070301707,
				1177.1336257471157,
				855.170662154098,
				1181.3287651268038,
				859.0861255751388,
				1180.8253484012384,
				863.6168761052013,
				1180.2100612922186,
				867.8120154848875,
				1176.630209021554,
				872.0630900563028,
				1173.7215790516384,
				873.013988315699,
				1168.8552173712014,
				873.013988315699,
				1163.709179732119,
				873.013988315699,
				1158.5072069013077,
				873.013988315699,
				1153.3611692622253,
				873.3495994660734,
				1148.4948075817883,
				873.9648865750951,
				1143.6284459013514,
				873.9648865750951,
				1138.42647307054,
				873.9648865750951,
				1132.9448242810831,
				873.9648865750951,
				1128.4140737510206,
				879.7821465149264,
				1110.9063587397977,
				887.8927493156552,
				1094.1258012210492,
				893.0947221464667,
				1064.98356633016,
				888.2283604660297,
				1026.108608078397,
				892.4000000000015,
				1019.2999999999993,
				968.2000000000007,
				1082.7999999999993,
				980.2000000000007,
				1102.2000000000007,
				1045.7000000000007,
				1154.0,
				1061.392578125,
				1152.3515625,
				1074.9879379138256,
				1144.9069275752663,
				1080.814520385611,
				1151.380908099476,
				1093.115234375,
				1164.005859375,
				1093.4387824078149,
				1168.5369564886278,
				1096.3520736437094,
				1172.74504382936,
				1098.2942678009713,
				1174.0398399342048,
				1102.8260541679192,
				1174.0398399342048,
				1107.681539561072,
				1172.4213448031514,
				1112.5370249542284,
				1171.4502477245187,
				1117.0688113211763,
				1169.5080535672569,
				1139.7277431559014,
				1153.9705003091585,
				1152.6757042043173,
				1137.138150946219,
				1156.883791545053,
				1128.7219762647474,
				1157.2074905712616,
				1124.190189897803,
				1153.9705003091585,
				1119.9821025570673,
				1150.7335100470555,
				1118.3636074260176,
				1146.5254227063197,
				1117.3925103473848,
				1123.5427918453825,
				1090.2017921457118,
				1132.9000000000015,
				1074.0,
				1132.9300636054832,
				1063.9821710226715,
				1121.0,
				1054.6000000000022,
				1097.7957713006072,
				1053.6691200476089,
				1089.6385558401053,
				1045.511904587107,
				1065.555348290054,
				1008.9986544305721,
				1059.340326986814,
				1003.1720719587865,
				1032.149608785141,
				960.8322393304679,
				1029.04296875,
				956.1708984375,
				1007.3143836573981,
				913.8466782779778,
				973.865139003361,
				876.1463590525273,
				963.7968044921145,
				841.969956906014,
				935.829208627536,
				807.0104620752918,
				930.7391061801827,
				803.5424801880854,
				926.0964852666639,
				800.0185631091481,
				921.0623180110397,
				795.7674885377328,
				917.1468545899988,
				791.4604787745866,
				914.4619653869995,
				786.0347651768589,
				911.7211409922711,
				780.6090515791311,
				909.7634092817498,
				775.1833379814034,
				906.2954273945434,
				769.3660780415703,
				903.1630566577096,
				765.0590682784259,
				900.0866211126067,
				759.6333546806982,
				896.1711576915659,
				754.599187425074,
				893.8778148306701,
				748.7819274852409,
				891.5285367780452,
				742.9087323536805,
				889.5708050675257,
				736.6999260717439,
				888.4521012329424,
				731.2742124740162,
				886.1028231803175,
				725.8484988762884,
				883.7535451276926,
				720.4227852785607,
				882.9704524434856,
				714.5495901469985,
				881.7958134171731,
				708.3407838650619,
				881.4602022667968,
				702.9150702673342,
				879.8940168983809,
				697.0978103275029,
				876.7616461615489,
				691.6720967297751,
				874.0767569585496,
				685.4632904478385,
				871.7274789059247,
				679.5900953162763,
				869.7697471954034,
				672.9897426922362,
				868.5951081690928,
				667.5640290945084,
				865.1271262818846,
				663.3129545230931,
				862.3863018871562,
				657.8872409253654,
				857.7436809736355,
				653.1886848201157,
				853.4926064022202,
				649.3291565908039,
				849.5771429811793,
				644.2390541434506,
				845.7176147518676,
				639.9879795720353,
				839.8444196203054,
				637.2471551773069,
				834.810252364683,
				634.5622659743076,
				828.2098997406429,
				630.6468025532668,
				822.7841861429133,
				628.7450060344745,
				815.7922871767696,
				626.787274323955,
				810.3665735790419,
				626.3957279818496,
				803.3746746128963,
				625.221088955539,
				797.8930258234395,
				622.9277460946432,
				792.8588585678153,
				619.7953753578095,
				786.6500522858805,
				617.054550963081,
				781.6158850302563,
				614.7612081021853,
				773.4493470377984,
				611.6288373653533,
				766.0659017295511,
				610.0626519969373,
				762.2063735002394,
				607.7693091360416,
				756.3331783686772,
				603.4622993728972,
				751.6905574551583,
				599.994317485689,
				746.6563901995341,
				596.0788540646481,
