{
	"dataset": {
		"dataset.id": 339425,
		"dataset.name": "01_sou_067885_339425_wear_02top_02t-shirt_man",
		"dataset.image_path": "./008.의류 통합 데이터(3-1)/원천데이터/상품/상의/t-shirt/01_sou_067885_339425_wear_02top_02t-shirt_man.jpg",
		"dataset.label_path": "./008.의류 통합 데이터(3-1)/라벨링데이터/상품/상의/t-shirt/01_sou_067885_339425_wear_02top_02t-shirt_man.json",
		"dataset.category": 6,
		"dataset.type": 1,
		"dataset.width": 2268,
		"dataset.height": 4032,
		"dataset.file_size": 1006796
	},
	"annotation": [
		{
			"annotation_type": "Polygon",
			"annotation_id": 139,
			"annotation_point_count": 92.0,
			"annotation_point": [
				807.4000000000015,
				1267.5,
				753.0,
				1313.0,
				712.0,
				1376.0,
				653.0,
				1537.0,
				567.0,
				1678.0,
				550.4000000000015,
				1749.7000000000007,
				517.0,
				1797.6000000000022,
				479.7000000000007,
				1913.2999999999993,
				449.8000000000011,
				1956.9000000000015,
				444.10293813654425,
				2015.0651719265588,
				418.5545393142529,
				2059.9951146830026,
				415.0302734375,
				2091.7109375,
				407.9827880774428,
				2130.4734562617377,
				413.26866369584786,
				2120.7826842946597,
				427.36433201159525,
				2112.853870867053,
				460.84154426149325,
				2107.56799524865,
				515.4622589850132,
				2109.3299537881176,
				534.8438029191657,
				2120.7826842946597,
				535.7247821888996,
				2107.56799524865,
				552.4633883138504,
				2084.6625342355583,
				558.6298828125,
				2048.54296875,
				603.0,
				2000.1000000000022,
				681.8000000000011,
				1867.1000000000022,
				722.8000000000011,
				1818.2999999999993,
				758.5,
				1732.7000000000007,
				796.6000000000004,
				1670.0,
				808.0,
				1780.0,
				803.3662109375,
				1969.11328125,
				815.5,
				2035.7000000000007,
				814.9952106946403,
				2175.2624423350244,
				802.3091092104678,
				2224.949673148032,
				830.8528375498554,
				2242.9216502506097,
				955.5995021442177,
				2249.2647009926986,
				1103.6040194595626,
				2257.7221019821445,
				1298.1242422168725,
				2264.06515272423,
				1385.8697774823995,
				2257.7221019821445,
				1432.3854829243646,
				2237.6357746322064,
				1428.1567824296399,
				2209.092046292819,
				1403.7999999999993,
				2019.9000000000015,
				1417.5850311928298,
				1912.025836538447,
				1423.928081934915,
				1840.137928128137,
				1560.9000000000015,
				2078.9000000000015,
				1582.50390625,
				2122.404296875,
				1621.2999999999993,
				2167.9000000000015,
				1626.0,
				2180.9000000000015,
				1654.39225889738,
				2162.5763408508537,
				1722.5,
				2156.7999999999993,
				1713.5940658235195,
				2131.918262264102,
				1698.7936140919846,
				2109.7175846667997,
				1699.850789215663,
				2082.231031451094,
				1687.1646877314924,
				2061.087528977474,
				1678.707286742043,
				2035.715326009129,
				1626.1000000000022,
				1889.2999999999993,
				1579.7000000000007,
				1758.2000000000007,
				1575.7000000000007,
				1696.7000000000007,
				1470.5,
				1366.0,
				1452.2392317470913,
				1340.85526071606,
				1438.2845201145028,
				1329.4377693803035,
				1421.7925881850788,
				1316.7516678961329,
				1401.4948258104014,
				1306.6027867087942,
				1385.0028938809774,
				1297.7225156698732,
				1367.2423518031392,
				1287.5736344825345,
				1348.2131995768796,
				1279.9619735920314,
				1329.18404735062,
				1271.0817025531105,
				1308.8862849759462,
				1267.2758721078608,
				1289.9000000000015,
				1251.7999999999993,
				1272.0965906718448,
				1244.4408894363478,
				1243.2000000000007,
				1227.0,
				1250.2000000000007,
				1248.4000000000015,
				1231.1000000000022,
				1263.7999999999993,
				1211.2033035478162,
				1267.2758721078608,
				1189.6369310247246,
				1266.007261959443,
				1173.1449990953006,
				1263.4700416626074,
				1155.3844570174588,
				1257.126990920522,
				1135.0866946427814,
				1249.515330030019,
				1116.0575424165254,
				1243.17227928793,
				1097.0283901902658,
				1238.0978386942625,
				1079.267848112424,
				1229.2175676553416,
				1057.7014755893324,
				1224.143127061674,
				1043.7467639567403,
				1213.9942458743353,
				1032.3292726209875,
				1202.5767545385788,
				1023.7999999999993,
				1175.9000000000015,
				1008.2256798010603,
				1186.0848226091548,
				995.539578316886,
				1196.2337037964935,
				976.5104260906264,
				1200.0395342417469,
				958.0,
				1203.2000000000007,
				936.5,
				1206.5,
				920.691579560269,
				1212.7256357259175,
				901.6624273340112,
				1215.262856022753,
				883.9018852561694,
				1222.8745169132562,
				867.4000000000015,
				1229.4000000000015,
				841.8000000000011,
				1249.7999999999993
			]
		}
	],
	"metadata.model": {
		"metadata.model.gender": "MALE",
		"metadata.model.age": "20대",
		"metadata.model.job": "not employed",
		"metadata.model.type": "wear",
		"metadata.model.usually_size": "L",
		"metadata.model.body_height": "169",
		"metadata.model.waist_height": "100",
		"metadata.model.chest_size_male": "96.0",
		"metadata.model.breast_size_female": "null",
		"metadata.model.waist_size": "87",
		"metadata.model.hip_seize": "105",
		"metadata.model.back_length": "44",
		"metadata.model.shoulders_width": "44",
		"metadata.model.arm_length": "57",
		"metadata.model.weight": "77"
	},
	"metadata.clothes": {
		"metadata.clothes.type": "02top_02t-shirt",
		"metadata.clothes.season": "winter",
		"metadata.clothes.fiber_composition": "Polyester",
		"metadata.clothes.elasticity": "contain",
		"metadata.clothes.transparency": "none at all",
		"metadata.clothes.isfleece": "fleece_contain",
		"metadata.clothes.color": "Black",
		"metadata.clothes.washing_method": "none",
		"metadata.clothes.bleach": "none",
		"metadata.clothes.ironing": "none",
		"metadata.clothes.drycleaning": "none",
		"metadata.clothes.wringing": "none",
		"metadata.clothes.drying": "none",
		"metadata.clothes.top_length_type": "normal",
		"metadata.clothes.sleeve_length_type": "long sleeves",
		"metadata.clothes.topneck_color_design": "round neck",
		"metadata.clothes.topsleeve_design": "ribbed sleeve",
		"metadata.clothes.pants_silhouette": "null",
		"metadata.clothes.skirt_design": "null",
		"metadata.top.front_length": "56.0",
		"metadata.top.chest_size": "100.0",
		"metadata.top.waist_size": "102.0",
		"metadata.top.hem_size": "104.0",
		"metadata.top.shoulder_width": "50.0",
		"metadata.top.sleeve_length": "53.0",
		"metadata.top.sleeve_cuff_size": "18.0",
		"metadata.pants.pants_length": "null",
		"metadata.pants.waist_size": "null",
		"metadata.pants.hip_size": "null",
		"metadata.pants.front_rise_length": "null",
		"metadata.pants.back_rise_length": "null",
		"metadata.pants.inner_seam_length": "null",
		"metadata.pants.pants_waist_size": "null",
		"metadata.skirt.length": "null",
		"metadata.skirt.waist_size": "null",
		"metadata.skirt.hip_size": "null",
		"metadata.skirt.hem_size": "null",
		"metadata.dress.front_length": "null",
		"metadata.dress.chest_size": "null",
		"metadata.dress.waist_size": "null",
		"metadata.dress.hip_size": "null",
		"metadata.dress.hem_size": "null",
		"metadata.dress.shoulder_width": "null",
		"metadata.dress.sleeve_length": "null",
		"metadata.dress.cuff_size": "null",
		"metadata.jumpsuit.front_length": "null",
		"metadata.jumpsuit.inner_seam_length": "null",
		"metadata.jumpsuit.chest_size": "null",
		"metadata.jumpsuit.waist_size": "null",
		"metadata.jumpsuit.hip_size": "null",
		"metadata.jumpsuit.shoulder_width": "null",
		"metadata.jumpsuit.sleeve_length": "null",
		"metadata.jumpsuit.cuffs_size": "null",
		"metadata.jumpsuit.front_rise_length": "null",
		"metadata.jumpsuit.back_rise_length": "null",
		"metadata.jumpsuit.pants_waist_size": "null"
	}
}