{
	"dataset": {
		"dataset.id": 531934,
		"dataset.name": "01_sou_106387_531934_wear_02top_02t-shirt_woman",
		"dataset.image_path": "./008.의류 통합 데이터(3-1)/원천데이터/상품/상의/t-shirt/01_sou_106387_531934_wear_02top_02t-shirt_woman.jpg",
		"dataset.label_path": "./008.의류 통합 데이터(3-1)/라벨링데이터/상품/상의/t-shirt/01_sou_106387_531934_wear_02top_02t-shirt_woman.json",
		"dataset.category": 6,
		"dataset.type": 1,
		"dataset.width": 1960,
		"dataset.height": 4032,
		"dataset.file_size": 422715
	},
	"annotation": [
		{
			"annotation_type": "Polygon",
			"annotation_id": 29,
			"annotation_point_count": 248.0,
			"annotation_point": [
				988.6000000000022,
				1683.300000000003,
				963.28125,
				1692.251953125,
				959.1062371880944,
				1701.528352356272,
				956.787182664546,
				1714.5150576881315,
				941.4814228091382,
				1732.139872067084,
				914.021484375,
				1744.037109375,
				912.5981714901209,
				1745.331672759814,
				910.9154370433353,
				1746.2377605388538,
				909.1032614852593,
				1747.661612763055,
				907.2910859271797,
				1748.6971416533852,
				905.3494692578133,
				1749.3443472098406,
				903.278411477153,
				1750.3798761001708,
				901.2073536964926,
				1751.2859638792106,
				899.2657370271263,
				1752.3214927695408,
				897.3241203577563,
				1753.0981394372866,
				895.38250368839,
				1753.4864627711613,
				893.3114459077296,
				1753.8747861050324,
				891.3698292383633,
				1754.1336683276168,
				889.5576536802873,
				1754.3925505501975,
				887.486595899627,
				1755.039756106653,
				885.544979230257,
				1755.4280794405277,
				883.4739214496003,
				1755.9458438856927,
				881.5323047802303,
				1756.075284996983,
				879.590688110864,
				1756.3341672195675,
				877.2607481076229,
				1756.981372776023,
				875.319131438253,
				1757.499137221188,
				873.3775147688866,
				1757.7580194437687,
				871.3064569882263,
				1758.2757838889338,
				869.4942814301503,
				1758.793548334099,
				867.2937825381996,
				1759.5701950018483,
				865.4816069801236,
				1760.6057238921749,
				863.5399903107536,
				1761.252929448634,
				861.7278147526777,
				1762.2884583389605,
				859.7861980833077,
				1763.06510500671,
				857.8445814139413,
				1763.7123105631654,
				855.9029647445714,
				1764.4889572309112,
				853.961348075205,
				1764.877280564786,
				852.0197314058387,
				1765.1361627873703,
				849.9486736251783,
				1765.6539272325317,
				848.0070569558084,
				1766.0422505664064,
				846.065440286442,
				1766.5600150115715,
				844.123823617072,
				1767.207220568027,
				842.1822069477057,
				1767.8544261244824,
				839.8522669444646,
				1768.6310727922319,
				837.9106502750947,
				1769.2782783486873,
				836.357356939603,
				1770.0549250164331,
				834.4157402702331,
				1771.478777240638,
				832.6035647121571,
				1772.3848650196742,
				830.9208302653715,
				1773.5498350212983,
				829.8853013750413,
				1775.3620105793743,
				830.144183597622,
				1777.433068360031,
				830.4030658202064,
				1779.374685029401,
				830.5325069314968,
				1781.3163016987673,
				830.5325069314968,
				1783.516800590718,
				829.3675369298762,
				1785.1995350375037,
				828.0731258169653,
				1786.752828372999,
				826.5198324814701,
				1788.4355628197845,
				825.2254213685592,
				1789.600532821405,
				823.2838046991892,
				1791.2832672681907,
				821.9893935862783,
				1792.5776783811052,
				820.3066591394927,
				1794.1309717165968,
				818.7533658039974,
				1795.8137061633824,
				817.3295135797962,
				1797.108117276297,
				815.6467791330106,
				1798.7908517230826,
				814.6112502426804,
				1799.8263806134091,
				812.9285157958948,
				1801.767997282779,
				811.7635457942743,
				1803.4507317295647,
				810.210252458779,
				1805.00402506506,
				808.7864002345741,
				1806.5573184005516,
				807.4919891216632,
				1808.2400528473372,
				805.8092546748776,
				1810.0522284054168,
				804.2559613393823,
				1811.8644039634928,
				802.8321091151811,
				1813.5471384102784,
				801.5376980022666,
				1815.1004317457737,
				799.9844046667749,
				1816.524283969975,
				798.4311113312797,
				1818.3364595280545,
				797.0072591070748,
				1819.7603117522558,
				795.4539657715832,
				1821.7019284216258,
				794.6773191038337,
				1823.6435450909921,
				793.2534668796325,
				1825.1968384264874,
				791.9590557667179,
				1827.0090139845634,
				790.664644653807,
				1828.691748431349,
				789.6291157634769,
				1830.3744828781346,
				788.8524690957311,
				1832.0572173249202,
				787.9463813166913,
				1833.0927462152504,
				774.2000000000007,
				1858.800000000003,
				736.068359375,
				1922.263671875,
				727.9897383138123,
				1931.495594597447,
				719.91096866097,
				1938.4202542998828,
				721.0650786113765,
				1946.4990239527287,
				712.9863089585306,
				1951.1154637543514,
				706.0616492560948,
				1962.656563258417,
				686.4417800991869,
				1983.430542365728,
				654.126701487814,
				2016.899730927511,
				592.958984375,
				2110.3828125,
				561.7979054553143,
				2143.8518254721967,
				553.7191358024684,
				2149.622375224226,
				547.9485860504392,
				2166.9340244803207,
				522.55859375,
				2183.091796875,
				529.4828268439378,
				2205.0196528437264,
				543.3321462488129,
				2221.1771921494146,
				566.4140625,
				2245.4140625,
				580.2636646618121,
				2233.872401603883,
				609.1164134219689,
				2211.9443125461657,
				641.4314920333454,
				2173.85868418276,
				667.9760208926891,
				2155.3929249762587,
				684.1328125,
				2136.927734375,
				754.534267173156,
				2060.755909042946,
				764.9212567268114,
				2056.1394692413232,
				782.2329059829062,
				2031.903160282789,
				828.3973039991579,
				1982.2764324153213,
				841.0925134536265,
				1976.5058826632921,
				845.7089532552491,
				1966.118893109633,
				857.2500527593111,
				1956.8860135063842,
				858.4041627097176,
				1951.1154637543514,
				864.0,
				1953.0,
				884.0,
				2044.0,
				886.103515625,
				2089.609375,
				881.5,
				2125.4000000000015,
				873.4075920649993,
				2156.547034926665,
				858.4041627097176,
				2210.790202595759,
				850.326171875,
				2292.732421875,
				860.7123826105308,
				2303.118998628259,
				893.0274612219073,
				2326.201197636383,
				913.8014403292182,
				2336.5881871900383,
				935.7295293869356,
				2342.358736942071,
				980.7398174527807,
				2350.4375065949134,
				1048.8323045267498,
				2350.4375065949134,
				1106.5378020470635,
				2349.283396644507,
				1166.5515194681866,
				2338.8964070908514,
				1200.020708029966,
				2333.1258573388222,
				1227.7193468397163,
				2320.4306478843537,
				1239.260446343782,
				2306.5813284794785,
				1242.722776194998,
				2286.9614593225706,
				1241.5686662445914,
				2276.574469768915,
				1239.260446343782,
				2265.033370264853,
				1200.136119025021,
				2109.920992930267,
				1195.5196792233983,
				2056.8319352115795,
				1193.2109375,
				2007.205078125,
				1207.6068437132526,
				1951.4333783008915,
				1209.611328125,
				1935.404296875,
				1235.7981164925623,
				1953.4236836551645,
				1278.5001846575942,
				1997.279861770603,
				1330.435132425875,
				2046.9065896380707,
				1396.219399599031,
				2101.1497573071647,
				1444.7000000000007,
				2143.9000000000015,
				1466.2000000000007,
				2152.5,
				1489.4554542869992,
				2165.8253308937165,
				1506.1526468565353,
				2182.5225234632526,
				1511.4957484787883,
				2183.1904111660333,
				1526.8571656427594,
				2173.1720956243116,
				1536.875,
				2175.84375,
				1539.329033449405,
				2156.547034926665,
				1545.0995832014341,
				2125.3860662656953,
				1545.099609375,
				2118.4609375,
				1527.787933945343,
				2108.074417009604,
				1513.9000000000015,
				2093.100000000002,
				1475.9000000000015,
				2055.300000000003,
				1430.7000000000007,
				1992.800000000003,
				1368.5677800835692,
				1937.4077365424819,
				1365.228341569662,
				1932.0646349202289,
				1357.2136891362861,
				1930.7288595146674,
				1343.85546875,
