{
	"dataset": {
		"dataset.id": 11024,
		"dataset.name": "01_sou_002205_011024_wear_02top_02t-shirt_woman",
		"dataset.image_path": "./008.의류 통합 데이터(3-1)/원천데이터/상품/상의/t-shirt/01_sou_002205_011024_wear_02top_02t-shirt_woman.jpg",
		"dataset.label_path": "./008.의류 통합 데이터(3-1)/라벨링데이터/상품/상의/t-shirt/01_sou_002205_011024_wear_02top_02t-shirt_woman.json",
		"dataset.category": 6,
		"dataset.type": 1,
		"dataset.width": 607,
		"dataset.height": 1080,
		"dataset.file_size": 48098
	},
	"annotation": [
		{
			"annotation_type": "Polygon",
			"annotation_id": 490,
			"annotation_point_count": 53.0,
			"annotation_point": [
				278.0,
				310.0,
				267.0,
				317.0,
				232.0,
				331.0,
				208.0,
				360.0,
				188.60000000000218,
				394.5,
				172.0,
				418.0,
				148.8046875,
				437.728515625,
				83.4330704160966,
				512.0310356652953,
				96.29315272062377,
				524.8553955189782,
				109.15323502515093,
				529.5350365797894,
				138.08842021033706,
				496.63465935071144,
				178.45478966621158,
				459.8762574302709,
				210.6049954275295,
				422.33196159122235,
				237.39683356195746,
				397.3262459990874,
				244.0,
				408.0,
				247.0,
				417.0,
				244.0,
				481.0,
				228.0,
				539.0,
				231.681640625,
				543.82421875,
				299.19667352537726,
				545.6101394604484,
				326.70296067672825,
				547.0390374942872,
				377.071616369456,
				547.3962620027451,
				380.64386145404933,
				547.3962620027451,
				377.42884087791754,
				536.6795267489724,
				375.285493827163,
				517.3536808413373,
				366.0,
				487.0,
				362.0,
				444.0,
				363.0,
				418.0,
				367.0,
				403.0,
				376.71484375,
				397.68359375,
				411.0079446730706,
				438.08556241426777,
				446.0159465020588,
				472.7363397347981,
				476.0228052126222,
				505.60099451303176,
				490.66901005944237,
				518.4610768175589,
				497.09905121170596,
				530.2494855967088,
				511.7452560585298,
				524.1766689529068,
				522.1047668038409,
				512.3882601737569,
				511.3880315500719,
				498.8137288523103,
				465.30606995884955,
				445.5872770919086,
				429.58361911294196,
				405.578132144492,
				425.2969250114329,
				401.2557155921386,
				417.79521033379206,
				386.96673525377264,
				414.58018975766026,
				384.8591106538661,
				408.86459762231607,
				381.6440900777343,
				399.0,
				359.0,
				376.0,
				332.0,
				364.0,
				328.0,
				331.3468792866952,
				308.77029035208034,
				330.9896547782373,
				298.37505715592124,
				325.631287151351,
				291.2305669867419,
				315.9862254229556,
				287.3368198445387,
				292.4094078646558,
				289.1229423868317,
				278.478515625,
				295.91015625
			]
		}
	],
	"metadata.model": {
		"metadata.model.gender": "FEMALE",
		"metadata.model.age": "30대",
		"metadata.model.job": "university student/graduate student",
		"metadata.model.type": "wear",
		"metadata.model.usually_size": "M",
		"metadata.model.body_height": "158",
		"metadata.model.waist_height": "99",
		"metadata.model.chest_size_male": "null",
		"metadata.model.breast_size_female": "82.0",
		"metadata.model.waist_size": "68",
		"metadata.model.hip_seize": "87",
		"metadata.model.back_length": "39",
		"metadata.model.shoulders_width": "34",
		"metadata.model.arm_length": "49",
		"metadata.model.weight": "48"
	},
	"metadata.clothes": {
		"metadata.clothes.type": "02top_02t-shirt",
		"metadata.clothes.season": "winter",
		"metadata.clothes.fiber_composition": "Cotton",
		"metadata.clothes.elasticity": "contain",
		"metadata.clothes.transparency": "none at all",
		"metadata.clothes.isfleece": "fleece_contain",
		"metadata.clothes.color": "Black",
		"metadata.clothes.washing_method": "Washing30",
		"metadata.clothes.bleach": "Do not chlorine bleach",
		"metadata.clothes.ironing": "Ironing 80~120℃",
		"metadata.clothes.drycleaning": "none",
		"metadata.clothes.wringing": "none",
		"metadata.clothes.drying": "Do not tumble dry",
		"metadata.clothes.top_length_type": "normal",
		"metadata.clothes.sleeve_length_type": "long sleeves",
		"metadata.clothes.topneck_color_design": "turtle neck",
		"metadata.clothes.topsleeve_design": "basic sleeve",
		"metadata.clothes.pants_silhouette": "null",
		"metadata.clothes.skirt_design": "null",
		"metadata.top.front_length": "52.0",
		"metadata.top.chest_size": "68.0",
		"metadata.top.waist_size": "66.0",
		"metadata.top.hem_size": "74.0",
		"metadata.top.shoulder_width": "34.0",
		"metadata.top.sleeve_length": "55.0",
		"metadata.top.sleeve_cuff_size": "20.0",
		"metadata.pants.pants_length": "null",
		"metadata.pants.waist_size": "null",
		"metadata.pants.hip_size": "null",
		"metadata.pants.front_rise_length": "null",
		"metadata.pants.back_rise_length": "null",
		"metadata.pants.inner_seam_length": "null",
		"metadata.pants.pants_waist_size": "null",
		"metadata.skirt.length": "null",
		"metadata.skirt.waist_size": "null",
		"metadata.skirt.hip_size": "null",
		"metadata.skirt.hem_size": "null",
		"metadata.dress.front_length": "null",
		"metadata.dress.chest_size": "null",
		"metadata.dress.waist_size": "null",
		"metadata.dress.hip_size": "null",
		"metadata.dress.hem_size": "null",
		"metadata.dress.shoulder_width": "null",
		"metadata.dress.sleeve_length": "null",
		"metadata.dress.cuff_size": "null",
		"metadata.jumpsuit.front_length": "null",
		"metadata.jumpsuit.inner_seam_length": "null",
		"metadata.jumpsuit.chest_size": "null",
		"metadata.jumpsuit.waist_size": "null",
		"metadata.jumpsuit.hip_size": "null",
		"metadata.jumpsuit.shoulder_width": "null",
		"metadata.jumpsuit.sleeve_length": "null",
		"metadata.jumpsuit.cuffs_size": "null",
		"metadata.jumpsuit.front_rise_length": "null",
		"metadata.jumpsuit.back_rise_length": "null",
		"metadata.jumpsuit.pants_waist_size": "null"
	}
}