{
	"dataset": {
		"dataset.id": 3831,
		"dataset.name": "01_sou_000767_003831_front_02top_02t-shirt_man",
		"dataset.image_path": "./008.의류 통합 데이터(3-1)/원천데이터/상품/상의/t-shirt/01_sou_000767_003831_front_02top_02t-shirt_man.jpg",
		"dataset.label_path": "./008.의류 통합 데이터(3-1)/라벨링데이터/상품/상의/t-shirt/01_sou_000767_003831_front_02top_02t-shirt_man.json",
		"dataset.category": 6,
		"dataset.type": 1,
		"dataset.width": 1920,
		"dataset.height": 1080,
		"dataset.file_size": 281125
	},
	"annotation": [
		{
			"annotation_type": "Polygon",
			"annotation_id": 127,
			"annotation_point_count": 115.0,
			"annotation_point": [
				705.2999999999993,
				90.90000000000146,
				606.724609375,
				127.73828125,
				587.5,
				137.8000000000011,
				575.0714187611629,
				144.90643455569807,
				571.2000000000007,
				147.70000000000073,
				568.7000000000007,
				153.0,
				526.2500000000036,
				189.43586045873235,
				451.67662409010154,
				252.2062560087943,
				360.4717758549705,
				321.41464084604195,
				324.5263356681826,
				347.7030971020504,
				352.4242892459879,
				380.42954264524633,
				387.8000000000011,
				420.7000000000007,
				469.40000000000146,
				498.5,
				476.3555830243149,
				510.2623266034934,
				495.669550885872,
				498.4593462436533,
				510.4511742892464,
				496.39060568603236,
				511.1464771322644,
				483.48887515451315,
				530.4604449938197,
				469.35105067985205,
				540.7354758961701,
				450.6551297898641,
				550.3924598269477,
				444.8609394313971,
				548.4610630407915,
				455.21322620519277,
				547.8430160692224,
				473.8318912237337,
				550.4000000000015,
				484.5,
				545.2000000000007,
				516.2999999999993,
				543.828125,
				527.185546875,
				543.8273003810064,
				537.1210615401906,
				547.2425146054993,
				546.7457561728443,
				545.3796704830493,
				556.0599767850945,
				545.3796704830493,
				580.2769503769377,
				544.4482484218242,
				622.1909431320528,
				543.5168263605992,
				707.8817727647365,
				544.7587224422314,
				775.2546351933306,
				546.9320405850885,
				883.6100683158147,
				543.84765625,
				917.7421875,
				544.7413358970916,
				930.2606527262797,
				536.693849288109,
				943.2260478185308,
				527.3051149109633,
				964.6860121091486,
				522.3872064276948,
				997.7701237238543,
				543.4000881289248,
				1004.029279975286,
				566.2013001877094,
				1007.6059406903878,
				564.8600524195463,
				1029.0659049810056,
				579.1666952799605,
				1029.9600701597847,
				585.4258515313886,
				1028.6188223916179,
				667.2419653893776,
				1027.2775746234547,
				780.3538605045142,
				1025.9363268552916,
				875.5824520441383,
				1026.3834094446793,
				916.7140502678267,
				1022.8067487295775,
				1004.1981778423869,
				1018.1695087607586,
				1101.6870202505816,
				1011.9600283525942,
				1147.6371752710074,
				1008.8552881485084,
				1189.8616420465296,
				1006.061021964837,
				1249.1621799445093,
				1005.129599903612,
				1287.3504844547242,
				1003.8877038219762,
				1307.531295781264,
				1004.1981778423869,
				1306.910347740446,
				985.8802106382973,
				1306.5998737200389,
				951.4175943729824,
				1303.184659495546,
				919.1282962505211,
				1295.4228089853423,
				898.01606286276,
				1287.3504844547242,
				882.1818878219383,
				1285.798114352685,
				817.9137655974264,
				1283.935270230235,
				787.7977856178222,
				1278.6572118832955,
				747.4361629647501,
				1276.4838937404347,
				685.9623069239133,
				1270.8953613730882,
				626.0408209851157,
				1268.1010951894132,
				584.4373022504078,
				1268.1010951894132,
				554.9422703116252,
				1267.1696731281882,
				532.5881408422283,
				1262.202088801656,
				504.02453096466706,
				1261.270666740431,
				472.9771289238415,
				1256.9240304547166,
				456.5220058422037,
				1263.7544589036988,
				459.00579800546984,
				1275.2419976588026,
				460.86864212791806,
				1287.3504844547242,
				459.31627202587697,
				1293.2494908424815,
				468.0095445973093,
				1301.3218153730995,
				472.3561808830236,
				1326.1597370057607,
				477.01329118914873,
				1343.8567561690288,
				482.60182355649704,
				1354.4128728629112,
				466.7676485156753,
				1372.109892026183,
				434.4783503932158,
				1387.0126450057796,
				417.40227927076194,
				1433.2732740466126,
				357.17031931155725,
				1451.2807672302915,
				327.6752873727728,
				1454.0750334139666,
				320.5343849033816,
				1430.1685338425305,
				305.32115790337593,
				1326.1597370057607,
				238.87971753600686,
				1248.8517059241021,
				182.06297180129513,
				1234.5699009853197,
				168.40211490333058,
				1231.4651607812375,
				157.22505016863397,
				1224.9452063526624,
				153.80983594414283,
				1213.4576675975586,
				149.77367367883562,
				1183.341687617958,
				134.87092069923892,
				1142.6695909444716,
				116.86342751555821,
				1074.365306454656,
				92.95692794412207,
				1060.3939755362808,
				85.19507743391478,
				1049.2169108015842,
				81.15891516860756,
				1033.6932097811732,
				71.84469455635917,
				1021.5847229852479,
				66.87711022982694,
				1011.0286062913692,
				59.73620776043754,
				998.2991714546297,
				74.01801269921816,
				989.9163729036045,
				81.46938918901651,
				972.8403017811506,
				91.09408382167203,
				965.3889252913541,
				92.64645392371312,
				948.9338022097145,
				95.44072010738819,
				897.3951148219421,
				95.44072010738819,
				885.9075760668347,
				92.335979903306,
				864.7953426790737,
				90.7836098012649,
				852.3763818627449,
				88.61029165840591,
				831.2641484749802,
				82.71128527064866,
				821.9499278627336,
				79.60654506656647,
				814.1880773525263,
				74.94943476044318,
				793.0758439647652,
				63.77237002574475,
				789.3501557198651,
				59.42573374002859,
				782.2092532504757,
				55.700045495130325,
				768.5483963525112,
				66.25616218901087,
				764.201171875,
				67.1875
			]
		}
	],
	"metadata.model": {
		"metadata.model.gender": "MALE",
		"metadata.model.age": "20대",
		"metadata.model.job": "not employed",
		"metadata.model.type": "front",
		"metadata.model.usually_size": "M",
		"metadata.model.body_height": "171",
		"metadata.model.waist_height": "100",
		"metadata.model.chest_size_male": "78.0",
		"metadata.model.breast_size_female": "null",
		"metadata.model.waist_size": "80",
		"metadata.model.hip_seize": "86",
		"metadata.model.back_length": "44",
		"metadata.model.shoulders_width": "46",
		"metadata.model.arm_length": "53",
		"metadata.model.weight": "69"
	},
	"metadata.clothes": {
		"metadata.clothes.type": "02top_02t-shirt",
		"metadata.clothes.season": "summer",
		"metadata.clothes.fiber_composition": "Cotton,Polyester",
		"metadata.clothes.elasticity": "none",
		"metadata.clothes.transparency": "none at all",
		"metadata.clothes.isfleece": "fleece_none",
		"metadata.clothes.color": "Gray",
		"metadata.clothes.washing_method": "Hand Washing30",
		"metadata.clothes.bleach": "none",
		"metadata.clothes.ironing": "Ironing 80~120℃",
		"metadata.clothes.drycleaning": "none",
		"metadata.clothes.wringing": "none",
		"metadata.clothes.drying": "none",
		"metadata.clothes.top_length_type": "normal",
		"metadata.clothes.sleeve_length_type": "short sleeves",
		"metadata.clothes.topneck_color_design": "round neck",
		"metadata.clothes.topsleeve_design": "basic sleeve",
		"metadata.clothes.pants_silhouette": "null",
		"metadata.clothes.skirt_design": "null",
		"metadata.top.front_length": "70.0",
		"metadata.top.chest_size": "106.0",
		"metadata.top.waist_size": "106.0",
		"metadata.top.hem_size": "106.0",
		"metadata.top.shoulder_width": "48.0",
		"metadata.top.sleeve_length": "23.0",
		"metadata.top.sleeve_cuff_size": "26.0",
		"metadata.pants.pants_length": "null",
		"metadata.pants.waist_size": "null",
		"metadata.pants.hip_size": "null",
		"metadata.pants.front_rise_length": "null",
		"metadata.pants.back_rise_length": "null",
		"metadata.pants.inner_seam_length": "null",
		"metadata.pants.pants_waist_size": "null",