{
	"dataset": {
		"dataset.id": 11869,
		"dataset.name": "01_sou_002374_011869_wear_02top_02t-shirt_woman",
		"dataset.image_path": "./008.의류 통합 데이터(3-1)/원천데이터/상품/상의/t-shirt/01_sou_002374_011869_wear_02top_02t-shirt_woman.jpg",
		"dataset.label_path": "./008.의류 통합 데이터(3-1)/라벨링데이터/상품/상의/t-shirt/01_sou_002374_011869_wear_02top_02t-shirt_woman.json",
		"dataset.category": 6,
		"dataset.type": 1,
		"dataset.width": 810,
		"dataset.height": 1080,
		"dataset.file_size": 60559
	},
	"annotation": [
		{
			"annotation_type": "Polygon",
			"annotation_id": 205,
			"annotation_point_count": 77.0,
			"annotation_point": [
				445.38012228701336,
				400.34464364449923,
				462.93359375,
				411.908203125,
				463.10264763787745,
				411.5699913894714,
				465.13282450912084,
				412.4158984191563,
				468.1780898159868,
				412.9234426369676,
				471.0541737169151,
				413.9385310725884,
				474.0994390237811,
				414.78443810227327,
				477.1447043306471,
				415.7995265378959,
				479.68242541970176,
				416.47625216164306,
				482.55850932063186,
				417.49134059726566,
				485.77295603343373,
				418.50642903288826,
				487.8031329046771,
				419.69069887444675,
				490.0024911818582,
				421.21333152787884,
				492.0326680531016,
				423.7510526169335,
				493.2169378946619,
				425.7812294881787,
				494.9087519540317,
				428.3189505772334,
				496.0930217955902,
				430.5183088544145,
				497.10811023121096,
				433.2252113494051,
				498.29238007277127,
				436.10129525033517,
				499.30746850839205,
				438.46983493345215,
				500.49173834995236,
				440.8383746165691,
				501.67600819151085,
				443.0377328937502,
				525.5305864286256,
				493.28461045703625,
				495.9077324712998,
				504.32900083534696,
				486.7541799016817,
				506.15971134926986,
				482.36047466826676,
				498.1045850880073,
				478.69905364041915,
				507.99042186319457,
				481.9943325654822,
				523.3683901801505,
				480.52976415434205,
				547.8999110667228,
				480.52976415434205,
				558.8841741502638,
				489.68331672396016,
				584.147979242407,
				497.37230088243814,
				652.6165524631415,
				484.55732728497424,
				659.2071103132657,
				453.43524854827774,
				665.4315260606054,
				394.12022789715957,
				667.2622365745283,
				380.2068279913419,
				666.1638102661746,
				349.81703346021277,
				652.9826945659261,
				358.6044439270463,
				559.616458355833,
				362.99814916046125,
				540.2109269082448,
				356.407591310337,
				513.8486955077478,
				358.9705860298309,
				505.7935692464853,
				357.50601761869075,
				496.2738745740844,
				355.67530710476785,
				507.99042186319457,
				330.4115020126246,
				500.66757980749935,
				315.03353369566867,
				494.4431640601615,
				330.1260625714058,
				448.7899006956086,
				330.4644253832794,
				444.72954695312,
				331.1411510070284,
				442.36100727000303,
				332.49460225452276,
				439.82328618094834,
				334.18641631389437,
				437.45474649782955,
				335.87823037326416,
				435.2553882206503,
				337.57004443263395,
				433.0560299434692,
				338.9234956801283,
				430.8566716662881,
				340.4461283335622,
				428.657313389107,
				342.3071237988697,
				426.6271365178636,
				344.6756634819867,
				424.93532245849383,
				347.3825659769791,
				423.24350839912404,
				349.4127428482225,
				421.72087574569014,
				351.61210112540357,
				420.19824309225805,
				353.98064080852055,
				418.67561043882415,
				356.85672470945065,
				417.32215919132796,
				359.0560829866299,
				415.9687079438336,
				361.7629854816223,
				414.953619508211,
				364.8082507884883,
				413.7693496666525,
				367.1767904716053,
				412.7542612310299,
				369.71451156065996,
				411.7391727954091,
				371.91386983784105,
				410.5549029538488,
				374.78995373877115,
				409.0322703004167,
				376.9893120159504,
				407.6788190529205,
				379.5270331050051,
				406.494549211362,
				381.8955727881239,
				404.80273515199224,
				383.9257496593673,
				403.11092109262245,
				386.1251079365484,
				401.58828843918855,
				388.32446621372947,
				400.23483719169235,
				390.69300589684644,
				399.05056735013386,
				392.5537109375,
				399.2197265625,
				392.5537109375,
				399.2197265625
			]
		}
	],
	"metadata.model": {
		"metadata.model.gender": "FEMALE",
		"metadata.model.age": "40대",
		"metadata.model.job": "homemaker",
		"metadata.model.type": "wear",
		"metadata.model.usually_size": "S",
		"metadata.model.body_height": "161",
		"metadata.model.waist_height": "101",
		"metadata.model.chest_size_male": "null",
		"metadata.model.breast_size_female": "87.0",
		"metadata.model.waist_size": "71",
		"metadata.model.hip_seize": "89",
		"metadata.model.back_length": "44",
		"metadata.model.shoulders_width": "40",
		"metadata.model.arm_length": "57",
		"metadata.model.weight": "55"
	},
	"metadata.clothes": {
		"metadata.clothes.type": "02top_02t-shirt",
		"metadata.clothes.season": "summer",
		"metadata.clothes.fiber_composition": "Cotton",
		"metadata.clothes.elasticity": "contain little",
		"metadata.clothes.transparency": "contain little",
		"metadata.clothes.isfleece": "fleece_none",
		"metadata.clothes.color": "Pink",
		"metadata.clothes.washing_method": "Washing30",
		"metadata.clothes.bleach": "Do not chlorine bleach",
		"metadata.clothes.ironing": "Ironing 80~120℃ : Place a cloth between the iron and textile",
		"metadata.clothes.drycleaning": "DO NOT DRYCLEAN",
		"metadata.clothes.wringing": "none",
		"metadata.clothes.drying": "none",
		"metadata.clothes.top_length_type": "long",
		"metadata.clothes.sleeve_length_type": "short sleeves",
		"metadata.clothes.topneck_color_design": "round neck",
		"metadata.clothes.topsleeve_design": "basic sleeve",
		"metadata.clothes.pants_silhouette": "null",
		"metadata.clothes.skirt_design": "null",
		"metadata.top.front_length": "65.0",
		"metadata.top.chest_size": "94.0",
		"metadata.top.waist_size": "74.0",
		"metadata.top.hem_size": "76.0",
		"metadata.top.shoulder_width": "38.0",
		"metadata.top.sleeve_length": "20.0",
		"metadata.top.sleeve_cuff_size": "30.0",
		"metadata.pants.pants_length": "null",
		"metadata.pants.waist_size": "null",
		"metadata.pants.hip_size": "null",
		"metadata.pants.front_rise_length": "null",
		"metadata.pants.back_rise_length": "null",
		"metadata.pants.inner_seam_length": "null",
		"metadata.pants.pants_waist_size": "null",
		"metadata.skirt.length": "null",
		"metadata.skirt.waist_size": "null",
		"metadata.skirt.hip_size": "null",
		"metadata.skirt.hem_size": "null",
		"metadata.dress.front_length": "null",
		"metadata.dress.chest_size": "null",
		"metadata.dress.waist_size": "null",
		"metadata.dress.hip_size": "null",
		"metadata.dress.hem_size": "null",
		"metadata.dress.shoulder_width": "null",
		"metadata.dress.sleeve_length": "null",
		"metadata.dress.cuff_size": "null",
		"metadata.jumpsuit.front_length": "null",
		"metadata.jumpsuit.inner_seam_length": "null",
		"metadata.jumpsuit.chest_size": "null",
		"metadata.jumpsuit.waist_size": "null",
		"metadata.jumpsuit.hip_size": "null",
		"metadata.jumpsuit.shoulder_width": "null",
		"metadata.jumpsuit.sleeve_length": "null",
		"metadata.jumpsuit.cuffs_size": "null",
		"metadata.jumpsuit.front_rise_length": "null",
		"metadata.jumpsuit.back_rise_length": "null",
		"metadata.jumpsuit.pants_waist_size": "null"
	}
}