{
	"dataset": {
		"dataset.id": 447234,
		"dataset.name": "01_sou_089447_447234_wear_02top_02t-shirt_woman",
		"dataset.image_path": "./008.의류 통합 데이터(3-1)/원천데이터/상품/상의/t-shirt/01_sou_089447_447234_wear_02top_02t-shirt_woman.jpg",
		"dataset.label_path": "./008.의류 통합 데이터(3-1)/라벨링데이터/상품/상의/t-shirt/01_sou_089447_447234_wear_02top_02t-shirt_woman.json",
		"dataset.category": 6,
		"dataset.type": 1,
		"dataset.width": 2268,
		"dataset.height": 4032,
		"dataset.file_size": 941870
	},
	"annotation": [
		{
			"annotation_type": "Polygon",
			"annotation_id": 114,
			"annotation_point_count": 90.0,
			"annotation_point": [
				726.0,
				1433.0,
				664.0,
				1505.0,
				536.0,
				1782.0,
				526.0,
				1835.0,
				478.54296875,
				1899.0625,
				478.54315420267994,
				1927.5598146060365,
				482.9274708756093,
				1945.0970812977575,
				465.3902041838901,
				2006.4775147187756,
				546.6000000000022,
				2055.5,
				569.0,
				1979.2000000000007,
				621.0334460729027,
				1951.6735563071525,
				642.9550294375549,
				1934.1362896154315,
				656.1079794563448,
				1910.0225479143155,
				649.53125,
				1877.140625,
				759.0,
				1747.0,
				805.5,
				1672.4000000000015,
				893.0,
				1542.0,
				912.0,
				1491.0,
				959.0,
				1754.0,
				959.0,
				1828.0,
				993.7003632719534,
				1850.8342728297612,
				1024.3905799824606,
				1811.3754227733916,
				1070.425905048225,
				1813.567581109859,
				1114.2690717775258,
				1804.7989477639967,
				1184.4181385444062,
				1809.1832644369279,
				1241.4142552924968,
				1806.991106100464,
				1305.0,
				1807.0,
				1381.712388826254,
				1804.7989477639967,
				1458.4379306025294,
				1809.1832644369279,
				1517.6262056870837,
				1813.567581109859,
				1532.970703125,
				1839.873046875,
				1555.6000000000022,
				1823.7999999999993,
				1567.7999999999993,
				1549.0,
				1587.0,
				1461.0,
				1664.0,
				1582.0,
				1710.0,
				1718.7999999999993,
				1835.2000000000007,
				1940.0,
				1872.0,
				1974.6000000000022,
				1896.4000000000015,
				2011.2999999999993,
				1916.2000000000007,
				2029.9000000000015,
				1921.2000000000007,
				2058.0,
				1953.4000000000015,
				2060.600000000002,
				2026.2069397469604,
				2037.1677314292865,
				1986.7480896905909,
				1960.4421896530112,
				2004.2853563823119,
				1947.2892396342213,
				1995.517578125,
				1892.484375,
				1948.4000000000015,
				1821.6000000000022,
				1925.0,
				1728.0,
				1860.0,
				1581.7999999999993,
				1782.8773643993482,
				1372.9437554803953,
				1774.1087310534895,
				1331.2927470875584,
				1758.7636226982322,
				1300.6025303770512,
				1749.9949893523735,
				1247.9907303018917,
				1732.4577226606525,
				1210.724038581986,
				1712.7282976324677,
				1162.4965551797577,
				1682.0380809219569,
				1127.4220217963157,
				1642.5792308655873,
				1083.578855067015,
				1614.0811724915438,
				1055.0807966929715,
				1589.967430790428,
				1039.7356883377179,
				1554.8928974069895,
				1024.3905799824606,
				1519.8183640235475,
				1006.8533132907432,
				1489.1281473130402,
				998.0846799448809,
				1445.2849805837395,
				984.9317299260911,
				1414.5947638732287,
				967.3944632343737,
				1381.712388826254,
				938.8964048603266,
				1351.0221721157468,
				923.551296505073,
				1302.794688713515,
				916.974821495678,
				1261.1000000000022,
				919.2000000000007,
				1219.5,
				925.7000000000007,
				1186.6000000000022,
				936.7000000000007,
				1155.9200801703628,
				954.2415132155838,
				1133.9984968057106,
				967.3944632343737,
				1112.076913441062,
				978.3552549166961,
				1079.1945383940874,
				993.7003632719534,
				1057.2729550294353,
				1004.6611549542758,
				1017.8141049730657,
				1026.582738318928,
				995.8925216084172,
				1035.3513716647867,
				971.7999999999993,
				1041.9000000000015,
				908.2061881498157,
				1072.6180633846925,
				881.900288112236,
				1114.2690717775258,
				862.1708630840512,
				1133.9984968057106,
				844.6335963923339,
				1153.7279218338954,
				824.9041713641491,
				1169.0730301891526,
				816.1355380182868,
				1188.8024552173374,
				809.5590630088918,
				1230.4534636101707,
				813.943379681823,
				1258.9515219842142,
				794.2139546536382,
				1296.21821370412,
				783.2531629713121,
				1315.9476387323048,
				774.4845296254534,
				1344.4456971063482,
				756.947265625,
				1366.3671875
			]
		}
	],
	"metadata.model": {
		"metadata.model.gender": "FEMALE",
		"metadata.model.age": "20대",
		"metadata.model.job": "entertainment and sports",
		"metadata.model.type": "wear",
		"metadata.model.usually_size": "M",
		"metadata.model.body_height": "157",
		"metadata.model.waist_height": "89",
		"metadata.model.chest_size_male": "null",
		"metadata.model.breast_size_female": "90.0",
		"metadata.model.waist_size": "73",
		"metadata.model.hip_seize": "92",
		"metadata.model.back_length": "40",
		"metadata.model.shoulders_width": "40",
		"metadata.model.arm_length": "52",
		"metadata.model.weight": "52"
	},
	"metadata.clothes": {
		"metadata.clothes.type": "02top_02t-shirt",
		"metadata.clothes.season": "winter",
		"metadata.clothes.fiber_composition": "Cotton",
		"metadata.clothes.elasticity": "contain little",
		"metadata.clothes.transparency": "none at all",
		"metadata.clothes.isfleece": "fleece_contain",
		"metadata.clothes.color": "Green",
		"metadata.clothes.washing_method": "none",
		"metadata.clothes.bleach": "none",
		"metadata.clothes.ironing": "none",
		"metadata.clothes.drycleaning": "none",
		"metadata.clothes.wringing": "none",
		"metadata.clothes.drying": "none",
		"metadata.clothes.top_length_type": "crop",
		"metadata.clothes.sleeve_length_type": "long sleeves",
		"metadata.clothes.topneck_color_design": "round neck",
		"metadata.clothes.topsleeve_design": "ribbed sleeve",
		"metadata.clothes.pants_silhouette": "null",
		"metadata.clothes.skirt_design": "null",
		"metadata.top.front_length": "47.0",
		"metadata.top.chest_size": "100.0",
		"metadata.top.waist_size": "100.0",
		"metadata.top.hem_size": "100.0",
		"metadata.top.shoulder_width": "50.0",
		"metadata.top.sleeve_length": "54.0",
		"metadata.top.sleeve_cuff_size": "20.0",
		"metadata.pants.pants_length": "null",
		"metadata.pants.waist_size": "null",
		"metadata.pants.hip_size": "null",
		"metadata.pants.front_rise_length": "null",
		"metadata.pants.back_rise_length": "null",
		"metadata.pants.inner_seam_length": "null",
		"metadata.pants.pants_waist_size": "null",
		"metadata.skirt.length": "null",
		"metadata.skirt.waist_size": "null",
		"metadata.skirt.hip_size": "null",
		"metadata.skirt.hem_size": "null",
		"metadata.dress.front_length": "null",
		"metadata.dress.chest_size": "null",
		"metadata.dress.waist_size": "null",
		"metadata.dress.hip_size": "null",
		"metadata.dress.hem_size": "null",
		"metadata.dress.shoulder_width": "null",
		"metadata.dress.sleeve_length": "null",
		"metadata.dress.cuff_size": "null",
		"metadata.jumpsuit.front_length": "null",
		"metadata.jumpsuit.inner_seam_length": "null",
		"metadata.jumpsuit.chest_size": "null",
		"metadata.jumpsuit.waist_size": "null",
		"metadata.jumpsuit.hip_size": "null",
		"metadata.jumpsuit.shoulder_width": "null",
		"metadata.jumpsuit.sleeve_length": "null",
		"metadata.jumpsuit.cuffs_size": "null",
		"metadata.jumpsuit.front_rise_length": "null",
		"metadata.jumpsuit.back_rise_length": "null",
		"metadata.jumpsuit.pants_waist_size": "null"
	}
}