{
	"dataset": {
		"dataset.id": 341214,
		"dataset.name": "01_sou_068243_341214_wear_02top_02t-shirt_woman",
		"dataset.image_path": "./008.의류 통합 데이터(3-1)/원천데이터/상품/상의/t-shirt/01_sou_068243_341214_wear_02top_02t-shirt_woman.jpg",
		"dataset.label_path": "./008.의류 통합 데이터(3-1)/라벨링데이터/상품/상의/t-shirt/01_sou_068243_341214_wear_02top_02t-shirt_woman.json",
		"dataset.category": 6,
		"dataset.type": 1,
		"dataset.width": 3024,
		"dataset.height": 4032,
		"dataset.file_size": 813340
	},
	"annotation": [
		{
			"annotation_type": "Polygon",
			"annotation_id": 98,
			"annotation_point_count": 113.0,
			"annotation_point": [
				1034.0,
				1319.0,
				900.0,
				1686.0,
				881.0,
				1775.0,
				888.0,
				1822.0,
				862.0,
				1869.0,
				849.0,
				1969.0,
				817.0,
				2006.0,
				798.0,
				2090.0,
				760.0,
				2142.0,
				707.94921875,
				2314.421875,
				719.0045845065397,
				2333.3735831347985,
				764.8045267489761,
				2350.7459750198614,
				799.5493105191017,
				2344.4287416071093,
				813.7999999999993,
				2335.0,
				854.82421875,
				2241.7734375,
				876.9354198252877,
				2235.4564652371737,
				889.5698866507882,
				2221.242690058487,
				897.5,
				2172.2999999999993,
				935.2000000000007,
				2140.2000000000007,
				958.0,
				2074.0,
				996.0,
				2043.0,
				1028.0,
				1985.0,
				1092.0,
				1932.0,
				1142.259765625,
				1821.677734375,
				1165.9488484586,
				1745.8708757490494,
				1184.900548696849,
				1679.5399249151742,
				1192.7970904627873,
				1760.0846509277362,
				1184.900548696849,
				1827.9949101147977,
				1187.0,
				1885.0,
				1136.0,
				2016.0,
				1129.625,
				2189.65625,
				1129.624756335288,
				2325.4770413688602,
				1304.927983539099,
				2312.8425745433597,
				1524.4518446321636,
				2319.1598079561118,
				1679.2240632445355,
				2322.318424662484,
				1808.72734820591,
				2312.8425745433597,
				1792.9000000000015,
				2202.2999999999993,
				1807.9000000000015,
				2165.4000000000015,
				1784.2000000000007,
				2116.2999999999993,
				1809.7999999999993,
				1980.6000000000022,
				1730.0,
				1770.0,
				1755.0,
				1717.0,
				1768.7000000000007,
				1667.0,
				1806.0,
				1696.0,
				1877.0,
				1953.0,
				1991.0,
				2106.0,
				2017.0,
				2179.0,
				2094.0,
				2247.0,
				2128.7999999999993,
				2301.2000000000007,
				2151.185546875,
				2329.40625,
				2160.0716052697317,
				2332.5799685012935,
				2184.189772314614,
				2333.2146571077355,
				2217.193579849718,
				2318.616819159517,
				2239.4076810752667,
				2305.923047030632,
				2245.7999999999993,
				2293.2000000000007,
				2211.7999999999993,
				2188.7999999999993,
				2220.100000000002,
				2156.7999999999993,
				2189.0,
				2137.0,
				2200.056640625,
				2117.419921875,
				2199.422298869278,
				2100.91862714912,
				2181.6510178888348,
				2055.221047485131,
				2159.436916663286,
				2014.6009766726966,
				2149.2818989601765,
				1992.3868754471441,
				2139.126881257067,
				1985.405300776256,
				2114.9000000000015,
				1967.7000000000007,
				2020.7000000000007,
				1712.0,
				1940.0,
				1429.0,
				1896.906860248091,
				1318.8324774986177,
				1894.165005468254,
				1314.2627195322202,
				1888.6812959085764,
				1301.4673972263045,
				1881.3696831623347,
				1288.672074920385,
				1873.1441188228164,
				1275.8767526144693,
				1863.0906512967413,
				1264.9093334951103,
				1853.9511353639427,
				1255.7698175623118,
				1847.5534742109849,
				1242.974495256396,
				1841.1558130580233,
				1231.0931245437569,
				1831.1023455319482,
				1220.1257054244015,
				1819.220974819309,
				1211.9001410848832,
				1807.3396041066735,
				1204.5885283386451,
				1797.1000000000022,
				1196.6000000000022,
				1783.0,
				1190.5,
				1768.9536371889226,
				1184.4815932864876,
				1756.1583148830032,
				1178.99788372681,
				1742.4490409838072,
				1174.4281257604089,
				1728.2000000000007,
				1169.2000000000007,
				1715.0304931854116,
				1164.3746582343338,
				1703.149122472776,
				1155.2351423015352,
				1690.3538001668567,
				1147.9235295552971,
				1679.3863810475013,
				1139.6979652157788,
				1665.6771071483017,
				1133.300304062821,
				1653.7957364356662,
				1125.0747397233026,
				1640.0864625364702,
				1115.0212721972239,
				1630.0329950103915,
				1109.5375626375462,
				1619.06640625,
				1102.2265625,
				1576.5690202873484,
				1107.8303010613017,
				1494.4449859216002,
				1110.9889177676741,
				1381.7999999999993,
				1099.6000000000022,
				1366.4859135722218,
				1096.3583806624447,
				1350.0347848931851,
				1100.7453483101854,
				1335.7771400380188,
				1108.422541693737,
				1320.4227532709192,
				1116.099735077285,
				1303.9716245918826,
				1121.5834446369663,
				1286.423754000909,
				1129.2606380205143,
				1268.875883409939,
				1135.841089492129,
				1252.4247547309024,
				1144.6150247876176,
				1237.0703679638027,
				1149.0019924353583,
				1216.2322716370218,
				1151.1954762592322,
				1204.1681106057295,
				1153.3889600831026,
				1185.5234981028188,
				1158.8726696427802,
				1169.0723694237822,
				1168.7433468502022,
				1154.8147245686196,
				1177.5172821456908,
				1141.6538216253903,
				1187.3879593531128,
				1123.009765625,
				1202.7421875
			]
		}
	],
	"metadata.model": {
		"metadata.model.gender": "FEMALE",
		"metadata.model.age": "20대",
		"metadata.model.job": "service job",
		"metadata.model.type": "wear",
		"metadata.model.usually_size": "S",
		"metadata.model.body_height": "165",
		"metadata.model.waist_height": "100",
		"metadata.model.chest_size_male": "null",
		"metadata.model.breast_size_female": "79.0",
		"metadata.model.waist_size": "58",
		"metadata.model.hip_seize": "87",
		"metadata.model.back_length": "42",
		"metadata.model.shoulders_width": "41",
		"metadata.model.arm_length": "55",
		"metadata.model.weight": "46"
	},
	"metadata.clothes": {
		"metadata.clothes.type": "02top_02t-shirt",
		"metadata.clothes.season": "spring&fall",
		"metadata.clothes.fiber_composition": "Cotton",
		"metadata.clothes.elasticity": "none at all",
		"metadata.clothes.transparency": "none at all",
		"metadata.clothes.isfleece": "fleece_none",
		"metadata.clothes.color": "Red",
		"metadata.clothes.washing_method": "Hand Washing30",
		"metadata.clothes.bleach": "Do not any bleach",
		"metadata.clothes.ironing": "Ironing 80~120℃ : Place a cloth between the iron and textile",
		"metadata.clothes.drycleaning": "DO NOT DRYCLEAN",
		"metadata.clothes.wringing": "Do not wringing",
		"metadata.clothes.drying": "Do not tumble dry",
		"metadata.clothes.top_length_type": "long",
		"metadata.clothes.sleeve_length_type": "long sleeves",
		"metadata.clothes.topneck_color_design": "round neck",
		"metadata.clothes.topsleeve_design": "ribbed sleeve",
		"metadata.clothes.pants_silhouette": "null",
		"metadata.clothes.skirt_design": "null",
		"metadata.top.front_length": "64.0",
		"metadata.top.chest_size": "98.0",
		"metadata.top.waist_size": "94.0",
		"metadata.top.hem_size": "86.0",
		"metadata.top.shoulder_width": "46.0",
		"metadata.top.sleeve_length": "62.0",
		"metadata.top.sleeve_cuff_size": "18.0",
		"metadata.pants.pants_length": "null",
		"metadata.pants.waist_size": "null",
		"metadata.pants.hip_size": "null",
		"metadata.pants.front_rise_length": "null",
		"metadata.pants.back_rise_length": "null",
		"metadata.pants.inner_seam_length": "null",
		"metadata.pants.pants_waist_size": "null",
		"metadata.skirt.length": "null",
		"metadata.skirt.waist_size": "null",
		"metadata.skirt.hip_size": "null",
		"metadata.skirt.hem_size": "null",
		"metadata.dress.front_length": "null",
		"metadata.dress.chest_size": "null",
		"metadata.dress.waist_size": "null",
		"metadata.dress.hip_size": "null",
		"metadata.dress.hem_size": "null",
		"metadata.dress.shoulder_width": "null",
		"metadata.dress.sleeve_length": "null",
		"metadata.dress.cuff_size": "null",
		"metadata.jumpsuit.front_length": "null",
		"metadata.jumpsuit.inner_seam_length": "null",