{
	"dataset": {
		"dataset.id": 277835,
		"dataset.name": "01_sou_055567_277835_wear_02top_02t-shirt_man",
		"dataset.image_path": "./008.의류 통합 데이터(3-1)/원천데이터/상품/상의/t-shirt/01_sou_055567_277835_wear_02top_02t-shirt_man.jpg",
		"dataset.label_path": "./008.의류 통합 데이터(3-1)/라벨링데이터/상품/상의/t-shirt/01_sou_055567_277835_wear_02top_02t-shirt_man.json",
		"dataset.category": 6,
		"dataset.type": 1,
		"dataset.width": 1908,
		"dataset.height": 4032,
		"dataset.file_size": 540082
	},
	"annotation": [
		{
			"annotation_type": "Polygon",
			"annotation_id": 84,
			"annotation_point_count": 139.0,
			"annotation_point": [
				869.5798578081849,
				1252.6676278521554,
				857.926407086914,
				1260.4365949996718,
				827.6274352116052,
				1282.1897030127147,
				788.7825994740306,
				1300.8352241667526,
				767.0294914609876,
				1308.6041913142653,
				763.9219046019825,
				1310.1579847437679,
				753.8222473102105,
				1316.3731584617817,
				742.945693303689,
				1321.0345387502894,
				732.0691392971676,
				1325.6959190388006,
				721.1925852906461,
				1331.1341960420614,
				711.0929279988777,
				1338.1262664748247,
				702.5470641366119,
				1347.44902705184,
				693.224303559593,
				1355.2179941993563,
				685.4553364120766,
				1364.5407547763753,
				677.6863692645638,
				1373.8635153533942,
				669.9174021170475,
				1383.1862759304095,
				662.1484349695311,
				1393.2859332221815,
				653.6025711072652,
				1401.8317970844473,
				644.2798105302463,
				1411.9314543762157,
				639.6184302417387,
				1422.8080083827372,
				635.7339466679805,
				1433.6845623892586,
				631.8494630942223,
				1445.3380131105332,
				630.2956696647198,
				1456.9914638318041,
				627.1880828057147,
				1468.6449145530787,
				626.4111860909616,
				1480.2983652743496,
				626.412109375,
				1491.951171875,
				609.1000000000022,
				1588.4000000000015,
				554.16015625,
				1777.849609375,
				561.1518620518364,
				1786.3956708864462,
				567.3670357698466,
				1778.6267037389298,
				581.3511766353768,
				1780.9573938831854,
				597.666007645159,
				1784.8418774569436,
				611.6501485106855,
				1787.1725676011993,
				622.526702517207,
				1794.941534748712,
				627.9649795204678,
				1800.3798117519727,
				627.1880828057147,
				1814.3639526174993,
				624.857392661459,
				1827.5711967682764,
				641.9491203859943,
				1840.7784409190535,
				652.8256743925158,
				1842.332234348556,
				674.5787824055551,
				1849.3243047813194,
				689.3398199858348,
				1851.6549949255714,
				696.331890418598,
				1836.1170606305423,
				708.8000000000029,
				1812.0,
				707.2084444251195,
				1880.4001733713776,
				707.2084444251195,
				1977.5122627153178,
				715.7543082873854,
				2151.5371268196577,
				677.8000000000029,
				2408.2000000000007,
				707.2084444251195,
				2412.574422976166,
				707.2084444251195,
				2439.7658079924695,
				716.5312050021384,
				2433.5506342744557,
				713.4236181431334,
				2409.4668361171607,
				738.2843130151814,
				2408.6899394024076,
				788.7825994740306,
				2408.6899394024076,
				794.2208764772913,
				2414.905113120418,
				806.6512239133153,
				2415.682009835171,
				850.1574399393976,
				2413.3513196909153,
				912.3091771195213,
				2406.359249258152,
				949.6002194275934,
				2407.9130426876545,
				973.6840175848884,
				2414.1282164056684,
				982.2298814471542,
				2431.2199441302,
				1025.73609747324,
				2436.6582211334608,
				1073.9036937878336,
				2441.319601421972,
				1150.039571833484,
				2449.088568569485,
				1212.191309013604,
				2449.088568569485,
				1238.6057973151546,
				2452.1961554284935,
				1244.8209710331685,
				2380.7216576713545,
				1257.2513184691925,
				2436.6582211334608,
				1256.4744217544394,
				2465.403399579267,
				1260.359375,
				2487.15625,
				1277.9000000000015,
				2477.4000000000015,
				1275.7000000000007,
				2421.2000000000007,
				1285.1000000000022,
				2376.5,
				1293.7000000000007,
				2184.100000000002,
				1285.9000000000015,
				1867.5,
				1301.4000000000015,
				1778.2000000000007,
				1307.0,
				1755.0,
				1344.0,
				1803.0,
				1365.2000000000007,
				1824.7000000000007,
				1390.876953125,
				1827.5703125,
				1383.8854829736883,
				1816.694642761755,
				1400.97721069822,
				1799.6029150372233,
				1412.6306614194946,
				1787.9494643159487,
				1456.91377416033,
				1758.427389155393,
				1503.527577045421,
				1734.3435909980944,
				1511.2965441929373,
				1774.7422201651716,
				1517.5117179109475,
				1766.9732530176589,
				1512.0734409076867,
				1749.104628578374,
				1535.3803423502322,
				1737.4511778570995,
				1563.3486240812854,
				1728.1284172800842,
				1576.5558682320625,
				1717.2518632735628,
				1564.9024175107916,
				1688.5066848277565,
				1531.495858776474,
				1629.4625345066415,
				1506.635163904426,
				1574.3028677592847,
				1444.483426724306,
				1446.1149098252827,
				1436.7144595767895,
				1436.7921492482674,
				1431.2761825735288,
				1426.6924919564954,
				1423.507215426016,
				1415.8159379499739,
				1417.2920417080022,
				1406.493177372955,
				1412.6306614194946,
				1394.839726651684,
				1406.4154877014807,
				1384.7400693599157,
				1401.754107412973,
				1373.8635153533942,
				1394.7620369802098,
				1362.9869613468727,
				1390.8775534064516,
				1352.1104073403512,
				1385.439276403191,
				1341.2338533338298,
				1377.6703092556745,
				1331.1341960420614,
				1367.5706519639061,
				1323.365228894545,
				1359.8016848163898,
				1313.2655716027766,
				1348.9251308098683,
				1303.1659143110046,
				1340.3792669476024,
				1294.6200504487388,
				1332.610299800086,
				1285.2972898717198,
				1322.5106425083177,
				1279.0821161537096,
				1313.1878819312988,
				1271.3131490061933,
				1303.0882246395304,
				1263.544181858677,
				1292.988567347762,
				1257.3290081406667,
				1281.3351166264874,
				1253.4445245669085,
				1270.458562619966,
				1248.0062475636478,
				1258.028215183942,
				1244.1217639898896,
				1245.597867747918,
				1240.2372804161314,
				1234.7213137413964,
				1237.9065902718794,
				1223.0678630201255,
				1234.0221066981212,
				1211.414412298851,
				1232.4683132686187,
				1198.984064862827,
				1227.030036265358,
				1183.4461305677978,
				1221.5917592620972,
				1155.7000000000007,
				1207.300000000003,
				1136.0554309679537,
				1197.5079611047986,
				1123.6250835319297,
				1195.1772709605466,
				1117.6000000000022,
				1207.6000000000022,
				1099.5412853746348,
				1223.1455526915997,
				1070.7961069288285,
				1244.8986607046427,
				1044.381618627278,
				1260.4365949996718,
				1008.6443697487084,
				1275.1976325799515,
				972.1000000000022,
				1286.2000000000007,
				942.6081489948301,
				1294.6200504487388,
				916.1936606932759,
				1297.7276373077439,
				891.3329658212278,
				1294.6200504487388,
				880.4564118147064,
				1286.8510833012224,
				876.5719282409518,
				1277.528322724207,
				877.3488249557013,
				1264.32107857343,
				892.109375,
				1242.568359375
			]
		}
	],
	"metadata.model": {
		"metadata.model.gender": "MALE",
		"metadata.model.age": "30대",
		"metadata.model.job": "office job",
		"metadata.model.type": "wear",
		"metadata.model.usually_size": "L",
		"metadata.model.body_height": "175",
		"metadata.model.waist_height": "100",
		"metadata.model.chest_size_male": "89.0",
		"metadata.model.breast_size_female": "null",
		"metadata.model.waist_size": "83",
		"metadata.model.hip_seize": "91",
		"metadata.model.back_length": "45",
		"metadata.model.shoulders_width": "45",
		"metadata.model.arm_length": "58",
		"metadata.model.weight": "68"
	},
	"metadata.clothes": {
		"metadata.clothes.type": "02top_02t-shirt",
		"metadata.clothes.season": "spring&fall",
		"metadata.clothes.fiber_composition": "Cotton,Polyester",
		"metadata.clothes.elasticity": "contain little",
		"metadata.clothes.transparency": "none at all",
		"metadata.clothes.isfleece": "fleece_none",
		"metadata.clothes.color": "Gray",