{
	"dataset": {
		"dataset.id": 227423,
		"dataset.name": "01_sou_045485_227423_wear_02top_02t-shirt_woman",
		"dataset.image_path": "./008.의류 통합 데이터(3-1)/원천데이터/상품/상의/t-shirt/01_sou_045485_227423_wear_02top_02t-shirt_woman.jpg",
		"dataset.label_path": "./008.의류 통합 데이터(3-1)/라벨링데이터/상품/상의/t-shirt/01_sou_045485_227423_wear_02top_02t-shirt_woman.json",
		"dataset.category": 6,
		"dataset.type": 1,
		"dataset.width": 2268,
		"dataset.height": 4032,
		"dataset.file_size": 968077
	},
	"annotation": [
		{
			"annotation_type": "Polygon",
			"annotation_id": 11,
			"annotation_point_count": 244.0,
			"annotation_point": [
				411.7830068754738,
				2185.855644107771,
				414.9601658831416,
				2187.973750112884,
				434.55264643043483,
				2179.5013260924316,
				452.55654747389417,
				2162.5564780515306,
				462.61755099817856,
				2162.0269515502514,
				495.977720578705,
				2148.259262517018,
				525.1016781490034,
				2135.021099985064,
				529.3378901592296,
				2126.0191494633364,
				540.4579466860705,
				2113.310513432658,
				555.284688721862,
				2104.30856291093,
				564.8161657448691,
				2101.1314039032623,
				584.9381727934378,
				2097.4247183943116,
				618.2983423739643,
				2073.596025836796,
				656.4242504659924,
				2032.8224852383755,
				702.4930560771973,
				1980.399361611835,
				755.9752327062924,
				1922.6809729725137,
				790.9239817906528,
				1879.7893263689803,
				823.7546248699,
				1834.7795737603337,
				851.2900029363664,
				1785.5336091414647,
				868.7643774785465,
				1742.112436036652,
				883.0615930130552,
				1708.7522664561257,
				884.6501725168891,
				1730.9923795098111,
				887.2978050232814,
				1754.2915455660514,
				895.2407025424545,
				1786.0631356427402,
				889.9454375296737,
				1806.7146691925918,
				878.2958545015535,
				1860.196845821687,
				872.4710629874935,
				1882.966485376648,
				877.2368014989952,
				1897.2637009111604,
				878.2958545015535,
				1922.6809729725137,
				891.5340170335076,
				1942.273453519807,
				880.4139605066666,
				1962.3954605683757,
				867.175797974709,
				1979.3403086092803,
				860.2919534580942,
				1995.7556301489021,
				851.8195294376419,
				2033.8815382409302,
				843.3471054171932,
				2059.8283368035627,
				831.6975223890731,
				2084.716082363637,
				825.8727308750131,
				2129.7258349722833,
				817.92983335584,
				2179.5013260924316,
				867.7053244759882,
				2193.2690151256647,
				935.4847166395957,
				2208.625283662732,
				1037.1538048850089,
				2223.4520256985197,
				1119.7599390844043,
				2236.160661729198,
				1199.188914276132,
				2249.9283507624314,
				1286.5607869870328,
				2254.694089273933,
				1365.4602356774813,
				2251.5169302662653,
				1400.9385112631207,
				2246.75119175476,
				1416.8243063014634,
				2239.337820736866,
				1423.1786243168026,
				2237.749241233032,
				1426.8853098257496,
				2228.217764210025,
				1430.062468833421,
				2209.154810164011,
				1428.4738893295835,
				2196.9757006346117,
				1430.062468833421,
				2182.6784851000994,
				1425.2967303219157,
				2147.729736015739,
				1419.4719388078556,
				2117.546725442884,
				1401.4680377643963,
				2065.6531283176228,
				1425.2967303219157,
				2038.6472767524356,
				1436.9463133500358,
				2013.2300046910823,
				1437.475839851315,
				1976.692676102888,
				1427.944362828308,
				1941.2144005172486,
				1414.7062002963503,
				1922.1514464712345,
				1406.7633027771808,
				1902.5589659239413,
				1398.8204052580077,
				1882.4369588753725,
				1397.7613522554493,
				1864.9625843331924,
				1388.2298752324423,
				1814.1280402104858,
				1381.875557217103,
				1740.5238565328182,
				1376.050765703043,
				1706.104633949737,
				1382.9346102196614,
				1672.2149378679314,
				1381.875557217103,
				1655.7996163283096,
				1383.9936632222161,
				1652.0929308193627,
				1391.4070342401137,
				1650.5043513155251,
				1396.7022992528946,
				1654.2110368244757,
				1396.7022992528946,
				1663.7425138474828,
				1393.5251402452232,
				1674.8625703743237,
				1389.8184547362762,
				1689.159785908836,
				1389.8184547362762,
				1706.104633949737,
				1389.2889282350006,
				1726.756167499585,
				1395.6432462503362,
				1748.9962805532705,
				1407.2928292784563,
				1776.0021321184577,
				1422.6490978155234,
				1800.8898776785318,
				1446.4777903730428,
				1843.251997780786,
				1462.8931119126682,
				1868.6692698421393,
				1483.5446454625162,
				1890.9093828958212,
				1499.4304405008625,
				1916.8561814584536,
				1522.7296065571027,
				1934.860082501913,
				1548.1468786184523,
				1957.629722056874,
				1565.091726659357,
				1975.6336231003297,
				1571.4460446746925,
				1990.9898916373968,
				1577.8003626900318,
				2015.3481106961954,
				1583.0956277028126,
				2026.9976937243155,
				1585.744140625,
				2032.822265625,
				1608.512899764166,
				2059.8283368035627,
				1628.1000000000022,
				2076.7999999999993,
				1640.2844898408584,
				2089.481820875142,
				1648.2273873600316,
				2103.779036409651,
				1659.3474438868725,
				2114.899092936492,
				1686.8828219533389,
				2132.373467478672,
				1707.5343555031868,
				2143.4935240055165,
				1714.9477265210808,
				2151.965948025965,
				1717.0658325261938,
				2164.6745840566437,
				1729.2449420555931,
				2180.0308525937107,
				1749.896475605441,
				2192.2099621231064,
				1768.4299031501796,
				2199.623333141004,
				1775.3137476667944,
				2204.3890716525057,
				1784.8452246898014,
				2201.211912644838,
				1786.4338041936353,
				2195.387121130778,
				1786.4338041936353,
				2186.3851706090463,
				1785.9042776923598,
				2179.5013260924316,
				1770.5480091552927,
				2169.9698490694245,
				1767.3708501476212,
				2162.5564780515306,
				1766.841323646342,
				2149.847842020852,
				1775.3137476667944,
				2145.0821035093504,
				1786.4338041936353,
				2138.727785494011,
				1801.2605462294268,
				2138.727785494011,
				1817.6758677690486,
				2152.4954745272444,
				1832.5026098048402,
				2166.7926900617567,
				1837.2683483163419,
				2177.3832200873185,
				1840.9750338252888,
				2172.617481575817,
				1839.9159808227341,
				2157.7907395400252,
				1843.622666331681,
				2142.434471002958,
				1839.9159808227341,
				2123.9010434582233,
				1841.504560326568,
				2106.426668916043,
				1840.4455073240097,
				2076.7731848444637,
				1822.9711327818295,
				2057.1807042971705,
				1804.4377052370946,
				2048.708280276722,
				1800.7310197281477,
				2032.2929587370963,
				1800.2014932268685,
				2009.5233191821353,
				1797.5538607204799,
				1994.6965771463474,
				1778.4909066744622,
				1976.692676102888,
				1775.3137476667944,
				1971.3974110901072,
				1756.2507936207803,
				1938.56676801086,
				1754.1326876156672,
				1925.8581319801815,
				1728.1858890530348,
				1881.3779058728142,
				1720.7725180351408,
				1867.610216839581,
				1713.3591470172469,
				1838.4862592692807,
				1690.5895074622858,
				1808.3032486964257,
				1684.7647159482258,
				1795.0650861644717,
				1682.6466099431127,
				1780.7678706299594,
				1673.6446594213849,
				1756.93917807244,
				1656.6998113804802,
				1734.169538517479,
				1629.693959815293,
				1718.8132699804119,
				1613.2786382756713,
				1700.8093689369525,
				1629.693959815293,
				1680.6873618883837,
				1633.40064532424,
				1667.9787258577053,
				1618.044376787173,
				1634.0890297759033,
				1596.3337902347703,
				1591.726909673649,
				1575.6822566849187,
				1551.4828955765079,
				1561.9145676516855,
				1517.063672993423,
				1534.9087160864983,
				1461.4633903592148,
				1509.491444025145,
				1419.6307967582397,
				1497.3123344957494,
				1387.3296801802717,
				1481.9560659586823,
				1359.7943021138053,
				1463.4226384139438,
				1346.0266130805721,
				1433.769154342368,
				1321.138867520498,
				1389.2889282350006,
				1301.0168604719256,
				1368.637394685149,
				1292.544436451477,
				1340.042963616128,
				1286.719644937417,
				1311.978059048386,
