{
	"dataset": {
		"dataset.id": 340308,
		"dataset.name": "01_sou_068062_340308_wear_02top_02t-shirt_woman",
		"dataset.image_path": "./008.의류 통합 데이터(3-1)/원천데이터/상품/상의/t-shirt/01_sou_068062_340308_wear_02top_02t-shirt_woman.jpg",
		"dataset.label_path": "./008.의류 통합 데이터(3-1)/라벨링데이터/상품/상의/t-shirt/01_sou_068062_340308_wear_02top_02t-shirt_woman.json",
		"dataset.category": 6,
		"dataset.type": 1,
		"dataset.width": 2268,
		"dataset.height": 4032,
		"dataset.file_size": 865235
	},
	"annotation": [
		{
			"annotation_type": "Polygon",
			"annotation_id": 17,
			"annotation_point_count": 206.0,
			"annotation_point": [
				592.2891869388804,
				1784.55963287552,
				555.1387684044785,
				1874.8557890355187,
				527.2759545036788,
				1943.4808677171204,
				478.77401919487966,
				2056.996035461121,
				460.71484375,
				2099.822265625,
				454.5230515404801,
				2126.6530702131204,
				444.2000000000007,
				2137.0,
				471.0,
				2149.9000000000015,
				506.6000000000022,
				2165.9000000000015,
				526.7999999999993,
				2166.4000000000015,
				535.0156250316795,
				2155.547840184321,
				555.7000000000007,
				2138.0,
				567.005859375,
				2126.65234375,
				604.2000000000007,
				2077.100000000002,
				726.4434760908807,
				1868.148074577919,
				783.201171875,
				1762.888671875,
				802.8082253004795,
				1716.4505322291188,
				824.0,
				1682.4000000000015,
				831.7000000000007,
				1667.9000000000015,
				842.02255597568,
				1630.7981783859213,
				843.5703125,
				1624.08984375,
				843.0545120460811,
				1613.7709032243183,
				846.1503802572806,
				1615.31883732992,
				847.6983143628786,
				1641.633717125118,
				859.05078125,
				1691.68359375,
				869.9000000000015,
				1755.1000000000022,
				869.3693918412791,
				1767.01637967872,
				870.400390625,
				1804.166015625,
				867.2999999999993,
				1860.4000000000015,
				860.1000000000022,
				1927.5,
				849.2462484684802,
				1991.466824990719,
				843.0545120460811,
				2015.201814609918,
				836.8627756236783,
				2037.9048481587197,
				836.9000000000015,
				2051.2999999999993,
				831.703125,
				2079.69921875,
				833.2509293772782,
				2101.8861245235203,
				830.2000000000007,
				2105.0,
				827.5751709900796,
				2144.712301445121,
				867.8214577356812,
				2148.324147691521,
				952.9578335436781,
				2142.132411269118,
				1064.925067182081,
				2125.105136107519,
				1153.673289236478,
				2128.2010043187183,
				1310.53061193728,
				2146.260235550719,
				1397.7000000000007,
				2151.4000000000015,
				1393.1000000000022,
				2107.600000000002,
				1383.7999999999993,
				2077.600000000002,
				1384.3154709708797,
				2061.123859742718,
				1379.15625,
				2039.96875,
				1338.4000000000015,
				1877.4000000000015,
				1334.2999999999993,
				1824.7999999999993,
				1344.068359375,
				1751.021484375,
				1376.6000000000022,
				1659.7000000000007,
				1380.703125,
				1641.1171875,
				1456.0736829439957,
				1728.7179100159956,
				1492.6221271039976,
				1781.390667775995,
				1541.7117040639969,
				1851.979329535996,
				1575.2999999999993,
				1905.0,
				1608.358866943996,
				1949.8001653759966,
				1649.2071280639975,
				2004.2645135359962,
				1668.197986303996,
				2027.9135068159958,
				1693.279296875,
				2054.787109375,
				1732.2999999999993,
				2086.0,
				1748.1029181439953,
				2097.7855324159973,
				1756.7025520639982,
				2101.7270312959954,
				1776.410046463996,
				2109.6100290559953,
				1786.4429527039974,
				2117.493026815995,
				1792.1760419839957,
				2113.909846015995,
				1792.892678143995,
				2111.4016194559954,
				1790.0261335039977,
				2106.026848255995,
				1786.4429527039974,
				2100.2937589759968,
				1785.726316543998,
				2095.993942015997,
				1788.951179263997,
				2087.394308095998,
				1793.2509962239965,
				2083.8111272959977,
				1805.7921290239974,
				2074.1365391359977,
				1817.2583075839975,
				2070.5533583359975,
				1833.7409392639966,
				2070.9116764159953,
				1845.21906176001,
				2072.84062208001,
				1848.2000000000007,
				2073.4000000000015,
				1850.9000000000015,
				2073.4000000000015,
				1845.6000000000022,
				2064.2000000000007,
				1838.2000000000007,
				2045.9000000000015,
				1832.307666943998,
				2031.8550056959975,
				1830.5,
				2027.6000000000022,
				1819.766534143997,
				2007.489376255995,
				1813.0,
				1990.1000000000022,
				1802.208984375,
				1977.033203125,
				1731.2999999999993,
				1876.7000000000007,
				1702.9667839999966,
				1832.9815039999994,
				1673.0,
				1778.4000000000015,
				1655.7999999999993,
				1744.4000000000015,
				1641.7999999999993,
				1723.4000000000015,
				1620.986328125,
				1691.708984375,
				1605.1000000000022,
				1663.0,
				1598.5170239305808,
				1647.8408916103326,
				1590.7000000000007,
				1632.9000000000015,
				1582.9000000000015,
				1619.7000000000007,
				1574.7000000000007,
				1606.1000000000022,
				1565.3491302630682,
				1591.1344927594255,
				1557.8596058865332,
				1577.2253760601452,
				1551.2999999999993,
				1563.2999999999993,
				1542.2999999999993,
				1547.5,
				1534.7000000000007,
				1533.7999999999993,
				1526.7000000000007,
				1518.7999999999993,
				1517.5,
				1505.5,
				1509.4000000000015,
				1491.2000000000007,
				1502.6000000000022,
				1476.0,
				1493.6636826590911,
				1461.672714250748,
				1484.6000000000022,
				1446.2000000000007,
				1477.5,
				1430.0,
				1469.7999999999993,
				1416.7000000000007,
				1461.7000000000007,
				1403.7000000000007,
				1451.7999999999993,
				1390.6000000000022,
				1441.4000000000015,
				1377.7000000000007,
				1430.5376914854387,
				1364.3088973557933,
				1423.7999999999993,
				1349.2000000000007,
				1416.6285747861584,
				1334.3507998496534,
				1410.2089824634131,
				1319.3717510965835,
				1400.0,
				1298.7000000000007,
				1392.0,
				1291.4000000000015,
				1379.1809529034836,
				1281.9241292139086,
				1364.2019041504136,
				1273.3646727835803,
				1348.2000000000007,
				1265.6000000000022,
				1333.2999999999993,
				1259.6000000000022,
				1321.4000000000015,
				1255.7999999999993,
				1263.954560000002,
				1258.0447999999997,
				1262.5721599999997,
				1259.427200000002,
				1252.722560000002,
				1259.2544000000016,
				1246.9000000000015,
				1257.2000000000007,
				1236.6521600000015,
				1259.0816000000013,
				1233.8873600000006,
				1258.7360000000008,
				1231.640625,
				1258.390625,
				1226.233102321341,
				1251.9908815995404,
				1220.4151234289347,
				1251.4619744275042,
				1213.0086287807026,
				1252.81161280159,
				1211.5735482339805,
				1250.248968968157,
				1208.8058928938735,
				1250.043957461483,
				1207.2999999999993,
				1249.0,
				1205.7999999999993,
				1247.6000000000022,
				1204.80859375,
				1246.55859375,
				1204.5006512537038,
				1244.4061410279282,
				1201.9380074202709,
				1243.9961180145801,
				1202.34765625,
				1241.84375,
				1193.9697648270885,
				1241.4127381588005,
				1187.9000000000015,
				1243.6000000000022,
				1194.1000000000022,
				1249.2000000000007,
				1191.9000000000015,
				1256.7999999999993,
				1176.955842560008,
				1271.7011148800084,
				1159.0,
				1284.2000000000007,
				1145.2999999999993,
				1291.4000000000015,
				1141.1000000000022,
				1294.4000000000015,
				1137.2000000000007,
				1296.5,
				1132.7999999999993,
				1297.4000000000015,
				1127.7000000000007,
				1299.5,
				1121.7000000000007,
				1301.2999999999993,
				1117.2361625600097,
				1303.6511436800101,
				1113.68359375,
				1304.546875,
				1074.9656511187823,
				1311.7573920397117,
				1069.9000000000015,
				1314.0,
				1052.7999999999993,
				1316.9000000000015,
				1043.0,
				1313.0,
				1034.76953125,
				1308.583984375,
				1011.5,
				1296.4000000000015,
				994.0,
				1279.5,
				987.16796875,
				1268.38671875,
				987.4000000000015,
				1255.0,
				977.67318142976,
				1263.7314041446407,
				970.9654669721604,
				1263.7314041446407,
				965.2897085849581,
