{
	"dataset": {
		"dataset.id": 140191,
		"dataset.name": "01_sou_028039_140191_front_02top_02t-shirt_woman",
		"dataset.image_path": "./008.의류 통합 데이터(3-1)/원천데이터/상품/상의/t-shirt/01_sou_028039_140191_front_02top_02t-shirt_woman.jpg",
		"dataset.label_path": "./008.의류 통합 데이터(3-1)/라벨링데이터/상품/상의/t-shirt/01_sou_028039_140191_front_02top_02t-shirt_woman.json",
		"dataset.category": 6,
		"dataset.type": 1,
		"dataset.width": 1920,
		"dataset.height": 1080,
		"dataset.file_size": 104420
	},
	"annotation": [
		{
			"annotation_type": "Polygon",
			"annotation_id": 176,
			"annotation_point_count": 171.0,
			"annotation_point": [
				433.8000000000011,
				424.0,
				370.7000000000007,
				474.7000000000007,
				342.10038986354994,
				497.25389863548116,
				318.3430799220296,
				510.04629629629926,
				311.64230019493516,
				516.1379142300211,
				302.50487329435055,
				519.1837231968857,
				293.3674463937641,
				522.2295321637466,
				285.4482421875,
				525.884765625,
				290.93079922027573,
				536.8494152046806,
				302.50487329435055,
				550.250974658873,
				317.733918128657,
				565.4800194931813,
				327.4805068226142,
				581.9273879142311,
				340.2729044834341,
				598.3747563352845,
				367.68518518518795,
				581.9273879142311,
				472.46101364522656,
				525.8845029239783,
				553.4795321637466,
				480.1973684210552,
				638.7621832358709,
				433.9010721247596,
				646.0721247563379,
				427.8094541910359,
				648.5087719298281,
				418.6720272904513,
				652.1637426900597,
				410.14376218323923,
				658.2553606237852,
				403.442982456143,
				666.7836257309973,
				404.6613060428881,
				669.2202729044875,
				413.7987329434727,
				668.0019493177424,
				422.93615984405733,
				668.0019493177424,
				432.6827485380145,
				668.0019493177424,
				442.42933723197166,
				669.2202729044875,
				451.5667641325563,
				673.4844054580935,
				460.09502923976834,
				675.921875,
				468.623046875,
				678.3576998050703,
				494.2080896686184,
				679.0,
				505.7999999999993,
				679.6000000000022,
				516.1000000000022,
				682.6218323586763,
				524.6661793372332,
				682.6218323586763,
				534.4127680311904,
				682.0126705653056,
				543.5501949317768,
				677.7485380116996,
				552.0784600389889,
				677.1393762183252,
				561.2158869395753,
				677.1393762183252,
				570.9624756335324,
				677.1393762183252,
				580.7090643274896,
				676.5302144249545,
				589.8464912280724,
				674.7027290448386,
				598.9839181286588,
				674.7027290448386,
				608.730506822616,
				677.1393762183252,
				617.8679337231988,
				678.9668615984447,
				627.0053606237852,
				678.3576998050703,
				642.2344054580935,
				681.4035087719312,
				650.7626705653056,
				681.4035087719312,
				660.5092592592628,
				680.7943469785605,
				669.6466861598456,
				683.2309941520507,
				678.784113060432,
				683.8401559454214,
				687.9215399610148,
				687.4951267056567,
				696.4498050682305,
				689.9317738791469,
				707.4147173489291,
				695.4142300194944,
				715.3338206627704,
				699.0692007797297,
				723.8620857699825,
				701.5058479532199,
				732.999512670569,
				705.1608187134516,
				741.527777777781,
				706.9883040935711,
				750.6652046783638,
				705.769980506826,
				760.411793372321,
				706.3791423001967,
				768.9400584795367,
				709.4249512670576,
				778.0774853801195,
				707.5974658869418,
				787.2149122807059,
				707.5974658869418,
				796.9615009746631,
				710.034113060432,
				806.0989278752459,
				713.0799220272929,
				815.2363547758323,
				715.5165692007831,
				824.3737816764151,
				715.5165692007831,
				834.1203703703723,
				717.9532163742733,
				843.2577972709587,
				720.9990253411343,
				853.0043859649159,
				720.9990253411343,
				861.5326510721279,
				726.4814814814854,
				859.0960038986377,
				735.6189083820682,
				857.2685185185219,
				745.3654970760253,
				856.6593567251475,
				755.1120857699825,
				855.441033138406,
				764.249512670569,
				853.6135477582866,
				773.3869395711517,
				850.5677387914257,
				782.5243664717382,
				849.3494152046806,
				791.662109375,
				849.349609375,
				827.6000000000022,
				848.1000000000022,
				873.8986354775843,
				837.7753411306076,
				892.7826510721279,
				834.1203703703723,
				915.3216374269032,
				830.4653996101406,
				949.4346978557551,
				822.5462962962993,
				979.892787524368,
				817.6730019493189,
				1018.8791423001967,
				812.1905458089714,
				1058.4746588693997,
				801.8347953216398,
				1082.8411306042908,
				797.5706627680338,
				1098.6793372319735,
				797.5706627680338,
				1105.380116959066,
				793.9156920077985,
				1105.380116959066,
				790.2607212475668,
				1104.161793372321,
				768.3308966861623,
				1101.7251461988344,
				759.1934697855795,
				1101.7251461988344,
				750.0560428849931,
				1104.7709551656953,
				740.9186159844066,
				1109.0350877193014,
				732.999512670569,
				1106.5984405458112,
				723.8620857699825,
				1105.380116959066,
				714.7246588693997,
				1107.20703125,
				706.197265625,
				1108.4000000000015,
				649.5,
				1101.7251461988344,
				636.7519493177424,
				1095.0243664717382,
				603.2480506822649,
				1094.4152046783638,
				586.1915204678407,
				1093.1968810916223,
				578.2724171539994,
				1093.806042884993,
				553.296783625734,
				1095.633528265109,
				510.04629629629926,
				1094.4152046783638,
				500.2997076023421,
				1094.4152046783638,
				491.1622807017575,
				1095.0243664717382,
				481.4156920078003,
				1097.4609375,
				473.4970703125,
				1103.0,
				467.0,
				1180.0,
				503.0,
				1258.2797270955198,
				531.9761208577038,
				1314.931773879147,
				560.6067251462009,
				1370.9746588693997,
				589.8464912280724,
				1436.763671875,
				620.3046875,
				1450.2000000000007,
				625.7999999999993,
				1457.5,
				619.7000000000007,
				1460.52144249513,
				608.730506822616,
				1466.613060428852,
				595.9381091617979,
				1478.796875,
				577.0546875,
				1494.5,
				555.5,
				1484.2000000000007,
				547.2999999999993,
				1461.7397660818751,
				532.5852826510745,
				1451.3840155945436,
				525.8845029239783,
				1370.9746588693997,
				473.4965886939608,
				1257.0614035087747,
				402.2246588693979,
				1211.9834307992242,
				375.4215399610166,
				1194.3177387914257,
				364.45662768031434,
				1183.9619883040978,
				355.3192007797297,
				1168.7329434697895,
				350.44590643275114,
				1153.5038986354812,
				334.6076998050703,
				1147.412109375,
				329.125,
				1130.964912280706,
				321.20614035087965,
				1102.9434697855795,
				296.2305068226142,
				1081.013645224175,
				277.3464912280724,
				1069.439571150102,
				270.645711500978,
				1048.1189083820682,
				255.4166666666697,
				1023.7524366471771,
				232.2685185185219,
				985.984375,
				204.2470703125,
				979.2836257309973,
				210.33869395711736,
				971.364522417156,
				215.8211500974685,
				962.2270955165732,
				219.47612085770197,
				952.480506822616,
				222.52192982456472,
				943.9522417154039,
				224.9585769980531,
				940.9064327485394,
				224.9585769980531,
				932.9873294347017,
				220.69444444444707,
				926.8957115009762,
				220.08528265107452,
				921.413255360625,
				216.43031189084104,
				915.9307992202775,
				209.12037037037226,
				914.7124756335324,
				209.7295321637448,
				906.1842105263204,
				213.99366471735084,
				898.265107212479,
				217.64863547758614,
				894.6101364522438,
				223.740253411308,
				888.5185185185219,
				221.30360623781962,
				886.0818713450317,
				221.91276803119217,
				876.3352826510745,
				221.91276803119217,
				867.1978557504917,
				222.52192982456472,
				858.669921875,
				224.349609375,
				840.3947368421068,
				204.85623781676622,
				829.4298245614082,
				204.85623781676622,
				827.6023391812887,
				204.85623781676622,
				825.1656920077985,
				189.62719298245975,
				819.683235867451,
				180.4897660818733,
				815.4191033138413,
				187.19054580896955,
				808.7183235867487,
