{
	"dataset": {
		"dataset.id": 138589,
		"dataset.name": "01_sou_027718_138589_wear_02top_02t-shirt_woman",
		"dataset.image_path": "./008.의류 통합 데이터(3-1)/원천데이터/상품/상의/t-shirt/01_sou_027718_138589_wear_02top_02t-shirt_woman.jpg",
		"dataset.label_path": "./008.의류 통합 데이터(3-1)/라벨링데이터/상품/상의/t-shirt/01_sou_027718_138589_wear_02top_02t-shirt_woman.json",
		"dataset.category": 6,
		"dataset.type": 1,
		"dataset.width": 608,
		"dataset.height": 1080,
		"dataset.file_size": 42105
	},
	"annotation": [
		{
			"annotation_type": "Polygon",
			"annotation_id": 174,
			"annotation_point_count": 114.0,
			"annotation_point": [
				293.0,
				528.0,
				280.0,
				584.0,
				281.4521484375,
				606.341796875,
				304.35268695979175,
				605.7548853814369,
				351.3275084554698,
				603.406144306653,
				379.5124013528766,
				604.580514844045,
				402.99981210071564,
				611.0395527997025,
				409.4588500563714,
				610.4523675310047,
				418.266629086811,
				610.4523675310047,
				416.5050732807231,
				594.5983652762152,
				407.69729425028345,
				555.8441375422772,
				407.1103515625,
				525.8984375,
				411.2204058624593,
				506.5205749718152,
				414.74351747463515,
				477.16131153701826,
				419.341796875,
				460.6328125,
				420.49941068318367,
				465.92492292192765,
				420.83013883927197,
				468.4053840925899,
				422.15305146362516,
				470.55511710716564,
				424.3027844781991,
				472.3741219656513,
				426.617881570819,
				473.53167051196033,
				428.10615827321635,
				476.3428598387127,
				428.6022505073488,
				480.14623363372993,
				432.2402602243219,
				484.44569966287963,
				434.2246291608517,
				486.5954326774536,
				433.72853692671924,
				491.0602627846474,
				433.8939010047634,
				494.6982725016205,
				437.03581848760405,
				497.84018998445936,
				438.68945926804554,
				499.9899229990351,
				441.1699204387096,
				506.2737579647146,
				443.4850175313277,
				511.565408462131,
				444.64256607763673,
				516.0302385693249,
				447.61911948243323,
				521.6526172228259,
				448.28057579460983,
				522.3140735350025,
				451.91858551158293,
				520.9911609106493,
				454.0683185261569,
				520.1643405204268,
				456.54877969682093,
				519.0067919741196,
				459.02924086748317,
				517.6838793497664,
				461.5097020381472,
				516.3609667254132,
				463.32870689663287,
				514.707325944968,
				465.8091680672969,
				512.8883210864842,
				468.4549933160033,
				511.40004438408505,
				470.7700904086232,
				510.73858807190845,
				473.25055157928546,
				509.5810395255976,
				475.89637682799366,
				508.919583213421,
				476.88856129625856,
				506.6044861208029,
				475.7310127499495,
				504.6201171842731,
				474.7000000000007,
				501.60000000000036,
				468.2000000000007,
				485.2000000000007,
				463.90000000000146,
				480.2000000000007,
				463.758653499548,
				476.4784583827077,
				463.3617797122406,
				473.5019049779112,
				461.9727214566701,
				469.3347302111979,
				459.1946049455273,
				465.5644292317902,
				458.4008573709143,
				463.3816234016067,
				456.8133622216901,
				459.611322422199,
				450.6618185184452,
				439.5691961632401,
				449.4716796875,
				433.21875,
				437.10000000000036,
				408.40000000000146,
				434.3995875663877,
				403.6689951808712,
				433.0448222885552,
				400.50787619925904,
				431.0126743718047,
				397.5725514306214,
				428.3031438161379,
				394.8630208749546,
				425.14202483452755,
				393.05666717117674,
				421.7551116399445,
				391.70190189334244,
				418.81978687130504,
				390.57293082848264,
				415.432873676722,
				388.99237133767747,
				412.49754890808435,
				387.63760605984316,
				408.88484150052864,
				386.057046569038,
				405.7237225189183,
				384.9280755041764,
				402.33680932433526,
				383.5733102263439,
				399.1756903427231,
				382.2185449485096,
				396.01457136111276,
				380.8637796706771,
				392.853515625,
				379.9609375,
				385.1022375933535,
				375.1724554349548,
				381.8875599161747,
				373.1007742652164,
				377.5298857315538,
				373.1007742652164,
				374.4104577633261,
				373.33889853760047,
				372.45783872978063,
				373.33889853760047,
				366.95716803771757,
				373.21983640140934,
				363.2900542430107,
				373.21983640140934,
				361.4326849184181,
				373.21983640140934,
				355.12239170024986,
				373.1007742652164,
				353.40789693908846,
				372.98171212902525,
				345.47835866871173,
				372.98171212902525,
				341.0016223478997,
				372.7674002838794,
				335.5962013647895,
				372.64833814768826,
				327.5714133854599,
				372.3149641663513,
				322.85724635811675,
				372.5093937907059,
				320.14771580244997,
				372.73518800367674,
				318.1155678856994,
				374.5415417074546,
				315.18024311705994,
				376.79948383717783,
				312.0191241354496,
				378.380043327983,
				308.63221094086657,
				379.9606028187882,
				305.4710919592562,
				381.31536809662066,
				302.0841787646732,
				382.4443391614823,
				298.4714713571175,
				383.1217218003985,
				295.08455816253445,
				383.5733102263439,
				291.6976449679514,
				384.4764870782328,
				288.3107317733684,
				385.8312523560653,
				284.92381857878354,
				387.63760605984316,
				282.21428802311857,
				389.6697539765937,
				279.2789632544791,
				391.9276961063151,
				276.5694326988123,
				394.18563823603836,
				274.3115234375,
				396.6689453125,
				269.1215708380314,
				403.7631529500195,
				259.1394212701998,
				434.29678692221023,
				230.954528372793,
				507.107760240513,
				240.93667794062458,
				508.28213077790497,
				262.662109375,
				514.740234375,
				268.5343855693354,
				510.0436865839911,
				274.4062382562952,
				498.2999812100734,
				279.69090567455896,
				478.3356820744102,
				288.4986847050004,
				472.46382938745046,
				290.26024051108834,
				467.1791619691867
			]
		}
	],
	"metadata.model": {
		"metadata.model.gender": "FEMALE",
		"metadata.model.age": "20대",
		"metadata.model.job": "university student/graduate student",
		"metadata.model.type": "wear",
		"metadata.model.usually_size": "S",
		"metadata.model.body_height": "152",
		"metadata.model.waist_height": "87",
		"metadata.model.chest_size_male": "null",
		"metadata.model.breast_size_female": "77.0",
		"metadata.model.waist_size": "58",
		"metadata.model.hip_seize": "70",
		"metadata.model.back_length": "38",
		"metadata.model.shoulders_width": "38",
		"metadata.model.arm_length": "45",
		"metadata.model.weight": "45"
	},
	"metadata.clothes": {
		"metadata.clothes.type": "02top_02t-shirt",
		"metadata.clothes.season": "spring&fall",
		"metadata.clothes.fiber_composition": "Cotton",
		"metadata.clothes.elasticity": "contain a lot",
		"metadata.clothes.transparency": "contain little",
		"metadata.clothes.isfleece": "fleece_none",
		"metadata.clothes.color": "Black,Pink",
		"metadata.clothes.washing_method": "none",
		"metadata.clothes.bleach": "none",
		"metadata.clothes.ironing": "none",
		"metadata.clothes.drycleaning": "none",
		"metadata.clothes.wringing": "none",
		"metadata.clothes.drying": "none",
		"metadata.clothes.top_length_type": "normal",
		"metadata.clothes.sleeve_length_type": "long sleeves",
		"metadata.clothes.topneck_color_design": "round neck",
		"metadata.clothes.topsleeve_design": "basic sleeve",
		"metadata.clothes.pants_silhouette": "null",
		"metadata.clothes.skirt_design": "null",
		"metadata.top.front_length": "57.0",
		"metadata.top.chest_size": "74.0",
		"metadata.top.waist_size": "78.0",
		"metadata.top.hem_size": "80.0",
		"metadata.top.shoulder_width": "35.0",
		"metadata.top.sleeve_length": "31.0",
		"metadata.top.sleeve_cuff_size": "20.0",
		"metadata.pants.pants_length": "null",
		"metadata.pants.waist_size": "null",
		"metadata.pants.hip_size": "null",
		"metadata.pants.front_rise_length": "null",
		"metadata.pants.back_rise_length": "null",
		"metadata.pants.inner_seam_length": "null",
		"metadata.pants.pants_waist_size": "null",
		"metadata.skirt.length": "null",
		"metadata.skirt.waist_size": "null",