{
	"dataset": {
		"dataset.id": 346961,
		"dataset.name": "01_sou_069393_346961_front_02top_02t-shirt_woman",
		"dataset.image_path": "./008.의류 통합 데이터(3-1)/원천데이터/상품/상의/t-shirt/01_sou_069393_346961_front_02top_02t-shirt_woman.jpg",
		"dataset.label_path": "./008.의류 통합 데이터(3-1)/라벨링데이터/상품/상의/t-shirt/01_sou_069393_346961_front_02top_02t-shirt_woman.json",
		"dataset.category": 6,
		"dataset.type": 1,
		"dataset.width": 3264,
		"dataset.height": 1836,
		"dataset.file_size": 474826
	},
	"annotation": [
		{
			"annotation_type": "Polygon",
			"annotation_id": 45,
			"annotation_point_count": 138.0,
			"annotation_point": [
				1844.4000000000015,
				196.90000000000146,
				1629.7999999999993,
				210.90000000000146,
				1591.0,
				233.0,
				1558.0,
				224.0,
				1493.7999999999993,
				229.79999999999927,
				1481.6000000000022,
				236.20000000000073,
				1479.5,
				365.5,
				1452.96875,
				375.09765625,
				1449.8215494368742,
				380.8959500893543,
				1445.3268660656395,
				386.33451696855263,
				1441.2816510315242,
				391.72813701403356,
				1435.8880309860433,
				395.7733520481488,
				1433.191220963301,
				402.5153771050027,
				1428.6965375920627,
				407.90899715048727,
				1423.7523858837012,
				412.8531488588487,
				1418.3587658382166,
				417.79730056720655,
				1411.6167407813628,
				417.79730056720655,
				1404.4252473873858,
				415.95448038500035,
				1399.0316273419012,
				413.75208553309494,
				1390.7973674057903,
				416.3320337881778,
				1382.7069373375634,
				417.41075779727544,
				1378.877467105267,
				418.9209714100107,
				1373.537783260239,
				421.72565383366236,
				1369.4925682261273,
				421.40203663093416,
				1364.4765015838275,
				421.40203663093416,
				1360.107669346984,
				424.53033625731405,
				1355.4152199074124,
				426.418103273234,
				1351.0463876705726,
				428.305870289154,
				1346.6775554337291,
				430.46331830734925,
				1342.6323403996175,
				433.26800073100094,
				1338.9107425682305,
				435.7490659519208,
				1334.5419103313907,
				439.2009827810325,
				1330.4966952972754,
				442.0056652046842,
				1326.3975440627073,
				445.4575820337923,
				1322.675946231324,
				448.26226445744396,
				1318.6307311972123,
				451.7141812865557,
				1315.5024315708324,
				455.1121619152109,
				1312.374131944449,
				459.1573769493225,
				1309.245832318069,
				462.6092937784342,
				1245.2774985786273,
				531.270076957444,
				1033.631847993831,
				730.7261462394454,
				864.5,
				854.0,
				811.0,
				913.6000000000022,
				799.84765625,
				933.5859375,
				790.5261674975736,
				935.1034152124121,
				769.9342056791174,
				947.6753497963109,
				766.1192738053833,
				950.9267121886987,
				763.6048868886028,
				951.6420119150243,
				762.3260176809308,
				951.837093658567,
				765.2305680847967,
				956.7141372471488,
				767.3981430130552,
				965.7312489487049,
				771.1913991375077,
				972.7758674655452,
				785.6274481597102,
				988.8592734332233,
				806.7613037102274,
				1011.0769164478697,
				816.8838786251945,
				1019.7472161609039,
				822.8447096779055,
				1028.9594096060027,
				825.9226660760323,
				1030.043197070132,
				828.2636469985518,
				1025.708047213615,
				1302.0,
				749.0,
				1334.0,
				710.0,
				1348.0,
				715.0,
				1346.4000000000015,
				736.5,
				1361.0,
				928.0,
				1338.7999999999993,
				1174.5,
				1328.0,
				1457.2000000000007,
				1330.873046875,
				1520.908203125,
				1331.1323600548021,
				1524.2892970617686,
				1329.5717061064533,
				1528.1909319326332,
				1332.1727960203643,
				1530.0116948723698,
				1335.8143218998375,
				1532.6127847862808,
				1342.5771556760046,
				1533.3931117604552,
				1352.2011883574742,
				1531.3122398293272,
				1406.8240765495866,
				1526.630277984288,
				1436.9967195509453,
				1525.069624035943,
				1610.8795802958375,
				1526.2141035980603,
				1821.5938742216968,
				1516.0438420346727,
				2051.079367026279,
				1501.9676104505634,
				2073.1886312945135,
				1499.8000355223048,
				2078.824326107988,
				1501.750852957739,
				2096.815198012533,
				1501.3173379720865,
				2097.46484375,
				1496.765625,
				2071.0,
				1192.9000000000015,
				1999.0,
				889.0,
				1999.0,
				749.0,
				2019.0,
				706.0,
				2071.0,
				749.0,
				2137.0,
				774.0,
				2407.0,
				915.0,
				2543.600000000002,
				968.4000000000015,
				2558.976853916087,
				975.4333143275871,
				2562.5663579972825,
				975.4333143275871,
				2565.4795787008625,
				971.9998756412278,
				2574.3232844081576,
				963.8584642106871,
				2592.9991099900326,
				940.3446113889404,
				2603.403469645673,
				933.8418866041648,
				2611.857011865879,
				920.1861645561366,
				2618.8019219360212,
				918.4694452129552,
				2619.8683688007222,
				917.8191727344783,
				2630.2727284563625,
				901.5623607725393,
				2632.6657311771596,
				900.0277177233329,
				2633.31600365564,
				892.2244479816036,
				2614.4060799815124,
				885.0454398192123,
				2603.2213933516978,
				884.5252218364294,
				2596.718668566922,
				881.664022931127,
				2593.3372516788404,
				879.5831509999989,
				2590.7361617649294,
				876.7219520946965,
				2582.9328920232,
				862.1558485768,
				2574.349609375,
				852.01171875,
				2293.8781397214225,
				644.0147146415547,
				2241.8297062825004,
				607.5178856671118,
				2069.7282799978457,
				511.3766083563569,
				2063.435723278115,
				509.5787350078608,
				2057.143166558384,
				507.3313933222453,
				2050.8506098386533,
				504.1851149623799,
				2043.2096481075496,
				500.58936826538775,
				2037.816028062065,
				500.13989992826464,
				2030.624534668088,
				498.3420265797722,
				2023.8825096112305,
				499.2409632540184,
				2018.0394212286228,
				501.0388366025145,
				2013.544737857388,
				501.0388366025145,
				2008.7000000000007,
				496.1000000000022,
				2001.409092755046,
				492.49893819716453,
				1994.667067698192,
				490.25159651154536,
				1989.2734476527075,
				486.65584981455686,
				1983.4303592700999,
				481.7116981061954,
				1978.0367392246153,
				477.66648307208015,
				1973.0925875162575,
				472.2728630265992,
				1967.698967470773,
				466.42977464399155,
				1962.7548157624115,
				461.4856229356301,
				1958.2601323911767,
				456.0920028901455,
				1953.7654490199384,
				450.24891450753785,
				1947.9223606373307,
				446.65316781054935,
				1942.5287405918461,
				442.158484439311,
				1936.2361838721154,
				436.76486439382643,
				1929.9436271523846,
				433.61858603396104,
				1923.6510704326538,
				430.02283933697254,
				1917.80859375,
				427.775390625,
				1880.5,
				363.1000000000022
			]
		}
	],
	"metadata.model": {
		"metadata.model.gender": "FEMALE",
		"metadata.model.age": "20대",
		"metadata.model.job": "entertainment and sports",
		"metadata.model.type": "front",
		"metadata.model.usually_size": "M",
		"metadata.model.body_height": "165",
		"metadata.model.waist_height": "98",
		"metadata.model.chest_size_male": "null",
		"metadata.model.breast_size_female": "94.0",
		"metadata.model.waist_size": "70",
		"metadata.model.hip_seize": "95",
		"metadata.model.back_length": "36",
		"metadata.model.shoulders_width": "41",
		"metadata.model.arm_length": "53",
		"metadata.model.weight": "63"
	},
	"metadata.clothes": {
		"metadata.clothes.type": "02top_02t-shirt",
		"metadata.clothes.season": "winter",
		"metadata.clothes.fiber_composition": "Polyester,Cotton",
		"metadata.clothes.elasticity": "contain",
		"metadata.clothes.transparency": "none at all",
		"metadata.clothes.isfleece": "fleece_contain",
		"metadata.clothes.color": "Black,White",
		"metadata.clothes.washing_method": "none",
		"metadata.clothes.bleach": "none",
		"metadata.clothes.ironing": "none",
		"metadata.clothes.drycleaning": "none",
		"metadata.clothes.wringing": "none",
		"metadata.clothes.drying": "none",
		"metadata.clothes.top_length_type": "long",
		"metadata.clothes.sleeve_length_type": "long sleeves",