{
	"dataset": {
		"dataset.id": 469863,
		"dataset.name": "01_sou_093973_469863_wear_02top_02t-shirt_woman",
		"dataset.image_path": "./008.의류 통합 데이터(3-1)/원천데이터/상품/상의/t-shirt/01_sou_093973_469863_wear_02top_02t-shirt_woman.jpg",
		"dataset.label_path": "./008.의류 통합 데이터(3-1)/라벨링데이터/상품/상의/t-shirt/01_sou_093973_469863_wear_02top_02t-shirt_woman.json",
		"dataset.category": 6,
		"dataset.type": 1,
		"dataset.width": 1855,
		"dataset.height": 3558,
		"dataset.file_size": 362598
	},
	"annotation": [
		{
			"annotation_type": "Polygon",
			"annotation_id": 43,
			"annotation_point_count": 96.0,
			"annotation_point": [
				920.0,
				1217.0,
				818.8289992599821,
				1219.1955116056597,
				773.1779434314194,
				1200.5464686136002,
				769.9519119146644,
				1202.9659922511673,
				756.2412779684528,
				1207.8050395263017,
				744.1436597806205,
				1211.8375789222446,
				732.0460415927846,
				1215.870118318191,
				719.9484234049523,
				1219.902657714134,
				707.0442973379322,
				1224.7417049892683,
				694.9466791500963,
				1229.5807522644027,
				682.849060962264,
				1234.4197995395334,
				670.7514427744318,
				1239.2588468146678,
				658.6538245865995,
				1243.2913862106107,
				645.7496985195758,
				1247.3239256065572,
				635.2650960901228,
				1251.3564650025,
				623.9739857814784,
				1257.0020201568223,
				612.682875472834,
				1261.8410674319566,
				603.8112888017567,
				1271.5191619822217,
				596.5527178890552,
				1282.0037644116783,
				590.1006548555451,
				1293.2948747203227,
				582.8420839428436,
				1303.7794771497756,
				576.3900209093335,
				1314.2640795792322,
				569.9379578758235,
				1324.7486820086888,
				561.873046875,
				1333.62109375,
				477.0,
				1524.0,
				454.0,
				1620.0,
				426.0,
				1650.0,
				402.0,
				1707.0,
				299.0,
				1816.0,
				294.0,
				1846.0,
				322.0,
				1870.0,
				322.0,
				1880.0,
				288.6865234375,
				1921.59375,
				310.4270788210233,
				1931.6271501155134,
				355.581196754747,
				1958.3851459280922,
				389.02869152046696,
				1911.558653256081,
				435.40000000000146,
				1919.6000000000022,
				485.90000000000146,
				1885.7999999999993,
				576.0,
				1750.0,
				623.0,
				1660.0,
				628.0,
				1717.0,
				609.0,
				1840.0,
				614.0,
				1896.0,
				591.0,
				2059.0,
				595.0,
				2089.0,
				652.0,
				2086.0,
				652.0,
				2016.0,
				699.0,
				1999.0,
				718.0,
				1973.0,
				765.0,
				1973.0,
				793.0,
				1979.0,
				925.0,
				1979.0,
				963.0,
				2003.0,
				1014.0,
				2019.0,
				1010.0,
				2093.0,
				1118.0,
				2093.0,
				1122.6000000000022,
				1929.5,
				1105.7000000000007,
				1836.2999999999993,
				1104.0,
				1670.0,
				1113.0,
				1673.0,
				1142.0,
				1756.0,
				1222.0,
				1903.0,
				1245.0,
				1923.0,
				1297.0,
				1920.0,
				1307.162109375,
				1951.6953125,
				1323.8861702223658,
				1948.3508974983743,
				1379.0745365858056,
				1931.6271501155134,
				1360.678414464659,
				1883.12828270522,
				1396.7999999999993,
				1860.7000000000007,
				1391.7999999999993,
				1835.7999999999993,
				1328.7000000000007,
				1744.1000000000022,
				1270.7999999999993,
				1637.7999999999993,
				1199.0141036431414,
				1402.9799462900082,
				1187.722993334497,
				1383.6237571894744,
				1182.0774381801748,
				1371.5261390016422,
				1174.818867267477,
				1361.0415365721856,
				1168.3668042339668,
				1350.5569341427326,
				1161.1082333212653,
				1339.2658238340882,
				1154.6561702877552,
				1327.9747135254438,
				1145.784583616678,
				1314.2640795792322,
				1140.1390284623558,
				1306.1990007873428,
				1132.8804575496542,
				1295.7143983578899,
				1124.008870878577,
				1286.8428116868126,
				1114.330776328312,
				1277.9712250157318,
				1102.2331581404796,
				1268.2931304654667,
				1091.748555711023,
				1261.8410674319566,
				1080.4574454023787,
				1252.162972881688,
				1070.7793508521136,
				1245.7109098481778,
				1058.6817326642777,
				1240.0653546938556,
				1048.1971302348247,
				1234.4197995395334,
				1036.9060199261803,
				1229.5807522644027,
				1025.614909617536,
				1224.7417049892683,
				1011.9042756713243,
				1220.7091655933218,
				999.806657483492,
				1219.902657714134,
				990.1285629332233,
				1213.450594680624,
				981.2578125,
				1205.384765625
			]
		}
	],
	"metadata.model": {
		"metadata.model.gender": "FEMALE",
		"metadata.model.age": "30대",
		"metadata.model.job": "homemaker",
		"metadata.model.type": "wear",
		"metadata.model.usually_size": "M",
		"metadata.model.body_height": "161",
		"metadata.model.waist_height": "100",
		"metadata.model.chest_size_male": "null",
		"metadata.model.breast_size_female": "92.0",
		"metadata.model.waist_size": "80",
		"metadata.model.hip_seize": "96",
		"metadata.model.back_length": "43",
		"metadata.model.shoulders_width": "41",
		"metadata.model.arm_length": "50",
		"metadata.model.weight": "59"
	},
	"metadata.clothes": {
		"metadata.clothes.type": "02top_02t-shirt",
		"metadata.clothes.season": "winter",
		"metadata.clothes.fiber_composition": "Cotton,Polyester",
		"metadata.clothes.elasticity": "contain",
		"metadata.clothes.transparency": "none at all",
		"metadata.clothes.isfleece": "fleece_none",
		"metadata.clothes.color": "White",
		"metadata.clothes.washing_method": "Hand Washing30",
		"metadata.clothes.bleach": "Do not chlorine bleach",
		"metadata.clothes.ironing": "Ironing 80~120℃",
		"metadata.clothes.drycleaning": "none",
		"metadata.clothes.wringing": "none",
		"metadata.clothes.drying": "Line dry in shade",
		"metadata.clothes.top_length_type": "normal",
		"metadata.clothes.sleeve_length_type": "long sleeves",
		"metadata.clothes.topneck_color_design": "round neck",
		"metadata.clothes.topsleeve_design": "ribbed sleeve",
		"metadata.clothes.pants_silhouette": "null",
		"metadata.clothes.skirt_design": "null",
		"metadata.top.front_length": "65.0",
		"metadata.top.chest_size": "114.0",
		"metadata.top.waist_size": "114.0",
		"metadata.top.hem_size": "120.0",
		"metadata.top.shoulder_width": "60.0",
		"metadata.top.sleeve_length": "51.0",
		"metadata.top.sleeve_cuff_size": "18.0",
		"metadata.pants.pants_length": "null",
		"metadata.pants.waist_size": "null",
		"metadata.pants.hip_size": "null",
		"metadata.pants.front_rise_length": "null",
		"metadata.pants.back_rise_length": "null",
		"metadata.pants.inner_seam_length": "null",
		"metadata.pants.pants_waist_size": "null",
		"metadata.skirt.length": "null",
		"metadata.skirt.waist_size": "null",
		"metadata.skirt.hip_size": "null",
		"metadata.skirt.hem_size": "null",
		"metadata.dress.front_length": "null",
		"metadata.dress.chest_size": "null",
		"metadata.dress.waist_size": "null",
		"metadata.dress.hip_size": "null",
		"metadata.dress.hem_size": "null",
		"metadata.dress.shoulder_width": "null",
		"metadata.dress.sleeve_length": "null",
		"metadata.dress.cuff_size": "null",
		"metadata.jumpsuit.front_length": "null",
		"metadata.jumpsuit.inner_seam_length": "null",
		"metadata.jumpsuit.chest_size": "null",
		"metadata.jumpsuit.waist_size": "null",
		"metadata.jumpsuit.hip_size": "null",
		"metadata.jumpsuit.shoulder_width": "null",
		"metadata.jumpsuit.sleeve_length": "null",
		"metadata.jumpsuit.cuffs_size": "null",
		"metadata.jumpsuit.front_rise_length": "null",
		"metadata.jumpsuit.back_rise_length": "null",
		"metadata.jumpsuit.pants_waist_size": "null"
	}
}