{
	"dataset": {
		"dataset.id": 443903,
		"dataset.name": "01_sou_088781_443903_wear_02top_02t-shirt_woman",
		"dataset.image_path": "./008.의류 통합 데이터(3-1)/원천데이터/상품/상의/t-shirt/01_sou_088781_443903_wear_02top_02t-shirt_woman.jpg",
		"dataset.label_path": "./008.의류 통합 데이터(3-1)/라벨링데이터/상품/상의/t-shirt/01_sou_088781_443903_wear_02top_02t-shirt_woman.json",
		"dataset.category": 6,
		"dataset.type": 1,
		"dataset.width": 1445,
		"dataset.height": 2288,
		"dataset.file_size": 310362
	},
	"annotation": [
		{
			"annotation_type": "Polygon",
			"annotation_id": 193,
			"annotation_point_count": 182.0,
			"annotation_point": [
				692.5,
				695.6000000000004,
				683.5154536749087,
				696.1168956486581,
				677.0102845144193,
				698.3472393608263,
				660.2827066731588,
				703.3655127132042,
				657.4947770329491,
				704.2948225932741,
				654.1492614646977,
				705.4099944493573,
				650.8037458964445,
				706.3393043294273,
				648.2016782322498,
				707.4544761855122,
				644.8561626639967,
				708.7555100176105,
				641.5106470957453,
				709.8706818736937,
				638.5368554795205,
				710.9858537297787,
				634.2620300311992,
				712.2868875618751,
				631.1023764389611,
				713.4020594179601,
				628.5003087747646,
				714.8889552260716,
				625.7123791345548,
				716.1899890581699,
				622.924449494345,
				717.4910228902681,
				620.3223818301485,
				718.7920567223664,
				617.5344521899387,
				720.6506764825062,
				615.3041084777706,
				722.6951582186593,
				612.8879027895891,
				724.7396399548143,
				610.2858351253926,
				726.7841216909674,
				608.2413533892395,
				729.0144654031355,
				605.639285725043,
				731.9882570193604,
				603.7806659649032,
				734.4044627075418,
				601.9220462047633,
				736.63480641971,
				599.8775644686102,
				739.4227360599198,
				598.2048066844836,
				742.0248037241163,
				596.3461869243438,
				744.812733364326,
				594.8592911162323,
				746.8572151004792,
				593.1865333321057,
				749.2734207886624,
				591.6996375239942,
				752.4330743808987,
				590.2127417158808,
				755.9644519251651,
				589.0975698597977,
				758.3806576133466,
				587.9823980037127,
				761.5403112055847,
				586.8672261476295,
				764.1423788697812,
				585.9379162675596,
				767.4878944380325,
				584.8227444114764,
				770.4616860542574,
				583.7075725553914,
				773.4354776704822,
				582.4065387232931,
				776.4092692867052,
				580.7337809391684,
				779.5689228789433,
				579.4327471070701,
				782.3568525191531,
				578.3175752509851,
				785.330644135378,
				577.5741273469303,
				787.7468498235594,
				577.0165414188868,
				789.419607607686,
				576.0872315388169,
				791.8358132958674,
				556.3115172909274,
				850.0106117882478,
				520.6631902914432,
				978.1624442499015,
				482.8774505677975,
				1112.6707562912306,
				469.3838711091812,
				1181.2724116379977,
				465.1090456608599,
				1214.3372571708878,
				460.55542724851693,
				1227.180319713456,
				453.8643961120124,
				1237.8859695318624,
				452.52618988471113,
				1246.7144133925267,
				461.8936334758164,
				1248.3128263862473,
				467.78545811546064,
				1249.9298255775702,
				471.52128383334275,
				1245.9152068956664,
				480.0895209275877,
				1246.7144133925267,
				496.6869953856367,
				1250.1900323439895,
				496.9472021520578,
				1252.3274450681492,
				496.1479956551975,
				1256.342063750053,
				501.2406137979797,
				1258.7582694382345,
				513.5446766101068,
				1260.635475395975,
				525.3283258893953,
				1262.2338883896955,
				529.8633581041358,
				1261.6948886592563,
				539.5095946592628,
				1225.8421134861546,
				567.3331324685587,
				1154.9171834392127,
				598.111875696477,
				1090.9434912951947,
				629.7084116188562,
				1017.3421487936521,
				635.581650060898,
				1002.9006732573635,
				636.120649791339,
				1044.3850663036883,
				632.9052376062973,
				1102.7271405744832,
				634.7824435640377,
				1124.3986469777155,
				627.2922059306748,
				1184.3577204398316,
				619.5231753332882,
				1245.9152068956664,
				619.0771065908557,
				1269.7612984182633,
				612.8321441967855,
				1290.2804605702077,
				636.2507531745487,
				1292.0647355399433,
				702.9194439707699,
				1288.71921997169,
				774.5320633289648,
				1284.0354981761375,
				828.4877949658276,
				1280.9130169791024,
				880.9008722017752,
				1284.4815669185718,
				955.6359727570034,
				1282.697291948838,
				972.3635505982638,
				1283.3663950624887,
				981.5079598181528,
				1284.2585325473556,
				988.1989909546573,
				1284.9276356610062,
				993.5518158638606,
				1286.71191063074,
				997.5664345457626,
				1285.3737044034388,
				998.0125032881951,
				1281.582120092753,
				996.2282283184613,
				1268.2000578197458,
				991.767540894125,
				1265.0775766227107,
				986.3961297873211,
				1202.1818839395728,
				981.0618910757184,
				1132.5951601199322,
				971.4528269157945,
				1070.368570550445,
				964.7617957792918,
				1033.1218305572402,
				955.3943521881865,
				1004.57343104149,
				953.1640084760184,
				994.5368843367341,
				952.9409741048003,
				986.2846126017121,
				954.2791803321015,
				979.8166158364256,
				977.2517205674321,
				1023.0852838524843,
				1016.0597011591544,
				1096.2405576115943,
				1057.1166116606473,
				1158.2441128098635,
				1083.8621500090612,
				1202.8509870532234,
				1099.4745559942385,
				1231.6224209401898,
				1102.8200715624898,
				1241.8820020161638,
				1105.050415274658,
				1249.6882050087515,
				1107.5037933580425,
				1254.5949611755204,
				1139.620742813262,
				1241.8820020161638,
				1169.953417298746,
				1230.730283455323,
				1185.1197545414889,
				1226.2695960309866,
				1180.6590671171525,
				1214.0027056140643,
				1169.2843141850954,
				1198.1672652576708,
				1156.1252862833044,
				1160.0283877795991,
				1125.1235086841698,
				1076.3904985732988,
				1095.906006054769,
				1010.0006007410993,
				1019.1450099609883,
				834.3238610126664,
				999.3507095155001,
				791.9287442838777,
				982.9329016342635,
				759.2480135014157,
				982.3133617142157,
				757.5442787212869,
				981.2291668541347,
				755.2210040211121,
				979.8352020340299,
				753.3623842609722,
				978.1314672539011,
				751.1939945408085,
				976.5826174537851,
				748.7158348606226,
				975.0337676536674,
				746.7023301204699,
				973.4849178535515,
				744.533940400308,
				971.9360680534337,
				742.5204356601553,
				970.6969882133417,
				740.6618159000154,
				969.1481384132239,
				738.1836562198296,
				967.444403633097,
				736.0152664996658,
				965.7406688529682,
				733.53710681948,
				963.5722791328044,
				730.9040621592812,
				962.1783143126995,
				729.3552123591635,
				960.3196945525597,
				727.1868226390015,
				958.1513048323959,
				725.1733178988488,
				956.137800092245,
				723.0049281786851,
				954.5889502921273,
				721.4560783785691,
				952.5754455519764,
				719.2876886584054,
				951.1814807318715,
				717.5839538782784,
				949.4777459517427,
				715.4155641581146,
				948.0837811316378,
				713.8667143579969,
				946.6898163115329,
				711.853209617846,
				945.4507364714391,
				709.8397048776951,
				943.7470016913121,
				707.8262001375424,
				942.1981518911944,
				705.8126953973915,
				940.3395321310545,
				703.9540756372517,
				938.0162574308797,
				702.5601108171468,
				935.6929827307049,
				701.940570897099,
				933.0599380705062,
				701.3210309770529,
				930.1171234502854,
				700.391721096983,
				928.4133886701566,
				699.4624112169131,
				925.6254590299468,
				698.5331013368432,
				923.766839269807,
				697.4489064767604,
				921.4435645696321,
				696.2098266366684,
				918.9654048894445,
				695.4354017366095,
				916.3323602292476,
				694.9707467965745,
				913.8542005490599,
				694.6609768365506,
				910.6016159688152,
				694.3512068765285,
				908.4332262486514,
				694.0414369165046,
				906.7294914685226,
				693.5767819764696,
				903.9415618283128,
				692.8023570764108,
				901.463402148127,
