{
	"dataset": {
		"dataset.id": 277688,
		"dataset.name": "01_sou_055538_277688_wear_02top_02t-shirt_man",
		"dataset.image_path": "./008.의류 통합 데이터(3-1)/원천데이터/상품/상의/t-shirt/01_sou_055538_277688_wear_02top_02t-shirt_man.jpg",
		"dataset.label_path": "./008.의류 통합 데이터(3-1)/라벨링데이터/상품/상의/t-shirt/01_sou_055538_277688_wear_02top_02t-shirt_man.json",
		"dataset.category": 6,
		"dataset.type": 1,
		"dataset.width": 6936,
		"dataset.height": 9248,
		"dataset.file_size": 2770298
	},
	"annotation": [
		{
			"annotation_type": "Polygon",
			"annotation_id": 137,
			"annotation_point_count": 108.0,
			"annotation_point": [
				3370.939453125,
				2874.62109375,
				3327.403656550061,
				2877.970571844984,
				3290.56487911522,
				2914.809349279829,
				3226.93359375,
				2954.998046875,
				3136.5118098422427,
				2981.788944615906,
				3086.277113340184,
				2995.18486368312,
				3015.9485382373023,
				3008.580782750334,
				2962.4000000000015,
				3028.7000000000007,
				2915.5,
				3065.5,
				2875.2999999999993,
				3095.7000000000007,
				2841.801590363506,
				3119.097115054861,
				2815.0097522290744,
				3165.9828317901156,
				2791.566893861447,
				3212.86854852537,
				2761.426075960211,
				3256.40528549382,
				2741.3321973593884,
				3306.6399819958788,
				2714.5,
				3356.9000000000015,
				2704.493419924547,
				3410.458354766797,
				2657.607703189293,
				3497.531828703697,
				2597.3260673868244,
				3668.3297968106926,
				2557.138310185179,
				3762.101230281198,
				2493.507694615906,
				3896.060420953352,
				2453.3199374142605,
				3989.831854423861,
				2501.365234375,
				4041.296875,
				2559.236111111106,
				4041.2962962962883,
				2732.8472222222154,
				4110.740740740734,
				2808.078703703697,
				4151.249999999993,
				2865.9490740740657,
				4180.185185185179,
				2946.9675925925876,
				4076.018518518511,
				2983.5,
				3995.600000000002,
				3016.4000000000015,
				3932.300000000003,
				3039.4000000000015,
				3906.0,
				3039.560185185179,
				4012.9398148148066,
				3019.3055555555475,
				4157.037037037029,
				3019.3055555555475,
				4287.824074074066,
				3042.740234375,
				4378.314453125,
				3039.3913966049295,
				4462.038001543202,
				3002.5526191700883,
				4659.627807784629,
				2982.458984375,
				4770.14453125,
				2972.411801268856,
				4944.291087962956,
				2982.4587405692655,
				5048.109460733875,
				2955.666902434834,
				5165.323752572007,
				2955.666902434834,
				5222.2564086076745,
				2912.130859375,
				5443.2890625,
				2885.338327331956,
				5523.66458762002,
				2932.2240440672067,
				5543.758466220843,
				3012.5995584705015,
				5540.409486454038,
				3173.350587277084,
				5570.550304355274,
				3327.403656550061,
				5560.503365054861,
				3468.060806755824,
				5577.24826388888,
				3735.9791881001292,
				5570.550304355274,
				4023.9914480452608,
				5573.899284122075,
				4332.097586591211,
				5570.550304355274,
				4492.848615397797,
				5553.805405521252,
				4623.458826303147,
				5553.805405521252,
				4636.854745370361,
				5527.013567386824,
				4650.250664437579,
				5399.752336248275,
				4606.71484375,
				5285.88671875,
				4583.271069101502,
				5145.229873971184,
				4546.432291666657,
				4950.989047496561,
				4506.244534465011,
				4743.352301954725,
				4452.660858196152,
				4435.24616340877,
				4429.217999828525,
				4257.750235768166,
				4422.520040294916,
				4147.2339034636425,
				4399.077181927289,
				3996.5298139574697,
				4389.030242626879,
				3879.3155221193338,
				4415.800000000003,
				3922.9000000000015,
				4445.962890625,
				3979.78515625,
				4479.452696330583,
				4066.8583890603477,
				4519.640453532229,
				4160.6298225308565,
				4539.734332133052,
				4147.2339034636425,
				4640.203725137166,
				4137.186964163229,
				4723.928219307261,
				4110.395126028798,
				4844.5,
				4073.600000000002,
				4911.471086248279,
				4040.0665509259197,
				4901.423828125,
				3999.87890625,
				4841.142511145397,
				3849.1747042180978,
				4790.9078146433385,
				3718.564493312748,
				4760.766996742106,
				3634.8399991426522,
				4717.230259773656,
				3500.8808084705015,
				4670.344543038402,
				3330.082840363506,
				4650.250664437579,
				3279.848143861447,
				4633.505765603557,
				3229.6134473593884,
				4620.109846536343,
				3172.6807913237244,
				4600.01596793552,
				3132.493034122079,
				4559.828210733875,
				3088.956297153629,
				4522.989433299033,
				3058.815479252393,
				4482.801676097384,
				3025.325681584356,
				4442.613918895739,
				3008.580782750334,
				4409.124121227702,
				2995.18486368312,
				4362.238404492447,
				2981.788944615906,
				4308.654296875,
				2971.7421875,
				4255.100000000002,
				2955.0,
				4204.836355452666,
				2934.9032278806517,
				4157.950638717415,
				2914.809349279829,
				4117.762881515766,
				2881.3195516117885,
				4064.1792052469063,
				2867.9236325445745,
				4030.689407578866,
				2861.2256730109657,
				3997.19921875,
				2841.130859375,
				4003.897569444438,
				2867.9236325445745,
				3977.1057313100064,
				2898.0644504458105,
				3930.220014574752,
				2928.205268347043,
				3846.4955204046564,
				2975.0909850822973,
				3779.5159250685792,
				2988.4869041495112,
				3665.6506129972477,
				2968.3930255486885,
				3622.1138760287977,
				2965.044045781884,
				3501.550604423861,
				2938.252207647456,
				3461.3628472222154,
				2911.4603695130245,
				3424.524069787374,
				2851.178733710556
			]
		}
	],
	"metadata.model": {
		"metadata.model.gender": "MALE",
		"metadata.model.age": "30대",
		"metadata.model.job": "production worker",
		"metadata.model.type": "wear",
		"metadata.model.usually_size": "L",
		"metadata.model.body_height": "170",
		"metadata.model.waist_height": "97",
		"metadata.model.chest_size_male": "89.0",
		"metadata.model.breast_size_female": "null",
		"metadata.model.waist_size": "95",
		"metadata.model.hip_seize": "102",
		"metadata.model.back_length": "47",
		"metadata.model.shoulders_width": "44",
		"metadata.model.arm_length": "55",
		"metadata.model.weight": "71"
	},
	"metadata.clothes": {
		"metadata.clothes.type": "02top_02t-shirt",
		"metadata.clothes.season": "summer",
		"metadata.clothes.fiber_composition": "Cotton",
		"metadata.clothes.elasticity": "contain little",
		"metadata.clothes.transparency": "none",
		"metadata.clothes.isfleece": "fleece_none",
		"metadata.clothes.color": "Black",
		"metadata.clothes.washing_method": "none",
		"metadata.clothes.bleach": "none",
		"metadata.clothes.ironing": "none",
		"metadata.clothes.drycleaning": "none",
		"metadata.clothes.wringing": "none",
		"metadata.clothes.drying": "none",
		"metadata.clothes.top_length_type": "long",
		"metadata.clothes.sleeve_length_type": "short sleeves",
		"metadata.clothes.topneck_color_design": "round neck",
		"metadata.clothes.topsleeve_design": "basic sleeve",
		"metadata.clothes.pants_silhouette": "null",
		"metadata.clothes.skirt_design": "null",
		"metadata.top.front_length": "68.0",
		"metadata.top.chest_size": "106.0",
		"metadata.top.waist_size": "106.0",
		"metadata.top.hem_size": "108.0",
		"metadata.top.shoulder_width": "49.0",
		"metadata.top.sleeve_length": "22.0",
		"metadata.top.sleeve_cuff_size": "36.0",
		"metadata.pants.pants_length": "null",
		"metadata.pants.waist_size": "null",
		"metadata.pants.hip_size": "null",
		"metadata.pants.front_rise_length": "null",
		"metadata.pants.back_rise_length": "null",
		"metadata.pants.inner_seam_length": "null",
		"metadata.pants.pants_waist_size": "null",
		"metadata.skirt.length": "null",
		"metadata.skirt.waist_size": "null",
		"metadata.skirt.hip_size": "null",
		"metadata.skirt.hem_size": "null",
		"metadata.dress.front_length": "null",
		"metadata.dress.chest_size": "null",
		"metadata.dress.waist_size": "null",
		"metadata.dress.hip_size": "null",
		"metadata.dress.hem_size": "null",
		"metadata.dress.shoulder_width": "null",
		"metadata.dress.sleeve_length": "null",