{
	"dataset": {
		"dataset.id": 472815,
		"dataset.name": "01_sou_094563_472815_wear_02top_02t-shirt_man",
		"dataset.image_path": "./008.의류 통합 데이터(3-1)/원천데이터/상품/상의/t-shirt/01_sou_094563_472815_wear_02top_02t-shirt_man.jpg",
		"dataset.label_path": "./008.의류 통합 데이터(3-1)/라벨링데이터/상품/상의/t-shirt/01_sou_094563_472815_wear_02top_02t-shirt_man.json",
		"dataset.category": 6,
		"dataset.type": 1,
		"dataset.width": 3024,
		"dataset.height": 4032,
		"dataset.file_size": 1377868
	},
	"annotation": [
		{
			"annotation_type": "Polygon",
			"annotation_id": 195,
			"annotation_point_count": 196.0,
			"annotation_point": [
				1483.9873046875,
				1157.021484375,
				1476.0772987245928,
				1160.9766104741993,
				1467.507614734519,
				1164.2726427780744,
				1456.3011049013458,
				1169.5462944642732,
				1445.0945950681726,
				1173.5015332289222,
				1435.8657046173248,
				1177.4567719935712,
				1423.340781862602,
				1181.4120107582203,
				1412.7934784902045,
				1188.0040753659705,
				1402.2461751178053,
				1191.9593141306195,
				1391.6988717454078,
				1198.551378738368,
				1385.1068071376594,
				1203.8250304245666,
				1377.1963296083613,
				1211.0763014930908,
				1367.9674391575118,
				1218.327572561615,
				1360.7161680889876,
				1226.897256551687,
				1354.783309942015,
				1236.1261470025365,
				1348.1912453342666,
				1246.01424391416,
				1342.917593648066,
				1256.5615472865575,
				1337.6439419618673,
				1264.4720248158555,
				1331.051877354119,
				1273.0417088059294,
				1325.1190192071444,
				1282.9298057175529,
				1321.8229869032712,
				1294.7955220115,
				1317.2085416778464,
				1305.3428253838993,
				1310.616477070098,
				1315.8901287562967,
				1304.0244124623496,
				1325.1190192071444,
				1298.750760776149,
				1335.6663225795437,
				1294.7955220115,
				1345.5544194911654,
				1291.4994897076267,
				1352.8056905596895,
				1286.885044482202,
				1363.3529939320888,
				1281.6113927960032,
				1372.5818843829366,
				1275.6785346490287,
				1381.1515683730104,
				1271.064089423604,
				1391.0396652846339,
				1269.0864700412803,
				1400.2685557354816,
				1265.7904377374052,
				1413.4526849509784,
				1261.8351989727562,
				1423.9999883233777,
				1258.539166668881,
				1431.9104658526758,
				1257.2207537473314,
				1443.116975685849,
				1254.3861659659997,
				1449.9068022318297,
				1252.408546583676,
				1459.1356926826775,
				1251.0901336621264,
				1472.319821898176,
				1250.4309272013506,
				1480.2302994274742,
				1227.0,
				1535.0,
				1227.0,
				1579.0,
				1192.0,
				1727.0,
				1187.0,
				1843.0,
				1162.0,
				2002.0,
				1111.0,
				2183.0,
				1106.0,
				2249.0,
				1056.0,
				2417.800000000001,
				1011.0,
				2441.0,
				985.0126953125,
				2479.048828125,
				984.6828293143026,
				2499.704077790171,
				994.2413229955382,
				2518.7661312809105,
				982.924945418903,
				2555.791560827767,
				980.2331857040717,
				2672.141501154534,
				1036.9249413307116,
				2686.5341755481186,
				1082.6848564828342,
				2706.9146419604076,
				1138.9371411356242,
				2712.627764620458,
				1148.8252380472477,
				2698.2900240986037,
				1175.7977690672851,
				2669.394807567971,
				1188.8720305393217,
				2637.258492605195,
				1237.7631763801255,
				2561.5596173595477,
				1235.840490869532,
				2532.994004059303,
				1249.2992894436848,
				2430.98180425439,
				1282.1497447389665,
				2383.848542308986,
				1329.5027421712948,
				2304.688833144268,
				1327.964593762821,
				2329.8485463971774,
				1323.158203125,
				2493.681640625,
				1330.5758600961562,
				2502.954119931368,
				1330.5758600961562,
				2519.114257738109,
				1344.3517152756722,
				2552.4942145192435,
				1354.3657023100131,
				2569.7935095812136,
				1366.048687183411,
				2577.502690075904,
				1377.758164085999,
				2579.4895922652577,
				1375.5593256631146,
				2584.125697373749,
				1386.368073573196,
				2593.8482720869833,
				1432.7291246581062,
				2606.6439221864184,
				1499.1181498116985,
				2624.7114860949387,
				1547.2011827940478,
				2631.2020332468255,
				1643.97656543015,
				2624.2611215986853,
				1721.7836551652254,
				2606.7233982739926,
				1750.3950466919123,
				2596.0471105098677,
				1808.3596065626461,
				2587.4636930518627,
				1819.8041631733213,
				2571.8863798873317,
				1850.0050764514908,
				2567.7801153626697,
				1856.2307033114648,
				2540.254897032828,
				1894.5116854930056,
				2533.075557121965,
				1919.3612088745176,
				2533.7908419101313,
				1926.5405487853805,
				2531.4065592829083,
				1927.2823256027386,
				2514.663596833958,
				1944.9260170441958,
				2504.5436416828506,
				1957.2713026473775,
				2507.113368514414,
				1968.848319404011,
				2504.729085887191,
				1973.643376687649,
				2500.490361216571,
				1965.1924193756004,
				2459.5866681450843,
				1959.7615533913668,
				2430.6573722681005,
				1976.2925796067866,
				2329.245884523507,
				1978.6238781756292,
				2315.9998699278185,
				1975.009765625,
				2013.5771484375,
				1973.1018796109784,
				1951.3953705727308,
				1976.9167318145373,
				1958.262104539137,
				2107.0,
				2134.0,
				2203.0,
				2200.0,
				2263.0,
				2205.0,
				2273.0,
				2216.0,
				2268.0,
				2249.0,
				2284.0,
				2266.0,
				2389.0,
				2266.0,
				2419.0,
				2233.0,
				2424.0,
				2211.0,
				2339.0,
				2084.0,
				2294.0,
				2079.0,
				2279.0,
				2062.0,
				2248.0,
				1996.0,
				2191.9000000000015,
				1911.9000000000015,
				2107.0,
				1738.0,
				2036.535453987979,
				1483.1699482384902,
				2007.553174052613,
				1404.3031773357598,
				2005.6457479508335,
				1399.852516431607,
				2003.1025131484603,
				1394.4481424765672,
				2000.5592783460888,
				1388.7258641712287,
				1999.287660944903,
				1384.5931076173747,
				1997.0623304928267,
				1379.8245423629269,
				1993.8832869898615,
				1373.7843597072933,
				1991.6579565377851,
				1368.0620814019549,
				1989.7505304360075,
				1362.0218987463213,
				1987.843104334228,
				1356.2996204409828,
				1985.6177738821516,
				1350.2594377853493,
				1982.4387303791864,
				1344.5371594800126,
				1979.895495576815,
				1338.1790724740822,
				1977.6701651247386,
				1333.0926028693375,
				1974.8090259720702,
				1328.0061332645928,
				1972.9015998702907,
				1322.919663659848,
				1968.133034615843,
				1314.0183418515444,
				1968.133034615843,
				1313.7004375012493,
				1966.8349251854652,
				1309.4882048598192,
				1964.2651983539017,
				1305.3554483059652,
				1961.7484555807205,
				1299.9510743509236,
				1959.205220778349,
				1295.8183177970695,
				1955.0724642244932,
				1289.7781351414342,
				1952.8471337724186,
				1286.599091638469,
				1949.6680902694534,
				1283.1021437852087,
				1946.4625547372962,
				1278.651482881056,
				1942.6741945629292,
				1274.8366306774988,
				1939.495151059964,
				1271.6575871745335,
				1935.6538068272148,
				1267.8427349709746,
				1931.521050273359,
				1263.7099784171205,
				1928.0241024200968,
				1260.2130305638584,
				1923.599933545138,
				1256.3981783602994,
				1919.467176991282,
				1253.2191348573342,
				1914.990024057939,
				1250.6759000549628,
				1910.883759533277,
				1248.1326652525895,
				1906.4330986291243,
				1245.907334800515,
				1901.9824377249734,
				1242.4103869472528,
				1895.9157630401478,
				1240.5029608454734,
				1893.0811159166715,
				1237.9597260431,
				1888.6039629833285,
				1235.4164912407286,
				1887.014441231846,
				1234.4627781898398,
				1884.8156028089616,
				1233.2971289054185,
				1880.8417984302541,
				1230.9128462781937,
				1876.8679940515485,
				1228.263643359056,
				1872.3643490890136,
				1226.1442810237459,
				1867.5957838345657,
				1223.4950781046082,
				1863.0921388720326,
				1221.9055563531256,
				1858.05865332567,
				1221.375715769298,
				1851.9654866116525,
				1220.05111430973,
				1847.991682232947,
				1219.256353433988,
				1838.9843923078788,
				1217.1369910986778,
				1836.8650299725687,
