{
	"dataset": {
		"dataset.id": 221891,
		"dataset.name": "01_sou_044379_221891_front_02top_02t-shirt_woman",
		"dataset.image_path": "./008.의류 통합 데이터(3-1)/원천데이터/상품/상의/t-shirt/01_sou_044379_221891_front_02top_02t-shirt_woman.jpg",
		"dataset.label_path": "./008.의류 통합 데이터(3-1)/라벨링데이터/상품/상의/t-shirt/01_sou_044379_221891_front_02top_02t-shirt_woman.json",
		"dataset.category": 6,
		"dataset.type": 1,
		"dataset.width": 4032,
		"dataset.height": 2268,
		"dataset.file_size": 790108
	},
	"annotation": [
		{
			"annotation_type": "Polygon",
			"annotation_id": 92,
			"annotation_point_count": 175.0,
			"annotation_point": [
				2845.552814738705,
				1049.9447138326104,
				3072.589907986494,
				1123.7733420656004,
				3206.18573310634,
				1177.255690507318,
				3259.985992169797,
				1203.1531788474094,
				3261.0864520142786,
				1203.740090764466,
				3262.676005122972,
				1204.351457344732,
				3263.8742836202946,
				1204.5470946504174,
				3265.4882913921974,
				1204.8405506089439,
				3266.784388542361,
				1204.6449133032584,
				3267.9826670396833,
				1203.6422721116214,
				3268.8874895784793,
				1202.346174961458,
				3269.7923121172753,
				1200.95225915845,
				3270.794953308912,
				1199.558343355442,
				3271.6753211844953,
				1198.4578835109642,
				3276.859709785156,
				1189.0917475012793,
				3309.89795978276,
				1126.6834469876667,
				3374.1892693635928,
				1017.8846503634304,
				3392.407993455534,
				985.6778589149908,
				3392.407993455534,
				984.1861244591382,
				3391.698808222427,
				982.6943900032893,
				3390.40271107226,
				981.7895674644933,
				3388.9843406060427,
				981.0803822313865,
				3387.49260615019,
				980.2733783454314,
				3385.9030530414966,
				979.6864664283785,
				3384.704774544174,
				978.977281195268,
				3378.4688354254577,
				976.1405402628297,
				3355.8727266188034,
				966.1630376728808,
				3260.0593561594287,
				913.2186918217976,
				3131.2810996920816,
				844.2565415677291,
				2955.305343228156,
				760.0835907966284,
				2821.440516812989,
				701.2701257749868,
				2738.783755160952,
				665.7619547931045,
				2739.297303088377,
				662.2160286275594,
				2677.4270051653984,
				633.3106167125552,
				2627.221581593909,
				616.0700791490381,
				2588.6810323739046,
				595.797163347399,
				2586.1377473999964,
				602.889015678491,
				2523.7783562128097,
				578.5321711206725,
				2402.6544093303964,
				524.1205454769479,
				2393.1415453414484,
				522.751084337151,
				2390.59826036754,
				522.0663537672535,
				2388.7152513003202,
				521.3816231973542,
				2386.000783683936,
				520.2077993632429,
				2383.628681352504,
				518.838338223446,
				2380.9142137361196,
				518.3247902960211,
				2377.8573808347865,
				518.3247902960211,
				2375.142913218402,
				518.3247902960211,
				2372.4284456020177,
				518.3247902960211,
				2370.056343270586,
				517.8356970318073,
				2367.659786275941,
				516.2950532495361,
				2365.2876839445053,
				515.4391400371624,
				2362.573216328121,
				514.6076814879998,
				2360.0299313542127,
				513.7517682756279,
				2357.8290116652533,
				512.5534897783054,
				2355.6036373130846,
				512.0399418508805,
				2354.6009961214477,
				512.2111244933549,
				2350.663795344528,
				510.10802345723823,
				2296.105441721542,
				497.807327862276,
				2201.17243913775,
				477.3632294181625,
				2163.2188018348024,
				456.1854910777274,
				2128.8844546870314,
				450.34082657038016,
				2122.306150283366,
				444.4961620630311,
				2107.706716346598,
				440.8524172446432,
				2083.618873084095,
				459.0955959997973,
				2034.6850919995595,
				487.58527864021926,
				1982.8412059929578,
				500.71743278434406,
				1922.2425505569372,
				510.205842110081,
				1862.3530803540234,
				511.6731219027206,
				1805.3981697363924,
				502.18471257698366,
				1755.7552034187465,
				479.5396944439108,
				1732.3765453893539,
				464.20662061082476,
				1700.2431179305422,
				475.1623097292031,
				1663.0231205239143,
				476.6295895218427,
				1627.9551334798234,
				486.85163874389946,
				1507.393643851261,
				530.5521219013517,
				1476.336221573718,
				541.0676270819367,
				1473.8907552526507,
				541.5567203461505,
				1468.99982261052,
				542.2903602424703,
				1464.842529864709,
				543.2685467708961,
				1461.418877015214,
				544.0021866672159,
				1457.750677533615,
				544.9803731956436,
				1453.8379314199083,
				546.2031063561772,
				1450.414278570417,
				547.425839516709,
				1446.746079088818,
				549.1376659414564,
				1442.8333329751113,
				550.1158524698822,
				1439.1651334935123,
				550.3603991019882,
				1435.2523873798054,
				550.1158524698822,
				1431.8287345303143,
				550.849492366202,
				1427.9159884166074,
				552.0722255267356,
				1424.2477889350084,
				553.0504120551614,
				1412.9000000000015,
				555.7000000000007,
				1307.3168362946562,
				608.3317115699192,
				1167.569345241085,
				671.5493404426234,
				1076.860406652926,
				716.6870989619183,
				905.7208119377901,
				800.9566316707824,
				733.3428699381748,
				888.6935367761907,
				677.4314900439022,
				920.0856404377591,
				495.95169550335777,
				1030.2985487564802,
				436.4491084840938,
				1063.8577601658872,
				433.724744458239,
				1065.9629505495031,
				431.24804988927826,
				1067.5728020193274,
				431.43380198195155,
				1071.102091780096,
				433.10557081599836,
				1073.6407037132776,
				435.5822653849591,
				1075.2505551831018,
				467.2220385034234,
				1119.397635874815,
				530.3777500119031,
				1218.279666540544,
				568.395011645438,
				1283.045229518848,
				571.181293035519,
				1283.9120726179826,
				573.7818223329268,
				1283.9120726179826,
				576.3823516303346,
				1283.4167337041908,
				578.6113767423994,
				1281.4972954132463,
				581.2119060398072,
				1280.5066175856628,
				583.6266832445435,
				1279.7636092149733,
				602.4495619686386,
				1272.4573602365417,
				788.5731588259823,
				1192.1505388380137,
				891.6036528947188,
				1151.2850784501752,
				1061.87640451072,
				1085.033498730496,
				1224.7190724198372,
				1028.688697286656,
				1251.3435390361592,
				1020.0202662952943,
				1375.1782674841597,
				989.061584183295,
				1391.2767821823982,
				985.3465423298549,
				1396.2301713203196,
				1050.3597747650529,
				1407.9944705228772,
				1110.419618062333,
				1412.9478596607987,
				1144.4741683855354,
				1400.626304180223,
				1340.814130339837,
				1395.3014108569587,
				1551.7665902510053,
				1397.4685186047973,
				1565.3884103802848,
				1393.505807294463,
				1575.419023384573,
				1393.505807294463,
				1634.1786020331492,
				1397.4685186047973,
				1683.2171544985576,
				1391.2148648181756,
				1742.8435762462723,
				1395.9205844991993,
				1794.3588232806396,
				1397.6542706974687,
				1800.7363117957102,
				1400.3786347233254,
				1800.5505597030387,
				1403.1649161134083,
				1800.2409728819184,
				1405.8892801392612,
				1799.497964511229,
				1408.6755615293441,
				1799.1883776901122,
				1411.0903387340768,
				1799.1883776901122,
				1421.4305385594853,
				1797.6404435845106,
				1441.7394340249593,
				1797.1451046707189,
				1569.660708511743,
				1836.896052502525,
				1638.8224043499504,
				1853.923327664128,
				1751.8215940587506,
				1866.3068005089262,
				1925.252131250174,
				1871.941280653311,
				2156.1419824414697,
				1862.5298412912634,
				2234.405530820608,
				1853.0564845649897,
				2317.0032946954234,
				1834.976614211584,
				2401.2728274042856,
				1804.7609404702707,
				2489.381236695037,
				1763.1524717117427,
				2501.64087481139,
				1757.270322110464,
				2503.374561009663,
				1755.8462227333112,
				2504.674825658367,
				1753.9887018065892,
				2505.35591666483,
				1751.8215940587506,
				2505.975090307071,
				1749.654486310912,
				2505.975090307071,
				1747.0539570135043,
				2505.7893382143993,
				1745.0106839941109,
				2505.35591666483,
				1742.8435762462723,
				2505.108247207936,
