{
	"dataset": {
		"dataset.id": 472823,
		"dataset.name": "01_sou_094565_472823_wear_02top_02t-shirt_man",
		"dataset.image_path": "./008.의류 통합 데이터(3-1)/원천데이터/상품/상의/t-shirt/01_sou_094565_472823_wear_02top_02t-shirt_man.jpg",
		"dataset.label_path": "./008.의류 통합 데이터(3-1)/라벨링데이터/상품/상의/t-shirt/01_sou_094565_472823_wear_02top_02t-shirt_man.json",
		"dataset.category": 6,
		"dataset.type": 1,
		"dataset.width": 1816,
		"dataset.height": 4032,
		"dataset.file_size": 687952
	},
	"annotation": [
		{
			"annotation_type": "Polygon",
			"annotation_id": 3,
			"annotation_point_count": 108.0,
			"annotation_point": [
				865.0,
				1295.0,
				848.1984267638018,
				1319.9888284822682,
				815.6958859894839,
				1327.3133447131004,
				792.3489905037077,
				1339.2156835882015,
				767.3000000000011,
				1344.2000000000007,
				762.8000000000011,
				1344.1000000000004,
				757.7436184203016,
				1344.1976686298221,
				753.7963060707862,
				1344.7275092136497,
				749.5575814001659,
				1344.9924295055625,
				745.5572849922683,
				1345.7871903813048,
				741.5834806135608,
				1346.8468715489598,
				737.6361682640454,
				1348.1714730085278,
				733.6623638853398,
				1349.2311541761828,
				729.6885595066324,
				1350.5557556357526,
				725.9796754198396,
				1352.1452773872352,
				723.0654296875,
				1354.794921875,
				716.4000000000015,
				1357.1000000000004,
				710.4000000000015,
				1359.2000000000007,
				703.2000000000007,
				1361.300000000001,
				695.6000000000004,
				1363.4000000000015,
				688.8901987432055,
				1364.8514903961131,
				682.8000000000011,
				1367.2000000000007,
				675.6145130748228,
				1369.429313040384,
				668.2899968439906,
				1370.8026598336637,
				661.880859375,
				1369.88671875,
				613.7000000000007,
				1434.5,
				552.0,
				1571.0,
				531.766609417853,
				1594.9447249262084,
				533.3561311693356,
				1602.8923336836215,
				520.6396484375,
				1626.470703125,
				537.0,
				1653.300000000001,
				568.356128519581,
				1683.0101641728852,
				607.2676209958772,
				1700.8636724855387,
				667.2000000000007,
				1702.300000000001,
				678.2238719820616,
				1701.7792370143925,
				683.2594768907584,
				1699.0325434278293,
				688.752864063883,
				1714.5971404183474,
				712.0,
				1812.0,
				702.0,
				2050.0,
				705.0,
				2196.0,
				699.0,
				2230.0,
				676.4000000000015,
				2268.300000000001,
				683.3000000000011,
				2304.6000000000004,
				743.9000000000015,
				2322.1000000000004,
				993.1000000000004,
				2359.1000000000004,
				1149.4000000000015,
				2342.300000000001,
				1256.2000000000007,
				2315.5,
				1251.4000000000015,
				2271.6000000000004,
				1234.800000000001,
				2230.5,
				1227.0,
				2128.0,
				1237.0,
				2098.0,
				1233.0,
				1843.0,
				1243.0,
				1761.0,
				1268.4000000000015,
				1700.2000000000007,
				1272.74609375,
				1679.8056640625,
				1288.768078048346,
				1700.4058902211054,
				1318.9817075005285,
				1702.237019278813,
				1352.857595068126,
				1696.2858498412625,
				1383.0712245203085,
				1680.7212528507443,
				1403.2136441550956,
				1662.8677445380908,
				1421.524934732177,
				1647.3031475475727,
				1434.3428381361318,
				1624.4140343262225,
				1433.2000000000007,
				1611.2000000000007,
				1402.7558618906696,
				1563.9867754218594,
				1350.0,
				1438.0,
				1310.5814029483008,
				1383.9791593447626,
				1307.6821152735956,
				1382.148030287055,
				1303.1805896733968,
				1380.8128320158085,
				1299.4801830359447,
				1378.9435544360658,
				1295.4745882222087,
				1376.8453857241075,
				1291.7741815847567,
				1375.7772271071117,
				1288.0737749473064,
				1373.64090987312,
				1283.8392890013565,
				1371.5427411611618,
				1279.8718427096555,
				1369.940503235668,
				1276.9344065129153,
				1368.8723446186705,
				1273.2339998754633,
				1367.3082552152118,
				1269.5,
				1366.1000000000004,
				1265.6000000000004,
				1365.300000000001,
				1261.6000000000004,
				1364.1000000000004,
				1257.300000000001,
				1362.800000000001,
				1253.4000000000015,
				1361.800000000001,
				1248.8570942947263,
				1359.8692934182727,
				1244.729424210469,
				1358.7629862792346,
				1240.472049151298,
				1357.4354177123969,
				1238.0915813762767,
				1356.931857221527,
				1234.1088756757617,
				1355.8789580133453,
				1230.5,
				1354.2000000000007,
				1227.3501585430495,
				1353.2093738930853,
				1223.5971210742719,
				1352.5470731633013,
				1220.0648505154222,
				1351.6640055235875,
				1215.8701171875,
				1350.78125,
				1210.5,
				1349.800000000001,
				1192.4052734375,
				1348.37109375,
				1149.9761251784948,
				1336.2172097562125,
				1127.0870119571446,
				1326.298594026961,
				1110.68359375,
				1322.865234375,
				1087.0310638197807,
				1294.6353207374268,
				1087.0310638197807,
				1282.046308465684,
				1084.3606672772912,
				1264.1165031089586,
				1076.7309628701732,
				1283.5722493471076,
				1060.7085836152291,
				1304.1724512463225,
				1038.5824408345907,
				1327.8245349083827,
				1000.4339187990081,
				1347.2802811465317,
				978.6892612387255,
				1347.2802811465317,
				941.6851948642088,
				1322.8652270437578,
				903.1551876082704,
				1292.7278946356473,
				881.0290448276319,
				1270.220266634653,
				870.728515625,
				1254.9609375
			]
		}
	],
	"metadata.model": {
		"metadata.model.gender": "MALE",
		"metadata.model.age": "40대",
		"metadata.model.job": "manufacturing business",
		"metadata.model.type": "wear",
		"metadata.model.usually_size": "XL",
		"metadata.model.body_height": "179",
		"metadata.model.waist_height": "108",
		"metadata.model.chest_size_male": "99.0",
		"metadata.model.breast_size_female": "null",
		"metadata.model.waist_size": "97",
		"metadata.model.hip_seize": "100",
		"metadata.model.back_length": "53",
		"metadata.model.shoulders_width": "47",
		"metadata.model.arm_length": "61",
		"metadata.model.weight": "82"
	},
	"metadata.clothes": {
		"metadata.clothes.type": "02top_02t-shirt",
		"metadata.clothes.season": "summer",
		"metadata.clothes.fiber_composition": "Cotton",
		"metadata.clothes.elasticity": "contain",
		"metadata.clothes.transparency": "none",
		"metadata.clothes.isfleece": "fleece_none",
		"metadata.clothes.color": "White",
		"metadata.clothes.washing_method": "Hand Washing30",
		"metadata.clothes.bleach": "none",
		"metadata.clothes.ironing": "none",
		"metadata.clothes.drycleaning": "none",
		"metadata.clothes.wringing": "none",
		"metadata.clothes.drying": "Do not tumble dry",
		"metadata.clothes.top_length_type": "normal",
		"metadata.clothes.sleeve_length_type": "short sleeves",
		"metadata.clothes.topneck_color_design": "polo collar",
		"metadata.clothes.topsleeve_design": "ribbed sleeve",
		"metadata.clothes.pants_silhouette": "null",
		"metadata.clothes.skirt_design": "null",
		"metadata.top.front_length": "69.0",
		"metadata.top.chest_size": "98.0",
		"metadata.top.waist_size": "96.0",
		"metadata.top.hem_size": "98.0",
		"metadata.top.shoulder_width": "43.0",
		"metadata.top.sleeve_length": "26.0",
		"metadata.top.sleeve_cuff_size": "34.0",
		"metadata.pants.pants_length": "null",
		"metadata.pants.waist_size": "null",
		"metadata.pants.hip_size": "null",
		"metadata.pants.front_rise_length": "null",
		"metadata.pants.back_rise_length": "null",
		"metadata.pants.inner_seam_length": "null",
		"metadata.pants.pants_waist_size": "null",
		"metadata.skirt.length": "null",
		"metadata.skirt.waist_size": "null",
		"metadata.skirt.hip_size": "null",
		"metadata.skirt.hem_size": "null",
		"metadata.dress.front_length": "null",
		"metadata.dress.chest_size": "null",
		"metadata.dress.waist_size": "null",
		"metadata.dress.hip_size": "null",
		"metadata.dress.hem_size": "null",
		"metadata.dress.shoulder_width": "null",
		"metadata.dress.sleeve_length": "null",
		"metadata.dress.cuff_size": "null",
		"metadata.jumpsuit.front_length": "null",
		"metadata.jumpsuit.inner_seam_length": "null",
		"metadata.jumpsuit.chest_size": "null",