{
	"dataset": {
		"dataset.id": 443902,
		"dataset.name": "01_sou_088781_443902_back_02top_02t-shirt_woman",
		"dataset.image_path": "./008.의류 통합 데이터(3-1)/원천데이터/상품/상의/t-shirt/01_sou_088781_443902_back_02top_02t-shirt_woman.jpg",
		"dataset.label_path": "./008.의류 통합 데이터(3-1)/라벨링데이터/상품/상의/t-shirt/01_sou_088781_443902_back_02top_02t-shirt_woman.json",
		"dataset.category": 6,
		"dataset.type": 1,
		"dataset.width": 4030,
		"dataset.height": 2574,
		"dataset.file_size": 1434060
	},
	"annotation": [
		{
			"annotation_type": "Polygon",
			"annotation_id": 192,
			"annotation_point_count": 178.0,
			"annotation_point": [
				1686.174825834456,
				588.6134068467491,
				1622.0051608229278,
				613.3273994525407,
				1602.494114028883,
				618.0967664466407,
				1596.8575893994912,
				619.8310817172223,
				1590.3539071348096,
				621.565396987804,
				1583.850224870128,
				623.2997122583856,
				1576.4793849701564,
				625.901185164259,
				1570.4092815231197,
				627.6355004348407,
				1562.6048628055014,
				630.236973340714,
				1554.3668652702381,
				632.4048674289406,
				1545.695288917328,
				635.439919152459,
				1540.4923431055831,
				637.6078132406856,
				1531.820766752673,
				641.0764437818507,
				1524.0163480350548,
				644.545074323014,
				1516.2119293174364,
				647.1465472288855,
				1510.5754046880465,
				649.314441317114,
				1505.3724588763016,
				651.9159142229855,
				1497.1344613410365,
				654.9509659465039,
				1491.0643578940017,
				657.1188600347323,
				1483.6935179940283,
				660.1539117582506,
				1478.4905721822834,
				661.8882270288323,
				1470.686153464665,
				664.9232787523506,
				1462.014577111755,
				667.5247516582222,
				1454.2101583941367,
				670.1262245640955,
				1447.706476129455,
				671.8605398346772,
				1440.7692150471285,
				674.4620127405506,
				1434.2655327824468,
				676.6299068287772,
				1426.4611140648285,
				678.7978009170038,
				1419.9574318001469,
				682.2664314581689,
				1413.8873283531102,
				686.6022196346221,
				1409.1179613590102,
				690.0708501757872,
				1402.6142790943286,
				694.4066383522404,
				1396.544175647292,
				697.4416900757587,
				1390.0404933826103,
				701.3438994345688,
				1383.5368111179287,
				705.679687611022,
				1378.333865306182,
				709.1483181521871,
				1372.697340676792,
				713.9176851462871,
				1367.4943948650453,
				717.8198945050954,
				1361.4242914180104,
				723.0228403168403,
				1355.3541879709737,
				727.7922073109403,
				1350.151242159227,
				732.1279954873953,
				1344.514717529837,
				737.3309412991402,
				1336.7102988122188,
				743.8346235638219,
				1331.9409318181188,
				747.303254104987,
				1326.304407188727,
				751.2054634637952,
				1320.2343037416922,
				755.5412516402503,
				1313.7306214770088,
				759.8770398167053,
				1306.7933603946822,
				764.2128279931585,
				1301.1568357652905,
				766.3807220813869,
				1293.785995865319,
				769.8493526225502,
				1288.1494712359272,
				772.8844043460685,
				1284.247261877119,
				775.0522984342952,
				1081.5058067461032,
				906.9036168802795,
				802.8013427636051,
				1103.2281055101412,
				511.00279848821265,
				1305.7961291140982,
				301.0205771025194,
				1437.9943106141964,
				368.4420832463875,
				1534.769102712662,
				439.6357251037716,
				1627.1647487529099,
				497.69192878649847,
				1706.4663145002633,
				604.4390336908091,
				1637.7874297852231,
				795.5172186271611,
				1538.4978805444134,
				1128.2889611700484,
				1377.4233497891273,
				1243.1873478460948,
				1316.8523889640564,
				1316.8523889640564,
				1277.526790203614,
				1373.6337890625,
				1248.201171875,
				1366.1416289539939,
				1494.1965312726734,
				1362.395507969537,
				1553.5101135265722,
				1361.1468009747186,
				1604.7071003141482,
				1363.6442149643572,
				1637.1734821794398,
				1359.2737404824911,
				1738.9431022571807,
				1338.0457215705683,
				2026.1457110655301,
				1330.5534796016545,
				2121.6717961691775,
				1324.309944627561,
				2159.7573595111535,
				1314.9446421664197,
				2182.2340854178947,
				1311.1985211819629,
				2200.340336842768,
				1314.3202886690087,
				2217.197881272823,
				1443.561462632766,
				2222.1927092521,
				1620.8778558970516,
				2230.933658215832,
				1785.7071792131483,
				2241.5476676717935,
				2128.7269906899037,
				2248.040944044851,
				2548.29254094906,
				2254.0347376199825,
				2596.2428895501034,
				2255.533186013763,
				2626.2118574257584,
				2254.7839618168728,
				2641.945565560476,
				2252.5362892261983,
				2626.2118574257584,
				2138.6542112987136,
				2618.157697309176,
				1792.0755848867248,
				2623.5271373868964,
				1600.5239318815038,
				2613.787222827312,
				1543.3331515187983,
				2608.5426534490725,
				1487.7032548996158,
				2603.360519420574,
				1464.789481544689,
				2611.6644209361184,
				1442.9371091353569,
				2618.9693568558105,
				1422.1461376716234,
				2611.6644209361184,
				1394.549713086124,
				2603.8600022184983,
				1349.783567321867,
				2599.1773509879276,
				1313.383758422895,
				2593.4957341615045,
				1291.0319032156367,
				2605.420885962023,
				1278.5448332674478,
				2614.7861884231643,
				1269.6790136042328,
				2625.7123746278303,
				1273.3002638892085,
				2645.0048976977814,
				1284.7883682415413,
				2666.295351959445,
				1298.2744037855864,
				2709.500613980181,
				1322.7490608840362,
				2811.457540107145,
				1371.136456933269,
				2937.8891233325594,
				1424.2065042130744,
				3063.3217409621175,
				1489.7636214410668,
				3268.296994161643,
				1585.4770125939358,
				3372.3767221798007,
				1644.2911120499066,
				3413.4591823093433,
				1660.96135043074,
				3436.8724384621964,
				1676.5701878659765,
				3452.481275897433,
				1691.6171071535446,
				3473.834165508837,
				1708.7868283323041,
				3487.3202010528803,
				1718.1521307934454,
				3503.4909566357856,
				1727.0179504566604,
				3537.8303989933047,
				1684.8740893815211,
				3625.239888630629,
				1561.0647908452265,
				3683.9915527368576,
				1480.3983189799255,
				3683.9915527368576,
				1467.9112490317348,
				3585.6558768948707,
				1409.6590677234326,
				3463.906944900027,
				1320.1267761949166,
				3063.0719995631553,
				1026.9928091611782,
				2883.258192309233,
				901.4353208321354,
				2783.361632723718,
				832.1320826196861,
				2782.1129257288994,
				830.8833756248678,
				2772.747623267758,
				824.6398406507724,
				2764.006674304026,
				817.7719521792696,
				2755.265725340294,
				810.2797102103559,
				2747.7734833713803,
				804.0361752362605,
				2739.6568879050574,
				797.792640262167,
				2730.291585443916,
				791.5491052880716,
				2720.301929485362,
				785.305570313978,
				2713.434041013861,
				780.310742334701,
				2704.0687385527162,
				773.4428538631983,
				2695.327789588984,
				767.823672386512,
				2688.4599011174796,
				763.453197904646,
				2679.0945986563383,
				757.2096629305524,
				2670.3536496926063,
				751.5904814538662,
				2662.8614077236925,
				747.2200069720002,
				2652.871751765142,
				741.6008254953158,
				2642.2577423091825,
				735.3572905212204,
				2632.8924398480412,
				729.1137555471269,
				2626.648904873946,
				725.36763456267,
				2616.6592489153954,
				719.7484530859838,
				2608.5426534490725,
				714.1292716092994,
				2599.801704485337,
				710.3831506248425,
				2591.685109019014,
				704.7639691481581,
				2582.3198065578727,
				699.1447876714719,
				2572.9545040967314,
				695.3986666870151,
				2563.58920163559,
				691.028192205149,
				2553.5995456770397,
				686.657717723283,
				2545.482950210717,
				682.9115967388261,
				2534.8689407547536,
				678.5411222569601,
				2524.879284796203,
				674.170647775094,
				2516.138335832471,
				670.4245267906372,
				2508.6460938635573,
				666.6784058061803,
				2497.4077309101885,
				662.3079313243143,
				2486.169367956816,
				657.9374568424482,
				2476.1797119982657,
				652.942628863173,
				2466.1900560397153,
