{
	"dataset": {
		"dataset.id": 474777,
		"dataset.name": "01_sou_094956_474777_back_02top_02t-shirt_woman",
		"dataset.image_path": "./008.의류 통합 데이터(3-1)/원천데이터/상품/상의/t-shirt/01_sou_094956_474777_back_02top_02t-shirt_woman.jpg",
		"dataset.label_path": "./008.의류 통합 데이터(3-1)/라벨링데이터/상품/상의/t-shirt/01_sou_094956_474777_back_02top_02t-shirt_woman.json",
		"dataset.category": 6,
		"dataset.type": 1,
		"dataset.width": 4000,
		"dataset.height": 2418,
		"dataset.file_size": 900934
	},
	"annotation": [
		{
			"annotation_type": "Polygon",
			"annotation_id": 157,
			"annotation_point_count": 167.0,
			"annotation_point": [
				1177.2358417145588,
				1277.5093540469352,
				1169.8221359155505,
				1527.1878866339393,
				1183.6442992696357,
				1593.7855827945423,
				1160.9005577506396,
				1842.584523168105,
				1158.3874371408056,
				2137.876194823595,
				1857.0349666746479,
				2188.1386070202752,
				2099.5511055236275,
				2206.9870115940284,
				2500.0,
				2191.0,
				2679.7000000000007,
				2171.7999999999993,
				2661.300000000003,
				1809.2000000000007,
				2629.600000000002,
				1584.7000000000007,
				2602.028628788179,
				1071.8523174755173,
				2584.6462112368245,
				972.8981934633048,
				2575.1172955912043,
				854.362671366136,
				2599.9343616133156,
				839.1792343483903,
				2659.5162627381287,
				865.3575740341585,
				2697.317785244384,
				885.6719656303176,
				2829.0471905431805,
				914.7822793608939,
				3096.6945354904965,
				982.636535826412,
				3291.46138275263,
				1050.4907922919301,
				3478.6888681852615,
				1125.8844105869503,
				3585.705920820692,
				1168.1886075191542,
				3714.503352074684,
				1210.0739510163876,
				3776.28515625,
				1126.302734375,
				3851.2000000000007,
				999.5,
				3887.0,
				929.0,
				3923.0,
				873.2000000000007,
				3286.623046875,
				588.7890625,
				2783.6225355204333,
				370.14715786638044,
				2678.197125937899,
				322.39786627953436,
				2675.684005328065,
				321.1413059746192,
				2668.898579681514,
				318.2512172733077,
				2662.1131540349634,
				314.85850445003234,
				2657.0869128152954,
				311.8427597182308,
				2650.8041112907085,
				309.3296391083968,
				2644.898277857599,
				306.439550407089,
				2638.615476333016,
				303.0468375838136,
				2632.332674808429,
				299.2771566690608,
				2626.8038094667936,
				296.2614119372629,
				2621.400600155652,
				292.49173102251007,
				2614.992142600575,
				289.0990181992347,
				2608.7093410759917,
				284.95236919300805,
				2602.8035076428823,
				282.43924858317405,
				2596.5207061182955,
				279.92612797334004,
				2590.2379045937123,
				277.41300736350604,
				2584.3320711605993,
				274.3972626317045,
				2578.42623772749,
				271.5071739303967,
				2572.5204042943806,
				269.3710214120365,
				2566.614570861271,
				265.97830858876114,
				2560.708737428162,
				263.0882198874533,
				2554.9285600255425,
				259.69550706417795,
				2549.022726592433,
				255.5488580579513,
				2543.870829342275,
				251.27655302123458,
				2538.844588122607,
				247.12990401500792,
				2535.4518752993317,
				240.72144645993103,
				2532.1848185065464,
				235.3182371487892,
				2527.5355453783523,
				230.29199592912119,
				2522.5093041586842,
				225.642722800927,
				2517.357406908526,
				220.99344967273282,
				2511.9541975973843,
				216.7211446360161,
				2506.0483641642713,
				212.19752753831563,
				2500.142530731162,
				208.80481471504027,
				2493.4827611151013,
				205.78906998323873,
				2487.074303560028,
				204.15554158684608,
				2479.911909822,
				202.52201319045344,
				2473.629108297413,
				201.64242097701208,
				2466.4667145593885,
				200.3858606720969,
				2459.806944943328,
				199.12930036717808,
				2453.021519296777,
				198.62667624521055,
				2446.2360936502228,
				197.37011594029536,
				2439.5763240341657,
				195.73658754390271,
				2432.7908983876114,
				194.10305914751007,
				2426.1311287715544,
				193.60043502554254,
				2419.345703125,
				191.9669066291499,
				2412.6859335089393,
				190.7103463242347,
				2406.2774759538624,
				190.20772220226718,
				2398.3611460328866,
				188.951161897352,
				2307.8888040788624,
				169.85144526261138,
				2233.751746088761,
				113.18057551085803,
				2177.8348125199554,
				63.6720994971256,
				2129.3315847501617,
				112.17532726692298,
				2066.8805375957854,
				116.95025642560722,
				2037.8539945522025,
				127.8823310783846,
				1934.1877693965507,
				140.0709660360808,
				1876.637307431356,
				154.0187854206597,
				1818.4585653136965,
				141.2018703105059,
				1790.5629265445423,
				152.13394496328328,
				1728.7401595426236,
				152.13394496328328,
				1693.0538468829836,
				131.52635596264372,
				1669.93313727251,
				130.26979565772854,
				1626.9587748443482,
				112.17532726692298,
				1575.439802342753,
				141.2018703105059,
				1539.1252095306518,
				206.0403820442225,
				1479.689907108077,
				232.17683638649396,
				1474.9149779493928,
				231.9255243255102,
				1469.3861126077609,
				234.4386449353442,
				1463.7315912356316,
				236.19782936223055,
				1458.8310060464573,
				238.3339818805871,
				1454.6843570402307,
				240.09316630747344,
				1450.412052003514,
				241.85235073435615,
				1442.7470341435182,
				244.23981531369645,
				1437.846448954344,
				245.9989997405828,
				1432.1919275822183,
				248.13515225893934,
				1425.1551898746802,
				250.14564874680946,
				1419.2493564415709,
				253.41270553959112,
				1413.5948350694453,
				255.4232020274576,
				1409.4481860632186,
				257.18238645434394,
				1402.0344802642103,
				259.69550706417795,
				1395.7516787396235,
				262.08297164351825,
				1389.4688772150403,
				263.8421560704046,
				1383.814355842911,
				265.97830858876114,
				1378.9137706537367,
				267.7374930156475,
				1371.8770329462022,
				270.5019256864616,
				1366.9764477570243,
				272.26111011334797,
				1360.3166781409636,
				274.774230723182,
				1353.6569085249066,
				276.9103832415385,
				1348.0023871527774,
				278.9208797294086,
				1342.096553719668,
				281.43400033924263,
				1336.8190004390162,
				283.57015285759917,
				1331.1644790668906,
				285.9576174369431,
				1324.8816775423074,
				289.0990181992347,
				1319.2271561701782,
				291.6121388090687,
				1314.326570981004,
				293.999603388409,
				1308.4207375478945,
				296.8896920897205,
				1302.7662161757653,
				300.0310928520121,
				1297.2373508341334,
				302.418557431356,
				1291.5828294620042,
				304.55470994971256,
				1284.9230598459471,
				307.31914262053033,
				1280.399442748243,
				309.07832704741304,
				1273.3627050407085,
				312.2197278097083,
				1267.331215577109,
				314.7328484195423,
				1262.0536622964573,
				317.49728109036005,
				1257.5300451987569,
				320.01040170019405,
				1252.0011798571213,
				322.39786627953436,
				1249.4880592472873,
				324.15705070641707,
				1240.0638569604089,
				329.057635895595,
				1234.0323674968095,
				332.3246926883803,
				1228.7548142161577,
				335.08912535919444,
				1226.9956297892713,
				336.0943736031295,
				1216.8174913194453,
				341.37192688378127,
				1211.2886259778097,
				344.13635955459904,
				1206.3880407886354,
				346.64948016443304,
				1200.7335194165062,
				349.4139128352508,
				1195.0789980443806,
				352.93228168901624,
				1189.550132702745,
				355.8223703903277,
				1183.2673311781618,
				359.21508321360307,
				1177.98977789751,
				363.11042015884595,
				1175.476657287676,
				364.1156684027774,
				1169.8221359155505,
				368.01100534802026,
				1164.293270573915,
				371.90634229326315,
				1158.0104690493317,
				375.80167923850604,
				1152.73291576868,
				378.18914381785,
				1142.5547772988502,
				383.0897290070243,
				1136.9002559267246,
				386.60809786079335,
				960.4791891163804,
				480.0961845466154,
				800.5190623004491,
				556.4950510855706,
				262.7112517959795,
				861.4622370889228,
				286.71155361989076,
				908.5832485233077,
				312.84800796216587,
