{
	"dataset": {
		"dataset.id": 107915,
		"dataset.name": "01_sou_021583_107915_wear_02top_02t-shirt_woman",
		"dataset.image_path": "./008.의류 통합 데이터(3-1)/원천데이터/상품/상의/t-shirt/01_sou_021583_107915_wear_02top_02t-shirt_woman.jpg",
		"dataset.label_path": "./008.의류 통합 데이터(3-1)/라벨링데이터/상품/상의/t-shirt/01_sou_021583_107915_wear_02top_02t-shirt_woman.json",
		"dataset.category": 6,
		"dataset.type": 1,
		"dataset.width": 607,
		"dataset.height": 1080,
		"dataset.file_size": 60909
	},
	"annotation": [
		{
			"annotation_type": "Polygon",
			"annotation_id": 175,
			"annotation_point_count": 205.0,
			"annotation_point": [
				338.337890625,
				266.7802734375,
				342.0249646150769,
				269.23820389330103,
				345.02929620209215,
				271.42317232022106,
				346.9411435756465,
				274.4275039072363,
				347.8970672624255,
				279.0705618144402,
				349.12611200256833,
				283.1673776149164,
				349.6723541092979,
				286.3082697286136,
				349.94547516266175,
				289.4491618423108,
				350.21859621602744,
				295.730946069707,
				349.8089146359798,
				298.8718381834042,
				348.9895514758846,
				300.92024608364227,
				343.8002514619493,
				301.0568066103242,
				338.8840725013797,
				300.92024608364227,
				333.42165143407874,
				299.00839871008793,
				326.3205040465891,
				295.4578250163413,
				317.71719086559096,
				290.1319644757241,
				307.47515136440234,
				281.52865129472593,
				297.7793539699451,
				271.559732846903,
				290.9513276358193,
				264.45858545941337,
				285.07922498847074,
				257.6305591252876,
				281.392090768044,
				253.53374332481144,
				277.5683960209335,
				250.39285121111425,
				274.0178223271887,
				248.89068541760753,
				269.9210065267125,
				248.34444331087616,
				262.8198591392229,
				248.20788278419423,
				256.0830078125,
				249.94921875,
				254.71726788939304,
				250.97323344951292,
				253.57926350037087,
				252.1112378385351,
				251.98605735574165,
				253.24924222755544,
				250.50665165001556,
				254.3872466165758,
				249.02724594428764,
				255.63905144449927,
				247.66164067746286,
				257.00465671132406,
				246.40983584953938,
				258.25646153924754,
				244.93043014381328,
				259.508266367171,
				243.45102443808537,
				260.41866987838694,
				241.6302174156517,
				261.21527295070155,
				240.15081170992562,
				262.3532773397219,
				239.24040819870788,
				263.6050821676454,
				238.44380512639327,
				265.42588919007903,
				237.76100249297997,
				266.9052948958051,
				236.73679854286274,
				268.6123014793375,
				236.05399590944944,
				270.0917071850654,
				235.25739283713483,
				271.5711128907915,
				233.43658581470117,
				274.4161238633442,
				230.59157484214847,
				279.87854493064515,
				225.53883535489877,
				288.083556575486,
				223.08074587461306,
				291.6341302692326,
				222.26138271451782,
				294.7750223829298,
				221.03233797437497,
				296.4137487031203,
				216.66240112053492,
				302.8320934571966,
				213.52150900683773,
				307.61171189108427,
				212.0193432133292,
				311.43540663819476,
				207.37628530612528,
				317.03438823217766,
				194.8127168513347,
				332.8754093273492,
				189.35029578403373,
				338.610951448014,
				183.75131419005083,
				345.02929620209215,
				168.183414148245,
				362.91872519749995,
				162.85755360762778,
				368.92738837153047,
				160.26290360066014,
				372.8876436453229,
				152.0692719997096,
				381.76407787968674,
				146.06060882567908,
				387.49962000035157,
				140.32506670501243,
				394.46420686115925,
				132.67767721079326,
				403.20408056884116,
				128.03461930358753,
				407.1643358426336,
				126.25933245671513,
				409.75898584960123,
				123.3915613963818,
				414.2654832301232,
				117.65601927571697,
				423.0053569378033,
				113.42264294855886,
				429.2871411651995,
				112.05703768173407,
				432.0183516988491,
				109.87206925481405,
				436.2517280260072,
				110.00862978149598,
				438.7098175062929,
				110.82799294159122,
				436.3882885526891,
				113.83232452860648,
				433.5205174923576,
				118.33882190913027,
				432.7011543322624,
				123.66468244974749,
				432.4280332788967,
				128.58086141031708,
				433.65707801903955,
				132.67767721079326,
				435.02268328586433,
				136.09169037785614,
				437.20765171278435,
				139.23258249155333,
				439.52918066638813,
				141.9637930252029,
				443.7625569935444,
				141.28099039179142,
				447.5862517406549,
				139.0960219648714,
				450.3174622743063,
				137.86697722472854,
				451.6830675411311,
				139.36914301823526,
				451.54650701444734,
				141.55411144515529,
				449.634659640893,
				144.14876145212293,
				445.53784384041865,
				147.42621409250387,
				443.21631488681487,
				154.39080095331155,
				438.98293855965676,
				158.48761675378773,
				436.6614096060548,
				165.17908256122973,
				431.3355490654376,
				178.28889312274987,
				419.59134377074224,
				201.09450107872908,
				397.7416595015402,
				206.28380109266436,
				392.00611738087537,
				209.5612537330453,
				386.68025684025633,
				216.66240112053492,
				379.5791094527667,
				230.18189326210268,
				365.2402541511037,
				234.14214853589692,
				360.8703172972637,
				240.56049328997324,
				355.95413833669227,
				246.84227751736944,
				350.90139884944074,
				251.07565384452755,
				346.80458304896456,
				253.3971827981295,
				345.02929620209215,
				254.0799854315428,
				345.8486593621874,
				254.35310648490668,
				349.6723541092979,
				255.58215122504953,
				361.41655940399323,
				255.99183280509715,
				377.5307015525286,
				255.99183280509715,
				393.09860159433447,
				255.4455906983676,
				404.7062463623479,
				255.1724696450019,
				415.49452797026606,
				254.0799854315428,
				421.09350956424896,
				251.75845647793903,
				431.60867011880146,
				249.573488051019,
				437.48077276615004,
				247.388519624099,
				442.12383067335577,
				245.47667225054465,
				444.9916017336873,
				245.06699067049703,
				448.9518570074797,
				244.52074856376748,
				454.00459649473305,
				242.06265908348178,
				460.4229412488112,
				240.4239327632913,
				465.61224126274647,
				239.87769065656175,
				473.25963075696745,
				238.92176696978458,
				479.95109656440945,
				237.41960117627605,
				485.55007815839235,
				236.8733590695465,
				490.73937817232763,
				236.6002380161808,
				498.25020713986487,
				235.78087485608557,
				504.12230978721345,
				234.27870906257886,
				509.31160980114873,
				233.049664322436,
				514.500909815084,
				231.95718010897508,
				519.5536493023355,
				231.95718010897508,
				527.3375993232403,
				249.1638064709714,
				528.5666440633831,
				271.2866117935373,
				530.2053703835736,
				296.27718817643654,
				529.3860072234784,
				313.48381453843285,
				528.9763256434308,
				326.8667461533187,
				527.6107203766041,
				345.1658567287741,
				526.1085545830974,
				360.73375677057993,
				525.5623124763661,
				369.5,
				524.9000000000015,
				369.10000000000036,
				521.6000000000022,
				368.3811462648009,
				516.5493177153221,
				367.5617831047057,
				509.03848874778487,
				366.74241994461045,
				503.02982557375435,
				366.4692988912466,
				497.02116239972383,
				366.1961778378809,
				490.73937817232763,
				365.7864962578333,
				475.03491760383986,
				366.74241994461045,
				470.80154127668175,
				366.8789804712942,
				461.1057438822245,
				366.6058594179285,
				453.73147544136737,
				364.5574515176904,
				450.0443412209406,
				363.60152783091326,
				444.17223857359204,
				363.0552857241837,
				441.03134645989485,
				363.87464888427894,
				414.1289227034413,
				366.1961778378809,
				401.7019147753326,
				370.429554165039,
				376.7113383924334,
				371.9317199585457,
				372.2048410119114,
				373.1607646986886,
				371.7951594318638,
				374.38980943883143,
				373.2973252253705,
				382.9931226198296,
				386.40713578689247,
				395.82981212798586,
				403.47720162220503,
				406.754654262586,
				416.3138911303613,
				419.31822271737656,
