{
	"dataset": {
		"dataset.id": 23412,
		"dataset.name": "01_sou_004683_023412_back_02top_02t-shirt_woman",
		"dataset.image_path": "./008.의류 통합 데이터(3-1)/원천데이터/상품/상의/t-shirt/01_sou_004683_023412_back_02top_02t-shirt_woman.jpg",
		"dataset.label_path": "./008.의류 통합 데이터(3-1)/라벨링데이터/상품/상의/t-shirt/01_sou_004683_023412_back_02top_02t-shirt_woman.json",
		"dataset.category": 6,
		"dataset.type": 1,
		"dataset.width": 1920,
		"dataset.height": 960,
		"dataset.file_size": 173373
	},
	"annotation": [
		{
			"annotation_type": "Polygon",
			"annotation_id": 553,
			"annotation_point_count": 73.0,
			"annotation_point": [
				747.7000000000007,
				99.30000000000109,
				708.905896995866,
				107.92653209220771,
				680.64446436461,
				118.28905739033507,
				654.2671272421048,
				127.70953493408706,
				639.1943631721024,
				130.0646543200237,
				626.9477423652243,
				145.13741839002796,
				619.9000000000015,
				163.5,
				610.4619140625,
				166.3330078125,
				548.4106891701831,
				222.81293952180022,
				507.60000000000036,
				255.70000000000073,
				449.1455078125,
				299.5244140625,
				408.3000000000011,
				331.60000000000036,
				406.077014020615,
				337.14070699472177,
				410.16576295453524,
				342.3197889776875,
				430.06434109961447,
				356.49411861527733,
				433.335340246751,
				361.1280340737212,
				467.0,
				399.0,
				531.0,
				458.0,
				539.0,
				462.7000000000007,
				586.7000000000007,
				423.5,
				586.0,
				433.0,
				581.7000000000007,
				459.8000000000011,
				577.9465541490845,
				506.9198312236276,
				567.2000000000007,
				581.4000000000015,
				553.6000000000004,
				631.1000000000004,
				542.7848101265827,
				717.8902953586494,
				534.3459915611802,
				785.4008438818564,
				528.7201125175798,
				833.2208157524601,
				522.6000000000004,
				896.3000000000011,
				601.8564453125,
				902.1376953125,
				680.6188466947951,
				903.5443037974674,
				755.1617440225036,
				903.5443037974674,
				825.4852320675109,
				902.1378340365682,
				900.0281293952175,
				904.9507735583684,
				949.2548828125,
				902.1376953125,
				1012.5457102672281,
				899.324894514768,
				1060.3656821378336,
				897.9184247538669,
				1099.7468354430366,
				899.324894514768,
				1165.2000000000007,
				920.2000000000007,
				1203.2000000000007,
				909.4000000000015,
				1230.7000000000007,
				896.0,
				1215.300000000001,
				858.7000000000007,
				1209.0,
				763.0,
				1196.0,
				671.0,
				1190.7000000000007,
				646.0,
				1179.0,
				581.0,
				1150.4000000000015,
				461.0,
				1145.0,
				424.0,
				1150.0,
				422.0,
				1184.0,
				455.0,
				1194.6000000000004,
				461.8000000000011,
				1245.7000000000007,
				407.40000000000146,
				1279.9006355159654,
				357.7187841850282,
				1310.800000000001,
				316.2000000000007,
				1315.7135229462929,
				303.9994530395361,
				1282.3424232953057,
				286.09300932437327,
				1231.8788091889346,
				255.1636974527264,
				1177.1036309203428,
				219.55919098566847,
				1165.79905786784,
				209.1966656875411,
				1151.197265625,
				203.5439453125,
				1138.27734375,
				190.0498046875,
				1120.580765657829,
				168.21758837221932,
				1105.9790254650143,
				161.62325409159348,
				1084.3119271143842,
				139.48513186377568,
				1073.0073540618814,
				133.8328453375252,
				1012.2452739046821,
				112.1657469868951,
				974.0923398524865,
				99.4481023028311,
				949.5986328125,
				88.6142578125,
				930.7000000000007,
				108.39999999999964,
				875.9000000000015,
				117.89999999999964,
				826.190842415579,
				111.22369923251972,
				798.8714575386985,
				99.91912618001697,
				785.2119140625,
				88.1435546875
			]
		}
	],
	"metadata.model": {
		"metadata.model.gender": "FEMALE",
		"metadata.model.age": "40대",
		"metadata.model.job": "homemaker",
		"metadata.model.type": "back",
		"metadata.model.usually_size": "M",
		"metadata.model.body_height": "160",
		"metadata.model.waist_height": "95",
		"metadata.model.chest_size_male": "null",
		"metadata.model.breast_size_female": "86.0",
		"metadata.model.waist_size": "77",
		"metadata.model.hip_seize": "90",
		"metadata.model.back_length": "42",
		"metadata.model.shoulders_width": "41",
		"metadata.model.arm_length": "51",
		"metadata.model.weight": "52"
	},
	"metadata.clothes": {
		"metadata.clothes.type": "02top_02t-shirt",
		"metadata.clothes.season": "summer",
		"metadata.clothes.fiber_composition": "Polyester,Polyurethane",
		"metadata.clothes.elasticity": "contain little",
		"metadata.clothes.transparency": "none at all",
		"metadata.clothes.isfleece": "fleece_none",
		"metadata.clothes.color": "Blue,Orange",
		"metadata.clothes.washing_method": "Do Not Washing",
		"metadata.clothes.bleach": "Do not any bleach",
		"metadata.clothes.ironing": "Ironing 140~160℃ : Place a cloth between the iron and textile",
		"metadata.clothes.drycleaning": "DRYCLEAN",
		"metadata.clothes.wringing": "none",
		"metadata.clothes.drying": "Drip dry in shade",
		"metadata.clothes.top_length_type": "long",
		"metadata.clothes.sleeve_length_type": "short sleeves",
		"metadata.clothes.topneck_color_design": "round neck",
		"metadata.clothes.topsleeve_design": "basic sleeve",
		"metadata.clothes.pants_silhouette": "null",
		"metadata.clothes.skirt_design": "null",
		"metadata.top.front_length": "70.0",
		"metadata.top.chest_size": "90.0",
		"metadata.top.waist_size": "92.0",
		"metadata.top.hem_size": "100.0",
		"metadata.top.shoulder_width": "38.0",
		"metadata.top.sleeve_length": "27.0",
		"metadata.top.sleeve_cuff_size": "36.0",
		"metadata.pants.pants_length": "null",
		"metadata.pants.waist_size": "null",
		"metadata.pants.hip_size": "null",
		"metadata.pants.front_rise_length": "null",
		"metadata.pants.back_rise_length": "null",
		"metadata.pants.inner_seam_length": "null",
		"metadata.pants.pants_waist_size": "null",
		"metadata.skirt.length": "null",
		"metadata.skirt.waist_size": "null",
		"metadata.skirt.hip_size": "null",
		"metadata.skirt.hem_size": "null",
		"metadata.dress.front_length": "null",
		"metadata.dress.chest_size": "null",
		"metadata.dress.waist_size": "null",
		"metadata.dress.hip_size": "null",
		"metadata.dress.hem_size": "null",
		"metadata.dress.shoulder_width": "null",
		"metadata.dress.sleeve_length": "null",
		"metadata.dress.cuff_size": "null",
		"metadata.jumpsuit.front_length": "null",
		"metadata.jumpsuit.inner_seam_length": "null",
		"metadata.jumpsuit.chest_size": "null",
		"metadata.jumpsuit.waist_size": "null",
		"metadata.jumpsuit.hip_size": "null",
		"metadata.jumpsuit.shoulder_width": "null",
		"metadata.jumpsuit.sleeve_length": "null",
		"metadata.jumpsuit.cuffs_size": "null",
		"metadata.jumpsuit.front_rise_length": "null",
		"metadata.jumpsuit.back_rise_length": "null",
		"metadata.jumpsuit.pants_waist_size": "null"
	}
}