{
	"dataset": {
		"dataset.id": 496283,
		"dataset.name": "01_sou_099257_496283_wear_02top_02t-shirt_woman",
		"dataset.image_path": "./008.의류 통합 데이터(3-1)/원천데이터/상품/상의/t-shirt/01_sou_099257_496283_wear_02top_02t-shirt_woman.jpg",
		"dataset.label_path": "./008.의류 통합 데이터(3-1)/라벨링데이터/상품/상의/t-shirt/01_sou_099257_496283_wear_02top_02t-shirt_woman.json",
		"dataset.category": 6,
		"dataset.type": 1,
		"dataset.width": 2268,
		"dataset.height": 4032,
		"dataset.file_size": 516988
	},
	"annotation": [
		{
			"annotation_type": "Polygon",
			"annotation_id": 8,
			"annotation_point_count": 194.0,
			"annotation_point": [
				827.5813976027239,
				2304.4706006763445,
				833.6806450490476,
				2318.8473982283867,
				847.1861215373319,
				2323.63966407907,
				873.761413982018,
				2329.303250993511,
				874.197074513897,
				2329.303250993511,
				881.1676430239786,
				2330.174572057269,
				887.7025510021813,
				2331.0458931210305,
				894.6731195122629,
				2331.917214184792,
				901.6436880223446,
				2332.352874716671,
				908.1785960005473,
				2333.2241957804326,
				914.7135039787499,
				2333.6598563123116,
				922.1197330207106,
				2334.0955168441906,
				928.6546409989132,
				2334.531177376073,
				935.1895489771159,
				2335.402498439831,
				941.7244569553186,
				2335.83815897171,
				948.2593649335176,
				2336.7094800354716,
				954.7942729117203,
				2337.1451405673506,
				961.329180889923,
				2338.016461631112,
				967.8640888681257,
				2338.452122162991,
				974.8346573782073,
				2338.452122162991,
				981.805225888289,
				2338.8877826948737,
				988.7757943983706,
				2338.8877826948737,
				995.7463629084523,
				2338.8877826948737,
				1002.281270886655,
				2339.3234432267527,
				1009.6874999286156,
				2339.3234432267527,
				1016.6580684386972,
				2339.7591037586317,
				1023.6286369487825,
				2339.7591037586317,
				1030.5992054588642,
				2340.1947642905143,
				1037.5697739689458,
				2340.1947642905143,
				1044.9760030109064,
				2340.1947642905143,
				1051.946571520988,
				2340.1947642905143,
				1059.3528005629523,
				2340.1947642905143,
				1066.323369073034,
				2340.1947642905143,
				1073.2939375831156,
				2340.1947642905143,
				1080.7001666250762,
				2340.1947642905143,
				1087.6707351351579,
				2340.1947642905143,
				1095.0769641771221,
				2340.1947642905143,
				1102.0475326872038,
				2340.1947642905143,
				1109.0181011972854,
				2340.1947642905143,
				1115.988669707367,
				2340.1947642905143,
				1123.3948987493277,
				2340.1947642905143,
				1130.3654672594093,
				2340.1947642905143,
				1136.900375237612,
				2339.7591037586317,
				1143.4352832158147,
				2339.3234432267527,
				1149.9701911940174,
				2338.8877826948737,
				1178.7237862981056,
				2338.016461631112,
				1263.6775900147295,
				2333.2241957804326,
				1369.9787597934774,
				2323.63966407907,
				1424.4363262784937,
				2317.1047561008672,
				1492.3993692517943,
				2307.9558849313835,
				1531.1731565891241,
				2300.1139953575403,
				1539.4507066948463,
				2296.1930505706223,
				1544.2429725455295,
				2284.8658767417364,
				1540.7576882904868,
				2260.03322642457,
				1539.0150461629673,
				2239.557181426204,
				1532.9157987166436,
				2207.3183020670767,
				1534.6584408441668,
				2180.743009622387,
				1528.994853929722,
				2136.305635370616,
				1537.2724040354442,
				2112.77996664909,
				1531.608817121003,
				2049.6091895264726,
				1510.6971115907581,
				1951.1499093215643,
				1481.94351648667,
				1867.93874773246,
				1481.94351648667,
				1836.5711894370907,
				1487.1714428692321,
				1783.8562650795975,
				1492.3993692517943,
				1717.2002037019374,
				1499.8055982937549,
				1667.5349030676043,
				1502.419561485036,
				1646.6231975373557,
				1520.7173038239998,
				1660.12867402564,
				1565.5903386076534,
				1711.9722773193753,
				1587.37336520166,
				1734.1909644452608,
				1610.027712859428,
				1760.3305963580679,
				1630.939418389673,
				1788.648530930277,
				1637.9099868997546,
				1792.1338151853197,
				1657.07905030248,
				1788.648530930277,
				1687.5752875340877,
				1766.8655043362705,
				1701.080764022372,
				1754.2313489117478,
				1753.7956883798688,
				1714.5862405106564,
				1792.5694757171987,
				1684.5256638109277,
				1817.8377865662442,
				1656.643389770601,
				1792.5694757171987,
				1630.503757857794,
				1704.130387745532,
				1512.0040931863987,
				1607.413749668147,
				1383.9198968136443,
				1556.8771279700522,
				1322.4917618185464,
				1541.1933488223658,
				1306.372322138981,
				1540.7576882904868,
				1306.372322138981,
				1533.7871197804052,
				1302.4513773520594,
				1526.8165512703235,
				1297.6591115013798,
				1520.2816432921209,
				1293.3025061825756,
				1512.8754142501602,
				1289.8172219275366,
				1505.9048457400786,
				1284.1536350130955,
				1498.934277229997,
				1280.2326902261739,
				1491.0923876561537,
				1277.1830665030138,
				1482.379177018549,
				1275.0047638436117,
				1474.5372874447094,
				1273.6977822479712,
				1466.6953978708661,
				1271.519479588569,
				1458.853508297023,
				1269.3411769291706,
				1451.0116187231833,
				1267.1628742697685,
				1443.1697291493401,
				1265.855892674128,
				1434.892179043618,
				1263.241929482847,
				1427.0502894697747,
				1261.0636268234484,
				1419.2083998959315,
				1258.0140031002884,
				1411.366510322092,
				1255.8357004408863,
				1403.5246207482487,
				1253.6573977814842,
				1388.2765021324449,
				1248.8651319308046,
				1354.2949806457946,
				1240.1519212932035,
				1332.947614583667,
				1227.517765868677,
				1322.0561012866638,
				1231.8743711874813,
				1306.80798267086,
				1217.4975736354354,
				1296.3521299057393,
				1218.368894699197,
				1305.5010010752194,
				1224.468142145517,
				1304.1940194795789,
				1230.1317290599582,
				1295.4808088419777,
				1244.508526612004,
				1274.1334427798502,
				1258.4496636321674,
				1232.7456922512392,
				1273.6977822479712,
				1195.714547041429,
				1281.5396718218144,
				1167.3966124692197,
				1284.5892955449744,
				1109.4537617291644,
				1277.1830665030138,
				1066.759029604913,
				1261.9349478872064,
				1057.6101584354292,
				1256.7070215046479,
				1048.0256267340665,
				1250.6077740583241,
				1044.9760030109064,
				1245.379847675762,
				1058.9171400310697,
				1240.5875818250825,
				1058.9171400310697,
				1232.3100317193603,
				1040.6193976921058,
				1231.4387106555987,
				1035.3914713095437,
				1232.7456922512392,
				1028.856563331341,
				1238.4092791656803,
				1024.4999580125404,
				1243.2015450163635,
				1018.8363710980993,
				1246.2511687395236,
				1008.380518332975,
				1246.2511687395236,
				1000.1029682272529,
				1247.993810867043,
				976.1416389738479,
				1262.806268950968,
				932.1399252539559,
				1285.460616608736,
				916.4561461062694,
				1292.4311851188177,
				887.7025510021813,
				1299.4017536288993,
				872.4544323863774,
				1310.2932669259026,
				872.0187718544985,
				1310.2932669259026,
				865.0482033444168,
				1315.5211933084647,
				858.9489558980931,
				1320.7491196910232,
				852.4140479198941,
				1326.412706605468,
				846.7504610054493,
				1332.076293519909,
				841.0868740910082,
				1338.6112014981081,
				834.9876266446881,
				1344.2747884125529,
				829.759700262126,
				1350.374035858873,
				823.2247922839233,
				1356.037622773314,
				817.9968659013612,
				1362.5725307515168,
				812.33327898692,
				1368.6717781978368,
				807.1053526043579,
				1375.2066861760395,
				802.7487472855573,
				1383.0485757498827,
				798.3921419667568,
				1389.5834837280854,
				793.1642155841946,
				1396.1183917062845,
				787.9362892016325,
				1402.2176391526082,
				783.1440233509529,
				1409.1882076626898,
				777.4804364365118,
				1414.851794577131,
				772.6881705858286,
				1421.3867025553336,
				768.331565267028,
				1428.3572710654153,
				763.5392994163485,
				1435.327839575497,
				755.2617493106263,
