{
	"dataset": {
		"dataset.id": 340904,
		"dataset.name": "01_sou_068181_340904_wear_02top_02t-shirt_woman",
		"dataset.image_path": "./008.의류 통합 데이터(3-1)/원천데이터/상품/상의/t-shirt/01_sou_068181_340904_wear_02top_02t-shirt_woman.jpg",
		"dataset.label_path": "./008.의류 통합 데이터(3-1)/라벨링데이터/상품/상의/t-shirt/01_sou_068181_340904_wear_02top_02t-shirt_woman.json",
		"dataset.category": 6,
		"dataset.type": 1,
		"dataset.width": 3024,
		"dataset.height": 4032,
		"dataset.file_size": 955843
	},
	"annotation": [
		{
			"annotation_type": "Polygon",
			"annotation_id": 3,
			"annotation_point_count": 56.0,
			"annotation_point": [
				1207.6000000000004,
				1752.7000000000007,
				1263.91015625,
				1783.234375,
				1324.6015474090873,
				1804.558190560174,
				1390.2142122281002,
				1812.7597736625503,
				1424.3330078125,
				1706.958984375,
				1434.1746976568393,
				1746.3269505332992,
				1445.6569140001666,
				1884.1135466532287,
				1393.3308138070042,
				2262.206527672797,
				1427.7774628369862,
				2293.372543461828,
				1503.2320273788519,
				2319.6176093894337,
				1724.6747711430253,
				2322.8982426303846,
				1921.512765600066,
				2319.6176093894337,
				1987.1254304190807,
				2303.214443184681,
				2047.800000000001,
				2260.2000000000007,
				2017.300000000001,
				2130.300000000001,
				1963.0,
				1953.0,
				1935.0,
				1888.0,
				1943.9000000000015,
				1780.9000000000015,
				1959.0,
				1700.0,
				2011.73046875,
				1807.8388671875,
				2078.983161165701,
				1799.6372406987484,
				2144.595825984714,
				1776.6728080120938,
				2177.4021583942213,
				1750.4277420844883,
				2165.330389981591,
				1729.9377067689984,
				2049.9956276044195,
				1446.9008207706956,
				2046.8314365927,
				1435.0351044767485,
				2042.0851500751196,
				1423.1693881827996,
				2037.3388635575411,
				1412.094719641782,
				2033.383624792892,
				1401.0200511007642,
				2023.8910517577333,
				1389.9453825597466,
				2015.1895264755058,
				1384.4080482892368,
				2004.1148579344863,
				1377.2886185128682,
				1991.4580938876097,
				1369.3781409835701,
				1980.383425346592,
				1363.049758960131,
				1967.7266612997137,
				1358.3034724425524,
				1955.8609450057666,
				1355.1392814308329,
				1942.4000000000015,
				1348.800000000001,
				1933.7116079237294,
				1344.0646128898152,
				1864.890625,
				1318.7509765625,
				1821.9000000000015,
				1289.2000000000007,
				1760.9257684555305,
				1281.2971886285377,
				1664.1470878474847,
				1278.0165553875868,
				1605.0956895103718,
				1281.2971886285377,
				1562.064453125,
				1290.0458984375,
				1499.185913048348,
				1324.2188068643118,
				1447.242553399963,
				1350.1904866885034,
				1431.712890625,
				1359.0947265625,
				1420.321616272251,
				1360.9930348025118,
				1406.1000000000004,
				1368.6000000000004,
				1390.9000000000015,
				1375.2000000000007,
				1380.4528095245878,
				1382.8259527833761,
				1368.1124645788805,
				1392.318525818535,
				1356.7213769366917,
				1401.8110988536937,
				1345.3302892945012,
				1412.2529291923674,
				1340.5840027769227,
				1425.5425314415897,
				1287.4255937800353,
				1538.504150559973
			]
		}
	],
	"metadata.model": {
		"metadata.model.gender": "FEMALE",
		"metadata.model.age": "30대",
		"metadata.model.job": "office job",
		"metadata.model.type": "wear",
		"metadata.model.usually_size": "M",
		"metadata.model.body_height": "163",
		"metadata.model.waist_height": "94",
		"metadata.model.chest_size_male": "null",
		"metadata.model.breast_size_female": "95.0",
		"metadata.model.waist_size": "79",
		"metadata.model.hip_seize": "96",
		"metadata.model.back_length": "40",
		"metadata.model.shoulders_width": "45",
		"metadata.model.arm_length": "57",
		"metadata.model.weight": "57"
	},
	"metadata.clothes": {
		"metadata.clothes.type": "02top_02t-shirt",
		"metadata.clothes.season": "summer",
		"metadata.clothes.fiber_composition": "Cotton",
		"metadata.clothes.elasticity": "none",
		"metadata.clothes.transparency": "none",
		"metadata.clothes.isfleece": "fleece_none",
		"metadata.clothes.color": "White",
		"metadata.clothes.washing_method": "none",
		"metadata.clothes.bleach": "none",
		"metadata.clothes.ironing": "none",
		"metadata.clothes.drycleaning": "none",
		"metadata.clothes.wringing": "none",
		"metadata.clothes.drying": "none",
		"metadata.clothes.top_length_type": "normal",
		"metadata.clothes.sleeve_length_type": "short sleeves",
		"metadata.clothes.topneck_color_design": "round neck",
		"metadata.clothes.topsleeve_design": "basic sleeve",
		"metadata.clothes.pants_silhouette": "null",
		"metadata.clothes.skirt_design": "null",
		"metadata.top.front_length": "60.0",
		"metadata.top.chest_size": "92.0",
		"metadata.top.waist_size": "92.0",
		"metadata.top.hem_size": "92.0",
		"metadata.top.shoulder_width": "40.0",
		"metadata.top.sleeve_length": "22.0",
		"metadata.top.sleeve_cuff_size": "30.0",
		"metadata.pants.pants_length": "null",
		"metadata.pants.waist_size": "null",
		"metadata.pants.hip_size": "null",
		"metadata.pants.front_rise_length": "null",
		"metadata.pants.back_rise_length": "null",
		"metadata.pants.inner_seam_length": "null",
		"metadata.pants.pants_waist_size": "null",
		"metadata.skirt.length": "null",
		"metadata.skirt.waist_size": "null",
		"metadata.skirt.hip_size": "null",
		"metadata.skirt.hem_size": "null",
		"metadata.dress.front_length": "null",
		"metadata.dress.chest_size": "null",
		"metadata.dress.waist_size": "null",
		"metadata.dress.hip_size": "null",
		"metadata.dress.hem_size": "null",
		"metadata.dress.shoulder_width": "null",
		"metadata.dress.sleeve_length": "null",
		"metadata.dress.cuff_size": "null",
		"metadata.jumpsuit.front_length": "null",
		"metadata.jumpsuit.inner_seam_length": "null",
		"metadata.jumpsuit.chest_size": "null",
		"metadata.jumpsuit.waist_size": "null",
		"metadata.jumpsuit.hip_size": "null",
		"metadata.jumpsuit.shoulder_width": "null",
		"metadata.jumpsuit.sleeve_length": "null",
		"metadata.jumpsuit.cuffs_size": "null",
		"metadata.jumpsuit.front_rise_length": "null",
		"metadata.jumpsuit.back_rise_length": "null",
		"metadata.jumpsuit.pants_waist_size": "null"
	}
}