{
	"dataset": {
		"dataset.id": 497678,
		"dataset.name": "01_sou_099536_497678_wear_02top_02t-shirt_woman",
		"dataset.image_path": "./008.의류 통합 데이터(3-1)/원천데이터/상품/상의/t-shirt/01_sou_099536_497678_wear_02top_02t-shirt_woman.jpg",
		"dataset.label_path": "./008.의류 통합 데이터(3-1)/라벨링데이터/상품/상의/t-shirt/01_sou_099536_497678_wear_02top_02t-shirt_woman.json",
		"dataset.category": 6,
		"dataset.type": 1,
		"dataset.width": 2061,
		"dataset.height": 4000,
		"dataset.file_size": 516794
	},
	"annotation": [
		{
			"annotation_type": "Polygon",
			"annotation_id": 188,
			"annotation_point_count": 149.0,
			"annotation_point": [
				843.2175777254561,
				940.1637665818344,
				804.5010486294559,
				951.0043947287122,
				784.3684534995373,
				961.8450228755937,
				762.6871972057779,
				974.2343121863123,
				742.5546020758593,
				989.7209238247124,
				723.9706681097814,
				1002.110213135431,
				708.4840564713813,
				1022.2428082653496,
				696.0947671606627,
				1043.924064559109,
				683.7054778499405,
				1064.0566596890276,
				675.9621720307405,
				1087.2865771466277,
				657.3782380646626,
				1147.6843625363836,
				648.0862710816218,
				1169.365618830143,
				641.8916264262625,
				1192.595536287743,
				635.6969817709032,
				1215.8254537453395,
				609.3697419856253,
				1296.3558342650176,
				604.7237584941067,
				1327.329057541814,
				595.431791511066,
				1349.0103138355735,
				567.5558905619473,
				1429.5406943552516,
				544.3259731043472,
				1494.584463236526,
				524.1933779744286,
				1542.592959315567,
				502.51212168067104,
				1610.734050524523,
				483.67007752061727,
				1674.3324023195491,
				361.0677353832889,
				1885.9827613776724,
				352.0338785942222,
				1929.8614943531356,
				345.58112374489065,
				1951.8008608408672,
				327.51341016675724,
				2004.713450605399,
				315.8984514379572,
				2034.3961229123306,
				314.6079004680905,
				2036.977224852064,
				321.0606553174239,
				2042.1394287315306,
				323.6417572571572,
				2046.0110816411288,
				331.38506307635726,
				2048.592183580862,
				346.8716747147573,
				2056.335489400062,
				377.8448979915556,
				2076.984304917929,
				395.9126115696872,
				2082.1465087973957,
				441.0818955150189,
				2087.3087126768623,
				459.1496090931505,
				2089.8898146165957,
				473.3456697616839,
				2053.754387460329,
				499.1566891590155,
				1993.0984918766007,
				515.9338517672804,
				1978.9024312080655,
				549.4881769838139,
				1931.1520453230005,
				608.8535215976772,
				1820.164661914474,
				687.5771307595387,
				1665.2985455304806,
				750.8141282830038,
				1546.567856302754,
				783.078125,
				1457.51953125,
				771.4629438008706,
				1821.4552128843388,
				765.0101889515354,
				1855.0095381008723,
				758.5574341022038,
				1922.1181885339356,
				762.429087011802,
				1949.219758901134,
				755.9763321624705,
				1976.3213292683322,
				750.8141282830038,
				2015.0378583643324,
				758.5574341022038,
				2030.5244700027324,
				792.1117593187373,
				2043.4299797013955,
				841.1526961736672,
				2046.0110816411288,
				903.0991427272638,
				2047.3016326109973,
				1043.769198442722,
				2047.3016326109973,
				1216.7030284048487,
				2036.977224852064,
				1388.346307397107,
				2031.8150209725973,
				1449.0022029808388,
				2020.200062243799,
				1494.1714869261705,
				2011.1662054547305,
				1496.7525888659038,
				1978.9024312080655,
				1489.0092830467038,
				1962.1252685998006,
				1486.4281811069704,
				1936.3142492024672,
				1496.7525888659038,
				1907.922127865404,
				1496.7525888659038,
				1811.130805125409,
				1494.1714869261705,
				1756.9276643910089,
				1470.9415694685704,
				1692.400115897679,
				1436.096693282172,
				1599.4804460672858,
				1412.866775824572,
				1532.3717956342225,
				1410.2856738848386,
				1500.108021387554,
				1411.576224854707,
				1480.7497568395556,
				1416.7384287341738,
				1461.3914922915574,
				1411.576224854707,
				1403.316698647559,
				1428.353515625,
				1433.0,
				1494.0,
				1601.0,
				1726.0,
				1952.0,
				1742.9897139164532,
				2038.1645317443435,
				1755.3790032271718,
				2042.810515235862,
				1772.414276029409,
				2039.7131929081806,
				1798.7415158146905,
				2033.5185482528213,
				1840.5553672383685,
				2022.6779201059435,
				1856.0419788767686,
				2014.9346142867435,
				1882.3692186620465,
				2002.5453249760249,
				1902.501953125,
				1987.05859375,
				1861.0,
				1860.0,
				1764.0,
				1716.0,
				1751.0,
				1613.0,
				1710.4678294758123,
				1500.779107891889,
				1699.6272013289345,
				1480.6465127619667,
				1682.5919285266937,
				1465.1599011235703,
				1657.8133499052565,
				1441.9299836659702,
				1654.716027577575,
				1424.8947108637294,
				1643.8753994306971,
				1393.921487586933,
				1634.5834324476564,
				1362.9482643101328,
				1626.8401266284563,
				1341.2670080163734,
				1609.8048538262192,
				1293.2585119373362,
				1603.61020917086,
				1270.0285944797397,
				1595.8669033516599,
				1237.5067100390988,
				1591.2209198601377,
				1212.7281314176616,
				1589.6722586963006,
				1189.4982139600615,
				1581.9289528771005,
				1150.781684864065,
				1574.1856470579005,
				1127.551767406465,
				1558.6990354195004,
				1099.6758664573463,
				1549.4070684364597,
				1076.4459489997462,
				1533.9204567980632,
				1057.8620150336683,
				1518.4338451596632,
				1037.7294199037497,
				1504.4958946851038,
				1017.596824773831,
				1489.0092830467038,
				999.0128908077495,
				1470.425349080626,
				983.5262791693531,
				1448.7440927868665,
				972.6856510224716,
				1427.0628364931072,
				963.3936840394344,
				1402.2842578716663,
				957.1990393840715,
				1379.0543404140699,
				947.9070724010344,
				1358.9217452841513,
				932.4204607626343,
				1335.6918278265512,
				924.6771549434343,
				1315.5592326966325,
				909.1905433050342,
				1312.461910368951,
				887.5092870112749,
				1310.913249205114,
				872.0226753728784,
				1304.718604549751,
				854.9874025706376,
				1301.6212822220732,
				851.8900802429562,
				1278.391364764473,
				850.3414190791191,
				1255.1614473068767,
				858.0847248983191,
				1231.9315298492766,
				865.8280307175155,
				1214.8962570470358,
				879.7659811920748,
				1224.1882240300765,
				902.9958986496749,
				1228.834207521595,
				923.1284937795936,
				1211.798934719358,
				941.7124277456751,
				1193.2150007532764,
				955.6503782202344,
				1176.1797279510392,
				974.2343121863123,
				1166.8877609679985,
				995.9155684800717,
				1148.3038270019206,
				1006.7561966269495,
				1131.2685541996798,
				981.9776180055123,
				1114.2332813974426,
				963.3936840394344,
				1094.100686267524,
				947.9070724010344,
				1075.5167523014425,
				932.4204607626343,
				1056.9328183353646,
				915.3851879603935,
				1039.8975455331238,
				898.3499151581564,
				1022.8622727308866,
				879.7659811920748,
				1007.3756610924866,
				861.1820472259969,
				993.4377106179272,
				842.598113259919,
				981.0484213072086,
				820.9168569661597,
				957.8185038496085,
				814.7222123108004,
				937.6859087196899,
				825.5628404576782,
				922.1992970812898,
				837.9521297683968,
				903.615363115212,
				853.4387414067969,
				903.615363115212,
				876.668658864397,
				897.4207184598527,
				878.2173200282377,
				886.5800903129712,
				892.1552705027971,
				874.1908010022526,
				913.8365267965564,
				863.349609375,
				933.96875
			]
		}
	],
	"metadata.model": {
		"metadata.model.gender": "FEMALE",
		"metadata.model.age": "20대",
		"metadata.model.job": "homemaker",
		"metadata.model.type": "wear",
		"metadata.model.usually_size": "S",
		"metadata.model.body_height": "148",
		"metadata.model.waist_height": "85",
		"metadata.model.chest_size_male": "null",
		"metadata.model.breast_size_female": "85.0",
		"metadata.model.waist_size": "83",
		"metadata.model.hip_seize": "90",
		"metadata.model.back_length": "39",
		"metadata.model.shoulders_width": "39",