{
	"dataset": {
		"dataset.id": 133912,
		"dataset.name": "01_sou_026783_133912_back_02top_02t-shirt_man",
		"dataset.image_path": "./008.의류 통합 데이터(3-1)/원천데이터/상품/상의/t-shirt/01_sou_026783_133912_back_02top_02t-shirt_man.jpg",
		"dataset.label_path": "./008.의류 통합 데이터(3-1)/라벨링데이터/상품/상의/t-shirt/01_sou_026783_133912_back_02top_02t-shirt_man.json",
		"dataset.category": 6,
		"dataset.type": 1,
		"dataset.width": 906,
		"dataset.height": 1080,
		"dataset.file_size": 173704
	},
	"annotation": [
		{
			"annotation_type": "Polygon",
			"annotation_id": 100,
			"annotation_point_count": 124.0,
			"annotation_point": [
				48.5,
				324.5,
				53.0,
				341.0,
				98.0,
				424.0,
				110.8017578125,
				467.7197265625,
				118.92381416504577,
				475.3342267706339,
				139.22920727745623,
				468.7349740091013,
				164.1033138401599,
				464.6738953866188,
				189.5,
				461.10000000000036,
				188.5,
				471.3000000000011,
				183.0,
				491.0,
				180.0,
				553.0,
				181.0,
				721.0,
				175.0,
				788.0,
				171.0,
				884.0,
				193.70703125,
				890.900390625,
				270.27513807667856,
				900.6306855100775,
				359.9572909898252,
				899.3615984405515,
				444.14006660169434,
				897.2464533246748,
				526.630726120864,
				897.6694823478501,
				594.7383988520742,
				895.9773662551488,
				655.2315491661284,
				895.1313082087981,
				718.2628736192382,
				891.7470760233955,
				736.4531216157739,
				887.9398148148211,
				732.6458604071959,
				839.7145061728443,
				730.5307152913192,
				783.4516460905397,
				723.7622509205175,
				690.8082900151676,
				722.0701348278162,
				581.2437730127822,
				715.2000000000007,
				500.10000000000036,
				710.6484375,
				475.486328125,
				714.8786414338356,
				465.7568496859476,
				715.7246994801862,
				454.7580950833926,
				712.7634963179589,
				446.72054364306314,
				719.9549897119396,
				446.2975146198878,
				734.0,
				453.0,
				754.6000000000022,
				460.60000000000036,
				794.0,
				463.5,
				801.043568736146,
				454.5591414814917,
				812.3704450613004,
				431.19745906086246,
				822.2814618458106,
				408.0717532303388,
				834.5522445313945,
				376.45089015595113,
				847.2949803971933,
				352.61725455510714,
				851.306582429017,
				343.17819095081177,
				854.845703125,
				331.1435546875,
				841.0,
				322.5,
				734.2912168779167,
				271.56472133636817,
				730.2796148460911,
				269.2049554352943,
				726.9759425845878,
				268.0250724847574,
				723.6722703230844,
				266.3732363540057,
				720.6045746516884,
				264.721400223254,
				717.5368789802924,
				263.06956409250233,
				714.4691833088964,
				260.7097981914285,
				711.1655110473948,
				258.58600888046203,
				707.3898856056767,
				256.4622195694974,
				703.8502367540659,
				254.57440684863832,
				701.4904708529921,
				252.92257071788663,
				697.9508220013813,
				251.27073458713494,
				694.4111731497705,
				249.14694527616848,
				691.1075008882672,
				247.4951091454168,
				687.331875446549,
				245.60729642455772,
				683.3202734147235,
				244.1914368839134,
				680.2525777433275,
				242.7755773432691,
				676.7129288917167,
				241.12374121251742,
				672.4653502697856,
				239.47190508176573,
				667.9817950577453,
				237.82006895101404,
				665.1500759764567,
				236.40420941036973,
				661.8464037149533,
				234.51639668951066,
				657.5988250930204,
				232.86456055875897,
				653.5872230611949,
				230.9767478378999,
				649.8115976194767,
				229.08893511704082,
				646.5079253579734,
				227.43709898628913,
				643.20425309647,
				225.78526285553744,
				639.4286276547518,
				223.66147354457098,
				636.1249553932485,
				221.53768423360452,
				632.5853065416395,
				220.12182469296022,
				629.75390625,
				219.177734375,
				600.6692657569874,
				210.34884665367463,
				549.3981481481533,
				193.59689733593586,
				536.1996426250844,
				192.0739928525054,
				523.5087719298281,
				186.49000974659248,
				512.8484405458112,
				194.10453216374663,
				501.1728395061764,
				204.7648635477617,
				486.9590643274896,
				211.8717511371051,
				472.2376543209921,
				216.94809941520907,
				457.5162443144927,
				217.45573424301801,
				438.2261208577038,
				217.45573424301801,
				419.4436322287238,
				214.40992527615708,
				406.7527615334675,
				209.84121182586387,
				395.0771604938309,
				203.24195906433124,
				381.37109375,
				189.5361328125,
				371.8310546875,
				187.79296875,
				300.33026767045703,
				212.80655039963312,
				297.4985485891684,
				213.98643335017005,
				293.95889973755766,
				214.93033971059958,
				289.9472977057321,
				216.3461992512439,
				286.40764885412136,
				217.7620587918882,
				282.8680000025124,
				219.17791833253068,
				279.8003043311164,
				220.12182469296022,
				275.5527257091835,
				221.30170764349714,
				271.77710026746536,
				222.24561400392668,
				268.0014748257472,
				223.4254969544636,
				264.46182597413645,
				224.36940331489313,
				260.9221771225257,
				225.31330967532267,
				257.14655168080753,
				226.4931926258596,
				254.07885600941154,
				227.43709898628913,
				250.53920715780077,
				228.61698193682605,
				247.2355348962974,
				230.03284147747036,
				243.22393286447368,
				231.44870101811466,
				239.68428401286292,
				232.62858396865158,
				235.90865857114477,
				234.0444435092959,
				232.6049863096414,
				235.93225623015496,
				229.06533745803063,
				236.8761625905845,
				225.0537354262051,
				237.82006895101404,
				221.9860397548091,
				238.76397531144357,
				218.68236749330572,
				240.88776462241003,
				215.37869523180234,
				243.0115539333765,
				212.07502297029896,
				244.89936665423556,
				208.77135070879558,
				246.78717937509464,
				205.23170185718664,
				248.6749920959537,
				202.6359593660054,
				249.85487504649063,
				198.86033392428726,
				251.7426877673497,
				195.3206850726765,
				252.92257071788663,
				191.30908304085096,
				255.51831320906786,
				188.24138736945497,
				257.4061259299251,
				133.49481846454364,
				285.7233167428112
			]
		}
	],
	"metadata.model": {
		"metadata.model.gender": "MALE",
		"metadata.model.age": "20대",
		"metadata.model.job": "not employed",
		"metadata.model.type": "back",
		"metadata.model.usually_size": "XL",
		"metadata.model.body_height": "175",
		"metadata.model.waist_height": "101",
		"metadata.model.chest_size_male": "92.0",
		"metadata.model.breast_size_female": "null",
		"metadata.model.waist_size": "89",
		"metadata.model.hip_seize": "97",
		"metadata.model.back_length": "53",
		"metadata.model.shoulders_width": "49",
		"metadata.model.arm_length": "60",
		"metadata.model.weight": "73"
	},
	"metadata.clothes": {
		"metadata.clothes.type": "02top_02t-shirt",
		"metadata.clothes.season": "summer",
		"metadata.clothes.fiber_composition": "synthetic fiber Others",
		"metadata.clothes.elasticity": "contain a lot",
		"metadata.clothes.transparency": "none",
		"metadata.clothes.isfleece": "fleece_none",
		"metadata.clothes.color": "Gray",
		"metadata.clothes.washing_method": "Washing30",
		"metadata.clothes.bleach": " Do not chlorine bleach",
		"metadata.clothes.ironing": "none",
		"metadata.clothes.drycleaning": "none",
		"metadata.clothes.wringing": "none",
		"metadata.clothes.drying": "Drip dry in shade",
		"metadata.clothes.top_length_type": "long",
		"metadata.clothes.sleeve_length_type": "short sleeves",
		"metadata.clothes.topneck_color_design": "round neck",
		"metadata.clothes.topsleeve_design": "basic sleeve",
		"metadata.clothes.pants_silhouette": "null",
		"metadata.clothes.skirt_design": "null",
		"metadata.top.front_length": "65.0",
		"metadata.top.chest_size": "104.0",
		"metadata.top.waist_size": "104.0",
		"metadata.top.hem_size": "102.0",
		"metadata.top.shoulder_width": "50.0",
		"metadata.top.sleeve_length": "19.0",
		"metadata.top.sleeve_cuff_size": "32.0",
		"metadata.pants.pants_length": "null",
		"metadata.pants.waist_size": "null",
		"metadata.pants.hip_size": "null",