{
	"dataset": {
		"dataset.id": 449148,
		"dataset.name": "01_sou_089830_449148_wear_02top_02t-shirt_man",
		"dataset.image_path": "./008.의류 통합 데이터(3-1)/원천데이터/상품/상의/t-shirt/01_sou_089830_449148_wear_02top_02t-shirt_man.jpg",
		"dataset.label_path": "./008.의류 통합 데이터(3-1)/라벨링데이터/상품/상의/t-shirt/01_sou_089830_449148_wear_02top_02t-shirt_man.json",
		"dataset.category": 6,
		"dataset.type": 1,
		"dataset.width": 1960,
		"dataset.height": 4032,
		"dataset.file_size": 555464
	},
	"annotation": [
		{
			"annotation_type": "Polygon",
			"annotation_id": 23,
			"annotation_point_count": 155.0,
			"annotation_point": [
				642.9404296875,
				2023.611328125,
				607.7007885261846,
				2039.4682976981967,
				600.65295436831,
				2050.921028204739,
				597.1290372893727,
				2064.1357172507524,
				597.1290372893727,
				2078.231385566498,
				600.65295436831,
				2092.327053882247,
				606.8198092564489,
				2104.660763658525,
				602.4149129077778,
				2117.8754527045385,
				593.6051202104372,
				2129.3281832110843,
				585.6763067828288,
				2139.8999344478943,
				582.1523897038915,
				2153.114623493904,
				578.628472624956,
				2166.3293125399177,
				577.7474933552221,
				2180.424980855667,
				575.1045555460187,
				2193.6396699016805,
				572.4616177368152,
				2205.9733796779583,
				565.4137835789425,
				2220.9500272634396,
				555.7230116118662,
				2232.4027577699817,
				546.9132189145239,
				2242.974509006792,
				540.746364026385,
				2254.4272395133376,
				537.2224469474477,
				2268.5229078290868,
				535.4604884079799,
				2283.499555414568,
				535.4604884079799,
				2298.4762030000493,
				523.1267786317021,
				2303.7620786184525,
				512.5550273948902,
				2313.4528505855305,
				504.62621396728355,
				2325.7865603618084,
				503.7452346975497,
				2340.7632079472896,
				503.7452346975497,
				2354.858876263035,
				503.7452346975497,
				2370.716503118252,
				503.7452346975497,
				2385.6931507037334,
				500.2213176186124,
				2399.788819019479,
				495.8164212699412,
				2412.1225287957604,
				491.41152492127003,
				2420.932321493099,
				471.1490017173837,
				2454.409533743001,
				515.1979652040936,
				2473.791077677153,
				578.628472624956,
				2477.3149947560887,
				582.1523897038915,
				2462.3383471706074,
				588.3192445920322,
				2413.884487335228,
				603.2958921775135,
				2391.8600055918723,
				622.6774361116659,
				2381.2882543550622,
				645.5828971247538,
				2370.716503118252,
				643.8209385852861,
				2358.3827933419743,
				656.1546483615639,
				2348.6920213748963,
				677.2981508351859,
				2324.9055810920727,
				671.1312959470451,
				2311.690892046059,
				686.1079435325264,
				2307.285995697388,
				704.608508196945,
				2296.714244460578,
				744.2525753349837,
				2213.0212138358293,
				748.6574716836549,
				2213.902193105565,
				797.111331519036,
				2124.0423075926774,
				793.5874144400987,
				2110.827618546664,
				808.5640620255799,
				2105.5417429282606,
				833.2000000000007,
				2043.9000000000015,
				826.0,
				2094.0,
				807.0,
				2223.0,
				755.0,
				2391.0,
				758.0,
				2462.0,
				800.0,
				2509.0,
				785.0,
				2606.0,
				815.0,
				2634.0,
				973.8000000000011,
				2668.100000000002,
				1171.2000000000007,
				2680.9000000000015,
				1328.5,
				2670.7000000000007,
				1356.2999999999993,
				2639.600000000002,
				1361.2000000000007,
				2579.0,
				1382.2999999999993,
				2477.9000000000015,
				1377.0,
				2157.0,
				1385.0,
				2153.0,
				1411.0,
				2196.0,
				1449.4000000000015,
				2322.7999999999993,
				1501.0,
				2364.0,
				1505.0,
				2391.0,
				1531.0,
				2427.0,
				1531.0,
				2450.0,
				1560.920358378582,
				2472.9100984074175,
				1565.3252547272532,
				2487.0057667231667,
				1592.6356120890123,
				2524.887875321736,
				1603.2073633258224,
				2554.8411704926984,
				1627.874782878378,
				2554.8411704926984,
				1668.3998292861543,
				2543.3884399861527,
				1695.7101866479134,
				2519.601999703329,
				1694.8292073781777,
				2508.149269196787,
				1685.1384354111033,
				2497.577517959977,
				1679.8525597926964,
				2483.4818496442276,
				1675.4476634440252,
				2469.386181328482,
				1667.5188500164186,
				2458.814430091672,
				1657.8280780493405,
				2449.123658124594,
				1657.8280780493405,
				2435.9089690785804,
				1663.994932937483,
				2420.932321493099,
				1670.161787825622,
				2411.2415495260248,
				1672.8047256348218,
				2396.2649019405435,
				1662.2329743980117,
				2383.05021289453,
				1654.304160970405,
				2374.2404201971876,
				1663.1139536677474,
				2363.6686689603775,
				1671.042767095354,
				2351.3349591840997,
				1662.2329743980117,
				2340.7632079472896,
				1650.7802438914696,
				2335.4773323288828,
				1640.2084926546595,
				2325.7865603618084,
				1634.0416377665206,
				2309.0479542368594,
				1634.041015625,
				2299.357421875,
				1613.0,
				2219.0,
				1537.6000000000022,
				1981.0,
				1477.2273277538334,
				1797.198998521293,
				1473.7034106748943,
				1790.1511643634185,
				1469.2985143262267,
				1776.936475317405,
				1463.1316594380842,
				1761.9598277319237,
				1458.726763089413,
				1749.626117955646,
				1450.7979496618063,
				1738.1733874491001,
				1443.7501155039317,
				1724.0777191333545,
				1434.940322806593,
				1711.7440093570767,
				1426.1305301092507,
				1700.291278850531,
				1414.677799602705,
				1691.4814861531886,
				1404.1060483658948,
				1680.9097349163785,
				1377.6766702738678,
				1664.1711287914295,
				1333.6277067871597,
				1645.6705641270091,
				1325.698893359553,
				1631.5748958112636,
				1288.697764030716,
				1615.7172689560466,
				1281.6499298728413,
				1614.8362896863146,
				1265.792303017628,
				1606.0264969889722,
				1245.5297798137399,
				1592.8118079429587,
				1249.0536968926754,
				1598.0976835613656,
				1240.243904195333,
				1638.6227299691382,
				1203.2427748664995,
				1673.861900758504,
				1163.598707728459,
				1695.005403232124,
				1073.7388222155714,
				1698.5293203110632,
				1034.0947550775345,
				1682.6716934558463,
				993.5697086697619,
				1656.2423153638192,
				972.4262061961399,
				1631.5748958112636,
				969.7832683869365,
				1620.1221653047178,
				969.7832683869365,
				1607.78845552844,
				966.259351308001,
				1596.3357250218942,
				949.5207451830502,
				1605.1455177192365,
				936.3060561370385,
				1611.3123726073754,
				923.9723463607588,
				1614.8362896863146,
				910.7576573147471,
				1618.36020676525,
				896.6619889989997,
				1622.7651031139212,
				882.5663206832523,
				1628.9319580020601,
				868.470652367505,
				1635.098812890199,
				858.7798804004287,
				1639.5037092388702,
				844.7000000000007,
				1643.0,
				829.7075644992001,
				1647.4325226664805,
				816.4928754531884,
				1652.7183982848837,
				812.96875,
				1668.576171875,
				812.96875,
				1668.576171875,
				779.4917461243513,
				1723.1967398636189,
				775.967829045414,
				1735.5304496398967,
				767.1580363480734,
				1746.1022008767068,
				754.8243265717938,
				1768.1266826200626,
				747.776492413921,
				1779.5794131266084,
				741.6096375257821,
				1791.0321436331506,
				735.4427826376414,
				1804.246832679164,
				730.1569070192363,
				1816.5805424554455,
				723.1090728613635,
				1829.7952315014554,
				717.8231972429585,
				1843.8908998172046,
				709.89438381535,
				1855.3436303237468,
				701.9655703877434,
				1867.6773401000282
			]
		}
	],
	"metadata.model": {
		"metadata.model.gender": "MALE",
		"metadata.model.age": "40대",
		"metadata.model.job": "service job",
		"metadata.model.type": "wear",
		"metadata.model.usually_size": "L",
		"metadata.model.body_height": "173",
		"metadata.model.waist_height": "100",
		"metadata.model.chest_size_male": "92.0",
		"metadata.model.breast_size_female": "null",
		"metadata.model.waist_size": "85",
		"metadata.model.hip_seize": "93",
		"metadata.model.back_length": "45",
		"metadata.model.shoulders_width": "43",