{
	"dataset": {
		"dataset.id": 91065,
		"dataset.name": "01_sou_018213_091065_wear_02top_02t-shirt_woman",
		"dataset.image_path": "./008.의류 통합 데이터(3-1)/원천데이터/상품/상의/t-shirt/01_sou_018213_091065_wear_02top_02t-shirt_woman.jpg",
		"dataset.label_path": "./008.의류 통합 데이터(3-1)/라벨링데이터/상품/상의/t-shirt/01_sou_018213_091065_wear_02top_02t-shirt_woman.json",
		"dataset.category": 6,
		"dataset.type": 1,
		"dataset.width": 607,
		"dataset.height": 1080,
		"dataset.file_size": 53483
	},
	"annotation": [
		{
			"annotation_type": "Polygon",
			"annotation_id": 52,
			"annotation_point_count": 232.0,
			"annotation_point": [
				332.197265625,
				349.9111328125,
				328.8069656641601,
				352.45364313567006,
				326.476199963563,
				353.9368576724137,
				324.5692098448926,
				354.5725210453038,
				323.29788309911237,
				356.69139895493754,
				320.11956623466176,
				360.2934914013149,
				316.5,
				362.0,
				313.12726913287224,
				365.8025739663608,
				309.73706447745826,
				367.07390071214104,
				305.4993086581908,
				367.4976762940678,
				299.7783383021797,
				367.4976762940678,
				296.17624585580415,
				367.70956408503116,
				292.10000000000036,
				377.90000000000146,
				286.90000000000146,
				389.7000000000007,
				283.90000000000146,
				395.5,
				278.5895592058441,
				399.91650831146217,
				277.953895832954,
				393.55987458256095,
				277.53012025102726,
				388.68645539040335,
				276.6825690871756,
				380.2109437518702,
				275.6231301323587,
				371.3116565314085,
				275.41124234139534,
				364.1074716386556,
				271.3000000000011,
				367.5,
				266.42720000454756,
				370.71837071671143,
				265.1558732587673,
				369.87081955285794,
				263.8845465129889,
				370.0827073438213,
				263.0369953491354,
				371.35403408960156,
				264.09643430395226,
				373.68479979019867,
				267.27475116840105,
				377.07500444561265,
				267.0628633774377,
				378.3463311913929,
				260.28245406661154,
				378.55821898235627,
				253.5,
				381.10000000000036,
				243.90000000000146,
				388.60000000000036,
				233.3000000000011,
				403.3000000000011,
				226.02734375,
				419.869140625,
				225.5,
				424.0,
				225.32096855765667,
				426.5967126569285,
				223.9083832845663,
				433.46540854732484,
				222.6723711706145,
				440.8814812310429,
				221.25978589752594,
				446.53182232339896,
				220.90663957925244,
				451.8466744133966,
				218.08146903307534,
				455.890199757614,
				218.25804219221027,
				459.43932025624963,
				218.25804219221027,
				463.48284560046704,
				218.25804219221027,
				465.9725271442858,
				215.78601796430485,
				468.62112453132795,
				214.19685953207954,
				471.78178407986525,
				214.3734326912163,
				475.33090457850085,
				214.72657900948798,
				478.49156412703815,
				212.60770109985424,
				482.1996004688972,
				210.6650390625,
				485.572265625,
				210.4888231902205,
				489.61567315261345,
				209.07623791713195,
				492.2642705396556,
				207.10000000000036,
				495.8000000000011,
				205.54477473440966,
				497.75569578879004,
				202.71960418823255,
				500.7397821781906,
				202.40000000000146,
				504.60000000000036,
				202.71960418823255,
				509.0387206575888,
				200.2475799603253,
				510.6455364057274,
				197.95212889155664,
				511.1575985672207,
				197.0692630958747,
				512.9233301585828,
				196.71611677760302,
				515.9250738638966,
				195.8332509819229,
				518.0439517735304,
				192.5,
				524.2000000000007,
				189.4766172530217,
				529.3622912741557,
				187.35773934338795,
				534.1297665708316,
				185.10000000000036,
				542.2000000000007,
				179.2705078125,
				557.7021484375,
				177.32838390445613,
				560.5274538616832,
				176.09237179050433,
				562.1166122939085,
				175.40000000000146,
				566.9000000000015,
				174.10000000000036,
				571.3000000000011,
				170.9716796875,
				576.7724609375,
				170.3000000000011,
				581.0,
				169.40000000000146,
				583.3000000000011,
				166.73399435628926,
				585.7774156181495,
				163.90882381011033,
				589.1323056417368,
				161.4367995822049,
				592.1340493470507,
				159.5,
				598.0,
				157.72876324034587,
				603.258158372626,
				156.31617796725732,
				608.3787799875736,
				151.19555635230972,
				617.384011103517,
				147.6640625,
				623.564453125,
				147.84066632872236,
				623.7406448324164,
				147.84066632872236,
				623.7406448324164,
				146.25150789649706,
				631.6864369935429,
				144.8000000000011,
				638.0,
				141.6606057589579,
				644.752850769617,
				138.70000000000073,
				650.6000000000004,
				136.40000000000146,
				655.5,
				135.12739887092175,
				659.4084229779146,
				135.83369150746694,
				662.0570203649568,
				137.95256941709886,
				663.2930324789104,
				142.36689839550309,
				663.2930324789104,
				146.95780053304225,
				663.6461787971821,
				152.40000000000146,
				663.3000000000011,
				156.10000000000036,
				662.1000000000004,
				160.70000000000073,
				662.2000000000007,
				166.0,
				662.0,
				173.8000000000011,
				663.5,
				176.8000000000011,
				663.3000000000011,
				177.5,
				660.1000000000004,
				179.0941154958182,
				656.5832524317375,
				178.70000000000073,
				650.4000000000015,
				179.62383497322662,
				647.5780213157941,
				180.85984708717842,
				641.5745339051664,
				182.2724323602688,
				633.8053149031766,
				182.978515625,
				631.86328125,
				185.98046870212602,
				629.2144127656375,
				188.6290660891682,
				624.4469374689616,
				190.2182245213935,
				621.092047445376,
				192.16052927189048,
				615.7948526712917,
				196.0,
				609.4000000000015,
				200.5,
				601.3000000000011,
				203.2846382974676,
				595.665512529773,
				206.99267463932665,
				588.9557324826001,
				210.70071098118387,
				582.7756719128356,
				212.99616204995436,
				579.2442087301133,
				215.3000000000011,
				573.9000000000015,
				220.10000000000036,
				569.0,
				220.58880789280738,
				566.8840875905844,
				222.35453948416944,
				564.4120633626771,
				225.3562831894833,
				560.3508807025464,
				226.9454416217086,
				565.471502317494,
				227.12201478084535,
				572.1812823646669,
				227.47516109911703,
				578.3613429344314,
				227.65173425825378,
				584.8945498224693,
				228.18145373566222,
				593.3700614610025,
				227.6513671875,
				599.0205078125,
				226.06257582602848,
				611.0273773746158,
				224.29684423466642,
				626.742388537732,
				224.12027107552967,
				641.044814427758,
				223.59055159812124,
				655.8769597951923,
				223.767124757258,
				658.7021303413712,
				229.20000000000073,
				659.8000000000011,
				232.59578271406463,
				661.3507277284134,
				234.71466062369836,
				664.1758982745905,
				235.9501953125,
				665.2353515625,
				236.4803922150586,
				670.1793856852182,
				244.24961121704837,
				674.063995186214,
				248.6639401954526,
				675.4765804593026,
				258.72861026621104,
				676.3594462549827,
				272.3247435196936,
				677.0657388915279,
				282.38941359045384,
				676.1828730958478,
				297.0,
				676.0,
				308.3456679834635,
				676.006299936711,
				322.5947265625,
				675.935546875,
				339.90000000000146,
				675.4000000000015,
				357.0268879572941,
				675.5825243547843,
				375.74364282572424,
				676.9951096278728,
				391.8118003071122,
				678.4076949009632,
				391.8118003071122,
				653.5108794627686,
				392.7000000000007,
				651.4000000000015,
				392.5180929436574,
				647.1542457338674,
				392.1649466253839,
				644.5056483468252,
				391.8118003071122,
				640.797612004968,
				392.5180929436574,
				638.5021609361975,
				393.047812421064,
				630.9095150933445,
				391.98837346624896,
				628.0843445471655,
				392.0,
				620.1000000000004,
				394.990234375,
				615.37109375,
				394.990234375,
				615.37109375,
				394.81354401242606,
				612.8990528614595,
				395.51983664897125,
				606.1892728142866,
				395.87298296724293,
				595.2417369478462,
				395.51983664897125,
				587.2959447867197,
				393.75390625,
				579.8798828125,
