{
	"dataset": {
		"dataset.id": 37502,
		"dataset.name": "01_sou_007501_037502_back_02top_02t-shirt_man",
		"dataset.image_path": "./008.의류 통합 데이터(3-1)/원천데이터/상품/상의/t-shirt/01_sou_007501_037502_back_02top_02t-shirt_man.jpg",
		"dataset.label_path": "./008.의류 통합 데이터(3-1)/라벨링데이터/상품/상의/t-shirt/01_sou_007501_037502_back_02top_02t-shirt_man.json",
		"dataset.category": 6,
		"dataset.type": 1,
		"dataset.width": 810,
		"dataset.height": 1080,
		"dataset.file_size": 78987
	},
	"annotation": [
		{
			"annotation_type": "Polygon",
			"annotation_id": 408,
			"annotation_point_count": 60.0,
			"annotation_point": [
				375.09999999999854,
				330.0,
				332.3055761539581,
				351.2613815439836,
				312.00872908241945,
				354.5233748233368,
				293.52410049940954,
				362.1346924751633,
				279.7512399865809,
				373.0080034063467,
				270.6901475439299,
				375.90755298799195,
				265.61593577604435,
				383.5188706398185,
				226.833984375,
				406.71484375,
				44.5,
				510.0,
				34.7393003372963,
				519.7977009772949,
				21.328883522171964,
				528.8587934199459,
				10.093128893284302,
				535.020336280948,
				38.00129361664949,
				578.5135800056742,
				65.90945834001468,
				563.2909447020211,
				70.62122641019232,
				563.2909447020211,
				75.6954381780779,
				558.2167329341319,
				105.77826508767976,
				551.6927463754255,
				172.10546176788557,
				532.1207866992991,
				205.45028195684426,
				519.7977009772949,
				228.64667861002818,
				509.64927744152374,
				271.41503493934215,
				490.80220516080954,
				281.92578125,
				488.990234375,
				274.7000000000007,
				571.4000000000015,
				277.40000000000146,
				614.5999999999985,
				278.64578670857736,
				628.4643622778603,
				284.6865234375,
				665.3125,
				293.0,
				703.7000000000007,
				343.40000000000146,
				702.4000000000015,
				417.3000000000029,
				704.0,
				480.7000000000007,
				707.4000000000015,
				546.3859665681775,
				707.3462059313824,
				546.3859665681775,
				673.9963518021796,
				547.4682637210499,
				671.4793816792226,
				547.4682637210499,
				667.125023366505,
				552.9049191866397,
				613.8407658634678,
				556.5293561637009,
				555.4973984132885,
				563.1993269895393,
				513.5898458660267,
				563.1993269895393,
				501.0049952512345,
				566.219691137092,
				486.65826555036983,
				577.5458984375,
				489.4267578125,
				588.3690282191274,
				493.70578189465596,
				597.4301206617783,
				493.70578189465596,
				603.974609375,
				502.7666015625,
				622.9000000000015,
				518.9000000000015,
				701.0,
				560.5,
				737.5999999999985,
				571.9000000000015,
				776.0,
				600.3000000000029,
				780.8000000000029,
				592.7000000000007,
				790.5999999999985,
				577.4000000000015,
				805.5999999999985,
				561.9000000000015,
				757.0999999999985,
				513.9000000000015,
				698.7000000000007,
				469.59999999999854,
				527.5663037409286,
				358.4045226130693,
				514.8290061418229,
				353.34450027917774,
				499.5616973757715,
				351.1634561697392,
				488.6564768285898,
				346.9322305974347,
				472.953125,
				342.5703125,
				456.90000000000146,
				334.90000000000146,
				432.0,
				340.0,
				405.0,
				340.0
			]
		}
	],
	"metadata.model": {
		"metadata.model.gender": "MALE",
		"metadata.model.age": "40대",
		"metadata.model.job": "Others",
		"metadata.model.type": "back",
		"metadata.model.usually_size": "M",
		"metadata.model.body_height": "163",
		"metadata.model.waist_height": "96",
		"metadata.model.chest_size_male": "95.0",
		"metadata.model.breast_size_female": "null",
		"metadata.model.waist_size": "88",
		"metadata.model.hip_seize": "94",
		"metadata.model.back_length": "41",
		"metadata.model.shoulders_width": "40",
		"metadata.model.arm_length": "50",
		"metadata.model.weight": "66"
	},
	"metadata.clothes": {
		"metadata.clothes.type": "02top_02t-shirt",
		"metadata.clothes.season": "spring&fall",
		"metadata.clothes.fiber_composition": "Cotton",
		"metadata.clothes.elasticity": "contain",
		"metadata.clothes.transparency": "none at all",
		"metadata.clothes.isfleece": "fleece_none",
		"metadata.clothes.color": "Black",
		"metadata.clothes.washing_method": "Washing30",
		"metadata.clothes.bleach": "Do not chlorine bleach",
		"metadata.clothes.ironing": "Ironing 80~120℃",
		"metadata.clothes.drycleaning": "DO NOT DRYCLEAN",
		"metadata.clothes.wringing": "none",
		"metadata.clothes.drying": "Tumble dry",
		"metadata.clothes.top_length_type": "normal",
		"metadata.clothes.sleeve_length_type": "long sleeves",
		"metadata.clothes.topneck_color_design": "round neck",
		"metadata.clothes.topsleeve_design": "ribbed sleeve",
		"metadata.clothes.pants_silhouette": "null",
		"metadata.clothes.skirt_design": "null",
		"metadata.top.front_length": "67.0",
		"metadata.top.chest_size": "106.0",
		"metadata.top.waist_size": "96.0",
		"metadata.top.hem_size": "92.0",
		"metadata.top.shoulder_width": "43.0",
		"metadata.top.sleeve_length": "60.0",
		"metadata.top.sleeve_cuff_size": "18.0",
		"metadata.pants.pants_length": "null",
		"metadata.pants.waist_size": "null",
		"metadata.pants.hip_size": "null",
		"metadata.pants.front_rise_length": "null",
		"metadata.pants.back_rise_length": "null",
		"metadata.pants.inner_seam_length": "null",
		"metadata.pants.pants_waist_size": "null",
		"metadata.skirt.length": "null",
		"metadata.skirt.waist_size": "null",
		"metadata.skirt.hip_size": "null",
		"metadata.skirt.hem_size": "null",
		"metadata.dress.front_length": "null",
		"metadata.dress.chest_size": "null",
		"metadata.dress.waist_size": "null",
		"metadata.dress.hip_size": "null",
		"metadata.dress.hem_size": "null",
		"metadata.dress.shoulder_width": "null",
		"metadata.dress.sleeve_length": "null",
		"metadata.dress.cuff_size": "null",
		"metadata.jumpsuit.front_length": "null",
		"metadata.jumpsuit.inner_seam_length": "null",
		"metadata.jumpsuit.chest_size": "null",
		"metadata.jumpsuit.waist_size": "null",
		"metadata.jumpsuit.hip_size": "null",
		"metadata.jumpsuit.shoulder_width": "null",
		"metadata.jumpsuit.sleeve_length": "null",
		"metadata.jumpsuit.cuffs_size": "null",
		"metadata.jumpsuit.front_rise_length": "null",
		"metadata.jumpsuit.back_rise_length": "null",
		"metadata.jumpsuit.pants_waist_size": "null"
	}
}