{
	"dataset": {
		"dataset.id": 471308,
		"dataset.name": "01_sou_094262_471308_wear_02top_02t-shirt_woman",
		"dataset.image_path": "./008.의류 통합 데이터(3-1)/원천데이터/상품/상의/t-shirt/01_sou_094262_471308_wear_02top_02t-shirt_woman.jpg",
		"dataset.label_path": "./008.의류 통합 데이터(3-1)/라벨링데이터/상품/상의/t-shirt/01_sou_094262_471308_wear_02top_02t-shirt_woman.json",
		"dataset.category": 6,
		"dataset.type": 1,
		"dataset.width": 3024,
		"dataset.height": 4032,
		"dataset.file_size": 605434
	},
	"annotation": [
		{
			"annotation_type": "Polygon",
			"annotation_id": 88,
			"annotation_point_count": 110.0,
			"annotation_point": [
				1064.0138419140676,
				1283.686375213998,
				998.5535582557386,
				1340.0126658037225,
				978.1000000000022,
				1352.7999999999993,
				931.5709424193083,
				1393.294292037248,
				913.2999999999993,
				1389.7000000000007,
				877.1000000000022,
				1410.6000000000022,
				756.5,
				1463.0,
				622.1000000000022,
				1539.0,
				600.7999999999993,
				1541.4000000000015,
				563.1665553189414,
				1565.3178281626242,
				494.3000000000011,
				1593.7000000000007,
				477.5,
				1612.0,
				462.6926315642977,
				1610.9877935056466,
				427.6789914679812,
				1635.3451083552573,
				405.90000000000146,
				1651.6000000000022,
				380.5,
				1666.2999999999993,
				394.2000000000007,
				1700.5,
				413.3000000000011,
				1730.2000000000007,
				439.60000000000036,
				1757.2000000000007,
				491.60000000000036,
				1729.1000000000022,
				514.7000000000007,
				1728.1000000000022,
				719.7999999999993,
				1653.9000000000015,
				941.0,
				1546.0,
				1001.2000000000007,
				1526.1000000000022,
				1033.0,
				1532.1000000000022,
				1060.0,
				1571.0,
				1092.0,
				1788.0,
				1093.0,
				1970.7000000000007,
				1076.5,
				2109.600000000002,
				1076.5,
				2281.2999999999993,
				1089.8934889417797,
				2257.978969198437,
				1118.8178003256944,
				2241.2333152393294,
				1143.2000000000007,
				2209.2999999999993,
				1173.6000000000022,
				2192.5,
				1178.2000000000007,
				2149.9000000000015,
				1229.948049327042,
				2142.281723662785,
				1385.2000000000007,
				2136.2000000000007,
				1471.9988656450514,
				2124.0137375255763,
				1539.0,
				2128.600000000002,
				1567.9057928653965,
				2152.938048909491,
				1636.4107408799282,
				2178.8176959371995,
				1727.7506715659692,
				2204.6973429649115,
				1753.7000000000007,
				2222.9000000000015,
				1768.8536403746875,
				2241.2333152393294,
				1765.8089760184848,
				2203.17501078681,
				1765.7999999999993,
				2168.2000000000007,
				1768.8536403746875,
				2130.103066237978,
				1759.719647306083,
				2040.2854677300384,
				1720.1390106754625,
				1950.4678692220987,
				1712.5273497849594,
				1909.3649004133804,
				1712.5273497849594,
				1866.7395994265607,
				1704.9156888944563,
				1778.4443330967188,
				1715.572014141162,
				1696.2383954792822,
				1727.7506715659692,
				1562.2731638064215,
				1729.273003744067,
				1525.7371915320073,
				1755.6000000000022,
				1500.0,
				1817.0,
				1535.0,
				1884.5508859103393,
				1574.4518212312287,
				2031.2999999999993,
				1644.1000000000022,
				2164.7000000000007,
				1711.0,
				2312.2999999999993,
				1778.4000000000015,
				2362.5631898339525,
				1716.0287137945925,
				2386.9000000000015,
				1679.5,
				2292.5,
				1626.2000000000007,
				2192.0619858866776,
				1563.7954959845229,
				2056.600000000002,
				1465.2999999999993,
				1991.7999999999993,
				1436.7000000000007,
				1949.6000000000022,
				1414.4000000000015,
				1935.7999999999993,
				1401.7000000000007,
				1907.2999999999993,
				1391.2000000000007,
				1889.2999999999993,
				1378.5,
				1870.2999999999993,
				1366.9000000000015,
				1852.2999999999993,
				1354.2000000000007,
				1829.1000000000022,
				1342.5,
				1792.0,
				1311.9000000000015,
				1761.4000000000015,
				1286.5,
				1750.7999999999993,
				1280.2000000000007,
				1737.1000000000022,
				1271.7000000000007,
				1726.5,
				1263.2999999999993,
				1715.9000000000015,
				1256.9000000000015,
				1703.2999999999993,
				1251.7000000000007,
				1696.9000000000015,
				1240.0,
				1683.2000000000007,
				1236.7999999999993,
				1673.7000000000007,
				1233.7000000000007,
				1656.7999999999993,
				1229.4000000000015,
				1643.0,
				1224.1000000000022,
				1619.7000000000007,
				1219.9000000000015,
				1601.7999999999993,
				1217.7999999999993,
				1555.2000000000007,
				1207.2000000000007,
				1527.7627390689813,
				1202.9985410741647,
				1514.019462461125,
				1185.0265639715872,
				1494.990310234869,
				1192.4267898373546,
				1450.5889550402644,
				1199.827015703122,
				1329.0,
				1203.0,
				1317.3848894564544,
				1213.5702923109784,
				1299.412912353877,
				1215.684642558339,
				1286.7268108697026,
				1206.170066445211,
				1267.6976586434466,
				1215.684642558339,
				1221.2000000000007,
				1216.7000000000007,
				1192.6000000000022,
				1227.2999999999993,
				1178.9000000000015,
				1230.5,
				1167.2999999999993,
				1233.7000000000007,
				1154.6000000000022,
				1236.7999999999993,
				1145.1000000000022,
				1242.1000000000022,
				1133.4000000000015,
				1245.2999999999993,
				1122.9000000000015,
				1251.6000000000022,
				1110.2000000000007,
				1255.9000000000015,
				1098.6000000000022,
				1259.0,
				1089.1000000000022,
				1263.2999999999993,
				1082.7000000000007,
				1272.7999999999993
			]
		}
	],
	"metadata.model": {
		"metadata.model.gender": "FEMALE",
		"metadata.model.age": "40대",
		"metadata.model.job": "Others",
		"metadata.model.type": "wear",
		"metadata.model.usually_size": "M",
		"metadata.model.body_height": "157",
		"metadata.model.waist_height": "96",
		"metadata.model.chest_size_male": "null",
		"metadata.model.breast_size_female": "90.0",
		"metadata.model.waist_size": "69",
		"metadata.model.hip_seize": "90",
		"metadata.model.back_length": "38",
		"metadata.model.shoulders_width": "37",
		"metadata.model.arm_length": "51",
		"metadata.model.weight": "62"
	},
	"metadata.clothes": {
		"metadata.clothes.type": "02top_02t-shirt",
		"metadata.clothes.season": "spring&fall",
		"metadata.clothes.fiber_composition": "Polyester",
		"metadata.clothes.elasticity": "contain little",
		"metadata.clothes.transparency": "none at all",
		"metadata.clothes.isfleece": "fleece_none",
		"metadata.clothes.color": "Blue",
		"metadata.clothes.washing_method": "Hand Washing30",
		"metadata.clothes.bleach": "Do not chlorine bleach",
		"metadata.clothes.ironing": "Do not lron",
		"metadata.clothes.drycleaning": "DO NOT DRYCLEAN",
		"metadata.clothes.wringing": "none",
		"metadata.clothes.drying": "Line dry in shade",
		"metadata.clothes.top_length_type": "normal",
		"metadata.clothes.sleeve_length_type": "long sleeves",
		"metadata.clothes.topneck_color_design": "round neck",
		"metadata.clothes.topsleeve_design": "basic sleeve",
		"metadata.clothes.pants_silhouette": "null",
		"metadata.clothes.skirt_design": "null",
		"metadata.top.front_length": "68.0",
		"metadata.top.chest_size": "110.0",
		"metadata.top.waist_size": "108.0",
		"metadata.top.hem_size": "114.0",
		"metadata.top.shoulder_width": "43.0",
		"metadata.top.sleeve_length": "55.0",
		"metadata.top.sleeve_cuff_size": "22.0",
		"metadata.pants.pants_length": "null",
		"metadata.pants.waist_size": "null",
		"metadata.pants.hip_size": "null",
		"metadata.pants.front_rise_length": "null",
		"metadata.pants.back_rise_length": "null",
		"metadata.pants.inner_seam_length": "null",
		"metadata.pants.pants_waist_size": "null",
		"metadata.skirt.length": "null",
		"metadata.skirt.waist_size": "null",
		"metadata.skirt.hip_size": "null",
		"metadata.skirt.hem_size": "null",
		"metadata.dress.front_length": "null",
		"metadata.dress.chest_size": "null",
		"metadata.dress.waist_size": "null",
		"metadata.dress.hip_size": "null",
		"metadata.dress.hem_size": "null",
		"metadata.dress.shoulder_width": "null",
		"metadata.dress.sleeve_length": "null",