{
	"dataset": {
		"dataset.id": 227601,
		"dataset.name": "01_sou_045521_227601_front_02top_02t-shirt_woman",
		"dataset.image_path": "./008.의류 통합 데이터(3-1)/원천데이터/상품/상의/t-shirt/01_sou_045521_227601_front_02top_02t-shirt_woman.jpg",
		"dataset.label_path": "./008.의류 통합 데이터(3-1)/라벨링데이터/상품/상의/t-shirt/01_sou_045521_227601_front_02top_02t-shirt_woman.json",
		"dataset.category": 6,
		"dataset.type": 1,
		"dataset.width": 4032,
		"dataset.height": 3024,
		"dataset.file_size": 1638355
	},
	"annotation": [
		{
			"annotation_type": "Polygon",
			"annotation_id": 189,
			"annotation_point_count": 135.0,
			"annotation_point": [
				3047.7000000000007,
				542.7000000000007,
				2988.6461179417274,
				532.4165148755455,
				2955.7053333502154,
				522.1225196906962,
				2923.5057164120117,
				511.08735685254214,
				2884.3885347095893,
				496.0169479019223,
				2806.812986996574,
				464.4761466555483,
				2775.93100144203,
				452.78216812556275,
				2764.237022912046,
				458.2997495446398,
				2757.401810109306,
				454.1821514707008,
				2741.5902335053797,
				454.1821514707008,
				2705.9318341850667,
				448.00575435979226,
				2574.168695819015,
				428.73539537375655,
				2494.5343490690284,
				415.72378546010987,
				2421.8175670832643,
				405.42979027526235,
				2358.6536126290375,
				385.500615597397,
				2314.101201469017,
				371.08902233860863,
				2287.995629680241,
				367.7125919179798,
				2257.1136441256967,
				355.35979769616097,
				2238.584452792973,
				345.7246182031449,
				2211.8200653123677,
				373.8889890288883,
				2188.5144602138716,
				391.018197016474,
				2162.4088884250996,
				400.65337650949186,
				2095.868503550242,
				423.3001659161582,
				2065.3982778030913,
				427.0883561441824,
				1987.9874340130373,
				447.67634651387743,
				1945.9879336588565,
				454.2645034321795,
				1894.9297175420106,
				455.91154266175545,
				1834.8127856624997,
				455.0880230469684,
				1803.5190403005618,
				448.4998661286645,
				1775.5193733977758,
				438.6176307512105,
				1735.9904318879599,
				410.61796384842455,
				1703.8731669112349,
				384.26533617521454,
				1673.402941164084,
				397.44165001182046,
				1645.403274261298,
				416.3826011519395,
				1620.697685817664,
				416.3826011519395,
				1555.6396362494233,
				439.4411503659994,
				1511.1695770508813,
				462.4996995800575,
				1482.3463905333083,
				482.26417033496546,
				1383.5240367587685,
				511.9108764673292,
				1274.8194476067729,
				548.9692591327803,
				1233.6434668673828,
				557.2044552806583,
				1194.938044972354,
				570.3807691172624,
				1188.3498880540537,
				568.7337298876882,
				1135.64463270763,
				585.2041221834443,
				1049.1750731549073,
				620.6154656193212,
				988.2346216606093,
				644.4975344481682,
				834.2364536952846,
				726.0259763121649,
				726.3553841580797,
				775.4371531994329,
				580.592412340633,
				845.4363204563997,
				532.8282746829391,
				866.8478304408818,
				491.6522939435472,
				880.0241442774895,
				468.5937447294891,
				892.3769384993066,
				497.41693124706217,
				941.0469477332663,
				513.8873235428182,
				980.4935372816035,
				575.6512946519069,
				1129.6329395196808,
				645.6504619088737,
				1309.901383196735,
				694.2381191813547,
				1407.0766977417006,
				704.1203545588069,
				1420.2530115783047,
				760.9432079791695,
				1416.1354135043657,
				824.3542183178324,
				1405.4296585121228,
				916.5884151740684,
				1377.4299916093369,
				964.3525528317623,
				1364.3360297342115,
				953.6467978395194,
				1398.9238535553013,
				941.2940036177024,
				1446.6056392515165,
				929.7647290106725,
				1538.8398361077525,
				929.7647290106725,
				1610.568394555772,
				913.2943367149164,
				1774.3664459370739,
				904.2356209522513,
				1879.776956629914,
				888.5887482712824,
				1982.7169084783927,
				875.4124344346783,
				2187.7732925605633,
				854.8244440649796,
				2350.006656673766,
				837.5305321544365,
				2471.0640400475786,
				822.7071790882546,
				2607.7682961023565,
				810.3543848664376,
				2673.6498652853843,
				802.9427083333467,
				2759.2959052233164,
				798.0015906446206,
				2863.059376686586,
				801.2956691037725,
				2959.411171616761,
				823.5306987030417,
				2965.999328535061,
				830.9423752361326,
				2975.881563912517,
				860.5890813684964,
				2975.05804429773,
				940.4704840029153,
				2977.528603142091,
				1049.998592769698,
				2976.705083527304,
				1207.290839194171,
				2964.352289305487,
				1338.2304579454358,
				2961.058210846335,
				1529.2870085762152,
				2958.6700039634525,
				1640.462156572572,
				2958.6700039634525,
				1735.9904318879599,
				2951.99949508367,
				1821.636471825892,
				2940.47022047664,
				1966.5759240285515,
				2941.293740091427,
				2223.514043842355,
				2941.293740091427,
				2393.1590844886487,
				2937.999661632275,
				2571.0393212828203,
				2942.117259706214,
				2728.3315677072933,
				2941.293740091427,
				2905.388284886678,
				2937.999661632275,
				3065.9746097703064,
				2936.352622402701,
				3203.5023854398714,
				2931.411504713975,
				3277.619150770777,
				2927.293906640036,
				3336.089043420714,
				2912.470553573854,
				3364.0887103235,
				2903.4941897726676,
				3384.676700693195,
				2893.529602433733,
				3380.559102619256,
				2840.824347087313,
				3369.853347627013,
				2779.8838955930114,
				3341.03016110944,
				2690.9437771959274,
				3322.089209969319,
				2547.6513642228456,
				3275.972111541203,
				2305.536597475224,
				3257.031160401082,
				2215.7729594633493,
				3255.384121171508,
				2191.067371019715,
				3251.266523097569,
				2153.1854687394734,
				3209.267022743388,
				1963.7759573382718,
				3168.091042003998,
				1751.307896723014,
				3145.0324927899383,
				1622.097669162802,
				3121.9739435758784,
				1491.8992180648456,
				3106.3270708949094,
				1428.4882077261827,
				3093.9742766730924,
				1347.7832854769767,
				3070.9157274590325,
				1227.5494217179512,
				3064.3275705407286,
				1211.0790294221952,
				3063.5040509259416,
				1172.37360752717,
				3102.2094728209704,
				1189.667519437713,
				3152.444169323029,
				1207.867302924522,
				3187.0319931441154,
				1220.961264799651,
				3239.737248490539,
				1252.2550101615889,
				3288.5856869743693,
				1279.06057362293,
				3314.663808109315,
				1247.4923217227297,
				3354.4672561573934,
				1210.4339390572786,
				3401.819634007694,
				1162.3952948613223,
				3427.2114887969874,
				1116.4154497023337,
				3448.4857455123383,
				1064.2592074324384,
				3465.6424041537502,
				994.2600401754717,
				3497.8969223996064,
				872.7908969942691,
				3534.269038719405,
				758.8706836152851,
				3545.9355665955663,
				708.0869740367016,
				3538.386636793344,
				690.9303153952897,
				3476.6226656842555,
				681.3225865560962,
				3353.7809898117375,
				645.6367365819569,
				3152.01953125,
				591.421875
			]
		}
	],
	"metadata.model": {
		"metadata.model.gender": "FEMALE",
		"metadata.model.age": "30대",
		"metadata.model.job": "medical worker",
		"metadata.model.type": "front",
		"metadata.model.usually_size": "L",
		"metadata.model.body_height": "165",
		"metadata.model.waist_height": "96",
		"metadata.model.chest_size_male": "null",
		"metadata.model.breast_size_female": "90.0",
		"metadata.model.waist_size": "71",
		"metadata.model.hip_seize": "95",
		"metadata.model.back_length": "40",
		"metadata.model.shoulders_width": "39",
		"metadata.model.arm_length": "55",
		"metadata.model.weight": "67"
	},
	"metadata.clothes": {
		"metadata.clothes.type": "02top_02t-shirt",
		"metadata.clothes.season": "spring&fall",
		"metadata.clothes.fiber_composition": "Cotton,Polyester",
		"metadata.clothes.elasticity": "contain little",
		"metadata.clothes.transparency": "none at all",
		"metadata.clothes.isfleece": "fleece_contain",
		"metadata.clothes.color": "Pink",
		"metadata.clothes.washing_method": "none",
		"metadata.clothes.bleach": "none",