{
	"dataset": {
		"dataset.id": 90928,
		"dataset.name": "01_sou_018186_090928_wear_02top_02t-shirt_man",
		"dataset.image_path": "./008.의류 통합 데이터(3-1)/원천데이터/상품/상의/t-shirt/01_sou_018186_090928_wear_02top_02t-shirt_man.jpg",
		"dataset.label_path": "./008.의류 통합 데이터(3-1)/라벨링데이터/상품/상의/t-shirt/01_sou_018186_090928_wear_02top_02t-shirt_man.json",
		"dataset.category": 6,
		"dataset.type": 1,
		"dataset.width": 607,
		"dataset.height": 1080,
		"dataset.file_size": 51272
	},
	"annotation": [
		{
			"annotation_type": "Polygon",
			"annotation_id": 120,
			"annotation_point_count": 93.0,
			"annotation_point": [
				215.0,
				341.0,
				208.0,
				354.0,
				200.0,
				379.0,
				184.0,
				416.0,
				215.0,
				429.0,
				233.3000000000011,
				435.0,
				237.0,
				434.0,
				234.0,
				489.0,
				229.0,
				503.0,
				229.0,
				524.0,
				233.0,
				535.0,
				224.0,
				576.0,
				216.0,
				599.0,
				221.0,
				606.0,
				228.974609375,
				611.337890625,
				232.56274589608074,
				612.4419370816959,
				236.42695331931463,
				612.9939667135859,
				241.11920519038722,
				613.8220111614228,
				245.25942742956795,
				614.6500556092578,
				249.39964966874868,
				615.4781000570947,
				253.26385709198257,
				616.0301296889847,
				257.6800941471083,
				616.8581741368216,
				261.54430157034403,
				617.4102037687117,
				265.68452380952476,
				617.9622334006017,
				269.8247460487055,
				619.0662926643836,
				274.24098310383124,
				619.3423074803286,
				278.38120534301197,
				620.1703519281655,
				282.7974423981377,
				620.4463667441105,
				287.21367945326347,
				621.2744111919474,
				291.3539016924442,
				621.5504260078924,
				296.04615356351496,
				622.3784704557293,
				300.73840543458755,
				622.6544852716743,
				305.1546424897133,
				623.4825297195093,
				309.294864728894,
				623.7585445354562,
				313.9871165999648,
				624.0345593514012,
				318.67936847103556,
				624.0345593514012,
				323.37162034210814,
				624.0345593514012,
				327.23582776534204,
				624.5865889832912,
				331.6520648204678,
				624.5865889832912,
				336.34431669154037,
				624.5865889832912,
				340.7605537466661,
				624.5865889832912,
				345.17679080179187,
				624.5865889832912,
				349.5930278569176,
				624.3105741673462,
				353.73325009609835,
				623.7585445354562,
				357.8734723352791,
				623.4825297195093,
				362.2897093904048,
				623.4825297195093,
				366.70594644553057,
				623.4825297195093,
				371.1221835006563,
				623.4825297195093,
				375.8144353717289,
				623.4825297195093,
				380.23067242685465,
				622.9305000876193,
				384.3708946660354,
				622.1024556397824,
				388.5111169052143,
				620.1703519281655,
				392.37532432845,
				617.9622334006017,
				396.2395317516857,
				614.6500556092578,
				398.99967991113954,
				611.337877817914,
				402.0358428865384,
				608.0257000265683,
				402.86388733437525,
				606.9216407627882,
				394.5834428560138,
				560.5511516839651,
				388.78713172116113,
				545.0943219910241,
				387.68307245737924,
				537.3659071445545,
				391.82329469655997,
				499.8278921759829,
				391.82329469655997,
				476.09061800468226,
				393.7553984081769,
				461.18581794363126,
				389.8911909849412,
				434.9644104288218,
				393.7783203125,
				439.9462890625,
				399.5392359794332,
				439.53496976783026,
				405.711417119619,
				439.53496976783026,
				412.7065557451606,
				438.30053353979383,
				418.46725814266574,
				437.4775760544344,
				426.6968329962456,
				436.24313982639796,
				432.45753539375073,
				432.12835239960805,
				435.74936533518303,
				430.4824374288928,
				446.3000000000011,
				429.0,
				443.0,
				419.0,
				422.0,
				352.0,
				409.0,
				336.0,
				397.0,
				329.0,
				360.60000000000036,
				311.40000000000146,
				349.3000000000011,
				304.7000000000007,
				351.3962230859943,
				319.7946556482493,
				346.45847817384674,
				325.14387930307566,
				339.87481829098397,
				327.20127301647153,
				333.2911584081194,
				327.61275175915034,
				326.2960197825778,
				327.61275175915034,
				318.47792367167676,
				327.61275175915034,
				311.4827850461352,
				326.7897942737927,
				304.8991251632706,
				325.14387930307566,
				298.3154652804078,
				323.0864855896816,
				293.37772036826027,
				318.9716981628917,
				290.4973691695068,
				312.79951702270773,
				288.0283203125,
				307.4501953125,
				262.0,
				320.0,
				239.0,
				324.0
			]
		}
	],
	"metadata.model": {
		"metadata.model.gender": "MALE",
		"metadata.model.age": "20대",
		"metadata.model.job": "not employed",
		"metadata.model.type": "wear",
		"metadata.model.usually_size": "M",
		"metadata.model.body_height": "171",
		"metadata.model.waist_height": "100",
		"metadata.model.chest_size_male": "78.0",
		"metadata.model.breast_size_female": "null",
		"metadata.model.waist_size": "80",
		"metadata.model.hip_seize": "86",
		"metadata.model.back_length": "44",
		"metadata.model.shoulders_width": "46",
		"metadata.model.arm_length": "53",
		"metadata.model.weight": "69"
	},
	"metadata.clothes": {
		"metadata.clothes.type": "02top_02t-shirt",
		"metadata.clothes.season": "summer",
		"metadata.clothes.fiber_composition": "Cotton",
		"metadata.clothes.elasticity": "contain",
		"metadata.clothes.transparency": "none at all",
		"metadata.clothes.isfleece": "fleece_none",
		"metadata.clothes.color": "Gray",
		"metadata.clothes.washing_method": "Hand Washing30",
		"metadata.clothes.bleach": "Do not chlorine bleach",
		"metadata.clothes.ironing": "Ironing 140~160℃ : Place a cloth between the iron and textile",
		"metadata.clothes.drycleaning": "none",
		"metadata.clothes.wringing": "none",
		"metadata.clothes.drying": "Drip dry in shade",
		"metadata.clothes.top_length_type": "long",
		"metadata.clothes.sleeve_length_type": "short sleeves",
		"metadata.clothes.topneck_color_design": "round neck",
		"metadata.clothes.topsleeve_design": "basic sleeve",
		"metadata.clothes.pants_silhouette": "null",
		"metadata.clothes.skirt_design": "null",
		"metadata.top.front_length": "67.0",
		"metadata.top.chest_size": "88.0",
		"metadata.top.waist_size": "88.0",
		"metadata.top.hem_size": "88.0",
		"metadata.top.shoulder_width": "39.0",
		"metadata.top.sleeve_length": "18.0",
		"metadata.top.sleeve_cuff_size": "28.0",
		"metadata.pants.pants_length": "null",
		"metadata.pants.waist_size": "null",
		"metadata.pants.hip_size": "null",
		"metadata.pants.front_rise_length": "null",
		"metadata.pants.back_rise_length": "null",
		"metadata.pants.inner_seam_length": "null",
		"metadata.pants.pants_waist_size": "null",
		"metadata.skirt.length": "null",
		"metadata.skirt.waist_size": "null",
		"metadata.skirt.hip_size": "null",
		"metadata.skirt.hem_size": "null",
		"metadata.dress.front_length": "null",
		"metadata.dress.chest_size": "null",
		"metadata.dress.waist_size": "null",
		"metadata.dress.hip_size": "null",
		"metadata.dress.hem_size": "null",
		"metadata.dress.shoulder_width": "null",
		"metadata.dress.sleeve_length": "null",
		"metadata.dress.cuff_size": "null",
		"metadata.jumpsuit.front_length": "null",
		"metadata.jumpsuit.inner_seam_length": "null",
		"metadata.jumpsuit.chest_size": "null",
		"metadata.jumpsuit.waist_size": "null",
		"metadata.jumpsuit.hip_size": "null",
		"metadata.jumpsuit.shoulder_width": "null",
		"metadata.jumpsuit.sleeve_length": "null",
		"metadata.jumpsuit.cuffs_size": "null",
		"metadata.jumpsuit.front_rise_length": "null",
		"metadata.jumpsuit.back_rise_length": "null",
		"metadata.jumpsuit.pants_waist_size": "null"
	}
}