{
	"dataset": {
		"dataset.id": 526862,
		"dataset.name": "01_sou_105373_526862_back_02top_02t-shirt_woman",
		"dataset.image_path": "./008.의류 통합 데이터(3-1)/원천데이터/상품/상의/t-shirt/01_sou_105373_526862_back_02top_02t-shirt_woman.jpg",
		"dataset.label_path": "./008.의류 통합 데이터(3-1)/라벨링데이터/상품/상의/t-shirt/01_sou_105373_526862_back_02top_02t-shirt_woman.json",
		"dataset.category": 6,
		"dataset.type": 1,
		"dataset.width": 3024,
		"dataset.height": 4032,
		"dataset.file_size": 1817218
	},
	"annotation": [
		{
			"annotation_type": "Polygon",
			"annotation_id": 157,
			"annotation_point_count": 223.0,
			"annotation_point": [
				441.0,
				1304.0,
				433.0,
				1325.0,
				485.0,
				1480.0,
				493.0,
				1544.0,
				559.0,
				1732.1000000000004,
				696.9000000000015,
				1702.300000000001,
				752.9000000000015,
				1695.300000000001,
				833.0,
				1656.0,
				866.9000000000015,
				1651.4000000000015,
				839.4000000000015,
				1932.6000000000004,
				826.0,
				2199.0,
				791.6000000000004,
				2447.300000000001,
				794.1000000000004,
				2621.800000000001,
				826.0,
				2651.0,
				974.0,
				2728.0,
				1077.1000000000004,
				2760.1000000000004,
				1508.0,
				2785.0,
				1830.8011519998454,
				2787.599791541117,
				2056.743349293736,
				2734.9521382951625,
				2185.161581530694,
				2669.5008815374877,
				2291.6990286618,
				2586.02266063147,
				2322.529596321863,
				2571.9132169605946,
				2330.2372382368776,
				2564.2055750455784,
				2309.694143050163,
				2430.6913812119183,
				2290.4250382626233,
				2293.291516660769,
				2264.7541317192245,
				2087.8605647936147,
				2256.4094946046207,
				1946.001733845349,
				2237.841084536627,
				1836.7889068759741,
				2233.3821181395106,
				1786.2433377886591,
				2228.923151742394,
				1740.1885848584425,
				2222.9672466262455,
				1690.4074100106336,
				2234.8790568585428,
				1672.5715444221678,
				2269.053849316444,
				1668.8451225045774,
				2327.8485062384225,
				1677.540106978955,
				2372.438170209589,
				1704.1665063217351,
				2393.4908615559743,
				1712.1926458365451,
				2434.3541036095503,
				1719.0084944721384,
				2446.7436602415382,
				1730.792905664517,
				2477.701626941518,
				1743.7876077361143,
				2511.1438749198915,
				1748.7243205329214,
				2518.564868995094,
				1738.819045179327,
				2523.533431551881,
				1704.1665063217351,
				2529.712284987885,
				1678.7822476181518,
				2543.34398225907,
				1647.1872857185826,
				2565.638814244652,
				1609.4134703830096,
				2583.283581273243,
				1565.7792992112263,
				2602.871183660576,
				1527.591436995921,
				2653.4486025078695,
				1437.8069636139808,
				2664.787117060536,
				1403.759570195998,
				2618.891612930216,
				1377.4198186930316,
				2494.0087040509734,
				1329.9636763237195,
				2438.303473846996,
				1305.7260089793926,
				2411.4541261843588,
				1305.1845630597436,
				2394.4145045953774,
				1301.58554018207,
				2356.768088299721,
				1271.6467658014317,
				2338.2633777516876,
				1260.180852208845,
				2310.2037392098337,
				1252.728008373666,
				2261.218808361509,
				1238.682264222749,
				2197.710386962579,
				1208.3294429623766,
				2181.7218074529173,
				1201.7365426466404,
				2163.5037447446994,
				1192.6275112925305,
				2161.401660586058,
				1191.9268165729827,
				2159.395125707355,
				1191.3535208933536,
				2157.3248913086936,
				1190.6528261738076,
				2155.5094549898677,
				1189.824732414343,
				2152.7066761116803,
				1188.327793695311,
				2151.3052866725866,
				1187.7226482557016,
				2150.509042673102,
				1187.1493525760725,
				2149.5217001137407,
				1186.7353056963402,
				2147.8973623547918,
				1185.8435124169173,
				2146.304874355821,
				1184.7287708176373,
				2144.9034849167274,
				1183.8369775382143,
				2143.406546197695,
				1183.1362828186684,
				2141.4955605989308,
				1182.2444895392437,
				2139.90307259996,
				1181.7348933795747,
				2137.8009884413204,
				1180.9386493800885,
				2135.8263033225976,
				1180.2379546605425,
				2133.8197684438946,
				1179.4417106610563,
				2131.8132335651917,
				1178.5499173816333,
				2130.220745566221,
				1177.7218236221688,
				2129.0104546870043,
				1177.1485279425397,
				2127.8001638077876,
				1176.3522839430552,
				2126.621722688549,
				1175.6515892235075,
				2124.9018356496617,
				1174.632396904166,
				2123.4048969306295,
				1173.5495050648678,
				2122.194606051413,
				1172.6258620254648,
				2120.602118052442,
				1171.925167305917,
				2119.10517933341,
				1171.2244725863711,
				2117.3215927745623,
				1170.4282285868849,
				2114.518813896375,
				1169.6319845874004,
				2112.894476137426,
				1169.0268391477912,
				2110.314645579094,
				1168.0394965884298,
				2108.91325614,
				1167.2432525889453,
				2107.5118667009065,
				1166.638107149336,
				2105.919378701936,
				1166.2240602696038,
				2103.3076983836254,
				1165.2367177102424,
				2102.320355824264,
				1164.82267083051,
				2100.9189663851703,
				1164.249375150881,
				2099.007980786406,
				1163.4531311513965,
				2097.5110420673736,
				1162.625037391932,
				2095.918554068403,
				1161.6376948325706,
				2094.9949110290017,
				1161.2236479528383,
				2093.3068737500926,
				1160.427403953352,
				2091.714385751122,
				1159.6311599538676,
				2090.312996312028,
				1158.7393666744447,
				2088.306461433327,
				1156.8283810756802,
				2086.2043772746856,
				1155.0447945168326,
				2084.7074385556534,
				1153.6434050777389,
				2083.1149505566827,
				1152.4331141985222,
				2082.22315727726,
				1151.827968758913,
				2080.5032702383724,
				1151.0317247594285,
				2079.1018807992787,
				1150.4265793198192,
				2076.9042473607005,
				1149.4392367604578,
				2075.4073086416684,
				1148.6429927609734,
				2074.3244168023684,
				1147.9422980414256,
				2072.3178819236655,
				1146.6364578822704,
				2071.107591044449,
				1145.840213882786,
				2069.101056165746,
				1144.8528713234246,
				2067.7952160065906,
				1144.02477756396,
				2066.20272800762,
				1143.2285335644738,
				2064.514690728711,
				1142.3367402850508,
				2062.922202729742,
				1141.5404962855664,
				2061.7119118505234,
				1140.744252286082,
				2060.1194238515545,
				1139.8524590066572,
				2057.412194253304,
				1138.4510695675635,
				2055.7241569743965,
				1137.845924127956,
				2054.896063214932,
				1137.4318772482238,
				2052.2206833766613,
				1136.2215863690053,
				2050.1185992180217,
				1135.0431452497687,
				2048.3031628991957,
				1133.9284036504887,
				2045.8188816208021,
				1132.0492678117043,
				2043.5256989022837,
				1130.8389769324858,
				2040.5955209841795,
				1129.4375874933921,
				2037.6971928260537,
				1127.6221511745662,
				2035.7225077073308,
				1126.7303578951432,
				2033.7159728286279,
				1125.6474660558433,
				2032.9197288291434,
				1125.1378698961726,
				2032.2190341095957,
				1124.7238230164403,
				1976.3227053457413,
				1096.3138371148125,
				1929.5354079359986,
				1071.5347238508366,
				1892.8444844397254,
				1043.0928881892287,
				1872.683586372761,
				1035.7674433939665,
				1824.0490028842123,
				1023.3778867619785,
				1803.410358417559,
				1015.5746955670238,
				1796.084913622295,
				1019.7151643643465,
				1760.7635298051373,
				1052.7433654629876,
				1735.0926232617367,
				1069.24154113232,
				1714.8998754347958,
				1076.5988356875623,
				1664.4498556274193,
				1091.2497252780868,
				1581.8952777608047,
				1098.607019833329,
				1524.5657097978765,
				1097.683376793928,
				1464.9429591164335,
				1092.1733683174898,
				1388.8220327656582,
				1076.1210892878698,
				1359.9343004643379,
				1064.2092790555744,
				1318.1792651313408,
				1032.1047209963344,
				1294.3237949067661,
				1020.1610610040589,
				1273.685150440113,
				1024.747426441092,
				1206.0999597638183,
				1041.3093016303828,
				1200.0485053677312,
				1044.8127752281162,
				1181.575644579676,
				1055.004698421526,
				1179.027663781324,
				1062.9671384163776,
