{
	"dataset": {
		"dataset.id": 111491,
		"dataset.name": "01_sou_022299_111491_front_02top_02t-shirt_woman",
		"dataset.image_path": "./008.의류 통합 데이터(3-1)/원천데이터/상품/상의/t-shirt/01_sou_022299_111491_front_02top_02t-shirt_woman.jpg",
		"dataset.label_path": "./008.의류 통합 데이터(3-1)/라벨링데이터/상품/상의/t-shirt/01_sou_022299_111491_front_02top_02t-shirt_woman.json",
		"dataset.category": 6,
		"dataset.type": 1,
		"dataset.width": 1920,
		"dataset.height": 1080,
		"dataset.file_size": 303865
	},
	"annotation": [
		{
			"annotation_type": "Polygon",
			"annotation_id": 149,
			"annotation_point_count": 138.0,
			"annotation_point": [
				169.2001953125,
				693.466796875,
				347.80276577309996,
				545.4476961459768,
				579.9040539270936,
				366.6008497223247,
				627.6536337634134,
				330.227984466992,
				637.0322873606419,
				326.5580765376417,
				653.7507568165674,
				307.3930017954808,
				662.3138753183848,
				302.09202367530816,
				670.469226272493,
				302.90755877071933,
				672.9158315587265,
				301.68425612760257,
				679.0323447743103,
				288.22792705331995,
				702.6828625412309,
				269.0628523111609,
				723.4790074742159,
				238.88805378094912,
				767.9256701741178,
				191.17925069940247,
				821.3432189235464,
				169.56757067100807,
				839.6927585702942,
				158.96561443066457,
				847.848109524406,
				156.51900914443104,
				873.9452325775601,
				92.9480484571377,
				881.3258251910302,
				68.72665612342826,
				883.446216439097,
				66.81014864921235,
				889.5627296546809,
				65.66839951563634,
				919.5336444110399,
				73.90530397928887,
				977.3550826756837,
				77.90142594680219,
				1017.7240698985333,
				73.90530397928887,
				1030.2017568583215,
				76.51501628460392,
				1034.4425393544589,
				82.38686897156367,
				1036.3590468286748,
				112.15389995406804,
				1040.5998293248158,
				131.23742118668633,
				1039.906624493713,
				154.35784114159105,
				1048.3881894859915,
				160.2704705833221,
				1056.6250939496422,
				166.4277605536754,
				1059.2348062549572,
				172.54427376925923,
				1072.6911353292417,
				173.03359482650558,
				1079.29696960207,
				176.33651196291976,
				1084.271733684076,
				181.2704992901563,
				1118.4834309365724,
				191.17925069940247,
				1146.5378382187118,
				210.9967535178912,
				1168.7203928138952,
				233.42396864169496,
				1284.4040460979559,
				356.08044699152197,
				1464.963516221971,
				541.0438066307543,
				1572.614148816232,
				656.0342550837195,
				1640.140454716271,
				729.9217347279628,
				1693.476449956157,
				787.1722984258195,
				1656.8589241721966,
				814.5335008768634,
				1628.2744190780395,
				836.0636273957134,
				1624.033636581902,
				842.8733454423964,
				1614.940420268067,
				846.8286906551402,
				1607.0297298425794,
				843.403443254414,
				1592.594758653806,
				827.0111878366515,
				1515.6897991565384,
				748.2712743747106,
				1401.759546327612,
				637.8885992108226,
				1290.8059965969333,
				535.131177189025,
				1216.2253121215908,
				472.9058494091605,
				1165.1320383940874,
				430.6203547120949,
				1147.2310430498146,
				409.6611027600302,
				1142.4601627416596,
				398.4474951981283,
				1137.403845150111,
				395.06302455217156,
				1135.691221449746,
				405.2572132448113,
				1120.3999384107883,
				442.9757114075728,
				1115.9960488955694,
				457.2475755772666,
				1128.881503403063,
				524.2030069105167,
				1137.036854357175,
				644.4944334836509,
				1141.80773466533,
				819.8344789970324,
				1035.0949674307885,
				824.9315733433541,
				974.1520395619773,
				829.1102424360943,
				971.0063215729278,
				830.320133970341,
				967.134668663326,
				830.320133970341,
				963.504994060575,
				830.320133970341,
				958.6654279235772,
				830.0781556634938,
				955.277731627677,
				830.0781556634938,
				951.164100411228,
				830.0781556634938,
				946.8084908879282,
				829.836177356643,
				943.420794592028,
				829.836177356643,
				939.307163375579,
				829.836177356643,
				934.4675972385776,
				829.836177356643,
				931.3460770802121,
				829.836177356643,
				927.4502263399299,
				829.5941990497922,
				923.3365951234773,
				829.3522207429414,
				919.2229639070283,
				829.3522207429414,
				915.1093326905793,
				829.3522207429414,
				910.7537231672795,
				829.3522207429414,
				907.1240485645285,
				829.1102424360943,
				902.5264607343779,
				829.1102424360943,
				897.928872904231,
				829.1102424360943,
				893.5732633809312,
				828.8682641292435,
				889.9435887781801,
				828.8682641292435,
				886.0719358685819,
				828.6262858223927,
				881.7405241759661,
				828.6262858223927,
				877.6026951288295,
				828.6262858223927,
				873.9730205260821,
				828.3843075155419,
				869.8593893096295,
				828.1423292086911,
				866.2297147068821,
				827.9003509018439,
				861.8741051835823,
				827.6583725949931,
				857.7604739671333,
				827.6583725949931,
				854.372777671233,
				827.4163942881423,
				850.5011247616312,
				827.4163942881423,
				846.1455152383314,
				827.4163942881423,
				842.2738623287332,
				827.4163942881423,
				838.886166032833,
				827.4163942881423,
				834.5305565095332,
				827.4163942881423,
				830.4169252930842,
				827.4163942881423,
				826.5452723834824,
				827.9003509018439,
				822.939795611419,
				828.3843075155419,
				819.0439448711331,
				828.6262858223927,
				815.1722919615349,
				829.1102424360943,
				811.5426173587839,
				829.5941990497922,
				807.6709644491821,
				830.0781556634938,
				803.7993115395839,
				830.320133970341,
				800.1696369368328,
				830.5621122771918,
				795.3300707998351,
				830.5621122771918,
				791.2164395833861,
				830.5621122771918,
				786.8850278907703,
				830.8040905840426,
				782.5052205367865,
				830.8040905840426,
				778.1496110134867,
				831.0460688908934,
				774.7619147175865,
				831.5300255045913,
				771.1322401148354,
				831.7720038114421,
				766.5588501153725,
				832.0139821182929,
				761.9612622852219,
				832.2559604251437,
				757.5814549312345,
				832.4979387319909,
				753.2258454079347,
				832.7399170388417,
				749.5961708051873,
				833.2238736525433,
				746.232672339971,
				833.4658519593941,
				742.578799906536,
				833.4658519593941,
				738.465168690087,
				833.2238736525433,
				734.351537473638,
				833.2238736525433,
				731.205078125,
				832.498046875,
				735.0596058290539,
				747.7819533174661,
				740.3605839492229,
				656.1158085932584,
				748.5974884128773,
				588.0186281264359,
				749.1683629796644,
				510.5020173076118,
				756.7936161217585,
				431.8028806004422,
				746.2324366361827,
				404.2377943755473,
				700.4401410288519,
				440.03978506409294,
				540.7175925925912,
				543.3680816526758,
				391.59700039667587,
				646.7371549960335,
				285.90365203139845,
				723.6421144932974,
				243.0065060127763,
				767.1101350787067,
				227.1851251618009,
				753.0013779280962,
				204.26858898074897,
				729.5139671802572
			]
		}
	],
	"metadata.model": {
		"metadata.model.gender": "FEMALE",
		"metadata.model.age": "20대",
		"metadata.model.job": "university student/graduate student",
		"metadata.model.type": "front",
		"metadata.model.usually_size": "S",
		"metadata.model.body_height": "158",
		"metadata.model.waist_height": "100",
		"metadata.model.chest_size_male": "null",
		"metadata.model.breast_size_female": "80.0",
		"metadata.model.waist_size": "65",
		"metadata.model.hip_seize": "90",
		"metadata.model.back_length": "40",
		"metadata.model.shoulders_width": "37",
		"metadata.model.arm_length": "52",
		"metadata.model.weight": "50"
	},
	"metadata.clothes": {
		"metadata.clothes.type": "02top_02t-shirt",
		"metadata.clothes.season": "winter",
		"metadata.clothes.fiber_composition": "Polyester",
		"metadata.clothes.elasticity": "contain a lot",
		"metadata.clothes.transparency": "none at all",
		"metadata.clothes.isfleece": "fleece_none",
		"metadata.clothes.color": "Blue",
		"metadata.clothes.washing_method": "none",