{
	"dataset": {
		"dataset.id": 91828,
		"dataset.name": "01_sou_018366_091828_wear_02top_02t-shirt_woman",
		"dataset.image_path": "./008.의류 통합 데이터(3-1)/원천데이터/상품/상의/t-shirt/01_sou_018366_091828_wear_02top_02t-shirt_woman.jpg",
		"dataset.label_path": "./008.의류 통합 데이터(3-1)/라벨링데이터/상품/상의/t-shirt/01_sou_018366_091828_wear_02top_02t-shirt_woman.json",
		"dataset.category": 6,
		"dataset.type": 1,
		"dataset.width": 607,
		"dataset.height": 1080,
		"dataset.file_size": 60498
	},
	"annotation": [
		{
			"annotation_type": "Polygon",
			"annotation_id": 15,
			"annotation_point_count": 77.0,
			"annotation_point": [
				272.0,
				422.0,
				272.8000000000011,
				430.7000000000007,
				272.10000000000036,
				447.0,
				265.8000000000011,
				464.60000000000036,
				264.0,
				479.0,
				270.40000000000146,
				515.2000000000007,
				269.0,
				528.0,
				272.0,
				535.0,
				271.0,
				543.0,
				273.0,
				544.8000000000011,
				274.2000000000007,
				550.6000000000004,
				269.0,
				559.2000000000007,
				269.2000000000007,
				562.0,
				271.40000000000146,
				566.8000000000011,
				267.60000000000036,
				574.2000000000007,
				262.60000000000036,
				586.0,
				259.8000000000011,
				600.0,
				259.0,
				605.0,
				261.0,
				609.0,
				264.8173828125,
				610.64453125,
				266.66801613139614,
				610.6447981496149,
				268.6424120102456,
				611.0149973768985,
				270.61680788909325,
				611.5085963466117,
				272.46780402551485,
				611.7553958314675,
				274.68899938922004,
				612.0021953163232,
				276.41659578321196,
				612.0021953163232,
				278.8845906317747,
				612.0021953163232,
				280.241987798483,
				612.3723945436086,
				282.81808082140196,
				612.5323206097855,
				285.8389065160409,
				612.7100162388815,
				288.8597322106798,
				612.7100162388815,
				292.23594916351067,
				613.4207987552672,
				294.0129054544741,
				613.5984943843632,
				297.56681803640276,
				613.5984943843632,
				301.4761218765234,
				613.5984943843632,
				305.20773008754804,
				613.5984943843632,
				309.1170339276687,
				613.9538856425552,
				312.1378596223076,
				614.309276900749,
				314.80329405875455,
				614.6646681589409,
				317.4687284951997,
				615.0200594171347,
				320.4895541898386,
				615.1977550462307,
				322.9772929971896,
				615.3754506753266,
				325.28733617544276,
				615.5531463044244,
				328.66355312827363,
				615.5531463044244,
				332.57285696839426,
				615.5531463044244,
				333.99442200116573,
				615.0200594171347,
				370.95344570433735,
				614.1461047033208,
				387.83613349627376,
				611.5235512599138,
				396.3594321873479,
				608.737088226293,
				397.998046875,
				606.9345703125,
				398.0,
				596.3000000000011,
				390.0,
				566.0,
				386.0,
				559.0,
				388.0,
				553.0,
				387.0,
				549.1000000000004,
				389.90000000000146,
				544.0,
				389.3000000000011,
				539.0,
				391.8000000000011,
				531.6000000000004,
				392.5,
				517.0,
				396.0,
				507.3000000000011,
				397.8000000000011,
				496.8000000000011,
				400.0,
				494.5,
				399.5458346210871,
				489.33550813975125,
				401.11936668713133,
				488.15535909021855,
				400.9228515625,
				471.240234375,
				397.10000000000036,
				451.5,
				397.3000000000011,
				434.5,
				400.0,
				426.8000000000011,
				381.4501953125,
				420.296875,
				376.9263111716973,
				426.98430002273744,
				370.0421083827514,
				449.800514980383,
				368.60000000000036,
				453.2000000000007,
				345.0,
				453.0,
				297.0,
				447.0,
				295.8894097704051,
				440.75270560062745,
				291.3655050805264,
				417.9364906429819,
				280.9404296875,
				420.88671875
			]
		}
	],
	"metadata.model": {
		"metadata.model.gender": "FEMALE",
		"metadata.model.age": "20대",
		"metadata.model.job": "entertainment and sports",
		"metadata.model.type": "wear",
		"metadata.model.usually_size": "M",
		"metadata.model.body_height": "164",
		"metadata.model.waist_height": "97",
		"metadata.model.chest_size_male": "null",
		"metadata.model.breast_size_female": "80.0",
		"metadata.model.waist_size": "68",
		"metadata.model.hip_seize": "88",
		"metadata.model.back_length": "45",
		"metadata.model.shoulders_width": "40",
		"metadata.model.arm_length": "55",
		"metadata.model.weight": "52"
	},
	"metadata.clothes": {
		"metadata.clothes.type": "02top_02t-shirt",
		"metadata.clothes.season": "summer",
		"metadata.clothes.fiber_composition": "Cotton",
		"metadata.clothes.elasticity": "contain",
		"metadata.clothes.transparency": "contain",
		"metadata.clothes.isfleece": "fleece_none",
		"metadata.clothes.color": "White",
		"metadata.clothes.washing_method": "none",
		"metadata.clothes.bleach": "none",
		"metadata.clothes.ironing": "none",
		"metadata.clothes.drycleaning": "none",
		"metadata.clothes.wringing": "none",
		"metadata.clothes.drying": "none",
		"metadata.clothes.top_length_type": "normal",
		"metadata.clothes.sleeve_length_type": "sleeveless",
		"metadata.clothes.topneck_color_design": "square neck",
		"metadata.clothes.topsleeve_design": "null",
		"metadata.clothes.pants_silhouette": "null",
		"metadata.clothes.skirt_design": "null",
		"metadata.top.front_length": "58.0",
		"metadata.top.chest_size": "80.0",
		"metadata.top.waist_size": "76.0",
		"metadata.top.hem_size": "78.0",
		"metadata.top.shoulder_width": "29.0",
		"metadata.top.sleeve_length": "0.0",
		"metadata.top.sleeve_cuff_size": "0.0",
		"metadata.pants.pants_length": "null",
		"metadata.pants.waist_size": "null",
		"metadata.pants.hip_size": "null",
		"metadata.pants.front_rise_length": "null",
		"metadata.pants.back_rise_length": "null",
		"metadata.pants.inner_seam_length": "null",
		"metadata.pants.pants_waist_size": "null",
		"metadata.skirt.length": "null",
		"metadata.skirt.waist_size": "null",
		"metadata.skirt.hip_size": "null",
		"metadata.skirt.hem_size": "null",
		"metadata.dress.front_length": "null",
		"metadata.dress.chest_size": "null",
		"metadata.dress.waist_size": "null",
		"metadata.dress.hip_size": "null",
		"metadata.dress.hem_size": "null",
		"metadata.dress.shoulder_width": "null",
		"metadata.dress.sleeve_length": "null",
		"metadata.dress.cuff_size": "null",
		"metadata.jumpsuit.front_length": "null",
		"metadata.jumpsuit.inner_seam_length": "null",
		"metadata.jumpsuit.chest_size": "null",
		"metadata.jumpsuit.waist_size": "null",
		"metadata.jumpsuit.hip_size": "null",
		"metadata.jumpsuit.shoulder_width": "null",
		"metadata.jumpsuit.sleeve_length": "null",
		"metadata.jumpsuit.cuffs_size": "null",
		"metadata.jumpsuit.front_rise_length": "null",
		"metadata.jumpsuit.back_rise_length": "null",
		"metadata.jumpsuit.pants_waist_size": "null"
	}
}