{
	"dataset": {
		"dataset.id": 223383,
		"dataset.name": "01_sou_044677_223383_wear_02top_02t-shirt_man",
		"dataset.image_path": "./008.의류 통합 데이터(3-1)/원천데이터/상품/상의/t-shirt/01_sou_044677_223383_wear_02top_02t-shirt_man.jpg",
		"dataset.label_path": "./008.의류 통합 데이터(3-1)/라벨링데이터/상품/상의/t-shirt/01_sou_044677_223383_wear_02top_02t-shirt_man.json",
		"dataset.category": 6,
		"dataset.type": 1,
		"dataset.width": 2268,
		"dataset.height": 4032,
		"dataset.file_size": 897032
	},
	"annotation": [
		{
			"annotation_type": "Polygon",
			"annotation_id": 183,
			"annotation_point_count": 203.0,
			"annotation_point": [
				490.95703125,
				1560.828125,
				378.40000000000146,
				1782.0,
				381.2826540803271,
				1802.1118009931051,
				375.79894452064764,
				1806.4987686408494,
				361.54129966548317,
				1816.3694458482714,
				347.2836548103187,
				1825.1433811437564,
				336.31623569096155,
				1838.3042840869857,
				333.0260099551542,
				1854.7554127660223,
				328.6390423074099,
				1871.206541445059,
				323.15533274773225,
				1886.5609282121586,
				331.92926804321723,
				1900.818573067325,
				337.4130859375,
				1916.173828125,
				337.0,
				1958.0,
				322.05859375,
				2011.58984375,
				337.4129776028967,
				2006.1057966131557,
				353.86410628193335,
				2001.718828965415,
				370.31523496097,
				1999.525345141541,
				386.7663636400066,
				2001.718828965415,
				403.2174923190414,
				2005.0090547012187,
				419.66862099807804,
				2008.299280437026,
				435.0230077651795,
				2014.8797319086407,
				436.11974967711467,
				2015.9764738205777,
				439.409975412922,
				2030.234118675744,
				444.8936849726015,
				2020.363441468322,
				449.280652620344,
				1979.783990726697,
				470.1187489471231,
				1955.6556686641125,
				492.0535871858392,
				1950.1719591044312,
				503.02100630519635,
				1923.8501532179725,
				478.8926842426099,
				1904.1087988031322,
				497.53729674551687,
				1884.3674443882883,
				532.6330379274623,
				1841.594509822793,
				569.9222629332762,
				1809.7889943766568,
				610.5017136749011,
				1752.7584149559952,
				700.4345504536323,
				1580.569934782081,
				749.7879364907421,
				1497.2175494749645,
				787.1000000000022,
				1421.5,
				784.8836776726857,
				1614.5689340520912,
				752.0,
				1866.0,
				763.2000000000007,
				2060.5,
				757.6844782566877,
				2092.3097108913134,
				762.0714459044284,
				2096.6966785390578,
				777.4258326715317,
				2105.4706138345427,
				793.8769613505683,
				2108.76083957035,
				811.4248319415383,
				2108.76083957035,
				827.8759606205749,
				2107.664097658413,
				844.3270892996115,
				2106.5673557464797,
				860.7782179786482,
				2105.4706138345427,
				879.4228304815551,
				2105.4706138345427,
				894.7772172486548,
				2104.3738719226058,
				911.2283459276914,
				2102.1803880987354,
				928.776216518665,
				2101.0836461867984,
				945.2273451977017,
				2099.986904274865,
				961.6784738767383,
				2099.986904274865,
				979.2263444677119,
				2098.890162362928,
				995.6774731467449,
				2097.793420450991,
				1014.3220856496555,
				2097.793420450991,
				1029.6764724167551,
				2098.890162362928,
				1047.2243430077287,
				2099.986904274865,
				1064.7722135986987,
				2099.986904274865,
				1082.3200841896723,
				2099.986904274865,
				1098.771212868709,
				2099.986904274865,
				1116.319083459679,
				2099.986904274865,
				1133.8669540506526,
				2099.986904274865,
				1151.4148246416262,
				2099.986904274865,
				1168.9626952325962,
				2099.986904274865,
				1186.5105658235698,
				2101.0836461867984,
				1202.9616945026064,
				2101.0836461867984,
				1220.5095650935764,
				2102.1803880987354,
				1239.154177596487,
				2102.1803880987354,
				1255.6053062755236,
				2103.2771300106724,
				1273.1531768664936,
				2105.4706138345427,
				1289.6043055455302,
				2105.4706138345427,
				1307.1521761365038,
				2106.5673557464797,
				1323.6033048155405,
				2108.76083957035,
				1342.2479173184474,
				2109.857581482287,
				1357.602304085547,
				2110.9543233942204,
				1375.1501746765207,
				2110.9543233942204,
				1392.6980452674907,
				2110.9543233942204,
				1411.3426577704013,
				2110.9543233942204,
				1426.697044537501,
				2109.857581482287,
				1425.600302625564,
				2084.632517507762,
				1419.0198511539493,
				2037.472615294526,
				1422.3100768897566,
				1996.893164552901,
				1417.923109242016,
				1900.3798763025552,
				1427.79296875,
				1837.865234375,
				1427.6000000000022,
				1499.7999999999993,
				1439.0,
				1513.0,
				1518.82421875,
				1667.87109375,
				1545.145171026561,
				1751.2229762792922,
				1621.9171048620665,
				1899.2831343906182,
				1625.2073305978738,
				1908.0570696861068,
				1676.0,
				1942.0,
				1675.8614968297006,
				1979.1362979253317,
				1676.116563945845,
				1981.9420362029196,
				1678.6672351072884,
				1985.0028415966517,
				1681.4729733848762,
				1987.8085798742395,
				1685.2989801270414,
				1988.828848338817,
				1689.1249868692066,
				1989.3389825711056,
				1693.2060607275162,
				1990.359251035683,
				1696.777000353537,
				1991.889653732549,
				1700.3479399795579,
				1993.4200564294151,
				1703.9188796055787,
				1994.9504591262812,
				1706.9796849993108,
				1997.5011302877247,
				1710.040490393043,
				2000.3068685653125,
				1711.570893089909,
				2004.1328753074777,
				1712.8462286706308,
				2007.9588820496429,
				1714.1215642513525,
				2011.784888791808,
				1715.6519669482186,
				2015.355828417829,
				1717.9475709935177,
				2018.6717009277054,
				1719.22265625,
				2021.98828125,
				1719.9000000000015,
				2042.6000000000022,
				1721.1000000000022,
				2053.4000000000015,
				1725.4000000000015,
				2063.100000000002,
				1728.0817219374403,
				2054.3624407383286,
				1738.6000000000022,
				2044.5,
				1756.6000000000022,
				2041.9000000000015,
				1773.0481403268059,
				2040.104795883166,
				1789.4992690058425,
				2039.008053971229,
				1807.7000000000007,
				2038.7000000000007,
				1829.7999999999993,
				2045.1000000000022,
				1836.7000000000007,
				2054.0,
				1839.4000000000015,
				2049.2000000000007,
				1822.4015263639158,
				1980.880732638634,
				1823.4982682758528,
				1953.4621848402385,
				1832.2722035713377,
				1932.6240885134612,
				1821.3047844519824,
				1895.3348635076436,
				1800.4666881252015,
				1849.271703206341,
				1793.8862366535868,
				1839.401025998919,
				1774.1448822387429,
				1839.401025998919,
				1769.7579145909986,
				1811.982478200527,
				1748.9198182642212,
				1750.564931132125,
				1690.7924969316264,
				1603.6015149327322,
				1608.5368535364432,
				1400.704261224615,
				1567.9574027948183,
				1306.3844567981396,
				1547.119306468041,
				1221.935329579086,
				1543.8290807322337,
				1212.0646523716641,
				1538.345371172556,
				1195.6135236926275,
				1530.6681777890044,
				1180.2591369255279,
				1525.1844682293267,
				1164.9047501584282,
				1518.604016757712,
				1148.4536214793916,
				1513.1203071980308,
				1133.099234712292,
				1504.3463719025458,
				1118.8415898571257,
				1495.5724366070608,
				1103.487203090026,
				1486.7985013115722,
				1089.2295582348597,
				1476.9278241041502,
				1074.971913379697,
				1463.766921160921,
				1064.004494260338,
				1450.6060182176952,
				1054.1338170529161,
				1436.348373362529,
				1045.3598817574311,
				1419.8972446834923,
				1038.7794302858165,
				1403.4461160044557,
				1033.2957207261352,
				1388.091729237356,
				1028.9087530783945,
				1371.6406005583194,
				1024.5217854306502,
				1355.1894718792828,
				1015.7478501351652,
				1342.0285689360535,
				1004.7804310158062,
				1327.7709240808872,
				996.0064957203213,
				1313.5132792257245,
				986.1358185128993,
				1275.1273123079736,
				960.9107545383777,
				1252.0957321573223,
				957.6205288025703,
				1268.546860836359,
				974.071657481607,
				1252.0957321573223,
				991.6195280725769,
				1225.7739262708637,
				1000.3934633680656,
