{
	"dataset": {
		"dataset.id": 140248,
		"dataset.name": "01_sou_028050_140248_wear_02top_02t-shirt_woman",
		"dataset.image_path": "./008.의류 통합 데이터(3-1)/원천데이터/상품/상의/t-shirt/01_sou_028050_140248_wear_02top_02t-shirt_woman.jpg",
		"dataset.label_path": "./008.의류 통합 데이터(3-1)/라벨링데이터/상품/상의/t-shirt/01_sou_028050_140248_wear_02top_02t-shirt_woman.json",
		"dataset.category": 6,
		"dataset.type": 1,
		"dataset.width": 607,
		"dataset.height": 1080,
		"dataset.file_size": 57546
	},
	"annotation": [
		{
			"annotation_type": "Polygon",
			"annotation_id": 33,
			"annotation_point_count": 347.0,
			"annotation_point": [
				349.0,
				507.0,
				355.88959999999497,
				523.1023999999961,
				362.36959999999453,
				541.9663999999939,
				366.4015999999938,
				557.2303999999967,
				367.6975999999959,
				559.1023999999961,
				369.8575999999957,
				561.1183999999957,
				371.1535999999942,
				561.9823999999935,
				373.74559999999474,
				563.7103999999963,
				374.17759999999544,
				565.7263999999959,
				374.60959999999614,
				567.8863999999958,
				375.1855999999934,
				570.3343999999961,
				376.3375999999953,
				572.6383999999962,
				376.62559999999576,
				574.3663999999953,
				376.4815999999955,
				576.9583999999959,
				377.05759999999646,
				579.1183999999957,
				379.5055999999968,
				580.4143999999942,
				381.23359999999593,
				579.9823999999935,
				383.537599999996,
				579.1183999999957,
				385.98559999999634,
				578.686399999995,
				387.8575999999957,
				577.9663999999939,
				390.5935999999965,
				577.5343999999968,
				392.17759999999544,
				577.6783999999934,
				394.62559999999576,
				577.2463999999964,
				396.49759999999515,
				576.382399999995,
				399.66559999999663,
				574.798399999996,
				399.0895999999957,
				572.3503999999957,
				398.36959999999453,
				570.0463999999956,
				397.7935999999936,
				567.8863999999958,
				397.5055999999968,
				565.4383999999955,
				397.2175999999963,
				563.1343999999954,
				397.2175999999963,
				560.8303999999953,
				397.5055999999968,
				558.5263999999952,
				397.93759999999384,
				556.3663999999953,
				398.94559999999547,
				554.0623999999953,
				399.66559999999663,
				551.9023999999954,
				399.66559999999663,
				549.5983999999953,
				399.37759999999616,
				547.4383999999955,
				398.658203125,
				537.93359375,
				389.0,
				479.2999999999993,
				368.2159999999967,
				392.3839999999982,
				366.3679999999986,
				387.9559999999983,
				365.887999999999,
				386.395999999997,
				365.16799999999785,
				384.35599999999613,
				364.5679999999993,
				382.55599999999686,
				363.84799999999814,
				380.9959999999992,
				363.24799999999595,
				379.1959999999963,
				362.6479999999974,
				377.15599999999904,
				361.92799999999625,
				375.59599999999773,
				361.0879999999961,
				373.79599999999846,
				360.127999999997,
				372.23599999999715,
				358.92799999999625,
				370.55599999999686,
				357.72799999999916,
				369.11599999999817,
				356.6479999999974,
				367.4359999999979,
				355.6879999999983,
				365.7559999999976,
				354.72799999999916,
				364.1959999999963,
				353.887999999999,
				362.515999999996,
				352.80799999999726,
				360.9559999999983,
				351.72799999999916,
				359.515999999996,
				350.41999999999825,
				357.9559999999983,
				349.3279999999977,
				356.6359999999986,
				347.887999999999,
				355.1959999999963,
				346.5679999999993,
				353.6359999999986,
				345.127999999997,
				352.4359999999979,
				343.6879999999983,
				351.23599999999715,
				342.127999999997,
				350.0359999999964,
				340.6879999999983,
				348.9559999999983,
				338.887999999999,
				347.7559999999976,
				337.4479999999967,
				346.79599999999846,
				335.7679999999964,
				345.7159999999967,
				333.9679999999971,
				345.11599999999817,
				332.16799999999785,
				344.275999999998,
				330.84799999999814,
				343.1959999999963,
				321.96875,
				341.15625,
				320.2800000000025,
				339.1500000000051,
				320.7800000000025,
				337.8500000000022,
				319.58000000000175,
				336.75000000000364,
				318.08000000000175,
				336.3500000000022,
				316.7800000000025,
				335.25000000000364,
				315.68000000000393,
				333.8500000000022,
				315.18000000000393,
				332.6500000000051,
				314.88000000000466,
				331.1500000000051,
				314.58000000000175,
				329.6500000000051,
				313.9800000000032,
				328.25000000000364,
				313.08000000000175,
				326.8500000000022,
				312.38000000000466,
				325.45000000000437,
				311.7800000000025,
				323.5400000000045,
				311.2800000000025,
				322.0400000000045,
				310.2800000000025,
				320.8500000000022,
				306.6796875,
				320.25,
				303.7341458541887,
				320.1227801020141,
				301.5625070404312,
				320.5571078647663,
				299.10131638483654,
				320.8466597065999,
				297.0744534919977,
				321.1362115484335,
				294.61326283640665,
				321.71531523210433,
				292.2968481017306,
				322.29441891577153,
				290.2699852088881,
				323.16307444127597,
				288.09834639513065,
				324.1765058876954,
				286.3610353441254,
				325.1899373341148,
				284.47894837220156,
				324.1765058876954,
				282.5968614002777,
				325.624265096867,
				280.85955034927247,
				327.3615761478759,
				278.83268745643,
				328.80933535704753,
				277.2401523263434,
				330.25709456621917,
				275.0685135125859,
				331.7048537753908,
				273.18642654066207,
				333.15261298456244,
				271.1595636478196,
				334.3108203519005,
				269.56702851772934,
				335.3242517983199,
				267.1058378621383,
				336.0481314029057,
				265.22375089021443,
				336.6272350865729,
				263.052112076457,
				336.91678692841015,
				260.8804732626995,
				336.6272350865729,
				258.56405852802345,
				336.3376832447393,
				256.247643793351,
				335.7585795610721,
				254.07600497958992,
				335.1794758774013,
				251.90436616583247,
				334.16604443098186,
				249.87750327299364,
				332.86306114272884,
				247.85064038015116,
				331.9944056172244,
				245.82377748731233,
				330.980974170805,
				243.65213867355487,
				330.25709456621917,
				241.19094801796018,
				329.53321496163335,
				238.72975736236913,
				328.80933535704753,
				236.55811854861167,
				327.9406798315431,
				234.38647973485422,
				327.07202430603866,
				232.21484092109677,
				326.6376965432901,
				230.1879780282543,
				326.6376965432901,
				224.39694119156775,
				326.20336878053786,
				222.2253023778103,
				326.6376965432901,
				219.97999999999593,
				327.3919999999962,
				216.259765625,
				329.3125,
				213.97307488552906,
				329.53321496163335,
				211.8014360717716,
				329.67799088254833,
				209.62979725801415,
				329.82276680346695,
				207.4581584442567,
				329.67799088254833,
				205.57607147233284,
				331.2705260126386,
				203.9835363422426,
				333.2973889054774,
				203.11488081673815,
				335.0346999564863,
				202.24622529123735,
				337.0615628493251,
				201.81189752848513,
				339.2332016630826,
				201.66712160756651,
				341.83916823959225,
				200.3641383193135,
				343.5764792906011,
				198.62682726830826,
				344.73468665793916,
				196.5999643754658,
				345.60334218343996,
				195.00742924537553,
				347.1958773135302,
				192.83579043161808,
				348.20930875994964,
				190.80892753877924,
				349.5122920482063,
				188.9268405668554,
				350.8152753364593,
				186.75520175309794,
				352.26303454563094,
				185.01789070208906,
				353.5660178338876,
				183.42535557200245,
				355.30332888489284,
				181.68804452099357,
				357.1854158568167,
				179.95073346998834,
				359.35705467057414,
				178.64775018173532,
				360.8048138797458,
				177.19999097256368,
				362.83167677258825,
				175.89700768430703,
				364.42421190267487,
				174.594024396054,
				366.45107479551734,
				173.29104110779735,
				368.3331617674412,
				171.98805781954434,
				370.36002466028003,
				171.1194022940399,
				372.5316634740375,
				170.10597084762048,
				374.55852636687996,
				168.51343571753023,
				376.1510614969666,
