{
	"dataset": {
		"dataset.id": 110649,
		"dataset.name": "01_sou_022130_110649_wear_02top_02t-shirt_woman",
		"dataset.image_path": "./008.의류 통합 데이터(3-1)/원천데이터/상품/상의/t-shirt/01_sou_022130_110649_wear_02top_02t-shirt_woman.jpg",
		"dataset.label_path": "./008.의류 통합 데이터(3-1)/라벨링데이터/상품/상의/t-shirt/01_sou_022130_110649_wear_02top_02t-shirt_woman.json",
		"dataset.category": 6,
		"dataset.type": 1,
		"dataset.width": 607,
		"dataset.height": 1080,
		"dataset.file_size": 23799
	},
	"annotation": [
		{
			"annotation_type": "Polygon",
			"annotation_id": 108,
			"annotation_point_count": 90.0,
			"annotation_point": [
				308.7000000000007,
				402.90000000000146,
				293.5,
				398.7000000000007,
				285.0,
				392.0,
				271.0,
				389.0,
				266.18867771280384,
				392.08211500975085,
				258.5741552956497,
				392.08211500975085,
				252.5,
				394.60000000000036,
				245.37564977258262,
				398.1737329434727,
				238.77639701105,
				402.23481156595517,
				231.6695094217066,
				406.2958901884376,
				226.0855263157937,
				411.87987329435055,
				221.51681286550047,
				418.47912605588317,
				217.45573424301801,
				425.0783788174176,
				213.39465562053556,
				432.185266406761,
				209.33357699805492,
				439.2921539961044,
				205.27249837557247,
				445.3837719298281,
				201.21141975309,
				451.9830246913607,
				197.65797595841832,
				457.5670077972736,
				194.61216699155557,
				462.6433560753776,
				168.0,
				497.0,
				150.0,
				525.0,
				143.0,
				530.0,
				138.0,
				529.0,
				122.0,
				548.0,
				110.90000000000146,
				562.9000000000015,
				116.90000000000146,
				565.4000000000015,
				126.5,
				572.6000000000022,
				130.0,
				555.0,
				138.0,
				546.0,
				141.0,
				552.0,
				156.0,
				564.0,
				176.0,
				569.0,
				182.0,
				558.0,
				199.0,
				539.0,
				209.0,
				523.0,
				229.0,
				504.0,
				240.0,
				500.0,
				243.0,
				503.0,
				245.0,
				528.0,
				245.0,
				561.0,
				233.0,
				637.0,
				233.0,
				651.0,
				237.0,
				662.0,
				247.0,
				667.0,
				267.5,
				672.5,
				365.0,
				671.0,
				385.5,
				667.5,
				394.5,
				660.5,
				388.0,
				542.0,
				392.0,
				513.0,
				395.0,
				507.1000000000022,
				402.0,
				503.0,
				421.3000000000011,
				529.2999999999993,
				435.0,
				548.6000000000022,
				445.10000000000036,
				566.2999999999993,
				448.2000000000007,
				571.2000000000007,
				459.3000000000011,
				586.9000000000015,
				464.8000000000011,
				586.2999999999993,
				477.0,
				572.0,
				483.60000000000036,
				574.5,
				490.0,
				570.7999999999993,
				493.90000000000146,
				564.0,
				504.5,
				585.7000000000007,
				506.6000000000022,
				604.4000000000015,
				516.4000000000015,
				597.0,
				500.10000000000036,
				555.6000000000022,
				489.0,
				539.0,
				472.5,
				516.0,
				448.429580896689,
				479.9029402209271,
				442.3000000000011,
				471.2000000000007,
				437.8000000000011,
				464.2000000000007,
				431.7000000000007,
				456.5,
				427.60000000000036,
				449.40000000000146,
				422.0,
				442.3000000000011,
				417.46385640026347,
				435.23107537362193,
				412.89514294997025,
				428.12418778427855,
				408.32642949967885,
				421.5249350227459,
				403.2500812215767,
				414.9256822612115,
				399.18900259909424,
				408.32642949967885,
				394.620289148801,
				402.23481156595517,
				391.60000000000036,
				399.7000000000007,
				386.0,
				394.60000000000036,
				378.90000000000146,
				392.60000000000036,
				373.8000000000011,
				391.60000000000036,
				368.7000000000007,
				390.60000000000036,
				364.2000000000007,
				390.60000000000036,
				360.40000000000146,
				395.5,
				356.0,
				399.60000000000036,
				346.60000000000036,
				402.3000000000011,
				330.8000000000011,
				404.90000000000146
			]
		}
	],
	"metadata.model": {
		"metadata.model.gender": "FEMALE",
		"metadata.model.age": "40대",
		"metadata.model.job": "entertainment and sports",
		"metadata.model.type": "wear",
		"metadata.model.usually_size": "M",
		"metadata.model.body_height": "170",
		"metadata.model.waist_height": "104",
		"metadata.model.chest_size_male": "null",
		"metadata.model.breast_size_female": "75.0",
		"metadata.model.waist_size": "70",
		"metadata.model.hip_seize": "95",
		"metadata.model.back_length": "40",
		"metadata.model.shoulders_width": "39",
		"metadata.model.arm_length": "52",
		"metadata.model.weight": "56"
	},
	"metadata.clothes": {
		"metadata.clothes.type": "02top_02t-shirt",
		"metadata.clothes.season": "spring&fall",
		"metadata.clothes.fiber_composition": "Cotton",
		"metadata.clothes.elasticity": "contain little",
		"metadata.clothes.transparency": "none",
		"metadata.clothes.isfleece": "fleece_none",
		"metadata.clothes.color": "White",
		"metadata.clothes.washing_method": "none",
		"metadata.clothes.bleach": "none",
		"metadata.clothes.ironing": "none",
		"metadata.clothes.drycleaning": "none",
		"metadata.clothes.wringing": "none",
		"metadata.clothes.drying": "none",
		"metadata.clothes.top_length_type": "long",
		"metadata.clothes.sleeve_length_type": "long sleeves",
		"metadata.clothes.topneck_color_design": "round neck",
		"metadata.clothes.topsleeve_design": "Others",
		"metadata.clothes.pants_silhouette": "null",
		"metadata.clothes.skirt_design": "null",
		"metadata.top.front_length": "60.0",
		"metadata.top.chest_size": "100.0",
		"metadata.top.waist_size": "102.0",
		"metadata.top.hem_size": "108.0",
		"metadata.top.shoulder_width": "28.0",
		"metadata.top.sleeve_length": "48.0",
		"metadata.top.sleeve_cuff_size": "38.0",
		"metadata.pants.pants_length": "null",
		"metadata.pants.waist_size": "null",
		"metadata.pants.hip_size": "null",
		"metadata.pants.front_rise_length": "null",
		"metadata.pants.back_rise_length": "null",
		"metadata.pants.inner_seam_length": "null",
		"metadata.pants.pants_waist_size": "null",
		"metadata.skirt.length": "null",
		"metadata.skirt.waist_size": "null",
		"metadata.skirt.hip_size": "null",
		"metadata.skirt.hem_size": "null",
		"metadata.dress.front_length": "null",
		"metadata.dress.chest_size": "null",
		"metadata.dress.waist_size": "null",
		"metadata.dress.hip_size": "null",
		"metadata.dress.hem_size": "null",
		"metadata.dress.shoulder_width": "null",
		"metadata.dress.sleeve_length": "null",
		"metadata.dress.cuff_size": "null",
		"metadata.jumpsuit.front_length": "null",
		"metadata.jumpsuit.inner_seam_length": "null",
		"metadata.jumpsuit.chest_size": "null",
		"metadata.jumpsuit.waist_size": "null",
		"metadata.jumpsuit.hip_size": "null",
		"metadata.jumpsuit.shoulder_width": "null",
		"metadata.jumpsuit.sleeve_length": "null",
		"metadata.jumpsuit.cuffs_size": "null",
		"metadata.jumpsuit.front_rise_length": "null",
		"metadata.jumpsuit.back_rise_length": "null",
		"metadata.jumpsuit.pants_waist_size": "null"
	}
}