{
	"dataset": {
		"dataset.id": 473333,
		"dataset.name": "01_sou_094667_473333_wear_02top_02t-shirt_woman",
		"dataset.image_path": "./008.의류 통합 데이터(3-1)/원천데이터/상품/상의/t-shirt/01_sou_094667_473333_wear_02top_02t-shirt_woman.jpg",
		"dataset.label_path": "./008.의류 통합 데이터(3-1)/라벨링데이터/상품/상의/t-shirt/01_sou_094667_473333_wear_02top_02t-shirt_woman.json",
		"dataset.category": 6,
		"dataset.type": 1,
		"dataset.width": 3024,
		"dataset.height": 4032,
		"dataset.file_size": 1273066
	},
	"annotation": [
		{
			"annotation_type": "Polygon",
			"annotation_id": 113,
			"annotation_point_count": 184.0,
			"annotation_point": [
				1182.0,
				1588.0,
				1075.0,
				1850.0,
				941.2000000000007,
				2058.9000000000015,
				940.668956671987,
				2099.684618239986,
				950.5585356799893,
				2102.694490111986,
				950.5585356799893,
				2111.2941240319888,
				932.806640625,
				2149.296875,
				907.425996799986,
				2184.3820543999864,
				911.656140799987,
				2190.8516863999866,
				955.2017407999883,
				2212.9977343999853,
				988.2963967999858,
				2232.157798399985,
				1000.2403327999855,
				2231.6601343999864,
				1019.4003967999852,
				2198.8143103999864,
				1031.9383139764068,
				2182.3513028037632,
				1062.843926076519,
				2208.456860708491,
				1078.2125206494638,
				2210.9410992832964,
				1099.3496014045813,
				2211.783214054416,
				1125.4551593093092,
				2192.582997272875,
				1169.7503962702322,
				2171.109070609309,
				1189.0769302674416,
				2146.561425031152,
				1210.5929626695652,
				2117.7610998588425,
				1229.4984392812148,
				2080.371204021103,
				1246.2565232265079,
				2059.7393921286566,
				1263.4777702959145,
				2027.0653390091902,
				1273.372618856578,
				2018.8547199907698,
				1260.909320243998,
				2123.024317178344,
				1276.2358090783891,
				2190.3513931294074,
				1284.8674854823694,
				2202.5199515720924,
				1290.8886060958794,
				2200.751510552742,
				1298.341321820295,
				2223.0675519874276,
				1303.8150678325765,
				2250.3520705717237,
				1305.2045572049246,
				2271.61546854251,
				1301.372934996325,
				2289.384090213145,
				1302.9729530614568,
				2297.636814970123,
				1328.4048191492875,
				2295.4894223037663,
				1373.8790167897787,
				2287.9103893636857,
				1412.1531331371953,
				2278.7734440970307,
				1480.153900905152,
				2265.594347929,
				1538.7650889751203,
				2258.857429760039,
				1585.2498243409573,
				2255.867922322559,
				1658.640126644088,
				2256.752142832236,
				1711.8196744403322,
				2263.0680036156373,
				1787.3573694098159,
				2280.162933469379,
				1878.4320819064706,
				2306.057962681327,
				1902.9376217460704,
				2312.079083294837,
				1906.0534463992153,
				2298.6052469569113,
				1908.200839065572,
				2242.9835663244194,
				1922.3904729589449,
				2207.74106315304,
				1935.1485117414195,
				2191.9935169330893,
				1941.1696323549259,
				2167.6564000477156,
				1943.1064963285025,
				2149.1719808216258,
				1939.6959315054664,
				2124.750652459141,
				1927.8642189712264,
				2064.8762922324895,
				1956.3698039736482,
				2113.1294686176807,
				1985.3385521001837,
				2159.698415460629,
				2023.8231971403802,
				2193.1303718741037,
				2068.034222624192,
				2219.109612563163,
				2095.4871641627105,
				2232.583448901085,
				2124.750652459141,
				2230.1834218033946,
				2145.6772045214784,
				2226.0149536863464,
				2170.435378792412,
				2213.172703426764,
				2176.4143936673645,
				2202.6883745263185,
				2196.11987931158,
				2235.867696508456,
				2202.0988941865326,
				2228.3728750454866,
				2219.404352733054,
				2222.0991200006392,
				2263.0258978770835,
				2206.267362303577,
				2287.489331978126,
				2196.11987931158,
				2251.9099828982944,
				2127.9085828508396,
				2284.4998245406496,
				2110.3504898729843,
				2287.741966409463,
				2091.739753431226,
				2287.363014762457,
				2078.0974941390778,
				2278.0576465415797,
				2067.023684898846,
				2263.0258978770835,
				2072.034267787014,
				2260.1627076552722,
				2060.918352808225,
				2252.246828806743,
				2048.370842718534,
				2226.4781168104637,
				2041.5497130724616,
				2140.203458509197,
				1858.3055388766952,
				2065.128926663827,
				1677.8403434256288,
				2025.2968979898396,
				1590.976204784576,
				1981.2542954602504,
				1516.7437877103293,
				1917.5904187635606,
				1380.4475120045172,
				1916.4535638225498,
				1378.4264365538293,
				1915.443026097204,
				1376.7001012730325,
				1913.8430080320759,
				1374.3842856524498,
				1912.4114129211703,
				1372.2368929860932,
				1911.2745579801594,
				1370.342134751074,
				1909.5482226993627,
				1368.6157994702771,
				1907.9482046342346,
				1367.1842043593715,
				1905.9271291835466,
				1365.8789264641382,
				1903.9060537328587,
				1364.5736485689013,
				1902.0534012363933,
				1363.3104764122218,
				1900.0323257857053,
				1362.0051985169848,
				1897.7165101651226,
				1360.6999206217479,
				1895.8638576686571,
				1359.394642726511,
				1894.137522387864,
				1358.5525279553913,
				1891.8217067672813,
				1357.373567275823,
				1889.9690542708158,
				1356.2367123348085,
				1887.6532386502367,
				1355.6472319950262,
				1885.4637402453227,
				1354.9314344395752,
				1883.1900303632974,
				1353.7945794985608,
				1881.000531958387,
				1352.7840417732186,
				1879.0215622462529,
				1351.6471868322042,
				1877.1268040112336,
				1350.468226152636,
				1874.979411344877,
				1349.4576884272938,
				1871.8214809531746,
				1348.1945162706106,
				1870.2214628880465,
				1347.1839785452685,
				1867.7793300517988,
				1345.7102776958054,
				1865.7582546011108,
				1344.447105539126,
				1863.316121764863,
				1343.4365678137838,
				1861.0003061442803,
				1342.8470874739978,
				1858.6844905237012,
				1342.2576071342155,
				1856.410780641676,
				1341.5418095787609,
				1854.5160224066567,
				1340.236531683524,
				1852.200206786074,
				1339.2259939581818,
				1850.2212370739435,
				1338.6786193569533,
				1847.6106812834696,
				1338.215456232836,
				1844.747491061662,
				1337.3733414617163,
				1842.557992656748,
				1336.9522840761565,
				1840.4105999903913,
				1336.4891209520392,
				1837.8000441999175,
				1335.9417463508107,
				1835.3579113636697,
				1335.5206889652509,
				1832.915778527422,
				1335.2259487953597,
				1830.7683858610653,
				1334.6364684555774,
				1828.8736276260424,
				1334.0469881157915,
				1826.4314947897947,
				1333.499613514563,
				1824.1577849077694,
				1333.0364503904493,
				1822.1367094570815,
				1332.4890757892208,
				1819.6945766208337,
				1332.4890757892208,
				1814.641887994112,
				1331.8995954494349,
				1774.4730134116762,
				1321.246843594763,
				1758.6412557146177,
				1319.5205083139663,
				1743.062132448893,
				1311.983581112443,
				1729.8830362808585,
				1321.7100067188803,
				1712.1144146102233,
				1326.8469068227132,
				1680.9982738173312,
				1334.38383402424,
				1648.3663264364222,
				1336.8680725990453,
				1593.3341261437126,
				1340.236531683524,
				1537.3334938642183,
				1338.1312447557248,
				1507.859476875008,
				1331.3943265867638,
				1485.5434354403224,
				1325.0784658033626,
				1465.1328125,
				1311.77734375,
				1448.212582399985,
				1318.4964607999864,
				1407.1553023999877,
				1325.7125887999864,
				1403.4228223999853,
				1325.7125887999864,
				1399.6903423999865,
				1325.9614207999875,
				1395.9578623999878,
				1326.4590847999862,
				1391.976550399988,
				1326.4590847999862,
				1388.7417343999878,
				1326.4590847999862,
				1384.7604223999879,
				1326.4590847999862,
				1380.5302783999869,
				1326.7079167999873,
				1376.548966399987,
				1326.9567487999848,
				1372.0699903999848,
				1326.9567487999848,
				1368.5863423999872,
				1327.454412799987,
				1364.107366399985,
				1328.449740799988,
				1360.3748863999863,
				1329.1962367999877,
				1356.3935743999864,
				1330.191564799985,
				1352.6610943999876,
				1331.1868927999858,
