{
	"dataset": {
		"dataset.id": 140294,
		"dataset.name": "01_sou_028059_140294_wear_02top_02t-shirt_woman",
		"dataset.image_path": "./008.의류 통합 데이터(3-1)/원천데이터/상품/상의/t-shirt/01_sou_028059_140294_wear_02top_02t-shirt_woman.jpg",
		"dataset.label_path": "./008.의류 통합 데이터(3-1)/라벨링데이터/상품/상의/t-shirt/01_sou_028059_140294_wear_02top_02t-shirt_woman.json",
		"dataset.category": 6,
		"dataset.type": 1,
		"dataset.width": 607,
		"dataset.height": 1080,
		"dataset.file_size": 55359
	},
	"annotation": [
		{
			"annotation_type": "Polygon",
			"annotation_id": 79,
			"annotation_point_count": 139.0,
			"annotation_point": [
				174.95596419834328,
				339.7746636073134,
				166.96433336371774,
				342.03316797362277,
				151.849609375,
				353.673828125,
				142.20000000000073,
				374.2999999999993,
				130.13132830570248,
				416.9082983225089,
				116.05589154986228,
				456.5205989067945,
				102.67417274841864,
				499.2596572275579,
				84.80842195190417,
				562.227128943141,
				76.86585406825179,
				595.5054829873006,
				76.06154339648856,
				614.4067837737093,
				77.97178124192578,
				615.0100167775308,
				80.08309675530109,
				619.0315701363434,
				80.28417442323916,
				623.5558176650047,
				77.46908707207331,
				632.2021573864477,
				75.708984375,
				638.6953125,
				83.91362632956589,
				644.4859921209354,
				96.09893300676049,
				646.4163377331643,
				101.04544363810055,
				644.6066387216997,
				105.02678146332255,
				632.4213320445015,
				107.80165328090152,
				618.3056797550744,
				111.3004047030663,
				616.7372739451384,
				112.50687071070934,
				615.5308079374954,
				113.83398331911667,
				612.7559361199164,
				117.8153211443423,
				599.2435168343109,
				118.53920074892812,
				597.5544644236106,
				119.74566675657115,
				595.5034722106175,
				121.19342596574279,
				593.33183339686,
				127.9375709484666,
				583.6801053357121,
				138.80782967733467,
				567.151521030999,
				142.54787430102806,
				560.7572511904909,
				143.39240050637818,
				559.4301385820836,
				144.116280110964,
				557.4997929698548,
				145.20209951784273,
				556.0520337606831,
				146.04662572319285,
				554.2423347492186,
				147.13244513007157,
				556.0520337606831,
				148.82149754077182,
				561.3604841943124,
				149.42473054459333,
				562.6875968027198,
				150.02796354841485,
				564.6179424149486,
				150.51054995147206,
				566.6689346279418,
				150.75184315300066,
				568.5992802401706,
				150.75184315300066,
				570.5296258524031,
				150.75184315300066,
				572.459971464632,
				151.23442955605788,
				574.5109636776251,
				151.47572275758648,
				576.441309289854,
				151.8376625598794,
				578.3716549020828,
				152.68218876523315,
				580.3020005143117,
				153.40606836981897,
				581.9910529250119,
				155.0951207805192,
				585.0072179441195,
				162.6958566286703,
				592.8492469938028,
				164.26426243860624,
				593.2111867960957,
				166.4359012523637,
				593.2111867960957,
				167.0391342561852,
				594.0557130014458,
				167.1597808569495,
				595.7447654121461,
				167.40107405847812,
				597.5544644236106,
				167.40107405847812,
				599.6054566366038,
				166.4359012523637,
				601.4151556480683,
				165.95331484930648,
				603.4661478610615,
				165.35008184548497,
				605.5171400740583,
				164.62620224089915,
				607.80942548858,
				164.14361583784193,
				609.6191245000446,
				163.54038283402042,
				611.3081769107448,
				162.6958566286703,
				613.1178759222094,
				161.73068382255587,
				615.2895147359668,
				159.869140625,
				623.76953125,
				162.58000000000175,
				623.6700000000019,
				165.58000000000175,
				622.4700000000048,
				176.08000000000175,
				625.4700000000048,
				219.68000000000393,
				629.6700000000019,
				252.4700000000048,
				632.0700000000033,
				286.8000000000029,
				635.6200000000026,
				289.57000000000335,
				634.7500000000036,
				312.20000000000437,
				613.8400000000038,
				324.82000000000335,
				596.390000000003,
				328.1000000000022,
				567.7100000000028,
				327.93000000000393,
				554.4000000000051,
				327.4100000000035,
				551.640000000003,
				327.06000000000495,
				549.0400000000045,
				325.68000000000393,
				543.1700000000019,
				323.95000000000437,
				539.0200000000041,
				323.7800000000025,
				536.9500000000044,
				323.6100000000042,
				534.3600000000042,
				324.21000000000276,
				528.6200000000026,
				327.62239999999656,
				534.9535999999935,
				356.083984375,
				612.572265625,
				358.9639999999963,
				618.6919999999991,
				361.0039999999972,
				626.1319999999978,
				362.5639999999985,
				627.2119999999959,
				364.0039999999972,
				628.6519999999982,
				365.0839999999989,
				630.0919999999969,
				365.4439999999995,
				632.0119999999988,
				365.5639999999985,
				633.5719999999965,
				365.92399999999907,
				635.7319999999963,
				366.04399999999805,
				637.6519999999982,
				366.283999999996,
				639.3319999999985,
				366.6439999999966,
				641.2519999999968,
				367.0039999999972,
				643.051999999996,
				367.0039999999972,
				644.851999999999,
				367.0039999999972,
				646.8919999999962,
				366.5239999999976,
				648.9319999999971,
				365.5639999999985,
				650.851999999999,
				364.8439999999973,
				652.6519999999982,
				364.72399999999834,
				654.5719999999965,
				366.283999999996,
				655.5319999999992,
				370.9639999999963,
				656.1319999999978,
				380.2039999999979,
				655.5319999999992,
				381.6439999999966,
				655.1719999999987,
				384.283999999996,
				654.3319999999985,
				386.3239999999969,
				653.9719999999979,
				388.2439999999988,
				653.3719999999994,
				391.60399999999936,
				650.2519999999968,
				389.0839999999989,
				637.1719999999987,
				388.8439999999973,
				635.9719999999979,
				389.0839999999989,
				633.6919999999991,
				389.5639999999985,
				631.7719999999972,
				390.6439999999966,
				627.6919999999991,
				392.68399999999747,
				620.851999999999,
				394.0039999999972,
				616.4119999999966,
				391.3683200000014,
				589.6563200000019,
				384.974720000002,
				542.6547199999986,
				377.3715200000006,
				508.4403200000015,
				376.853515625,
				507.921875,
				340.0,
				371.0,
				335.7267199999915,
				363.82399999999325,
				318.9651199999935,
				351.5551999999916,
				318.2734375,
				348.271484375,
				307.7331199999935,
				336.3487999999925,
				298.57471999999325,
				323.7343999999939,
				295.46431999999186,
				315.95839999999225,
				292.873046875,
				312.84765625,
				288.0,
				310.0,
				254.20000000000073,
				307.90000000000146,
				237.70763936069125,
				304.12504084066313,
				205.49789247503577,
				305.0979350292291,
				200.91139130037845,
				308.10348314746807,
				197.6626196349971,
				308.58993024174924,
				189.2019148165964,
				312.9332078692678,
				187.51672309712012,
				317.8845443646351,
				185.22347250979146,
				324.27784903233623,
				176.171875,
				335.2578125
			]
		}
	],
	"metadata.model": {
		"metadata.model.gender": "FEMALE",
		"metadata.model.age": "30대",
		"metadata.model.job": "not employed",
		"metadata.model.type": "wear",
		"metadata.model.usually_size": "M",
		"metadata.model.body_height": "170",
		"metadata.model.waist_height": "103",
		"metadata.model.chest_size_male": "null",
		"metadata.model.breast_size_female": "82.0",
		"metadata.model.waist_size": "63",
		"metadata.model.hip_seize": "86",
		"metadata.model.back_length": "42",
		"metadata.model.shoulders_width": "43",
		"metadata.model.arm_length": "59",
		"metadata.model.weight": "54"
	},
	"metadata.clothes": {
		"metadata.clothes.type": "02top_02t-shirt",
		"metadata.clothes.season": "winter",
		"metadata.clothes.fiber_composition": "Cotton",
		"metadata.clothes.elasticity": "contain",
		"metadata.clothes.transparency": "none at all",
		"metadata.clothes.isfleece": "fleece_none",
		"metadata.clothes.color": "Purple",
		"metadata.clothes.washing_method": "none",
		"metadata.clothes.bleach": "none",