{
	"dataset": {
		"dataset.id": 12988,
		"dataset.name": "01_sou_002598_012988_wear_02top_02t-shirt_woman",
		"dataset.image_path": "./008.의류 통합 데이터(3-1)/원천데이터/상품/상의/t-shirt/01_sou_002598_012988_wear_02top_02t-shirt_woman.jpg",
		"dataset.label_path": "./008.의류 통합 데이터(3-1)/라벨링데이터/상품/상의/t-shirt/01_sou_002598_012988_wear_02top_02t-shirt_woman.json",
		"dataset.category": 6,
		"dataset.type": 1,
		"dataset.width": 646,
		"dataset.height": 1080,
		"dataset.file_size": 44265
	},
	"annotation": [
		{
			"annotation_type": "Polygon",
			"annotation_id": 124,
			"annotation_point_count": 84.0,
			"annotation_point": [
				239.98828125,
				475.595703125,
				242.04833249981857,
				477.3614959085662,
				243.37263119333875,
				479.4215160984877,
				244.25549698901887,
				485.0129994711315,
				244.4026412882995,
				482.3644020840893,
				246.70044666586,
				479.94652695832156,
				249.11596748284137,
				478.12429195603545,
				251.0865239388022,
				477.086041780316,
				253.14183551114547,
				475.92065893001745,
				255.19714708349056,
				474.8824087542962,
				257.27364743493126,
				473.84415857857675,
				259.32895900727635,
				472.97541863562583,
				261.2359491259467,
				472.233811367254,
				263.4395821519647,
				471.1955611915346,
				265.3465722706351,
				470.4751427022584,
				267.27475116840105,
				469.7335354338866,
				269.7750271017685,
				468.69528525816713,
				272.12698158146304,
				468.12318822256566,
				274.33061460748104,
				467.6782238615433,
				276.38592617982613,
				467.38158095419385,
				278.8862021131936,
				467.0849380468444,
				281.53479950023575,
				467.0849380468444,
				283.61129985167645,
				466.78829513949677,
				286.1115757850439,
				466.3433307784726,
				288.3152088110637,
				465.89836641745023,
				290.96380619810407,
				465.4745908355235,
				293.01911777044916,
				465.17794792817404,
				295.07442934279425,
				464.8813050208264,
				297.8713481835093,
				464.43634065980405,
				299.9266597558544,
				464.2880192061293,
				302.87190005024604,
				464.1396977524546,
				305.3721759836135,
				464.1396977524546,
				308.465737731678,
				464.1396977524546,
				311.4109780260678,
				464.1396977524546,
				313.4662895984129,
				463.99137629877987,
				316.1148869854551,
				463.99137629877987,
				318.61516291882253,
				463.84305484510514,
				321.11543885219,
				463.5464119377575,
				322.7469748426083,
				463.3980904840828,
				326.2643121725996,
				463.24976903040806,
				328.63745543138975,
				463.24976903040806,
				331.56150694668395,
				463.24976903040806,
				334.2101043337261,
				463.24976903040806,
				336.8587017207665,
				463.5464119377575,
				339.9522634688328,
				464.2880192061293,
				342.30421794852555,
				464.7329835671517,
				349.2117599339308,
				466.4492746739543,
				350.8221071452517,
				466.74591758130373,
				355.0810517436166,
				467.76297897792756,
				357.45419500240496,
				468.8012291536488,
				359.6578280284248,
				469.9666120039474,
				363.91677262678786,
				473.8017810203837,
				366.12040565280586,
				477.1919856757977,
				368.8000000000011,
				465.7000000000007,
				373.8000000000011,
				426.2000000000007,
				373.2000000000007,
				408.8000000000011,
				367.45987551215876,
				389.5748585203528,
				352.4480492979874,
				372.36617968947394,
				351.7157650924182,
				370.16932707276646,
				349.15277037292617,
				334.2874009998668,
				339.99921780330806,
				330.625979972021,
				345.85749144786314,
				372.00003758668936,
				338.0,
				377.7000000000007,
				325.71967579470584,
				381.8858743618748,
				308.87713906661156,
				387.7441480064299,
				293.4991707496538,
				389.2087164175682,
				278.1212024326978,
				388.84257431478363,
				263.47551832131103,
				385.18115328693784,
				249.1959763127088,
				380.4213059507365,
				248.82983420992423,
				377.1260270256753,
				249.1959763127088,
				370.53546917555104,
				254.6881078544793,
				344.53937987783866,
				258.7156709851097,
				337.58267992492983,
				251.0266868266317,
				341.9763851583448,
				244.4365234375,
				370.53515625,
				242.97156056536915,
				341.6102430555602,
				239.31013953752154,
				342.3425272611312,
				241.140625,
				372.0,
				242.97156056536915,
				381.15359015630565,
				240.4085658458771,
				387.01186380086074,
				234.550292201322,
				400.1929795011092,
				231.62115537904356,
				414.47252150971144,
				232.35343958461272,
				423.62607407932774,
				229.7900390625,
				429.484375
			]
		}
	],
	"metadata.model": {
		"metadata.model.gender": "FEMALE",
		"metadata.model.age": "50대 이상",
		"metadata.model.job": "entertainment and sports",
		"metadata.model.type": "wear",
		"metadata.model.usually_size": "M",
		"metadata.model.body_height": "163",
		"metadata.model.waist_height": "98",
		"metadata.model.chest_size_male": "null",
		"metadata.model.breast_size_female": "88.0",
		"metadata.model.waist_size": "72",
		"metadata.model.hip_seize": "91",
		"metadata.model.back_length": "46",
		"metadata.model.shoulders_width": "44",
		"metadata.model.arm_length": "50",
		"metadata.model.weight": "52"
	},
	"metadata.clothes": {
		"metadata.clothes.type": "02top_02t-shirt",
		"metadata.clothes.season": "summer",
		"metadata.clothes.fiber_composition": "Polyester,synthetic fiber Others",
		"metadata.clothes.elasticity": "contain a lot",
		"metadata.clothes.transparency": "contain",
		"metadata.clothes.isfleece": "fleece_none",
		"metadata.clothes.color": "Black",
		"metadata.clothes.washing_method": "none",
		"metadata.clothes.bleach": "Do not any bleach",
		"metadata.clothes.ironing": "none",
		"metadata.clothes.drycleaning": "none",
		"metadata.clothes.wringing": "Do not wringing",
		"metadata.clothes.drying": "none",
		"metadata.clothes.top_length_type": "crop",
		"metadata.clothes.sleeve_length_type": "sleeveless",
		"metadata.clothes.topneck_color_design": "no neckline",
		"metadata.clothes.topsleeve_design": "null",
		"metadata.clothes.pants_silhouette": "null",
		"metadata.clothes.skirt_design": "null",
		"metadata.top.front_length": "32.0",
		"metadata.top.chest_size": "72.0",
		"metadata.top.waist_size": "60.0",
		"metadata.top.hem_size": "54.0",
		"metadata.top.shoulder_width": "25.0",
		"metadata.top.sleeve_length": "0.0",
		"metadata.top.sleeve_cuff_size": "0.0",
		"metadata.pants.pants_length": "null",
		"metadata.pants.waist_size": "null",
		"metadata.pants.hip_size": "null",
		"metadata.pants.front_rise_length": "null",
		"metadata.pants.back_rise_length": "null",
		"metadata.pants.inner_seam_length": "null",
		"metadata.pants.pants_waist_size": "null",
		"metadata.skirt.length": "null",
		"metadata.skirt.waist_size": "null",
		"metadata.skirt.hip_size": "null",
		"metadata.skirt.hem_size": "null",
		"metadata.dress.front_length": "null",
		"metadata.dress.chest_size": "null",
		"metadata.dress.waist_size": "null",
		"metadata.dress.hip_size": "null",
		"metadata.dress.hem_size": "null",
		"metadata.dress.shoulder_width": "null",
		"metadata.dress.sleeve_length": "null",
		"metadata.dress.cuff_size": "null",
		"metadata.jumpsuit.front_length": "null",
		"metadata.jumpsuit.inner_seam_length": "null",
		"metadata.jumpsuit.chest_size": "null",
		"metadata.jumpsuit.waist_size": "null",
		"metadata.jumpsuit.hip_size": "null",
		"metadata.jumpsuit.shoulder_width": "null",
		"metadata.jumpsuit.sleeve_length": "null",
		"metadata.jumpsuit.cuffs_size": "null",
		"metadata.jumpsuit.front_rise_length": "null",
		"metadata.jumpsuit.back_rise_length": "null",
		"metadata.jumpsuit.pants_waist_size": "null"
	}
}