{
	"dataset": {
		"dataset.id": 529695,
		"dataset.name": "01_sou_105939_529695_wear_02top_02t-shirt_woman",
		"dataset.image_path": "./008.의류 통합 데이터(3-1)/원천데이터/상품/상의/t-shirt/01_sou_105939_529695_wear_02top_02t-shirt_woman.jpg",
		"dataset.label_path": "./008.의류 통합 데이터(3-1)/라벨링데이터/상품/상의/t-shirt/01_sou_105939_529695_wear_02top_02t-shirt_woman.json",
		"dataset.category": 6,
		"dataset.type": 1,
		"dataset.width": 2305,
		"dataset.height": 4032,
		"dataset.file_size": 1245555
	},
	"annotation": [
		{
			"annotation_type": "Polygon",
			"annotation_id": 190,
			"annotation_point_count": 279.0,
			"annotation_point": [
				844.5239884755138,
				1631.3261514050719,
				842.6971898617921,
				1739.1072696146002,
				824.4292037245832,
				1890.7315545534293,
				824.4296875,
				1994.859375,
				771.0,
				2199.0,
				745.0,
				2418.0,
				723.0,
				2497.0,
				719.0,
				2592.0,
				734.0,
				2609.0,
				745.0,
				2812.0,
				764.14453125,
				2835.185546875,
				791.5468286776086,
				2837.0132364608144,
				813.4684120422571,
				2837.0132364608144,
				840.8703912480705,
				2824.2256461647703,
				870.0991690676055,
				2804.1308614138397,
				860.9651759990011,
				2796.823666958957,
				850.004384316675,
				2774.9020835943084,
				842.6971898617921,
				2760.287694684539,
				844.5239884755138,
				2736.539312706169,
				859.1383773852795,
				2720.0981251826815,
				879.2331621362064,
				2714.6177293415203,
				888.3671552048108,
				2698.176541818033,
				890.1939538185325,
				2681.7353542945457,
				888.3671552048108,
				2661.640569543615,
				884.7135579773712,
				2639.7189861789666,
				884.7135579773712,
				2612.317006973153,
				856.0,
				2553.0,
				831.736328125,
				2530.111328125,
				851.8311829303966,
				2519.1502776733905,
				853.6579815441182,
				2502.709090149903,
				859.1383773852795,
				2482.6143053989763,
				877.4063635224884,
				2440.597937283397,
				904.8083427282982,
				2288.973652344568,
				946.8247108438773,
				2098.986596517603,
				966.9194955948078,
				2016.7806589001666,
				976.0534886634123,
				1949.1891101924957,
				983.3606831182951,
				1896.2119503945905,
				1003.4554678692257,
				1832.273998914363,
				1012.5894609378265,
				1881.5975614848248,
				1021.723454006431,
				1954.669506033657,
				1021.723454006431,
				1987.5518810806316,
				1019.896655392713,
				2009.4734644452801,
				1019.896655392713,
				2056.970228402024,
				1003.4554678692257,
				2128.2153743371346,
				987.0142803457384,
				2170.2317424527137,
				963.2658983673646,
				2225.0357008643405,
				941.344315002716,
				2292.6272495720077,
				928.556724706672,
				2362.0455968934,
				921.2495302517855,
				2407.7155622364226,
				921.2495302517855,
				2444.251534510837,
				910.288738569463,
				2460.692722034324,
				906.6351413420198,
				2499.0554929224636,
				924.9031274792287,
				2511.8430832185077,
				939.5175163889944,
				2519.1502776733905,
				966.9194955948078,
				2530.1110693557166,
				994.3214748006212,
				2552.032652720365,
				1027.2038498475958,
				2570.300638857574,
				1063.73982212201,
				2590.3954236085046,
				1094.7953985552667,
				2601.356215290827,
				1124.0241763747981,
				2608.6634097457136,
				1164.2137458766556,
				2606.836611131992,
				1191.615725082469,
				2601.356215290827,
				1215.3641070608392,
				2588.568624994783,
				1242.7660862666526,
				2575.7810346987353,
				1270.168065472466,
				2557.51304856153,
				1297.5700446782757,
				2542.8986596517607,
				1326.7988224978108,
				2535.591465196878,
				1352.3740030899025,
				2520.977076287112,
				1368.8151906133899,
				2510.016284604786,
				1388.9099753643168,
				2500.8822915361816,
				1414.4851559564086,
				2489.921499853859,
				1434.5799407073391,
				2480.7875067852547,
				1449.1943296171048,
				2467.999916489207,
				1456.5015240719877,
				2458.865923420606,
				1451.0211282308264,
				2396.7547705540965,
				1443.7139337759436,
				2336.4704163013084,
				1440.0603365485003,
				2288.973652344568,
				1447.3675310033832,
				2254.264478683872,
				1460.155121299431,
				2214.0749091820144,
				1449.1943296171048,
				2161.097749384109,
				1451.0211282308264,
				2144.656561860622,
				1438.2335379347787,
				2109.9473881999256,
				1432.7531420936175,
				2078.8918117666726,
				1427.2727462524563,
				2038.7022422648151,
				1427.2727462524563,
				1971.1106935571443,
				1438.2335379347787,
				2022.2610547413278,
				1467.4623157543137,
				2077.065013152951,
				1485.7303018915227,
				2113.600985427369,
				1503.9982880287316,
				2153.7905549292263,
				1531.4002672345414,
				2197.633721658527,
				1549.6682533717503,
				2219.5553050231756,
				1556.9754478266332,
				2248.7840828427106,
				1558.8022464403548,
				2270.705666207359,
				1593.511420101051,
				2352.9116038247957,
				1622.7401979205824,
				2378.4867844168875,
				1653.795774353839,
				2383.9671802580488,
				1695.8121424694145,
				2374.833187189448,
				1714.0801286066235,
				2352.9116038247957,
				1717.7337258340667,
				2340.1240135287517,
				1703.119336924301,
				2303.588041254334,
				1690.3317466282533,
				2288.973652344568,
				1677.5441563322092,
				2272.532464821081,
				1688.5049480145317,
				2265.225270366198,
				1704.946135538019,
				2254.264478683872,
				1692.158545241975,
				2225.0357008643405,
				1673.890559104766,
				2197.633721658527,
				1655.622572967557,
				2170.2317424527137,
				1646.4885798989526,
				2144.656561860622,
				1631.874190989187,
				2122.7349784959733,
				1582.550628418725,
				2014.953860286445,
				1522.266274165937,
				1876.11716564366,
				1485.7303018915227,
				1782.950436343901,
				1469.2891143680354,
				1742.7608668420398,
				1469.2891143680354,
				1700.7444987264607,
				1483.5507944173623,
				1644.808747552157,
				1479.5231692837406,
				1626.4550127660295,
				1477.9936913848978,
				1617.7879713392467,
				1475.9543875197705,
				1609.6307558787448,
				1472.334623159175,
				1598.9244105868347,
				1468.765841395205,
				1591.2770210926174,
				1467.2363634963585,
				1582.609979665831,
				1463.2087383627368,
				1572.4134603402053,
				1459.1301306324858,
				1564.7660708459844,
				1456.530018204452,
				1557.6285073180443,
				1453.9808883730439,
				1548.9614658912615,
				1448.9336113068603,
				1540.8042504307596,
				1445.3648295428902,
				1534.686338835385,
				1440.7254132497292,
				1524.9996454760403,
				1438.6861093846055,
				1518.3719079143812,
				1436.6468055194782,
				1511.744170352722,
				1431.08970248701,
				1491.3511317014672,
				1427.0110947567591,
				1485.7430460723735,
				1422.8815044298826,
				1478.6054825444335,
				1422.3716784636017,
				1469.9384411176507,
				1421.8618524973208,
				1461.2713996908678,
				1418.2930707333508,
				1452.094532297804,
				1415.7949234985717,
				1445.466794736145,
				1412.7359677008826,
				1436.7997533093621,
				1412.2261417346017,
				1429.6621897814257,
				1409.1671859369126,
				1416.4067146581074,
				1407.0768994751597,
				1410.2888030627328,
				1404.0179436774706,
				1403.6610655010736,
				1402.4884657786279,
				1393.464546175448,
				1401.978639812347,
				1384.2876787823843,
				1400.4491619135006,
				1378.169767187006,
				1396.9313627461597,
				1370.522377692785,
				1393.8724069484706,
				1362.874988198564,
				1389.2329906553132,
				1355.7374246706277,
				1384.1347309924968,
				1349.6195130752494,
				1378.0678019937513,
				1342.991775513594,
				1371.389081835463,
				1336.8738639182156,
				1364.812326870433,
				1331.265778289122,
				1358.6434326784292,
				1325.1478666937437,
				1350.9960431842082,
				1322.5987368623391,
				1342.8388277237063,
				1320.049607030931,
				1334.681612263208,
				1316.9906512332418,
				1326.5753793993317,
				1313.9316954355563,
				1318.8770073084852,
				1312.40221753671,
				1310.7707744446088,
				1309.8530877053054,
				1303.5822283200432,
				1306.7941319076162,
				1294.9661694898896,
