{
	"dataset": {
		"dataset.id": 341766,
		"dataset.name": "01_sou_068354_341766_front_02top_02t-shirt_woman",
		"dataset.image_path": "./008.의류 통합 데이터(3-1)/원천데이터/상품/상의/t-shirt/01_sou_068354_341766_front_02top_02t-shirt_woman.jpg",
		"dataset.label_path": "./008.의류 통합 데이터(3-1)/라벨링데이터/상품/상의/t-shirt/01_sou_068354_341766_front_02top_02t-shirt_woman.json",
		"dataset.category": 6,
		"dataset.type": 1,
		"dataset.width": 3000,
		"dataset.height": 4000,
		"dataset.file_size": 1178847
	},
	"annotation": [
		{
			"annotation_type": "Polygon",
			"annotation_id": 50,
			"annotation_point_count": 63.0,
			"annotation_point": [
				2953.0,
				1645.0,
				2861.0,
				1576.0,
				2843.0,
				1542.0,
				2709.994140625,
				1444.236328125,
				2619.025341130604,
				1389.0058479532163,
				2521.5594541910323,
				1333.7751786874578,
				2378.6094866796593,
				1246.0558804418433,
				2206.0,
				1136.0,
				2058.0,
				1068.0,
				1661.0,
				978.0,
				1550.0,
				1026.0,
				1439.0,
				1047.0,
				1384.0,
				1033.0,
				1329.0,
				985.0,
				1301.0,
				985.0,
				1246.0,
				1013.0,
				1135.0,
				1033.0,
				1061.0,
				1068.0,
				978.0,
				1088.0,
				627.0,
				1329.0,
				304.0,
				1514.0,
				249.0,
				1556.0,
				221.0,
				1597.0,
				119.0,
				1673.0,
				166.0,
				1728.0,
				175.0,
				1796.0,
				224.20000000000073,
				1803.0,
				313.7000000000007,
				1775.0,
				452.0,
				1761.0,
				590.0,
				1700.0,
				895.0,
				1563.0,
				969.0,
				1501.0,
				978.0,
				1528.0,
				959.0,
				1569.0,
				932.0,
				1886.0,
				941.0,
				2071.0,
				969.0,
				2174.0,
				968.603515625,
				2285.69140625,
				1092.0597790773209,
				2301.936322287198,
				1189.5256660168925,
				2292.189733593241,
				1306.4847303443785,
				2292.189733593241,
				1439.6881091617906,
				2285.692007797268,
				1563.1448992852493,
				2272.6965562053265,
				1728.836907082521,
				2266.1988304093575,
				1810.058479532163,
				2259.701104613385,
				1878.284600389863,
				2266.1988304093575,
				1972.501953125,
				2272.697265625,
				1998.4925276153335,
				2168.732943469786,
				2030.9811565951895,
				2058.271604938269,
				2047.2254710851194,
				1996.5432098765414,
				2079.2999999999993,
				1864.5,
				2099.0,
				1696.0,
				2084.0,
				1573.5,
				2066.71875,
				1499.466796875,
				2154.437946718648,
				1538.4535412605583,
				2268.148148148146,
				1590.4353476283286,
				2342.871994801819,
				1626.1728395061727,
				2430.5912930474333,
				1668.408057179986,
				2556.0,
				1714.0,
				2724.7999999999993,
				1744.2000000000007,
				2833.2999999999993,
				1792.7999999999993,
				2870.0,
				1805.2000000000007,
				2944.0,
				1679.0
			]
		}
	],
	"metadata.model": {
		"metadata.model.gender": "FEMALE",
		"metadata.model.age": "30대",
		"metadata.model.job": "homemaker",
		"metadata.model.type": "front",
		"metadata.model.usually_size": "M",
		"metadata.model.body_height": "158",
		"metadata.model.waist_height": "93",
		"metadata.model.chest_size_male": "null",
		"metadata.model.breast_size_female": "87.0",
		"metadata.model.waist_size": "73",
		"metadata.model.hip_seize": "92",
		"metadata.model.back_length": "40",
		"metadata.model.shoulders_width": "39",
		"metadata.model.arm_length": "52",
		"metadata.model.weight": "54"
	},
	"metadata.clothes": {
		"metadata.clothes.type": "02top_02t-shirt",
		"metadata.clothes.season": "winter",
		"metadata.clothes.fiber_composition": "Cotton,Polyester",
		"metadata.clothes.elasticity": "contain",
		"metadata.clothes.transparency": "none at all",
		"metadata.clothes.isfleece": "fleece_contain",
		"metadata.clothes.color": "Red",
		"metadata.clothes.washing_method": "Hand Washing30",
		"metadata.clothes.bleach": "Do not chlorine bleach",
		"metadata.clothes.ironing": "Ironing 140~160℃ : Place a cloth between the iron and textile",
		"metadata.clothes.drycleaning": "none",
		"metadata.clothes.wringing": "Do not wringing",
		"metadata.clothes.drying": "Line dry in shade",
		"metadata.clothes.top_length_type": "normal",
		"metadata.clothes.sleeve_length_type": "long sleeves",
		"metadata.clothes.topneck_color_design": "round neck",
		"metadata.clothes.topsleeve_design": "ribbed sleeve",
		"metadata.clothes.pants_silhouette": "null",
		"metadata.clothes.skirt_design": "null",
		"metadata.top.front_length": "66.0",
		"metadata.top.chest_size": "110.0",
		"metadata.top.waist_size": "106.0",
		"metadata.top.hem_size": "98.0",
		"metadata.top.shoulder_width": "50.0",
		"metadata.top.sleeve_length": "51.0",
		"metadata.top.sleeve_cuff_size": "20.0",
		"metadata.pants.pants_length": "null",
		"metadata.pants.waist_size": "null",
		"metadata.pants.hip_size": "null",
		"metadata.pants.front_rise_length": "null",
		"metadata.pants.back_rise_length": "null",
		"metadata.pants.inner_seam_length": "null",
		"metadata.pants.pants_waist_size": "null",
		"metadata.skirt.length": "null",
		"metadata.skirt.waist_size": "null",
		"metadata.skirt.hip_size": "null",
		"metadata.skirt.hem_size": "null",
		"metadata.dress.front_length": "null",
		"metadata.dress.chest_size": "null",
		"metadata.dress.waist_size": "null",
		"metadata.dress.hip_size": "null",
		"metadata.dress.hem_size": "null",
		"metadata.dress.shoulder_width": "null",
		"metadata.dress.sleeve_length": "null",
		"metadata.dress.cuff_size": "null",
		"metadata.jumpsuit.front_length": "null",
		"metadata.jumpsuit.inner_seam_length": "null",
		"metadata.jumpsuit.chest_size": "null",
		"metadata.jumpsuit.waist_size": "null",
		"metadata.jumpsuit.hip_size": "null",
		"metadata.jumpsuit.shoulder_width": "null",
		"metadata.jumpsuit.sleeve_length": "null",
		"metadata.jumpsuit.cuffs_size": "null",
		"metadata.jumpsuit.front_rise_length": "null",
		"metadata.jumpsuit.back_rise_length": "null",
		"metadata.jumpsuit.pants_waist_size": "null"
	}
}