{
	"dataset": {
		"dataset.id": 91085,
		"dataset.name": "01_sou_018217_091085_wear_02top_02t-shirt_woman",
		"dataset.image_path": "./008.의류 통합 데이터(3-1)/원천데이터/상품/상의/t-shirt/01_sou_018217_091085_wear_02top_02t-shirt_woman.jpg",
		"dataset.label_path": "./008.의류 통합 데이터(3-1)/라벨링데이터/상품/상의/t-shirt/01_sou_018217_091085_wear_02top_02t-shirt_woman.json",
		"dataset.category": 6,
		"dataset.type": 1,
		"dataset.width": 810,
		"dataset.height": 1080,
		"dataset.file_size": 52447
	},
	"annotation": [
		{
			"annotation_type": "Polygon",
			"annotation_id": 72,
			"annotation_point_count": 102.0,
			"annotation_point": [
				354.0,
				365.0,
				352.9658203125,
				368.1806640625,
				352.9658203125,
				368.1806640625,
				352.96570529716337,
				372.3004662225685,
				348.40000000000146,
				377.60000000000036,
				342.2000000000007,
				386.2000000000007,
				336.0,
				399.0,
				327.90000000000146,
				414.8000000000011,
				323.0,
				433.0,
				323.0361328125,
				439.875,
				324.8000000000011,
				447.10000000000036,
				328.90000000000146,
				454.5,
				333.8000000000011,
				460.90000000000146,
				330.60000000000036,
				463.90000000000146,
				328.40000000000146,
				465.60000000000036,
				328.10000000000036,
				471.2000000000007,
				324.6259765625,
				473.0703125,
				324.6259765625,
				473.0703125,
				323.56627430099616,
				476.07251184687084,
				323.91942061926784,
				478.89768239304794,
				326.56801800631,
				479.9571213478648,
				329.39318855248894,
				479.7805481887299,
				332.57150541693954,
				482.2525724166353,
				338.2000000000007,
				482.10000000000036,
				337.7000000000007,
				491.90000000000146,
				335.8000000000011,
				494.60000000000036,
				334.7000000000007,
				498.2000000000007,
				335.60000000000036,
				502.5,
				338.10000000000036,
				508.3000000000011,
				334.8671875,
				515.271484375,
				333.2777980534829,
				522.6878258588094,
				330.8057738255775,
				532.2227764521595,
				328.7000000000007,
				539.3000000000011,
				329.0,
				556.0,
				330.40000000000146,
				559.1000000000004,
				328.0,
				579.0,
				328.60000000000036,
				582.5,
				334.8000000000011,
				584.5,
				342.8125,
				586.0771484375,
				350.75854080795943,
				586.9604557843595,
				366.12040565280404,
				587.6667484209047,
				383.4245752481438,
				586.4307363069511,
				402.14133011657395,
				585.547870511271,
				418.3000000000011,
				583.5,
				433.39477928366796,
				583.4289926016372,
				448.10000000000036,
				579.5,
				449.10979044678425,
				573.5408956900137,
				448.2269246511023,
				563.829371937527,
				447.6972051736939,
				556.9430187312173,
				445.40000000000146,
				543.6000000000004,
				436.806640625,
				518.9130859375,
				436.59428492721236,
				518.0651405526223,
				433.62785585372694,
				506.62319984060196,
				429.1782122434961,
				497.08824924725013,
				428.1187732886792,
				486.91763528101,
				427.10000000000036,
				472.10000000000036,
				433.2040802718002,
				470.39038758586867,
				436.80617271817573,
				467.42395851238143,
				442.1033674922601,
				467.21207072141806,
				449.0956645940514,
				467.21207072141806,
				452.69775704042877,
				467.21207072141806,
				455.4522983229508,
				466.36451955756456,
				459.6900541422183,
				464.03375385696745,
				460.74949309703516,
				468.05962188527155,
				461.3000000000011,
				470.3000000000011,
				461.7294921875,
				474.453125,
				466.91627536523265,
				471.70663454333226,
				469.6623411361179,
				469.5708056104213,
				469.3543936227361,
				466.95103673449375,
				468.10000000000036,
				465.10000000000036,
				466.4115076371327,
				464.13077099829206,
				464.5722038961321,
				463.027188753691,
				464.8000000000011,
				459.8000000000011,
				464.0,
				457.8000000000011,
				458.2000000000007,
				448.0,
				459.0,
				441.0,
				458.10000000000036,
				427.5,
				455.60000000000036,
				399.2000000000007,
				452.0,
				380.0,
				446.0,
				361.0,
				440.60000000000036,
				352.5,
				432.90000000000146,
				345.60000000000036,
				419.7000000000007,
				340.3000000000011,
				413.5,
				337.40000000000146,
				409.0,
				335.0,
				406.3000000000011,
				335.3000000000011,
				402.60000000000036,
				337.2000000000007,
				394.40000000000146,
				341.40000000000146,
				391.62541752801917,
				343.7667341871638,
				388.06943029541617,
				346.9548606715671,
				383.60000000000036,
				351.40000000000146,
				378.01456984460856,
				355.53827812957206,
				372.12879787340535,
				359.58474635977655,
				368.0823296432027,
				362.52763234537815,
				363.3001399165987,
				364.61217658517853,
				360.0,
				365.0,
				358.3000000000011,
				364.90000000000146,
				357.16912744659385,
				363.6312145899792,
				357.4143679453937,
				361.4240501007771,
				358.76319068879457,
				359.9526071079763,
				356.90000000000146,
				360.2000000000007,
				355.8000000000011,
				361.10000000000036
			]
		}
	],
	"metadata.model": {
		"metadata.model.gender": "FEMALE",
		"metadata.model.age": "30대",
		"metadata.model.job": "office job",
		"metadata.model.type": "wear",
		"metadata.model.usually_size": "M",
		"metadata.model.body_height": "164",
		"metadata.model.waist_height": "96",
		"metadata.model.chest_size_male": "null",
		"metadata.model.breast_size_female": "85.0",
		"metadata.model.waist_size": "76",
		"metadata.model.hip_seize": "93",
		"metadata.model.back_length": "43",
		"metadata.model.shoulders_width": "41",
		"metadata.model.arm_length": "53",
		"metadata.model.weight": "55"
	},
	"metadata.clothes": {
		"metadata.clothes.type": "02top_02t-shirt",
		"metadata.clothes.season": "spring&fall",
		"metadata.clothes.fiber_composition": "Cotton,synthetic fiber Others",
		"metadata.clothes.elasticity": "contain little",
		"metadata.clothes.transparency": "none",
		"metadata.clothes.isfleece": "fleece_none",
		"metadata.clothes.color": "Purple,White",
		"metadata.clothes.washing_method": "none",
		"metadata.clothes.bleach": "none",
		"metadata.clothes.ironing": "none",
		"metadata.clothes.drycleaning": "none",
		"metadata.clothes.wringing": "none",
		"metadata.clothes.drying": "none",
		"metadata.clothes.top_length_type": "normal",
		"metadata.clothes.sleeve_length_type": "short sleeves",
		"metadata.clothes.topneck_color_design": "round neck",
		"metadata.clothes.topsleeve_design": "basic sleeve",
		"metadata.clothes.pants_silhouette": "null",
		"metadata.clothes.skirt_design": "null",
		"metadata.top.front_length": "60.0",
		"metadata.top.chest_size": "70.0",
		"metadata.top.waist_size": "72.0",
		"metadata.top.hem_size": "72.0",
		"metadata.top.shoulder_width": "34.0",
		"metadata.top.sleeve_length": "27.0",
		"metadata.top.sleeve_cuff_size": "28.0",
		"metadata.pants.pants_length": "null",
		"metadata.pants.waist_size": "null",
		"metadata.pants.hip_size": "null",
		"metadata.pants.front_rise_length": "null",
		"metadata.pants.back_rise_length": "null",
		"metadata.pants.inner_seam_length": "null",
		"metadata.pants.pants_waist_size": "null",
		"metadata.skirt.length": "null",
		"metadata.skirt.waist_size": "null",
		"metadata.skirt.hip_size": "null",
		"metadata.skirt.hem_size": "null",
		"metadata.dress.front_length": "null",
		"metadata.dress.chest_size": "null",
		"metadata.dress.waist_size": "null",
		"metadata.dress.hip_size": "null",
		"metadata.dress.hem_size": "null",
		"metadata.dress.shoulder_width": "null",
		"metadata.dress.sleeve_length": "null",
		"metadata.dress.cuff_size": "null",
		"metadata.jumpsuit.front_length": "null",
		"metadata.jumpsuit.inner_seam_length": "null",
		"metadata.jumpsuit.chest_size": "null",
		"metadata.jumpsuit.waist_size": "null",
		"metadata.jumpsuit.hip_size": "null",
		"metadata.jumpsuit.shoulder_width": "null",
		"metadata.jumpsuit.sleeve_length": "null",
		"metadata.jumpsuit.cuffs_size": "null",
		"metadata.jumpsuit.front_rise_length": "null",
		"metadata.jumpsuit.back_rise_length": "null",
		"metadata.jumpsuit.pants_waist_size": "null"
	}
}