{
	"dataset": {
		"dataset.id": 177706,
		"dataset.name": "01_sou_035542_177706_front_02top_02t-shirt_woman",
		"dataset.image_path": "./008.의류 통합 데이터(3-1)/원천데이터/상품/상의/t-shirt/01_sou_035542_177706_front_02top_02t-shirt_woman.jpg",
		"dataset.label_path": "./008.의류 통합 데이터(3-1)/라벨링데이터/상품/상의/t-shirt/01_sou_035542_177706_front_02top_02t-shirt_woman.json",
		"dataset.category": 6,
		"dataset.type": 1,
		"dataset.width": 4032,
		"dataset.height": 2268,
		"dataset.file_size": 824479
	},
	"annotation": [
		{
			"annotation_type": "Polygon",
			"annotation_id": 63,
			"annotation_point_count": 59.0,
			"annotation_point": [
				1856.0,
				82.0,
				1622.0,
				197.0,
				1511.0,
				376.0,
				1600.0,
				447.0,
				1634.0,
				498.0,
				1645.0,
				562.0,
				1620.244140625,
				593.892578125,
				1615.5265374894698,
				600.9688289806236,
				1584.8609941027808,
				600.9688289806236,
				1565.9898904802012,
				615.1221566975564,
				1535.3243470935122,
				624.5577085088462,
				1502.2999157540016,
				643.4288121314239,
				1471.6343723673126,
				664.6588037068232,
				1440.9688289806236,
				683.5299073294009,
				1412.662173546756,
				700.0421229991571,
				1386.714406065712,
				721.2721145745581,
				988.0,
				1066.0,
				531.0,
				1533.0,
				331.0,
				1789.0,
				509.0,
				1929.0,
				531.0,
				1929.0,
				620.0,
				1808.0,
				1255.0,
				1303.0,
				1377.0,
				1143.0,
				1411.0,
				1789.0,
				1389.0,
				2012.0,
				1411.0,
				2025.0,
				1901.0,
				2025.0,
				2135.0,
				2051.0,
				2413.0,
				2038.0,
				2647.0,
				2044.0,
				2718.2000000000007,
				2025.0,
				2656.4000000000015,
				1827.0,
				2624.0,
				1552.0,
				2575.0,
				1156.0,
				2580.0,
				1111.0,
				2724.345703125,
				1246.05859375,
				2921.359730412805,
				1371.7401853411957,
				3244.055602358889,
				1585.7385004212301,
				3401.4000000000015,
				1700.4000000000015,
				3474.4000000000015,
				1775.9000000000015,
				3543.800000000001,
				1699.0,
				3631.2000000000007,
				1625.0,
				3604.0,
				1597.0,
				3415.0,
				1380.0,
				3181.0,
				1175.0,
				2452.931760741365,
				643.4288121314239,
				2424.6251053074975,
				619.8399326032013,
				2393.9595619208085,
				598.6099410278002,
				2358.5762426284746,
				589.1743892165123,
				2330.269587194607,
				565.5855096882897,
				2297.2451558550965,
				549.0732940185335,
				2266.580078125,
				534.919921875,
				2201.0,
				517.0,
				2201.0,
				485.0,
				2277.4000000000015,
				421.0,
				2246.800000000001,
				336.60000000000036,
				2157.0,
				191.0,
				1956.0,
				101.0
			]
		}
	],
	"metadata.model": {
		"metadata.model.gender": "FEMALE",
		"metadata.model.age": "50대 이상",
		"metadata.model.job": "homemaker",
		"metadata.model.type": "front",
		"metadata.model.usually_size": "M",
		"metadata.model.body_height": "160",
		"metadata.model.waist_height": "90",
		"metadata.model.chest_size_male": "null",
		"metadata.model.breast_size_female": "82.0",
		"metadata.model.waist_size": "79",
		"metadata.model.hip_seize": "91",
		"metadata.model.back_length": "41",
		"metadata.model.shoulders_width": "43",
		"metadata.model.arm_length": "51",
		"metadata.model.weight": "54"
	},
	"metadata.clothes": {
		"metadata.clothes.type": "02top_02t-shirt",
		"metadata.clothes.season": "winter",
		"metadata.clothes.fiber_composition": "Cotton",
		"metadata.clothes.elasticity": "contain",
		"metadata.clothes.transparency": "none at all",
		"metadata.clothes.isfleece": "fleece_contain",
		"metadata.clothes.color": "Black,White",
		"metadata.clothes.washing_method": "none",
		"metadata.clothes.bleach": "none",
		"metadata.clothes.ironing": "none",
		"metadata.clothes.drycleaning": "none",
		"metadata.clothes.wringing": "none",
		"metadata.clothes.drying": "none",
		"metadata.clothes.top_length_type": "long",
		"metadata.clothes.sleeve_length_type": "long sleeves",
		"metadata.clothes.topneck_color_design": "hood",
		"metadata.clothes.topsleeve_design": "ribbed sleeve",
		"metadata.clothes.pants_silhouette": "null",
		"metadata.clothes.skirt_design": "null",
		"metadata.top.front_length": "70.0",
		"metadata.top.chest_size": "102.0",
		"metadata.top.waist_size": "106.0",
		"metadata.top.hem_size": "106.0",
		"metadata.top.shoulder_width": "47.0",
		"metadata.top.sleeve_length": "59.0",
		"metadata.top.sleeve_cuff_size": "20.0",
		"metadata.pants.pants_length": "null",
		"metadata.pants.waist_size": "null",
		"metadata.pants.hip_size": "null",
		"metadata.pants.front_rise_length": "null",
		"metadata.pants.back_rise_length": "null",
		"metadata.pants.inner_seam_length": "null",
		"metadata.pants.pants_waist_size": "null",
		"metadata.skirt.length": "null",
		"metadata.skirt.waist_size": "null",
		"metadata.skirt.hip_size": "null",
		"metadata.skirt.hem_size": "null",
		"metadata.dress.front_length": "null",
		"metadata.dress.chest_size": "null",
		"metadata.dress.waist_size": "null",
		"metadata.dress.hip_size": "null",
		"metadata.dress.hem_size": "null",
		"metadata.dress.shoulder_width": "null",
		"metadata.dress.sleeve_length": "null",
		"metadata.dress.cuff_size": "null",
		"metadata.jumpsuit.front_length": "null",
		"metadata.jumpsuit.inner_seam_length": "null",
		"metadata.jumpsuit.chest_size": "null",
		"metadata.jumpsuit.waist_size": "null",
		"metadata.jumpsuit.hip_size": "null",
		"metadata.jumpsuit.shoulder_width": "null",
		"metadata.jumpsuit.sleeve_length": "null",
		"metadata.jumpsuit.cuffs_size": "null",
		"metadata.jumpsuit.front_rise_length": "null",
		"metadata.jumpsuit.back_rise_length": "null",
		"metadata.jumpsuit.pants_waist_size": "null"
	}
}