{
	"dataset": {
		"dataset.id": 416659,
		"dataset.name": "01_sou_083332_416659_wear_02top_02t-shirt_man",
		"dataset.image_path": "./008.의류 통합 데이터(3-1)/원천데이터/상품/상의/t-shirt/01_sou_083332_416659_wear_02top_02t-shirt_man.jpg",
		"dataset.label_path": "./008.의류 통합 데이터(3-1)/라벨링데이터/상품/상의/t-shirt/01_sou_083332_416659_wear_02top_02t-shirt_man.json",
		"dataset.category": 6,
		"dataset.type": 1,
		"dataset.width": 3024,
		"dataset.height": 4032,
		"dataset.file_size": 863762
	},
	"annotation": [
		{
			"annotation_type": "Polygon",
			"annotation_id": 104,
			"annotation_point_count": 121.0,
			"annotation_point": [
				1495.1473096263871,
				1719.2775062898472,
				1485.9184191755394,
				1721.9143321329466,
				1475.371115803142,
				1725.8695708975956,
				1465.4830188915184,
				1730.4840161230204,
				1456.2541284406707,
				1735.0984613484452,
				1447.025237989821,
				1738.3944936523185,
				1439.114760460523,
				1742.3497324169675,
				1429.8858700096753,
				1745.6457647208426,
				1418.0201537157263,
				1748.282590563942,
				1409.4504697256543,
				1749.6010034854917,
				1398.2439598924811,
				1752.237829328591,
				1388.3558629808576,
				1754.8746551716904,
				1377.8085596084602,
				1757.5114810147898,
				1367.261256236061,
				1760.148306857889,
				1356.0547464028878,
				1763.4443391617642,
				1346.1666494912643,
				1768.058784387189,
				1342.2114107266152,
				1770.0364037695126,
				1333.6417267365432,
				1774.6508489949374,
				1325.0720427464694,
				1778.6060877595864,
				1314.5247393740701,
				1783.2205329850112,
				1306.614261844772,
				1788.49418467121,
				1299.362990776248,
				1797.0638686612838,
				1293.4301326292752,
				1804.9743461905819,
				1286.178861560751,
				1812.88482371988,
				1279.5867969530027,
				1820.795301249178,
				1272.3355258844786,
				1830.6833981608015,
				1267.7210806590538,
				1840.571495072425,
				1261.7882225120811,
				1849.1411790624988,
				1255.8553643651067,
				1857.7108630525727,
				1249.2632997573583,
				1865.6213405818708,
				1242.671235149608,
				1873.5318181111688,
				1235.4199640810857,
				1882.7607085620184,
				1226.8502800910119,
				1890.0119796305407,
				1219.5990090224877,
				1895.9448377775152,
				1082.3522238891583,
				2079.072392580776,
				1179.3452257017289,
				2168.3764102348687,
				1189.787109375,
				2174.072265625,
				1225.9000000000015,
				2194.300000000001,
				1297.0,
				2148.9000000000015,
				1335.0,
				2088.0,
				1339.2000000000007,
				2087.4000000000015,
				1343.0,
				2238.0,
				1365.0,
				2332.0,
				1356.0,
				2370.0,
				1360.0,
				2464.0,
				1348.0,
				2525.5,
				1360.4638671875,
				2619.55859375,
				1412.6726709059258,
				2620.507663899465,
				1428.8100450656948,
				2609.1165762572746,
				1481.9684540625803,
				2585.3851436693785,
				1500.953600132898,
				2560.7044537779675,
				1536.0761203629827,
				2558.8059391709357,
				1541.771664184078,
				2551.2118807428087,
				1610.1181900372176,
				2560.7044537779675,
				1728.775352976696,
				2572.095541420158,
				1857.7000000000007,
				2602.5,
				1871.1639485040705,
				2424.0114020716883,
				1867.4000000000015,
				2383.5,
				1847.6000000000004,
				2211.7000000000007,
				1867.7000000000007,
				2148.9000000000015,
				1874.455078125,
				2055.791015625,
				1879.6000000000004,
				2056.0,
				1891.4842073929394,
				2084.3570310413234,
				1916.2000000000007,
				2098.6000000000004,
				1934.8819660606187,
				2107.4292571684437,
				1944.2207242549302,
				2123.3600799705036,
				1957.404853470427,
				2132.6988381648152,
				1974.4000000000015,
				2158.5,
				2007.9440154631684,
				2145.882967380312,
				2057.4000000000015,
				2117.300000000001,
				2097.48622638509,
				2057.439433893016,
				2069.0,
				2021.0,
				2038.2000000000007,
				1973.9000000000015,
				1915.1973286902612,
				1818.1474886317374,
				1911.0009912663463,
				1815.0956068688902,
				1907.9491095034991,
				1809.7548137839076,
				1903.3712868592302,
				1805.1769911396386,
				1899.1749494353153,
				1800.5991684953678,
				1894.5971267910463,
				1796.0213458510989,
				1890.7822745874873,
				1791.0620379864722,
				1886.2044519432166,
				1786.4842153422014,
				1881.2451440785917,
				1781.5249074775766,
				1875.5228657732532,
				1777.3285700536617,
				1870.9450431289843,
				1773.8952030704604,
				1865.9857352643576,
				1770.0803508669014,
				1860.263456959021,
				1766.2654986633424,
				1855.6856343147501,
				1762.4506464597853,
				1849.9633560094135,
				1758.6357942562263,
				1845.0040481447868,
				1756.7283681544468,
				1838.9002846190942,
				1754.0579716119573,
				1832.7965210933999,
				1751.769060289822,
				1826.6927575677073,
				1750.2431194083983,
				1820.5889940420147,
				1748.7171785269747,
				1814.4852305163204,
				1747.954208086263,
				1808.3814669906278,
				1746.0467819844835,
				1801.1332478038657,
				1744.9023263234158,
				1793.1220581763937,
				1743.376385441994,
				1786.2553242099893,
				1742.2319297809263,
				1779.770075463939,
				1741.0874741198586,
				1773.2848267178906,
				1739.943018458791,
				1767.181063192198,
				1738.4170775773673,
				1761.4587848868596,
				1736.128166255232,
				1755.736506581523,
				1735.3651958145201,
				1749.6327430558285,
				1733.4577697127406,
				1743.14749430978,
				1731.9318288313189,
				1735.899275123018,
				1730.7873731702512,
				1729.0325411566137,
				1728.8799470684717,
				1722.928777630921,
				1728.1169766277599,
				1716.4435288848708,
				1726.5910357463363,
				1711.10273579989,
				1724.6836096445568,
				1705.7619427149075,
				1722.3946983224214,
				1700.802734375,
				1720.869140625,
				1664.9430241368336,
				1707.135289508189,
				1648.1576744411777,
				1698.7426146603611,
				1628.7019282030287,
				1697.9796442196493,
				1616.1129159312877,
				1697.9796442196493,
				1590.1719209470903,
				1697.2166737789375,
				1548.9715171486605,
				1703.32043730463,
				1518.83418474055,
				1711.331626932104,
				1509.2970542316543,
				1716.6724200170847,
				1504.337890625,
				1717.81640625
			]
		}
	],
	"metadata.model": {
		"metadata.model.gender": "MALE",
		"metadata.model.age": "30대",
		"metadata.model.job": "university student/graduate student",
		"metadata.model.type": "wear",
		"metadata.model.usually_size": "XL",
		"metadata.model.body_height": "176",
		"metadata.model.waist_height": "108",
		"metadata.model.chest_size_male": "80.0",
		"metadata.model.breast_size_female": "null",
		"metadata.model.waist_size": "84",
		"metadata.model.hip_seize": "97",
		"metadata.model.back_length": "44",
		"metadata.model.shoulders_width": "45",
		"metadata.model.arm_length": "56",
		"metadata.model.weight": "70"
	},
	"metadata.clothes": {
		"metadata.clothes.type": "02top_02t-shirt",
		"metadata.clothes.season": "summer",
		"metadata.clothes.fiber_composition": "Cotton,cellulose fiber Others",
		"metadata.clothes.elasticity": "contain",
		"metadata.clothes.transparency": "none",
		"metadata.clothes.isfleece": "fleece_none",
		"metadata.clothes.color": "Brown",
		"metadata.clothes.washing_method": "Do Not Washing",
		"metadata.clothes.bleach": "Do not chlorine bleach",
		"metadata.clothes.ironing": "Do not lron",
		"metadata.clothes.drycleaning": "none",
		"metadata.clothes.wringing": "none",
		"metadata.clothes.drying": "none",
		"metadata.clothes.top_length_type": "normal",
		"metadata.clothes.sleeve_length_type": "long sleeves",
		"metadata.clothes.topneck_color_design": "round neck",
		"metadata.clothes.topsleeve_design": "basic sleeve",
		"metadata.clothes.pants_silhouette": "null",
		"metadata.clothes.skirt_design": "null",
		"metadata.top.front_length": "67.0",
		"metadata.top.chest_size": "116.0",
		"metadata.top.waist_size": "114.0",
		"metadata.top.hem_size": "112.0",
		"metadata.top.shoulder_width": "56.0",
		"metadata.top.sleeve_length": "21.0",
		"metadata.top.sleeve_cuff_size": "34.0",
		"metadata.pants.pants_length": "null",