{
	"dataset": {
		"dataset.id": 537372,
		"dataset.name": "01_sou_107475_537372_back_02top_02t-shirt_woman",
		"dataset.image_path": "./008.의류 통합 데이터(3-1)/원천데이터/상품/상의/t-shirt/01_sou_107475_537372_back_02top_02t-shirt_woman.jpg",
		"dataset.label_path": "./008.의류 통합 데이터(3-1)/라벨링데이터/상품/상의/t-shirt/01_sou_107475_537372_back_02top_02t-shirt_woman.json",
		"dataset.category": 6,
		"dataset.type": 1,
		"dataset.width": 3024,
		"dataset.height": 4032,
		"dataset.file_size": 1760409
	},
	"annotation": [
		{
			"annotation_type": "Polygon",
			"annotation_id": 67,
			"annotation_point_count": 196.0,
			"annotation_point": [
				2503.916015625,
				1096.796875,
				2472.1114349946656,
				1079.249206836248,
				2440.3059195485293,
				1063.8948200691484,
				2403.016694542712,
				1049.6371752139821,
				2386.565565863675,
				1041.9599818304341,
				2342.6958893862466,
				1014.5414340320385,
				2320.7610511475323,
				994.8000796171946,
				2291.1490195252663,
				978.3489509381579,
				2235.215182016542,
				933.3825325487924,
				2221.2682807030906,
				926.3511982911587,
				2212.890391098026,
				921.0198139970271,
				2202.9892488374935,
				914.1651770474273,
				2191.5648539214963,
				908.0721664255616,
				2180.902085333233,
				902.74078213143,
				2168.7160640895017,
				898.1710241650326,
				2157.2916691735045,
				894.3628925263656,
				2146.6289005852377,
				889.031508232234,
				2136.7277583247087,
				883.7001239381025,
				2126.826616064176,
				877.6071133162368,
				2116.925473803647,
				872.2757290221052,
				2106.2627052153803,
				866.94434472797,
				2094.076683971649,
				861.6129604338385,
				2082.6522890556516,
				855.5199498119728,
				2072.7511467951226,
				850.1885655178412,
				2062.088378206856,
				844.8571812237096,
				2052.187235946327,
				838.764170601844,
				2040.0012147025955,
				834.1944126354465,
				2029.3384461143323,
				830.3862809967795,
				2018.6756775260656,
				826.5781493581126,
				2006.4896562823378,
				820.4851387362469,
				1995.826887694071,
				814.3921281143812,
				1984.4024927780738,
				808.2991174925191,
				1973.7397241898107,
				802.9677331983839,
				1962.3153292738134,
				796.8747225765219,
				1952.4141870132808,
				793.0665909378549,
				1940.9897920972835,
				789.258459299188,
				1930.3270235090204,
				783.9270750050564,
				1919.6642549207536,
				779.357317038659,
				1909.001953125,
				776.310546875,
				1873.1631290159567,
				761.0141867013226,
				1838.418345245831,
				743.6417948162598,
				1827.3631867735166,
				746.8004115226322,
				1805.2528698288916,
				738.9038697566975,
				1779.983936177894,
				727.8487112843832,
				1761.0322359396414,
				726.269402931197,
				1726.2874521695194,
				745.221103169446,
				1694.7012851057698,
				759.4348783481328,
				1631.528950978267,
				779.9658869395716,
				1596.784167208145,
				783.1245036459441,
				1516.239441195583,
				781.5451952927579,
				1462.5429571872082,
				775.2279618800094,
				1419.9016316511443,
				765.7521117608849,
				1361.4672225832073,
				748.379719875822,
				1321.9845137535194,
				743.6417948162598,
				1298.2948884557081,
				753.1176449353843,
				1261.9707963323963,
				770.4900368204471,
				1236.701171875,
				784.703125,
				1203.736328125,
				798.3984375,
				1194.5959909187804,
				801.4444805429193,
				1183.1715960027832,
				803.7293595261181,
				1170.2239484313177,
				807.537491164785,
				1158.0379271875863,
				813.6305017866507,
				1146.613532271589,
				817.438633425314,
				1135.1891373555918,
				823.5316440471797,
				1126.8112477505274,
				831.1479073245137,
				1117.6717318177289,
				835.7176652909111,
				1105.4857105740011,
				841.8106759127768,
				1094.8229419857344,
				848.6653128623766,
				1084.9217997252053,
				854.7583234842423,
				1074.2590311369386,
				860.851334106108,
				1062.0730098932072,
				863.8978394170372,
				1050.64861497721,
				869.9908500389029,
				1039.9858463889468,
				876.0838606607686,
				1030.0847041284142,
				882.1768712826342,
				1020.1835618678851,
				887.5082555767658,
				1009.520793279622,
				893.6012661986315,
				1001.9045300022881,
				901.9791558036959,
				992.0033877417591,
				910.3570454087603,
				980.5789928257618,
				915.6884297028955,
				969.1545979097609,
				921.7814403247612,
				958.4918293214978,
				927.1128246188928,
				949.3523133886993,
				936.2523405516913,
				944.0209290945677,
				940.8220985180888,
				934.8814131617692,
				946.9151091399544,
				924.9802709012401,
				951.4848671063519,
				892.412641686522,
				966.3242726156968,
				859.2471662695825,
				988.4345895603219,
				837.1368493249574,
				1007.3862897985709,
				797.0,
				1029.2000000000007,
				758.1714316655816,
				1051.606923687821,
				701.3163309508345,
				1078.4551656920084,
				645.4000000000015,
				1102.5,
				595.5026712872714,
				1128.993032994007,
				570.2337376362702,
				1144.7861165258837,
				518.1165619810854,
				1168.475741823695,
				465.9993863258969,
				1204.7998339470068,
				454.9442278535844,
				1219.0136091256936,
				432.8339109089593,
				1220.5929174788835,
				418.6201357302725,
				1230.068767598008,
				410.7236328125,
				1223.751953125,
				372.82019348783433,
				1250.5997761894432,
				350.70987654320925,
				1269.551476427696,
				364.92365172189784,
				1299.5583351382556,
				398.08912713883365,
				1356.4134358530064,
				448.6269944408341,
				1449.592628691069,
				496.0062450364585,
				1528.5580463504448,
				548.1234206916452,
				1591.730380477944,
				587.6061295213331,
				1634.3717060140043,
				609.7164464659581,
				1672.275106490506,
				647.6198469424598,
				1650.164789545881,
				676.0473972998334,
				1637.5303227203804,
				680.7853223593956,
				1623.3165475416936,
				747.1162731932709,
				1585.4131470651919,
				791.3369070825211,
				1560.1442134141944,
				810.2886073207701,
				1553.8269800014423,
				841.8747743845197,
				1558.5649050610045,
				884.5160999205837,
				1555.4062883546321,
				903.4678001588327,
				1556.9855967078183,
				908.205725218395,
				1575.9372969460674,
				905.0471085120189,
				1626.4751642480696,
				906.6264168652087,
				1654.9027146054432,
				905.0471085120189,
				1763.8749909753788,
				909.4691719009461,
				1873.952783192548,
				907.100209371165,
				1901.116886867374,
				909.4691719009461,
				1962.5519818063658,
				904.8891776767014,
				2099.004223521766,
				904.8891776767014,
				2180.970327052197,
				902.5202151469202,
				2255.9874738286053,
				907.100209371165,
				2321.8446321565243,
				904.8891776767014,
				2401.441773157174,
				900.3091834524566,
				2421.972781748609,
				907.100209371165,
				2522.1009313406976,
				907.100209371165,
				2608.489098260052,
				904.8891776767014,
				2674.346256587971,
				909.4691719009461,
				2744.941339975452,
				898.0981517579967,
				2792.6364522417134,
				907.100209371165,
				2847.280521262004,
				911.6802035954097,
				2915.5066421197007,
				911.6802035954097,
				2985.9437946718645,
				1066.2999999999993,
				3029.2000000000007,
				1155.0516208215995,
				3054.1699155295646,
				1236.8597935167127,
				3081.491950039708,
				1387.0,
				3106.5,
				1493.8132625803191,
				3106.4450220200706,
				1609.892426539598,
				3108.8139845498517,
				1678.1185473972982,
				3113.3939787740965,
				1764.5067143166561,
				3092.8629701826576,
				1891.798967583567,
				3051.958883835101,
				1989.7000000000007,
				3008.7000000000007,
				2146.54140495271,
				2949.6197025485526,
				2237.509566096309,
				2931.457656486895,
				2289.7999999999993,
				2858.7000000000007,
				2323.8977330156667,
				2810.798498303371,
				2312.5267128727173,
				2781.265432098764,
				2312.600000000002,
				2758.5,
				2289.4000000000015,
				2569.9000000000015,
				2279.100000000002,
				2465.600000000002,
				2278.3828125,
				2380.94921875,
				2269.285250162444,
				2292.254710851201,
				2260.188434048083,
				2226.3027940220927,
				2251.091617933722,
