{
	"dataset": {
		"dataset.id": 448947,
		"dataset.name": "01_sou_089790_448947_back_02top_02t-shirt_man",
		"dataset.image_path": "./008.의류 통합 데이터(3-1)/원천데이터/상품/상의/t-shirt/01_sou_089790_448947_back_02top_02t-shirt_man.jpg",
		"dataset.label_path": "./008.의류 통합 데이터(3-1)/라벨링데이터/상품/상의/t-shirt/01_sou_089790_448947_back_02top_02t-shirt_man.json",
		"dataset.category": 6,
		"dataset.type": 1,
		"dataset.width": 3264,
		"dataset.height": 1836,
		"dataset.file_size": 432973
	},
	"annotation": [
		{
			"annotation_type": "Polygon",
			"annotation_id": 22,
			"annotation_point_count": 79.0,
			"annotation_point": [
				1624.0,
				338.0,
				1565.0,
				363.0,
				1520.0,
				372.0,
				1454.0,
				376.0,
				1365.0,
				355.0,
				1297.1831548290174,
				365.2496711762542,
				1271.2295659526535,
				376.23003570086985,
				1150.4000000000015,
				408.2000000000007,
				1040.6419109357448,
				442.1122228485583,
				952.798828125,
				460.080078125,
				848.0,
				495.0,
				575.0,
				603.0,
				693.0,
				852.0,
				759.0,
				835.0,
				885.0,
				822.0,
				959.0,
				805.0,
				974.0,
				813.0,
				988.0,
				1229.0,
				1003.0,
				1319.0,
				1002.609375,
				1528.708984375,
				1026.758737316799,
				1530.43404735062,
				1052.6324689966168,
				1530.43404735062,
				1083.6809470124026,
				1530.43404735062,
				1109.5546786922205,
				1528.7091319052997,
				1135.428410372042,
				1525.2593010146556,
				1161.3021420518598,
				1523.5343855693354,
				1187.1758737316813,
				1523.5343855693354,
				1216.4994363021433,
				1520.0845546786913,
				1242.3731679819612,
				1520.0845546786913,
				1269.9718151071029,
				1520.0845546786913,
				1301.020293122885,
				1520.0845546786913,
				1326.8940248027066,
				1518.3596392333711,
				1356.2175873731685,
				1514.909808342727,
				1387.2660653889507,
				1514.909808342727,
				1414.8647125140924,
				1514.909808342727,
				1440.738444193914,
				1513.1848928974068,
				1471.786922209696,
				1513.1848928974068,
				1502.8354002254782,
				1513.1848928974068,
				1528.7091319052997,
				1509.7350620067664,
				1554.5828635851176,
				1509.7350620067664,
				1580.456595264939,
				1508.0101465614425,
				1609.780157835401,
				1504.560315670802,
				1637.3788049605428,
				1504.560315670802,
				1666.7023675310047,
				1504.560315670802,
				1694.3010146561428,
				1504.560315670802,
				1723.6245772266084,
				1504.560315670802,
				1746.0484780157822,
				1506.2852311161223,
				1775.3720405862477,
				1509.7350620067664,
				1801.2457722660656,
				1511.4599774520866,
				1827.1195039458835,
				1514.909808342727,
				1854.7181510710252,
				1516.634723788051,
				1962.3984375,
				1511.400390625,
				1971.4108104722582,
				1512.0932893857826,
				1988.0477264186447,
				1512.0932893857826,
				2033.2999999999993,
				1511.4000000000015,
				2023.0,
				1362.0,
				2007.0,
				1105.0,
				2000.0,
				891.0,
				1992.0,
				839.0,
				1992.0,
				794.0,
				2008.0,
				771.0,
				2037.0,
				796.0,
				2148.660512965056,
				823.4303363397266,
				2178.6069616685527,
				831.4160559939919,
				2289.4088218714824,
				833.41248590756,
				2342.2999999999993,
				727.6000000000022,
				2373.2588782412677,
				677.6909526493837,
				2391.2267474633663,
				628.7784197670117,
				2388.232421875,
				615.80078125,
				2215.0,
				530.0,
				2035.8622228485583,
				451.09615745960764,
				2023.8836433671604,
				450.09794250282357,
				1980.9604002254855,
				431.13185832394447,
				1968.9818207440876,
				429.13542841037815,
				1943.0282318677237,
				420.1514937993288,
				1877.146044720037,
				402.18362457723197,
				1814.2585024426953,
				382.2193254415688,
				1800.283203125,
				379.224609375,
				1683.0,
				363.0
			]
		}
	],
	"metadata.model": {
		"metadata.model.gender": "MALE",
		"metadata.model.age": "30대",
		"metadata.model.job": "Others",
		"metadata.model.type": "back",
		"metadata.model.usually_size": "L",
		"metadata.model.body_height": "172",
		"metadata.model.waist_height": "99",
		"metadata.model.chest_size_male": "92.0",
		"metadata.model.breast_size_female": "null",
		"metadata.model.waist_size": "78",
		"metadata.model.hip_seize": "99",
		"metadata.model.back_length": "47",
		"metadata.model.shoulders_width": "43",
		"metadata.model.arm_length": "57",
		"metadata.model.weight": "63"
	},
	"metadata.clothes": {
		"metadata.clothes.type": "02top_02t-shirt",
		"metadata.clothes.season": "summer",
		"metadata.clothes.fiber_composition": "Cotton",
		"metadata.clothes.elasticity": "contain",
		"metadata.clothes.transparency": "contain",
		"metadata.clothes.isfleece": "fleece_none",
		"metadata.clothes.color": "Black,White,Red",
		"metadata.clothes.washing_method": "none",
		"metadata.clothes.bleach": "none",
		"metadata.clothes.ironing": "none",
		"metadata.clothes.drycleaning": "none",
		"metadata.clothes.wringing": "none",
		"metadata.clothes.drying": "none",
		"metadata.clothes.top_length_type": "long",
		"metadata.clothes.sleeve_length_type": "long sleeves",
		"metadata.clothes.topneck_color_design": "round neck",
		"metadata.clothes.topsleeve_design": "basic sleeve",
		"metadata.clothes.pants_silhouette": "null",
		"metadata.clothes.skirt_design": "null",
		"metadata.top.front_length": "59.0",
		"metadata.top.chest_size": "108.0",
		"metadata.top.waist_size": "110.0",
		"metadata.top.hem_size": "110.0",
		"metadata.top.shoulder_width": "48.0",
		"metadata.top.sleeve_length": "21.0",
		"metadata.top.sleeve_cuff_size": "26.0",
		"metadata.pants.pants_length": "null",
		"metadata.pants.waist_size": "null",
		"metadata.pants.hip_size": "null",
		"metadata.pants.front_rise_length": "null",
		"metadata.pants.back_rise_length": "null",
		"metadata.pants.inner_seam_length": "null",
		"metadata.pants.pants_waist_size": "null",
		"metadata.skirt.length": "null",
		"metadata.skirt.waist_size": "null",
		"metadata.skirt.hip_size": "null",
		"metadata.skirt.hem_size": "null",
		"metadata.dress.front_length": "null",
		"metadata.dress.chest_size": "null",
		"metadata.dress.waist_size": "null",
		"metadata.dress.hip_size": "null",
		"metadata.dress.hem_size": "null",
		"metadata.dress.shoulder_width": "null",
		"metadata.dress.sleeve_length": "null",
		"metadata.dress.cuff_size": "null",
		"metadata.jumpsuit.front_length": "null",
		"metadata.jumpsuit.inner_seam_length": "null",
		"metadata.jumpsuit.chest_size": "null",
		"metadata.jumpsuit.waist_size": "null",
		"metadata.jumpsuit.hip_size": "null",
		"metadata.jumpsuit.shoulder_width": "null",
		"metadata.jumpsuit.sleeve_length": "null",
		"metadata.jumpsuit.cuffs_size": "null",
		"metadata.jumpsuit.front_rise_length": "null",
		"metadata.jumpsuit.back_rise_length": "null",
		"metadata.jumpsuit.pants_waist_size": "null"
	}
}