{
	"dataset": {
		"dataset.id": 443892,
		"dataset.name": "01_sou_088779_443892_back_02top_02t-shirt_woman",
		"dataset.image_path": "./008.의류 통합 데이터(3-1)/원천데이터/상품/상의/t-shirt/01_sou_088779_443892_back_02top_02t-shirt_woman.jpg",
		"dataset.label_path": "./008.의류 통합 데이터(3-1)/라벨링데이터/상품/상의/t-shirt/01_sou_088779_443892_back_02top_02t-shirt_woman.json",
		"dataset.category": 6,
		"dataset.type": 1,
		"dataset.width": 4032,
		"dataset.height": 3024,
		"dataset.file_size": 1679646
	},
	"annotation": [
		{
			"annotation_type": "Polygon",
			"annotation_id": 182,
			"annotation_point_count": 286.0,
			"annotation_point": [
				3001.0,
				436.0,
				2952.6871744428427,
				426.3695473724947,
				2860.020890323831,
				380.7087860025076,
				2856.108857221181,
				378.63051841672495,
				2850.424184118896,
				375.45199152082387,
				2844.4338834304617,
				372.945845314438,
				2837.7100765352843,
				370.1340715219085,
				2832.3921565363707,
				367.6279253155244,
				2826.40185584794,
				365.54965772974174,
				2822.123069641915,
				363.7770177301045,
				2815.399262746738,
				361.2708715237186,
				2809.4089620583036,
				358.4590977311891,
				2803.7242889560184,
				355.6473239386596,
				2797.733988267584,
				352.4687970427567,
				2793.1495744754175,
				349.96265083637263,
				2787.4649013731323,
				347.45650462998856,
				2781.8413537880733,
				344.64473083745906,
				2776.8901868925313,
				341.83295704492957,
				2770.838760686871,
				338.65443014902667,
				2764.8484599984367,
				335.8426563564972,
				2758.4914062066346,
				332.6030039433663,
				2754.579373103985,
				330.1579832542102,
				2748.894700001696,
				327.3462094616807,
				2744.3102862095293,
				324.8400632552966,
				2737.9532324177235,
				322.39504256614055,
				2732.2685593154347,
				320.25564946312807,
				2726.6450117303757,
				318.4830094634908,
				2719.5544517318267,
				316.34361636047834,
				2715.3367910430316,
				314.5709763608411,
				2709.285364837371,
				312.798336361202,
				2702.9283110455654,
				310.35331567204776,
				2699.0162779429156,
				308.9474287757821,
				2692.3535965649644,
				306.80803567277144,
				2685.629789669787,
				304.30188946638555,
				2681.3510034637657,
				302.8960025701217,
				2675.3607027753314,
				300.4509818809656,
				2669.6760296730463,
				298.6783418813284,
				2662.9522227778652,
				296.1721956749425,
				2656.9619220894347,
				294.76630877867865,
				2651.277248987146,
				292.32128808952257,
				2645.653701402087,
				290.5486480898835,
				2638.5631414035342,
				288.40925498687284,
				2632.2060876117284,
				284.8639749875965,
				2627.5605483023355,
				282.052201195067,
				2622.303753820648,
				279.24042740253753,
				2616.2523276149877,
				276.00077498940664,
				2612.401420029568,
				273.55575430025056,
				2607.0835000306542,
				269.6437211976008,
				2601.3988269283655,
				265.7928136121809,
				2597.853546929091,
				262.9199143024216,
				2593.635886240296,
				260.1081405098921,
				2588.3179662413822,
				256.5628605106176,
				2583.0000462424687,
				254.11783982146153,
				2577.0097455540345,
				251.61169361507564,
				2571.691825555121,
				249.47230051206498,
				2566.068277970062,
				246.66052671953548,
				2559.65009866103,
				242.80961913411556,
				2555.4324379722348,
				240.67022603110308,
				2551.8871579729603,
				238.164079824719,
				2539.1730503893486,
				226.85585913737305,
				2522.1801565997157,
				218.35941224255657,
				2486.4217290208107,
				197.5156108675019,
				2475.84701454021,
				192.56444397196174,
				2471.5682283341885,
				191.4641846618415,
				2463.132906956598,
				182.2953570775062,
				2453.902953855035,
				172.75977638979748,
				2443.2671138572077,
				169.21449639052116,
				2417.1053924832377,
				148.3095694982385,
				2360.1364104259046,
				99.1646536462049,
				2344.6105290497653,
				111.87876122981652,
				2334.34144215531,
				124.95962191679973,
				2324.866986984831,
				157.41727156534398,
				2297.360504231827,
				183.70124397377003,
				2263.1302145836453,
				200.8163887978626,
				2244.1813042426875,
				219.7652991388204,
				2225.232393901728,
				226.48910603399963,
				2198.337166321013,
				238.1029543074892,
				2167.7744077065654,
				252.16182327013667,
				2120.7077594403127,
				273.55575430025056,
				2077.919897380085,
				285.78085774603096,
				2042.4670973873235,
				294.94968533036445,
				2019.8506560126316,
				299.8397267086766,
				1988.0653870536044,
				313.89859567132225,
				1946.5000353379546,
				324.2899336002356,
				1911.0472353451933,
				323.6786784279466,
				1883.5407525921892,
				319.39989222192344,
				1845.0316767379845,
				313.28734049903323,
				1807.133856056067,
				306.56353360385583,
				1783.9061595090861,
				301.67349222554367,
				1763.7347388235503,
				289.44838877976326,
				1739.2845319319913,
				286.39211291831816,
				1706.276752628386,
				279.05705085085174,
				1683.660311253694,
				268.0544577496494,
				1676.9365234375,
				260.7197265625,
				1573.52734375,
				173.66796875,
				1557.821548520773,
				144.37885915421793,
				1543.8136174891515,
				102.77954881788537,
				1539.5687899038112,
				97.68575571547626,
				1532.3525830087328,
				93.01644537160246,
				1526.8343071477902,
				93.86541088866943,
				1507.7325830137597,
				108.29782467882615,
				1496.6960312918745,
				118.90989364217785,
				1489.0553416382627,
				123.15472122751635,
				1469.5291347456987,
				130.79541088113,
				1447.4560313019301,
				141.4074798444799,
				1430.9012037191042,
				147.77472122248946,
				1421.1381002728212,
				153.29299708343206,
				1399.4894795875862,
				165.17851432238422,
				1391.8487899339743,
				172.81920397599606,
				1382.9346520047602,
				186.4026522490858,
				1374.4449968340796,
				190.64747983442612,
				1364.2574106292632,
				192.76989362709537,
				1357.4656864927201,
				195.7412729368334,
				1351.0984451147087,
				199.56161776364024,
				1345.1556864952327,
				202.53299707337828,
				1339.63741063429,
				206.3533419001833,
				1333.2701692562805,
				210.17368672699013,
				1326.902927878271,
				213.99403155379514,
				1320.9601692587948,
				217.38989362206848,
				1314.16844512225,
				219.93679017327122,
				1308.225686502774,
				222.90816948301108,
				1301.8584451247643,
				225.87954879274912,
				1296.7646520223552,
				228.42644534395185,
				1289.1239623687434,
				231.8223074122252,
				1281.4832727151315,
				234.79368672196324,
				1275.5405140956555,
				236.491617756099,
				1268.7487899591106,
				239.88747982437053,
				1262.381548581101,
				243.28334189264206,
				1256.0143072030896,
				246.6792039609154,
				1250.0715485836135,
				249.22610051211814,
				1242.8553416885352,
				253.04644533892497,
				1237.3370658275944,
				256.4423074071965,
				1230.120858932516,
				259.41368671693454,
				1224.17810031304,
				262.3850660266726,
				1217.386376176495,
				265.3564453364106,
				1212.292583074086,
				267.90334188761517,
				1207.1987899716787,
				270.8747211973532,
				1199.5581003180669,
				274.69506602416004,
				1192.766376181522,
				278.09092809243157,
				1186.3991348035124,
				281.0623074021696,
				1180.031893425501,
				283.60920395337416,
				1173.6646520474915,
				286.1561005045787,
				1168.1463761865489,
				288.27851429724797,
				1161.7791348085393,
				290.8254108484525,
				1155.8363761890632,
				293.3723073996571,
				1148.1956865354514,
				296.3436867093951,
				1140.979479640373,
				299.31506601913316,
				1135.036721020897,
				302.2864453288712,
				1128.6694796428856,
				305.25782463860924,
				1123.5756865404783,
				307.80472118981197,
				1116.3594796454,
				311.2005832580853,
				1110.4167210259238,
				314.17196256782336,
				1104.4739624064478,
				316.7188591190261,
				1097.6822382699029,
				320.11472118729944,
				1090.4660313748245,
				323.0861004970375,
				1083.6743072382815,
				326.481962565309,
				1076.8825831017366,
				329.87782463358053,
