{
	"dataset": {
		"dataset.id": 538615,
		"dataset.name": "01_sou_107723_538615_wear_02top_02t-shirt_woman",
		"dataset.image_path": "./008.의류 통합 데이터(3-1)/원천데이터/상품/상의/t-shirt/01_sou_107723_538615_wear_02top_02t-shirt_woman.jpg",
		"dataset.label_path": "./008.의류 통합 데이터(3-1)/라벨링데이터/상품/상의/t-shirt/01_sou_107723_538615_wear_02top_02t-shirt_woman.json",
		"dataset.category": 6,
		"dataset.type": 1,
		"dataset.width": 1575,
		"dataset.height": 2100,
		"dataset.file_size": 226779
	},
	"annotation": [
		{
			"annotation_type": "Polygon",
			"annotation_id": 110,
			"annotation_point_count": 153.0,
			"annotation_point": [
				743.99609375,
				852.96875,
				740.275999999998,
				857.1679999999978,
				739.0759999999973,
				858.2479999999996,
				737.275999999998,
				859.8079999999973,
				735.8359999999993,
				861.3679999999986,
				734.5159999999996,
				862.8079999999973,
				733.0759999999973,
				864.3679999999986,
				731.6359999999986,
				866.0479999999989,
				729.9559999999983,
				867.2479999999996,
				728.395999999997,
				868.5679999999993,
				726.4759999999987,
				869.887999999999,
				724.9159999999974,
				871.2079999999987,
				722.9959999999992,
				872.1679999999978,
				721.3159999999989,
				872.887999999999,
				719.6359999999986,
				873.7279999999992,
				717.8359999999993,
				874.5679999999993,
				716.0359999999964,
				875.5279999999984,
				714.4759999999987,
				876.6079999999965,
				712.9159999999974,
				877.6879999999983,
				711.3559999999961,
				879.127999999997,
				709.5559999999969,
				880.4479999999967,
				707.6359999999986,
				881.5279999999984,
				706.0759999999973,
				882.3679999999986,
				704.0359999999964,
				883.5679999999993,
				702.5959999999977,
				884.7679999999964,
				701.0359999999964,
				886.4479999999967,
				699.9559999999983,
				887.6479999999974,
				698.9959999999992,
				889.0879999999997,
				697.5559999999969,
				890.6479999999974,
				695.6359999999986,
				891.7279999999992,
				694.1959999999963,
				892.6879999999983,
				692.5159999999996,
				893.7679999999964,
				690.8359999999993,
				894.9679999999971,
				689.7559999999976,
				895.9279999999962,
				688.3159999999989,
				897.3679999999986,
				686.9959999999992,
				898.9279999999962,
				685.5559999999969,
				900.4879999999976,
				683.7559999999976,
				901.5679999999993,
				682.3159999999989,
				902.4199999999983,
				680.7559999999976,
				903.8479999999981,
				679.1959999999963,
				905.0479999999989,
				677.7559999999976,
				906.3679999999986,
				676.4359999999979,
				907.8079999999973,
				675.7159999999967,
				909.4879999999976,
				674.5159999999996,
				911.5279999999984,
				673.6759999999995,
				913.2079999999987,
				672.9559999999983,
				914.887999999999,
				672.2359999999971,
				916.8079999999973,
				671.275999999998,
				918.2479999999996,
				670.1959999999963,
				920.1679999999978,
				669.4759999999987,
				921.2479999999996,
				666.4759999999987,
				924.6079999999965,
				665.8759999999966,
				926.1679999999978,
				665.0359999999964,
				927.9679999999971,
				664.1959999999963,
				929.4199999999983,
				663.2359999999971,
				930.8479999999981,
				662.0359999999964,
				932.7679999999964,
				661.1959999999963,
				934.5679999999993,
				656.6359999999986,
				942.8479999999981,
				647.0,
				969.0,
				630.6875,
				1031.75390625,
				640.8586902755669,
				1025.7914639729497,
				687.8573159479565,
				1035.962808334887,
				705.3941165719843,
				1049.6415128216286,
				709.6029487217493,
				1054.9025530088365,
				694.1705641726076,
				1085.4165860946414,
				686.4543718980349,
				1098.7445545689006,
				689.0,
				1101.0,
				691.0,
				1111.0,
				691.0,
				1127.0,
				697.0,
				1166.0,
				692.0,
				1199.0,
				692.0,
				1240.0,
				695.0,
				1245.0,
				709.0,
				1252.0,
				753.0,
				1252.0,
				823.0,
				1245.0,
				887.0,
				1229.0,
				908.0,
				1221.0,
				922.7000000000007,
				1211.7000000000007,
				921.7000000000007,
				1140.5,
				923.2000000000007,
				1091.7999999999993,
				927.7000000000007,
				1037.4000000000015,
				924.0,
				1018.0,
				939.9000000000015,
				1006.0,
				939.0,
				1000.0,
				936.0,
				989.0,
				916.1380444303213,
				937.872987333365,
				911.3512826859151,
				929.2804962868686,
				910.0488775469785,
				927.5721466890427,
				909.3384747439231,
				926.4727137795489,
				908.2390418344294,
				924.8827646489008,
				907.3425811543821,
				923.478873395241,
				906.547606589058,
				922.0749821415811,
				905.5496597942874,
				920.5696047731981,
				904.9407431059517,
				919.3686857489847,
				904.3487407700704,
				917.9817088477794,
				903.5368518522919,
				916.3748453646731,
				902.6403911722446,
				915.0724402257365,
				901.642444377474,
				913.6685489720767,
				900.7459836974267,
				912.3830581855946,
				899.6465507879366,
				910.8776808172115,
				898.648603993166,
				909.6767617929981,
				897.7521433131187,
				908.4758427687811,
				896.3482520594589,
				906.8689792856785,
				895.3503052646884,
				905.871032490908,
				894.3354441174633,
				904.6701134666946,
				892.948467216258,
				903.3846226802088,
				891.9505204214875,
				902.3697615329875,
				890.445143053108,
				901.0842707465017,
				889.5486823730571,
				899.9848378370116,
				888.2462772341205,
				898.5809465833518,
				887.1468443246304,
				897.5829997885812,
				885.9459253004134,
				896.4835668790874,
				884.6435201614768,
				895.5701918465857,
				883.4426011372634,
				894.5722450518151,
				882.2416821130464,
				893.472812142325,
				880.9392769741098,
				892.4748653475544,
				879.3493278434617,
				891.5784046675071,
				877.9454365898018,
				890.5804578727366,
				876.6430314508616,
				889.7854833074125,
				874.9515962054902,
				888.9735943896303,
				873.4462188371072,
				888.2801059390295,
				872.4482720423366,
				887.772675365417,
				870.6384363297875,
				886.8762146853696,
				869.2514594285822,
				885.9797540053223,
				868.0505404043688,
				885.1678650875438,
				866.4436769212662,
				884.372890522216,
				865.0397856676063,
				883.577915956892,
				863.5513226516778,
				882.9689992685599,
				861.8429730538483,
				882.6814552768446,
				860.2361095707456,
				882.2755108179554,
				858.747646554817,
				881.8695663590661,
				857.1407830717144,
				881.4805362526313,
				855.5508339410626,
				880.8716195642955,
				853.8424843432367,
				880.2796172284143,
				852.6415653190197,
				879.7721866548018,
				850.9501300736483,
				879.1801843189241,
				849.5462388199885,
				878.3852097535964,
				848.0408614516055,
				877.5733208358179,
				846.7384563126689,
				876.7783462704938,
				845.2499932967403,
				875.7803994757232,
				843.8461020430805,
				874.7824526809527,
				842.1377524452546,
				873.9705637631741,
				832.3950854319082,
				869.5390034202974,
				829.8579325638493,
				870.5707789199732,
				833.2408030545921,
				879.197098671375,
				832.9025160055207,
				884.931064153192,
				822.0773304351314,
				886.9607864476384,
				808.2075614230744,
				884.2714044074964,
				781.4828845461816,
				870.2324918708982,
				752.2210548012299,
				853.3181394171697,
				751.8828125,
				849.935546875
			]
		}
	],
	"metadata.model": {
		"metadata.model.gender": "FEMALE",
		"metadata.model.age": "20대",
		"metadata.model.job": "not employed",
		"metadata.model.type": "wear",
		"metadata.model.usually_size": "M",
		"metadata.model.body_height": "165",
		"metadata.model.waist_height": "102",
		"metadata.model.chest_size_male": "null",
		"metadata.model.breast_size_female": "90.0",
		"metadata.model.waist_size": "73",
		"metadata.model.hip_seize": "92",
		"metadata.model.back_length": "39",
		"metadata.model.shoulders_width": "41",
		"metadata.model.arm_length": "53",
		"metadata.model.weight": "59"
	},
	"metadata.clothes": {
		"metadata.clothes.type": "02top_02t-shirt",
		"metadata.clothes.season": "summer",
		"metadata.clothes.fiber_composition": "Cotton",