{
	"dataset": {
		"dataset.id": 92697,
		"dataset.name": "01_sou_018540_092697_back_02top_02t-shirt_woman",
		"dataset.image_path": "./008.의류 통합 데이터(3-1)/원천데이터/상품/상의/t-shirt/01_sou_018540_092697_back_02top_02t-shirt_woman.jpg",
		"dataset.label_path": "./008.의류 통합 데이터(3-1)/라벨링데이터/상품/상의/t-shirt/01_sou_018540_092697_back_02top_02t-shirt_woman.json",
		"dataset.category": 6,
		"dataset.type": 1,
		"dataset.width": 607,
		"dataset.height": 1080,
		"dataset.file_size": 133571
	},
	"annotation": [
		{
			"annotation_type": "Polygon",
			"annotation_id": 7,
			"annotation_point_count": 115.0,
			"annotation_point": [
				577.4561403508778,
				408.8888888888905,
				573.8011695906462,
				407.4269005847982,
				562.1052631578968,
				403.04093567251766,
				551.1403508771946,
				400.1169590643294,
				540.1754385964923,
				397.92397660819006,
				528.4795321637466,
				395.7309941520489,
				516.7836257309973,
				392.0760233918154,
				505.087719298248,
				386.9590643274878,
				496.3157894736869,
				383.3040935672543,
				486.81286549707875,
				376.7251461988326,
				478.7719298245629,
				368.68421052631857,
				469.26900584795476,
				362.8362573099439,
				458.3040935672543,
				359.91228070175566,
				448.0701754385991,
				352.6023391812887,
				437.8362573099439,
				346.75438596491404,
				428.33333333333576,
				339.4444444444471,
				418.8304093567276,
				332.86549707602535,
				407.86549707602535,
				328.4795321637448,
				398.3625730994172,
				324.09356725146426,
				388.128654970762,
				318.2456140350896,
				378.62573099415386,
				313.85964912280906,
				368.39181286549865,
				309.4736842105285,
				358.8888888888905,
				304.3567251462009,
				353.771484375,
				302.89453125,
				342.40000000000146,
				309.60000000000036,
				330.0,
				317.0,
				311.0,
				321.0,
				254.0,
				317.0,
				230.96484375,
				303.6259765625,
				228.771484375,
				303.6259765625,
				220.00000000000182,
				310.2046783625756,
				211.9590643274878,
				315.3216374269032,
				199.5321637426914,
				319.7076023391837,
				189.29824561403802,
				324.8245614035113,
				179.79532163742988,
				330.672514619886,
				171.02339181286698,
				337.98245614035295,
				160.05847953216653,
				343.09941520468055,
				151.28654970760363,
				346.023391812867,
				141.05263157895024,
				354.0643274853828,
				131.5,
				361.40000000000146,
				124.20000000000073,
				365.8000000000011,
				113.27485380117105,
				373.80116959064617,
				108.8888888888905,
				375.26315789473847,
				100.84795321637648,
				381.8421052631602,
				90.61403508772128,
				386.9590643274878,
				80.38011695906607,
				393.5380116959095,
				78.20000000000073,
				395.0,
				73.80078125,
				395.0,
				67.9532163742715,
				400.8479532163765,
				58.45029239766336,
				400.8479532163765,
				48.216374269008156,
				401.57894736842354,
				37.25146198830589,
				403.04093567251766,
				26.286549707603626,
				403.7719298245629,
				15.32163742690318,
				405.233918128657,
				10.935672514622638,
				407.4269005847982,
				13.0,
				418.0,
				17.0,
				432.0,
				39.0,
				478.0,
				51.0,
				492.0,
				91.0,
				525.0,
				98.0,
				522.0,
				107.70000000000073,
				503.2000000000007,
				114.30000000000109,
				473.2000000000007,
				132.0,
				471.0,
				144.0,
				498.0,
				144.0,
				548.0,
				134.0,
				594.0,
				127.0,
				601.0,
				127.0,
				615.0,
				130.0,
				620.0,
				136.0,
				621.0,
				147.0,
				616.4000000000015,
				159.20000000000073,
				617.7999999999993,
				168.0,
				616.0,
				172.0,
				621.0,
				185.0,
				627.2000000000007,
				200.10000000000036,
				629.4000000000015,
				197.0,
				619.0,
				201.7255859375,
				615.759765625,
				201.70000000000073,
				617.2000000000007,
				213.40000000000146,
				618.0,
				225.11695906432942,
				617.2222222222226,
				236.0818713450317,
				618.6842105263167,
				245.5,
				617.2999999999993,
				261.7000000000007,
				618.7000000000007,
				274.90000000000146,
				617.2999999999993,
				283.60000000000036,
				617.2000000000007,
				298.2000000000007,
				616.5,
				309.90000000000146,
				618.0,
				321.60000000000036,
				616.5,
				331.8000000000011,
				615.7999999999993,
				343.5380116959095,
				616.4912280701792,
				355.9649122807041,
				616.4912280701792,
				369.1228070175457,
				616.4912280701792,
				378.62573099415386,
				615.7602339181321,
				393.2456140350896,
				615.7602339181321,
				399.8245614035113,
				614.298245614038,
				402.0,
				620.0,
				432.0,
				624.0,
				432.0,
				613.0,
				436.0,
				611.0,
				451.2000000000007,
				609.5,
				449.2000000000007,
				552.9000000000015,
				442.2000000000007,
				515.2999999999993,
				454.7000000000007,
				467.90000000000146,
				460.0,
				458.0,
				470.0,
				463.0,
				489.0,
				505.0,
				496.3000000000011,
				513.2999999999993,
				519.5,
				503.8000000000011,
				533.0,
				485.0,
				540.0,
				480.0,
				544.9000000000015,
				472.10000000000036,
				559.6000000000022,
				457.2000000000007,
				578.0,
				416.0
			]
		}
	],
	"metadata.model": {
		"metadata.model.gender": "FEMALE",
		"metadata.model.age": "20대",
		"metadata.model.job": "university student/graduate student",
		"metadata.model.type": "back",
		"metadata.model.usually_size": "M",
		"metadata.model.body_height": "164",
		"metadata.model.waist_height": "100",
		"metadata.model.chest_size_male": "null",
		"metadata.model.breast_size_female": "75.0",
		"metadata.model.waist_size": "69",
		"metadata.model.hip_seize": "86",
		"metadata.model.back_length": "39",
		"metadata.model.shoulders_width": "38",
		"metadata.model.arm_length": "51",
		"metadata.model.weight": "51"
	},
	"metadata.clothes": {
		"metadata.clothes.type": "02top_02t-shirt",
		"metadata.clothes.season": "summer",
		"metadata.clothes.fiber_composition": "Polyester",
		"metadata.clothes.elasticity": "none at all",
		"metadata.clothes.transparency": "contain little",
		"metadata.clothes.isfleece": "fleece_none",
		"metadata.clothes.color": "White,Black",
		"metadata.clothes.washing_method": "none",
		"metadata.clothes.bleach": "none",
		"metadata.clothes.ironing": "none",
		"metadata.clothes.drycleaning": "none",
		"metadata.clothes.wringing": "none",
		"metadata.clothes.drying": "none",
		"metadata.clothes.top_length_type": "normal",
		"metadata.clothes.sleeve_length_type": "long sleeves",
		"metadata.clothes.topneck_color_design": "round neck",
		"metadata.clothes.topsleeve_design": "cape sleeve",
		"metadata.clothes.pants_silhouette": "null",
		"metadata.clothes.skirt_design": "null",
		"metadata.top.front_length": "46.0",
		"metadata.top.chest_size": "94.0",
		"metadata.top.waist_size": "94.0",
		"metadata.top.hem_size": "96.0",
		"metadata.top.shoulder_width": "11.0",
		"metadata.top.sleeve_length": "25.0",
		"metadata.top.sleeve_cuff_size": "58.0",
		"metadata.pants.pants_length": "null",
		"metadata.pants.waist_size": "null",
		"metadata.pants.hip_size": "null",
		"metadata.pants.front_rise_length": "null",
		"metadata.pants.back_rise_length": "null",
		"metadata.pants.inner_seam_length": "null",
		"metadata.pants.pants_waist_size": "null",
		"metadata.skirt.length": "null",
		"metadata.skirt.waist_size": "null",
		"metadata.skirt.hip_size": "null",
		"metadata.skirt.hem_size": "null",
		"metadata.dress.front_length": "null",
		"metadata.dress.chest_size": "null",
		"metadata.dress.waist_size": "null",
		"metadata.dress.hip_size": "null",
		"metadata.dress.hem_size": "null",
		"metadata.dress.shoulder_width": "null",
		"metadata.dress.sleeve_length": "null",
		"metadata.dress.cuff_size": "null",
		"metadata.jumpsuit.front_length": "null",
		"metadata.jumpsuit.inner_seam_length": "null",
		"metadata.jumpsuit.chest_size": "null",
		"metadata.jumpsuit.waist_size": "null",
		"metadata.jumpsuit.hip_size": "null",
		"metadata.jumpsuit.shoulder_width": "null",
		"metadata.jumpsuit.sleeve_length": "null",
		"metadata.jumpsuit.cuffs_size": "null",