{
	"dataset": {
		"dataset.id": 138316,
		"dataset.name": "01_sou_027664_138316_front_02top_02t-shirt_woman",
		"dataset.image_path": "./008.의류 통합 데이터(3-1)/원천데이터/상품/상의/t-shirt/01_sou_027664_138316_front_02top_02t-shirt_woman.jpg",
		"dataset.label_path": "./008.의류 통합 데이터(3-1)/라벨링데이터/상품/상의/t-shirt/01_sou_027664_138316_front_02top_02t-shirt_woman.json",
		"dataset.category": 6,
		"dataset.type": 1,
		"dataset.width": 1920,
		"dataset.height": 1080,
		"dataset.file_size": 233422
	},
	"annotation": [
		{
			"annotation_type": "Polygon",
			"annotation_id": 101,
			"annotation_point_count": 235.0,
			"annotation_point": [
				1198.0,
				824.0,
				1198.1371797707689,
				764.6031764842082,
				1196.2000000000007,
				752.9000000000015,
				1197.4788137824835,
				731.5202855728203,
				1192.2941816247294,
				712.0573410441029,
				1192.9113997387467,
				658.8119917414442,
				1185.792817490401,
				621.1616867863195,
				1187.0684015927072,
				603.0154742341765,
				1182.9536141659155,
				573.8416313782363,
				1183.3650929085961,
				563.9661415539413,
				1180.073262967162,
				549.1529068175005,
				1176.7814330257315,
				535.5741083090943,
				1191.1831890194953,
				540.51185322124,
				1199.8242426157558,
				540.9233319639206,
				1208.4652962120126,
				548.7414280748199,
				1217.9293072936307,
				555.3250879576844,
				1233.1540207727521,
				541.7462894492783,
				1250.0246492225888,
				534.7511508237367,
				1264.42578125,
				523.640625,
				1295.5,
				500.5,
				1347.5,
				452.60000000000036,
				1368.7999999999993,
				421.90000000000146,
				1371.5,
				407.60000000000036,
				1352.4897141287074,
				391.0696318592927,
				1323.6862021411798,
				368.98693933552204,
				1302.495046893211,
				353.00784816148735,
				1292.4823974880237,
				347.07569628786587,
				1272.971447105996,
				326.57033894436427,
				1264.8790318333085,
				314.43171603533483,
				1253.18617756218,
				298.7269440230866,
				1243.447847318781,
				288.9543238844617,
				1238.6815518827498,
				281.1019378783385,
				1227.7087854113088,
				267.28311010336984,
				1216.5302795685311,
				257.3047505934046,
				1201.6827549368645,
				240.9484705719151,
				1179.4629028322015,
				219.5515759526097,
				1169.9988917505834,
				215.02530978314098,
				1165.061146838434,
				210.91052235635107,
				1156.8315719848579,
				207.61869241491877,
				1152.7167845580661,
				205.56129870152472,
				1124.3247513132192,
				192.80545767847616,
				1090.5834944135422,
				180.0496166554276,
				1078.444871504511,
				180.42680550288424,
				1072.5127196308895,
				179.05520969395366,
				1065.3461315292334,
				177.68361388502308,
				1060.5112563027542,
				179.05520969395366,
				1058.2824131132438,
				180.63254487422273,
				1057.356585942216,
				184.30156366310985,
				1056.6707880377508,
				189.4793378418217,
				1055.4020619144903,
				193.49125558294145,
				1053.4475378867646,
				198.08610154285634,
				1051.493013859039,
				204.42973215915663,
				1049.984258469216,
				209.47034675697432,
				1048.2697637080564,
				215.88255716372078,
				1046.3152396803307,
				221.19749092332495,
				1044.360715652605,
				226.68387415904363,
				1042.5433512057716,
				232.30741697565645,
				1041.0345958159487,
				236.55936398334052,
				1038.3256940933134,
				243.7945318754446,
				1036.50832964648,
				251.33830882455914,
				1032.9421805432648,
				262.44823487689064,
				1028.9988425925912,
				270.1634613021215,
				1022.0379938622718,
				285.4567545716909,
				1017.0659590549003,
				294.3721273297342,
				1014.699956284494,
				302.5331223928679,
				1010.9280678099385,
				310.24834881809875,
				1005.1673654124315,
				322.1469424605657,
				996.25199265439,
				336.24008939732084,
				989.4968832954073,
				347.178565973536,
				984.147659640581,
				355.511010512786,
				977.8040290242825,
				363.6377156806957,
				970.6374409226228,
				372.1758995912842,
				960.7276612031055,
				382.29141868214174,
				946.0858759427756,
				391.03534196407054,
				939.570795850359,
				395.8359272953239,
				935.11328125,
				397.55078125,
				921.1115851346221,
				402.411357603336,
				912.223644292757,
				404.7814751611677,
				902.7431740614338,
				405.96653394008354,
				893.8552332195686,
				407.1515927189994,
				884.3747629882455,
				407.7441221084555,
				874.8942927569187,
				407.7441221084555,
				864.8212931361377,
				407.1515927189994,
				855.9333522942725,
				405.96653394008354,
				847.6379408418652,
				403.0038869927939,
				838.75,
				400.04124004550613,
				829.8620591581348,
				397.0785930982165,
				821.5666477057275,
				392.9308873720129,
				813.8637656427745,
				387.5981228668934,
				805.5683541903672,
				382.2653583617739,
				797.8654721274179,
				377.52512324611234,
				789.5700606750106,
				372.7848881304508,
				783.0522373909735,
				365.0820060675014,
				777.1269434963979,
				357.9716533940082,
				771.7941789912766,
				349.6762419415991,
				767.6464732650747,
				341.9733598786497,
				762.3137087599534,
				334.27047781569854,
				756.3884148653779,
				325.97506636329126,
				752.8332385286303,
				318.2721843003401,
				748.0930034129706,
				311.16183162684865,
				742.7602389078493,
				300.4963026166097,
				738.6125331816438,
				291.6083617747445,
				735.0573568448999,
				284.4980091012512,
				731.5021805081524,
				276.20259764884213,
				720.8366514979134,
				259.61177474402757,
				719.0590633295396,
				251.9088926810764,
				715.5038869927957,
				242.42842244975327,
				711.3561812665903,
				234.133010997346,
				707.2084755403848,
				225.8375995449369,
				703.060769814183,
				218.13471748198754,
				699.5055934774355,
				209.24677664012052,
				696.5429465301459,
				200.95136518771324,
				694.1728289723178,
				192.06342434584803,
				691.2101820250282,
				183.175483503981,
				688.6872666796553,
				174.97632798650375,
				688.9589755682464,
				168.45531466035754,
				666.2561884327697,
				169.24025144961524,
				661.5616626354749,
				170.7950300898774,
				654.2557125200692,
				170.5384161395432,
				648.2630220328465,
				172.1082897180604,
				620.3524811994066,
				190.10145611798362,
				594.0118139444821,
				195.5809187045379,
				576.5318754452273,
				200.5320584521687,
				553.4819047298879,
				218.67617423464253,
				527.6242754991217,
				240.1864612479767,
				490.26430331807023,
				280.03709824109865,
				477.4788906161102,
				290.2110866249477,
				462.88208532355384,
				306.6343794463555,
				457.915850637668,
				318.63485535905784,
				443.96812769007556,
				339.5413448421914,
				430.14116424852364,
				360.40254951055977,
				427.2731259800785,
				366.6669488863736,
				419.1973340136701,
				375.7993865306307,
				409.2648646418984,
				392.7660971292171,
				405.86850353453156,
				394.0793567573983,
				401.9589145264945,
				399.8154332942886,
				389.95843861379217,
				408.67616204995466,
				381.86755170912875,
				412.6008459962486,
				374.4559370259376,
				428.0278728928279,
				363.497011852829,
				441.1755641129075,
				407.3176176070083,
				471.54657988190775,
				413.89901068617473,
				472.48246605371605,
				426.72970820289993,
				484.996169867085,
				448.0135711424082,
				498.77784849387353,
				489.96240455297084,
				525.8430727850355,
				500.39300688715593,
				535.2321243796287,
				513.2086094656261,
				552.6818730023733,
				546.1004799232069,
				578.3885528505889,
				549.3609865862782,
				581.6490595136602,
				566.2069376788277,
				568.6070328613678,
				575.8073184089881,
				561.7237410171001,
				581.603774698895,
				555.7461454681325,
				577.6187109995844,
				567.7013365660678,
				576.3507361861666,
				580.1999454411853,
				577.7998502586452,
				589.8003261713457,
				579.475388404946,
				609.6803598531405,
				577.8602300116618,
				616.7447909564689,
				578.2074135915282,
				635.4021346396112,
				577.6941856908597,
				678.8453669374139,
				576.1243121123407,
				686.1513170528196,
