{
	"dataset": {
		"dataset.id": 279443,
		"dataset.name": "01_sou_055889_279443_wear_02top_02t-shirt_woman",
		"dataset.image_path": "./008.의류 통합 데이터(3-1)/원천데이터/상품/상의/t-shirt/01_sou_055889_279443_wear_02top_02t-shirt_woman.jpg",
		"dataset.label_path": "./008.의류 통합 데이터(3-1)/라벨링데이터/상품/상의/t-shirt/01_sou_055889_279443_wear_02top_02t-shirt_woman.json",
		"dataset.category": 6,
		"dataset.type": 1,
		"dataset.width": 3024,
		"dataset.height": 4032,
		"dataset.file_size": 1089695
	},
	"annotation": [
		{
			"annotation_type": "Polygon",
			"annotation_id": 92,
			"annotation_point_count": 141.0,
			"annotation_point": [
				1034.1328125,
				1691.775390625,
				1040.750839662338,
				1699.496659824992,
				1046.2656644439412,
				1696.7392474341905,
				1052.3319717037048,
				1701.7025897376334,
				1061.1556913542736,
				1703.3570371721144,
				1067.2219986140371,
				1698.9451773468318,
				1070.530893482999,
				1689.018492739946,
				1093.69315756574,
				1699.496659824992,
				1105.8257720852707,
				1709.4233444318816,
				1114.649491735836,
				1734.79153842726,
				1141.1206506875387,
				1767.3290046387265,
				1133.3998959932906,
				1776.7042067674556,
				1162.0769848576347,
				1791.0427511996277,
				1179.1729416806083,
				1786.0794088961848,
				1205.0926181541508,
				1762.9171448134439,
				1226.600434802407,
				1751.3360127720734,
				1250.3141813633083,
				1752.438977728394,
				1263.384765625,
				1797.51953125,
				1256.2371031787443,
				1853.1087952217094,
				1261.7960465586038,
				1907.109959483183,
				1245.1192164190288,
				2034.965657219902,
				1226.8541167423573,
				2050.8483525909214,
				1214.94209521409,
				2068.3193174990447,
				1204.6183432229263,
				2090.5550910184757,
				1204.6183432229263,
				2115.173268843555,
				1214.94209521409,
				2132.6442337516783,
				1206.20661276003,
				2168.3802983364767,
				1204.6183432229263,
				2199.3515543099675,
				1164.9116047953758,
				2415.356211355851,
				1154.5878528042122,
				2448.7098716349974,
				1193.5004564632109,
				2459.8277583947092,
				1322.9444237370335,
				2476.5045885342806,
				1411.0933830461981,
				2484.445936219792,
				1459.5356039278122,
				2490.0048795996518,
				1559.5965847652442,
				2493.1814186738557,
				1611.2153447210621,
				2493.975553442404,
				1671.5695871309435,
				2497.9462272851597,
				1740.6593119948848,
				2497.9462272851597,
				1770.0422984312718,
				2500.3286315908153,
				1814.51384547013,
				2501.1227663593636,
				1835.955484221009,
				2505.0934402021194,
				1848.6616405178247,
				2502.7110358964674,
				1843.8968319065207,
				2427.2682328841183,
				1835.1613494524572,
				2356.5902384830733,
				1824.0434626927417,
				2290.677052693336,
				1821.6610583870897,
				2180.2923198647404,
				1811.3373063959261,
				2136.614907594434,
				1764.4833550514159,
				1935.6988111510182,
				1754.1596030602523,
				1888.8448598065079,
				1771.630859375,
				1791.9609375,
				1797.8370153305586,
				1817.3727306369146,
				1830.3965408411495,
				1816.5785958683628,
				1842.308562369417,
				1816.5785958683628,
				1854.220703125,
				1807.84375,
				1841.514427600865,
				1787.989744200524,
				1872.4856835743558,
				1772.1070488295045,
				1953.4874299665644,
				1734.782714707606,
				1962.2229124206242,
				1735.5768494761578,
				1970.9583948746877,
				1751.4595448471773,
				1983.6645511715033,
				1734.782714707606,
				1961.4287776520723,
				1691.8994372058478,
				1924.1044435301737,
				1603.7504778966832,
				1893.9273223252349,
				1555.308257015069,
				1872.4856835743558,
				1503.6894970592512,
				1851.4411122077545,
				1469.4622885347017,
				1846.4380631658823,
				1462.1562486640323,
				1841.832081508288,
				1457.947334390712,
				1837.623167234964,
				1452.2295640571429,
				1833.4142529616438,
				1448.4177171680967,
				1829.2053386883235,
				1443.8117355105023,
				1825.393491799281,
				1439.2057538529043,
				1821.50223143338,
				1434.996839579584,
				1816.5785958683628,
				1431.1849926905415,
				1813.0844028867396,
				1426.1819436486694,
				1808.1607673217222,
				1421.1788946067973,
				1804.666574340099,
				1417.3670477177511,
				1799.663525298227,
				1413.5552008287086,
				1794.7398897332096,
				1410.4580752313595,
				1789.3397733070633,
				1407.8374304951394,
				1781.716079528971,
				1405.9315070506163,
				1775.9983091954055,
				1404.7403048977903,
				1770.5981927692592,
				1403.6285162218192,
				1764.4833550514159,
				1402.0402466847154,
				1758.3685173335725,
				1400.53139062447,
				1752.5713335231485,
				1399.7372558559182,
				1746.853563189583,
				1398.625467179947,
				1736.9268785826935,
				1396.719543735424,
				1704.7644204563767,
				1389.8105712490324,
				1696.6642458171555,
				1390.2870521101613,
				1685.3875321037303,
				1382.981012239492,
				1676.096155311683,
				1382.981012239492,
				1664.8988550751128,
				1372.419019817764,
				1658.9428443109791,
				1378.3750305818976,
				1652.986833546849,
				1379.0103383967362,
				1646.3161014910183,
				1379.6456462115784,
				1653.6221413616877,
				1384.9663491608699,
				1611.294758197917,
				1403.4696892681095,
				1584.1353491134723,
				1406.1697474811808,
				1566.9026246359135,
				1409.4257000322432,
				1552.3699583714297,
				1409.4257000322432,
				1490.1892059938837,
				1401.4843523467316,
				1451.1177753811717,
				1395.528341582598,
				1427.9290401394828,
				1390.2870521101613,
				1410.0610078470818,
				1379.0103383967362,
				1402.8343814532673,
				1364.4776721322523,
				1381.6309831329563,
				1363.1276430257167,
				1366.9394899147592,
				1367.9718651138755,
				1358.9187287523964,
				1372.1807793871994,
				1342.4801390433895,
				1385.2045895914343,
				1330.5681175151221,
				1386.3957917442604,
				1307.6176227039978,
				1379.883886642143,
				1301.5027849861544,
				1380.280954026417,
				1295.3085337914563,
				1380.995675318114,
				1289.5907634578907,
				1382.18687747094,
				1283.8729931243215,
				1382.9015987626371,
				1276.9640206379263,
				1383.695733531189,
				1271.56390421178,
				1384.4898682997373,
				1265.8461338782145,
				1385.601656975712,
				1260.1283635446453,
				1387.5075804202315,
				1254.013525826802,
				1389.4135038647546,
				1247.8192746321038,
				1392.5106294621037,
				1242.1015042985382,
				1395.2106876751786,
				1236.383733964969,
				1397.5136785039758,
				1231.3806849230969,
				1400.134323240196,
				1227.1717706497766,
				1403.6285162218192,
				1222.5657889921822,
				1408.2344978794135,
				1218.356874718862,
				1412.4434121527374,
				1214.5450278298158,
				1417.3670477177511,
				1210.7331809407697,
				1422.767164143901,
				1208.0331227276984,
				1427.3731458014954,
				1204.6183432229263,
				1433.0909161350646,
				1201.5212176255773,
				1437.696897792659,
				1198.106438120809,
				1442.6999468345311,
				1193.5004564632109,
				1448.8147845523745,
				1189.6091960973135,
				1453.0236988256947,
				1185.7973492082674,
				1457.6296804832891,
				1182.382569703499,
				1462.9503834325806,
				1178.8883767218722,
				1467.5563650901786,
				1164.3557104573883,
				1494.398120267204,
				1145.8523703501487,
				1528.3076748843341,
				1110.91015625,
				1585.486328125
			]
		}
	],
	"metadata.model": {
		"metadata.model.gender": "FEMALE",
		"metadata.model.age": "20대",
		"metadata.model.job": "not employed",
		"metadata.model.type": "wear",
		"metadata.model.usually_size": "M",
		"metadata.model.body_height": "161",
		"metadata.model.waist_height": "101",
		"metadata.model.chest_size_male": "null",
		"metadata.model.breast_size_female": "78.0",
		"metadata.model.waist_size": "73",
		"metadata.model.hip_seize": "93",
		"metadata.model.back_length": "38",
		"metadata.model.shoulders_width": "39",
		"metadata.model.arm_length": "54",
		"metadata.model.weight": "52"
	},
	"metadata.clothes": {
		"metadata.clothes.type": "02top_02t-shirt",
		"metadata.clothes.season": "summer",