{
	"dataset": {
		"dataset.id": 22305,
		"dataset.name": "01_sou_004461_022305_wear_02top_02t-shirt_man",
		"dataset.image_path": "./008.의류 통합 데이터(3-1)/원천데이터/상품/상의/t-shirt/01_sou_004461_022305_wear_02top_02t-shirt_man.jpg",
		"dataset.label_path": "./008.의류 통합 데이터(3-1)/라벨링데이터/상품/상의/t-shirt/01_sou_004461_022305_wear_02top_02t-shirt_man.json",
		"dataset.category": 6,
		"dataset.type": 1,
		"dataset.width": 487,
		"dataset.height": 1080,
		"dataset.file_size": 49728
	},
	"annotation": [
		{
			"annotation_type": "Polygon",
			"annotation_id": 46,
			"annotation_point_count": 77.0,
			"annotation_point": [
				139.02171445154272,
				183.95040164741113,
				136.22479561082582,
				185.7302590915042,
				133.93640746842175,
				187.51011653559544,
				131.64801932601767,
				189.0357086305321,
				128.34256978698977,
				192.34115816956,
				124.02005885133622,
				197.9349958509938,
				121.47740535977573,
				202.76603748495836,
				119.18901721737166,
				207.3428137697665,
				117.40915977328041,
				213.95371284782232,
				114.103515625,
				220.564453125,
				104.70000000000073,
				233.60000000000036,
				105.0,
				247.0,
				111.7783203125,
				287.8017578125,
				116.506543954878,
				297.88859947247147,
				118.08268277585012,
				283.3881223195185,
				127.5395157016901,
				277.0835670356264,
				135.42020980655616,
				271.72469504431683,
				142.35522061883785,
				272.6703783369012,
				153.07296460145517,
				273.30083386529077,
				167.25821399021333,
				273.61606162948556,
				181.7586911431681,
				281.1815279701568,
				186.1718798418915,
				286.85562772565936,
				186.48710760608628,
				308.9215712192854,
				185.47837876066478,
				332.27994854610733,
				193.89496006466106,
				352.4860482309832,
				209.20000000000073,
				420.5,
				216.3000000000011,
				442.3000000000011,
				230.40000000000146,
				477.8000000000011,
				242.4921875,
				491.9873046875,
				246.76411350291528,
				493.5133789378888,
				251.64600820671149,
				493.5133789378888,
				255.91766607253157,
				494.42873419485113,
				260.1893239383535,
				494.42873419485113,
				265.3763370611359,
				494.1236157758631,
				269.64799492695784,
				493.5133789378888,
				274.8350080497403,
				493.5133789378888,
				279.41178433454843,
				493.5133789378888,
				284.29367903834464,
				493.5133789378888,
				289.17557374214084,
				494.42873419485113,
				292.5318763510004,
				497.4799183847226,
				291.00628425606374,
				506.938589373327,
				291.00628425606374,
				516.3972603619313,
				291.3114026750518,
				517.0074971999056,
				297.10865263580854,
				513.346076172058,
				302.60078417757904,
				509.98977356319847,
				307.1775604623872,
				508.1590630492756,
				311.14409990922104,
				506.938589373327,
				311.75433674719534,
				500.2259841556079,
				310.2287446522587,
				494.42873419485113,
				307.09325018695563,
				468.96270710090175,
				301.5634765625,
				448.2763671875,
				298.6342447307452,
				431.4339854107475,
				294.24053949733025,
				411.2961697575902,
				293.87439739454567,
				397.7489119545571,
				292.40982898340553,
				386.39850676823335,
				287.649981647206,
				373.949675273554,
				286.55155533885227,
				367.3591174234298,
				285.657762221721,
				346.52824348770446,
				284.52294227061975,
				338.2062305129657,
				289.10000000000036,
				347.90000000000146,
				293.22322856239407,
				342.02048645972354,
				283.60000000000036,
				292.40000000000146,
				270.5,
				267.0,
				254.2610769079365,
				252.90559752189984,
				249.65875155069443,
				239.5714630964667,
				243.5,
				227.3000000000011,
				243.90000000000146,
				216.3000000000011,
				237.39639152352356,
				212.43035259930912,
				230.83965402827562,
				196.00698608476705,
				226.23732867103354,
				196.00698608476705,
				222.51764105353686,
				196.00698608476705,
				216.18156299322436,
				191.62532016246223,
				204.86488625863785,
				183.4293982934014,
				181.0,
				165.90000000000146,
				173.02688207497886,
				164.83096020591802,
				166.72232679108674,
				171.45074325400492,
				161.994140625,
				181.853515625
			]
		}
	],
	"metadata.model": {
		"metadata.model.gender": "MALE",
		"metadata.model.age": "40대",
		"metadata.model.job": "office job",
		"metadata.model.type": "wear",
		"metadata.model.usually_size": "L",
		"metadata.model.body_height": "173",
		"metadata.model.waist_height": "97",
		"metadata.model.chest_size_male": "82.0",
		"metadata.model.breast_size_female": "null",
		"metadata.model.waist_size": "84",
		"metadata.model.hip_seize": "94",
		"metadata.model.back_length": "37",
		"metadata.model.shoulders_width": "47",
		"metadata.model.arm_length": "62",
		"metadata.model.weight": "70"
	},
	"metadata.clothes": {
		"metadata.clothes.type": "02top_02t-shirt",
		"metadata.clothes.season": "summer",
		"metadata.clothes.fiber_composition": "Cotton,Polyurethane",
		"metadata.clothes.elasticity": "none at all",
		"metadata.clothes.transparency": "none",
		"metadata.clothes.isfleece": "fleece_none",
		"metadata.clothes.color": "Black,White",
		"metadata.clothes.washing_method": "Washing40",
		"metadata.clothes.bleach": "Oxygen bleach",
		"metadata.clothes.ironing": "Ironing 140~160℃ : Place a cloth between the iron and textile",
		"metadata.clothes.drycleaning": "none",
		"metadata.clothes.wringing": "none",
		"metadata.clothes.drying": "Line dry in shade",
		"metadata.clothes.top_length_type": "normal",
		"metadata.clothes.sleeve_length_type": "short sleeves",
		"metadata.clothes.topneck_color_design": "polo collar",
		"metadata.clothes.topsleeve_design": "ribbed sleeve",
		"metadata.clothes.pants_silhouette": "null",
		"metadata.clothes.skirt_design": "null",
		"metadata.top.front_length": "68.0",
		"metadata.top.chest_size": "96.0",
		"metadata.top.waist_size": "92.0",
		"metadata.top.hem_size": "100.0",
		"metadata.top.shoulder_width": "42.0",
		"metadata.top.sleeve_length": "19.0",
		"metadata.top.sleeve_cuff_size": "32.0",
		"metadata.pants.pants_length": "null",
		"metadata.pants.waist_size": "null",
		"metadata.pants.hip_size": "null",
		"metadata.pants.front_rise_length": "null",
		"metadata.pants.back_rise_length": "null",
		"metadata.pants.inner_seam_length": "null",
		"metadata.pants.pants_waist_size": "null",
		"metadata.skirt.length": "null",
		"metadata.skirt.waist_size": "null",
		"metadata.skirt.hip_size": "null",
		"metadata.skirt.hem_size": "null",
		"metadata.dress.front_length": "null",
		"metadata.dress.chest_size": "null",
		"metadata.dress.waist_size": "null",
		"metadata.dress.hip_size": "null",
		"metadata.dress.hem_size": "null",
		"metadata.dress.shoulder_width": "null",
		"metadata.dress.sleeve_length": "null",
		"metadata.dress.cuff_size": "null",
		"metadata.jumpsuit.front_length": "null",
		"metadata.jumpsuit.inner_seam_length": "null",
		"metadata.jumpsuit.chest_size": "null",
		"metadata.jumpsuit.waist_size": "null",
		"metadata.jumpsuit.hip_size": "null",
		"metadata.jumpsuit.shoulder_width": "null",
		"metadata.jumpsuit.sleeve_length": "null",
		"metadata.jumpsuit.cuffs_size": "null",
		"metadata.jumpsuit.front_rise_length": "null",
		"metadata.jumpsuit.back_rise_length": "null",
		"metadata.jumpsuit.pants_waist_size": "null"
	}
}