{
	"dataset": {
		"dataset.id": 501497,
		"dataset.name": "01_sou_100300_501497_back_02top_02t-shirt_man",
		"dataset.image_path": "./008.의류 통합 데이터(3-1)/원천데이터/상품/상의/t-shirt/01_sou_100300_501497_back_02top_02t-shirt_man.jpg",
		"dataset.label_path": "./008.의류 통합 데이터(3-1)/라벨링데이터/상품/상의/t-shirt/01_sou_100300_501497_back_02top_02t-shirt_man.json",
		"dataset.category": 6,
		"dataset.type": 1,
		"dataset.width": 4032,
		"dataset.height": 2268,
		"dataset.file_size": 674245
	},
	"annotation": [
		{
			"annotation_type": "Polygon",
			"annotation_id": 7,
			"annotation_point_count": 292.0,
			"annotation_point": [
				1217.2000000000007,
				737.9000000000015,
				1262.755859375,
				817.1435546875,
				1276.1428204077165,
				845.1349921977198,
				1281.0109026125465,
				853.6541360561696,
				1287.0960053685812,
				861.564769639017,
				1294.3981286758244,
				867.6498723950517,
				1303.5257828098765,
				869.4754032218625,
				1313.2619472195329,
				869.4754032218625,
				1321.7810910779845,
				868.2583826706559,
				1330.9087452120366,
				865.8243415682409,
				1340.644909621693,
				864.6073210170343,
				1350.9895843069535,
				864.6073210170343,
				1361.334258992214,
				864.6073210170343,
				1372.2874439530788,
				864.6073210170343,
				1382.023608362735,
				862.7817901902235,
				1397.2363652528256,
				863.9988107414301,
				1447.4993140176775,
				883.2885864780637,
				1480.9673791758723,
				903.3694255729806,
				1503.482259373206,
				908.2375077778088,
				1523.563098468123,
				917.3651619118627,
				1550.946060870283,
				923.4502646678975,
				1550.3375505946788,
				933.1864290775538,
				1547.9035094922656,
				942.922593487212,
				1546.6864889410572,
				952.6587578968683,
				1544.252447838644,
				961.1779017553181,
				1541.2098964606266,
				970.305555889372,
				1539.384365633814,
				980.0417202990284,
				1538.7758553582098,
				990.9949052598931,
				1538.7758553582098,
				1000.1225593939453,
				1539.384365633814,
				1009.8587238036016,
				1539.384365633814,
				1018.9863779376537,
				1536.9503245314008,
				1028.7225423473137,
				1534.516283428984,
				1038.45870675697,
				1530.865221775366,
				1046.977850615418,
				1519.3035265388971,
				1076.7948541199912,
				1501.8046875,
				1136.845703125,
				1500.0526954599081,
				1220.9655426570935,
				1498.30018586617,
				1430.3904391088108,
				1495.671421475563,
				1548.6848366861414,
				1497.423931069301,
				1640.6915903574009,
				1498.30018586617,
				1724.8120508568354,
				1484.6792918570536,
				1843.3352482977898,
				1473.7000000000007,
				1918.7999999999993,
				1467.6000000000022,
				1999.7000000000007,
				1465.206963037741,
				2014.9351460179896,
				1473.1000000000022,
				2052.7000000000007,
				1510.2367234324047,
				2058.7478858614486,
				1514.4962953616305,
				2064.8329886174834,
				1580.2154051268117,
				2069.7010708223097,
				1638.0238813091491,
				2070.918091373518,
				1757.9004056030499,
				2064.224478341879,
				1830.3131283998737,
				2062.3989475150665,
				1933.151364976875,
				2061.790437239466,
				2043.2917248611157,
				2064.224478341879,
				2143.0874100600995,
				2063.615968066275,
				2225.844807542184,
				2069.092560546709,
				2297.0,
				2068.5,
				2441.257445105839,
				2077.003194129553,
				2458.2957328227385,
				2077.611704405157,
				2577.563746841035,
				2079.437235231966,
				2724.2147232614916,
				2079.437235231966,
				2799.0614871607286,
				2075.177663302744,
				2876.3422921623824,
				2063.615968066275,
				2893.380579879282,
				2060.5734166882576,
				2902.508234013334,
				2018.5862076716112,
				2901.291015625,
				2005.19921875,
				2891.100000000002,
				1928.2000000000007,
				2876.4211550941036,
				1793.5805273151236,
				2866.9576032879195,
				1697.8935034970164,
				2862.7000000000007,
				1545.4000000000015,
				2858.5455572379724,
				1468.6652486360545,
				2851.1850169442732,
				1378.2357535991614,
				2855.391039969247,
				1347.7420866681168,
				2858.5455572379724,
				1329.8664888119856,
				2857.4940514817317,
				1313.0423967120987,
				2853.288028456758,
				1298.3213161247004,
				2846.978515625,
				1274.13671875,
				2812.515625,
				986.60546875,
				2808.2905596740493,
				972.2375760144132,
				2805.3325236120872,
				966.3215038904891,
				2808.2905596740493,
				960.8280083468453,
				2813.4037362954405,
				955.7570893834836,
				2818.8549741810566,
				951.1087470004004,
				2824.3484697247004,
				946.4604046173172,
				2830.2645418486245,
				941.8120622342358,
				2834.9128842317077,
				937.5862964314329,
				2839.1809076925383,
				932.5153774680693,
				2843.36441583731,
				926.5993053441453,
				2846.3647095572996,
				920.683233220223,
				2849.280487961234,
				914.3445845160186,
				2854.393664582625,
				910.9639718737762,
				2861.112632209082,
				908.8510889723766,
				2866.606127752726,
				906.7382060709751,
				2872.5221998766465,
				902.5124402681722,
				2877.59311884001,
				898.7092510456496,
				2883.086614383654,
				894.4834852428467,
				2889.002686507578,
				890.2577194400455,
				2894.5384397092494,
				886.8771067978032,
				2900.4545118331735,
				883.4964941555609,
				2905.905749718786,
				880.1158815133185,
				2912.286656081018,
				878.4255751921974,
				2916.934998464101,
				883.9190707358412,
				2922.3862363497174,
				888.1448365386441,
				2927.879731893361,
				891.1028726006061,
				2934.2183805975656,
				891.9480257611667,
				2937.5989932398043,
				897.4415213048087,
				2940.9796058820466,
				902.9350168484525,
				2946.05052484541,
				907.5833592315357,
				2951.544020389054,
				911.3865484540565,
				2957.0375159326977,
				914.7671610962989,
				2965.108728616051,
				921.1058098005033,
				2972.2925304808123,
				917.7251971582609,
				2976.9408728638955,
				913.9220079357383,
				2982.8569449878196,
				909.6962421329372,
				2987.040453132595,
				905.8930529104146,
				2992.153629753986,
				903.3575934287328,
				2999.337431618751,
				900.3995573667708,
				3006.4789758254847,
				898.7092510456496,
				3012.3950479494088,
				897.864097885089,
				3019.5788498141737,
				896.1737915639678,
				3025.494921938098,
				893.6383320822861,
				3031.833570642302,
				890.6802960203258,
				3037.7496427662227,
				886.8771067978032,
				3045.7785977915482,
				879.2707283527579,
				3086.7999999999993,
				842.5,
				3128.646484375,
				796.4453125,
				3155.225932084133,
				750.3848713672833,
				3186.9191756051514,
				702.2111412153354,
				3210.160887520564,
				662.9115192492736,
				3241.144202386713,
				612.075556641561,
				3246.2151213500765,
				598.8911673368166,
				3211.732872399207,
				576.57912389802,
				3186.8853694787285,
				557.8167237335765,
				3164.573326039932,
				543.1110587398252,
				3146.3180177718277,
				534.4904965021069,
				3099.1584714125493,
				514.7139125449921,
				3071.2684171140536,
				496.96569617322166,
				3018.023767998744,
				465.52599860037117,
				2956.666015625,
				428.5078125,
				2904.435183219415,
				398.0827763876441,
				2870.9671180612168,
				371.2069058818215,
				2843.5841556590567,
				357.00833278440405,
				2836.4848691103507,
				353.96578140638667,
				2830.399766354316,
				349.4019543393606,
				2823.3004798056063,
				344.3310353759971,
				2817.2153770495715,
				340.7813921016441,
				2810.116090500862,
				336.2175650346162,
				2803.016803952156,
				332.16082986392576,
				2795.9175174034463,
				327.08991090056406,
				2790.339506543747,
				322.5260838335362,
				2782.2260362023662,
				319.4835324555188,
				2775.633841549996,
				316.4409810775014,
				2771.5771063793036,
				309.8487864251292,
				2765.9990955196045,
				303.76368366909446,
				2758.8998089708984,
				300.21404039473964,
				2751.293430525853,
				295.6502133277136,
				2743.687052080808,
				293.1147538460318,
				2735.573581739427,
				290.57929436435006,
				2727.9672032943818,
				288.55092677900575,
				2718.8395491603296,
