{
	"dataset": {
		"dataset.id": 522770,
		"dataset.name": "01_sou_104554_522770_wear_02top_02t-shirt_man",
		"dataset.image_path": "./008.의류 통합 데이터(3-1)/원천데이터/상품/상의/t-shirt/01_sou_104554_522770_wear_02top_02t-shirt_man.jpg",
		"dataset.label_path": "./008.의류 통합 데이터(3-1)/라벨링데이터/상품/상의/t-shirt/01_sou_104554_522770_wear_02top_02t-shirt_man.json",
		"dataset.category": 6,
		"dataset.type": 1,
		"dataset.width": 2268,
		"dataset.height": 4032,
		"dataset.file_size": 437124
	},
	"annotation": [
		{
			"annotation_type": "Polygon",
			"annotation_id": 65,
			"annotation_point_count": 115.0,
			"annotation_point": [
				924.529551317486,
				1263.2458092411161,
				915.1018678114324,
				1268.6885955951257,
				905.6741843053805,
				1274.0341893356708,
				896.1493081858644,
				1280.8376722781832,
				887.401972974063,
				1286.8636143129788,
				878.6546377622617,
				1292.9867489612388,
				870.5876508447127,
				1301.0537358787897,
				863.7841679022004,
				1307.7600262078377,
				857.0778775731524,
				1316.6045540331015,
				852.3154395133934,
				1326.0322375391552,
				847.5530014536362,
				1336.1402693394575,
				843.5681043015938,
				1344.8876045512588,
				839.4860145360853,
				1354.412480670775,
				835.4039247705787,
				1363.8401641768287,
				830.738679324284,
				1373.2678476828805,
				824.4208984375,
				1383.958984375,
				807.0,
				1458.0,
				786.7077256300654,
				1606.4329273841086,
				772.0613387399353,
				1657.5265443234111,
				743.3085239233678,
				1733.9982325562087,
				743.8484828870587,
				1741.220183695581,
				787.2476845937563,
				1757.4189526063237,
				862.7744446400957,
				1777.7349086152135,
				863.584383085632,
				1795.2835749351852,
				871.1438085773116,
				1851.1018328067858,
				858.7919921875,
				2001.75,
				868.0,
				2084.0,
				865.1772620285246,
				2198.3359433826517,
				840.3931455950878,
				2326.8731746893936,
				845.0097947346494,
				2340.156165196204,
				859.9126621325322,
				2353.7631310812267,
				922.2779224388923,
				2370.5288569038457,
				948.3579403851872,
				2380.815075162167,
				1022.6292958409431,
				2393.6121026016554,
				1150.1136071684887,
				2404.303290082744,
				1325.0603114045098,
				2408.919939222307,
				1385.4007255970264,
				2402.359437813455,
				1412.1286942997522,
				2394.988997959068,
				1430.1903216352312,
				2379.762155182969,
				1431.729204681751,
				2371.2578015048293,
				1422.2529248689661,
				2363.968355494995,
				1411.3997496987686,
				2351.9002726564922,
				1409.6178851185869,
				2333.3526822536915,
				1416.5833557502065,
				2284.999357055125,
				1419.9850972214626,
				2269.6105265899187,
				1456.918290337955,
				2221.5001829250123,
				1480.8924683258556,
				2188.4546943470978,
				1491.583655806946,
				2134.0268308070026,
				1491.1786865841768,
				2085.5925117638817,
				1482.51234521693,
				1991.1536890142506,
				1469.7963116219962,
				1939.6416038780899,
				1460.3200318092113,
				1885.1327464934402,
				1455.9463642033115,
				1814.587107887155,
				1450.1148073954446,
				1792.7187698576527,
				1429.6233647233548,
				1744.0414692808718,
				1432.620136971842,
				1738.5338878512175,
				1454.4074811567916,
				1717.7994636454678,
				1481.7834006159464,
				1692.0434210773874,
				1504.4616770909852,
				1663.3716001053726,
				1528.4358550788857,
				1650.2505972876697,
				1562.6152574805528,
				1641.989225143192,
				1567.7988635319907,
				1659.9698586341165,
				1572.496506516105,
				1692.0434210773874,
				1573.1444572725359,
				1722.6590943186911,
				1576.5461987437902,
				1718.6903959355586,
				1583.025706308088,
				1708.9711345891137,
				1582.377755551659,
				1673.9007998973557,
				1606.513921228665,
				1657.4590494529511,
				1610.158644233583,
				1649.2786711530262,
				1572.6584942052123,
				1560.428423677602,
				1540.6659256064959,
				1402.895396020629,
				1506.8914924275978,
				1318.0138469283374,
				1504.1377017127706,
				1309.509493250198,
				1500.7359602415145,
				1301.0861334166111,
				1496.7672618583838,
				1292.6627735830243,
				1492.3126004079295,
				1283.672456837563,
				1487.7769451129207,
				1276.9499677396034,
				1483.3222836624664,
				1269.0125709733402,
				1478.219671455583,
				1261.1561680516297,
				1473.7650100051287,
				1253.8667220417956,
				1468.6623977982435,
				1246.5772760319614,
				1464.207736347791,
				1238.6398792656983,
				1459.6720810527822,
				1231.3504332558641,
				1454.5694688458989,
				1224.06098724603,
				1449.5478504835683,
				1216.771541236194,
				1443.392318297485,
				1209.4011013818072,
				1437.7227491787253,
				1203.8125261076002,
				1430.4333031688911,
				1197.5760000769642,
				1423.7108140709333,
				1191.987424802759,
				1416.907331128421,
				1187.4517695077502,
				1409.0509282067105,
				1183.5640649691723,
				1401.194525285,
				1180.162323497916,
				1393.8240854306132,
				1176.8415758712144,
				1382.2421875,
				1173.6015625,
				1312.0,
				1161.0,
				1286.357421875,
				1144.9228515625,
				1259.7577118328172,
				1142.1885219665583,
				1245.3056851715173,
				1146.875665748601,
				1254.562794141053,
				1149.25829717114,
				1252.6879366282355,
				1150.9769165578891,
				1235.4236236977085,
				1166.0538957234621,
				1202.1449028451989,
				1189.9192694803678,
				1117.737255236896,
				1237.493778868111,
				1061.4134107893387,
				1263.4683673269355,
				1032.2359407461172,
				1266.8665465689173,
				1016.9636639229593,
				1264.4057960833452,
				1005.4801616569512,
				1255.578341960496,
				1003.4100064865488,
				1250.461543331765,
				1007.7456144849402,
				1242.962113280495,
				1021.6898672365187,
				1228.2366698985752,
				1033.7724609375,
				1212.501953125,
				1032.470297935226,
				1203.7137940278044,
				1004.4125344621589,
				1223.1133613479305,
				946.3765805497715,
				1253.709994369603,
				934.1379273411021,
				1257.8437947884886
			]
		}
	],
	"metadata.model": {
		"metadata.model.gender": "MALE",
		"metadata.model.age": "30대",
		"metadata.model.job": "office job",
		"metadata.model.type": "wear",
		"metadata.model.usually_size": "L",
		"metadata.model.body_height": "173",
		"metadata.model.waist_height": "97",
		"metadata.model.chest_size_male": "103.0",
		"metadata.model.breast_size_female": "null",
		"metadata.model.waist_size": "91",
		"metadata.model.hip_seize": "100",
		"metadata.model.back_length": "45",
		"metadata.model.shoulders_width": "43",
		"metadata.model.arm_length": "56",
		"metadata.model.weight": "73"
	},
	"metadata.clothes": {
		"metadata.clothes.type": "02top_02t-shirt",
		"metadata.clothes.season": "summer",
		"metadata.clothes.fiber_composition": "Cotton",
		"metadata.clothes.elasticity": "none",
		"metadata.clothes.transparency": "none at all",
		"metadata.clothes.isfleece": "fleece_none",
		"metadata.clothes.color": "Gray",
		"metadata.clothes.washing_method": "Washing40_1",
		"metadata.clothes.bleach": "Do not any bleach",
		"metadata.clothes.ironing": "Ironing 140~160℃",
		"metadata.clothes.drycleaning": "DRYCLEAN",
		"metadata.clothes.wringing": "none",
		"metadata.clothes.drying": "Line dry in shade",
		"metadata.clothes.top_length_type": "normal",
		"metadata.clothes.sleeve_length_type": "short sleeves",
		"metadata.clothes.topneck_color_design": "round neck",
		"metadata.clothes.topsleeve_design": "basic sleeve",
		"metadata.clothes.pants_silhouette": "null",
		"metadata.clothes.skirt_design": "null",
		"metadata.top.front_length": "73.0",
		"metadata.top.chest_size": "102.0",
		"metadata.top.waist_size": "98.0",
		"metadata.top.hem_size": "104.0",
		"metadata.top.shoulder_width": "48.0",
		"metadata.top.sleeve_length": "23.0",
		"metadata.top.sleeve_cuff_size": "36.0",
		"metadata.pants.pants_length": "null",
		"metadata.pants.waist_size": "null",
		"metadata.pants.hip_size": "null",
		"metadata.pants.front_rise_length": "null",
		"metadata.pants.back_rise_length": "null",
		"metadata.pants.inner_seam_length": "null",