{
	"dataset": {
		"dataset.id": 337339,
		"dataset.name": "01_sou_067468_337339_wear_02top_02t-shirt_man",
		"dataset.image_path": "./008.의류 통합 데이터(3-1)/원천데이터/상품/상의/t-shirt/01_sou_067468_337339_wear_02top_02t-shirt_man.jpg",
		"dataset.label_path": "./008.의류 통합 데이터(3-1)/라벨링데이터/상품/상의/t-shirt/01_sou_067468_337339_wear_02top_02t-shirt_man.json",
		"dataset.category": 6,
		"dataset.type": 1,
		"dataset.width": 3024,
		"dataset.height": 4032,
		"dataset.file_size": 585858
	},
	"annotation": [
		{
			"annotation_type": "Polygon",
			"annotation_id": 73,
			"annotation_point_count": 82.0,
			"annotation_point": [
				1321.5498046875,
				1425.8125,
				1303.9680185828165,
				1434.6033468364167,
				1279.3530172968076,
				1439.8779899691326,
				1252.979801633228,
				1446.9108474794211,
				1235.3976578575075,
				1453.9437049897078,
				1207.2662278163552,
				1468.0094200102849,
				1193.2005127957782,
				1471.5258487654282,
				1168.585511509771,
				1478.5587062757168,
				1145.728515625,
				1485.591796875,
				1122.8719376928984,
				1499.6572788065805,
				1110.564453125,
				1515.4814453125,
				1094.7405076517462,
				1547.1290670010258,
				1078.9165782535983,
				1589.3262120627533,
				1066.6090776105939,
				1615.6994277263348,
				1054.3015769675894,
				1638.556214634771,
				1038.4776475694416,
				1664.9294302983508,
				1006.830078125,
				1789.7626953125,
				1040.2000000000007,
				1802.0,
				1078.9165782535983,
				1809.1030092592555,
				1144.300000000001,
				1840.9000000000015,
				1177.376953125,
				1846.025390625,
				1182.7000000000007,
				1870.6000000000004,
				1187.9000000000015,
				1897.0,
				1184.4000000000015,
				1981.4000000000015,
				1203.800000000001,
				2053.5,
				1195.0,
				2152.0,
				1186.1676552854915,
				2238.107317386828,
				1187.9258696630623,
				2317.226964377569,
				1182.6512265303463,
				2385.797325102878,
				1168.6000000000004,
				2419.2000000000007,
				1151.0029296875,
				2440.3017578125,
				1170.300000000001,
				2443.800000000001,
				1237.2000000000007,
				2454.4000000000015,
				1300.451171875,
				2454.3681640625,
				1335.6000000000004,
				2452.6000000000004,
				1476.300000000001,
				2433.300000000001,
				1573.0,
				2410.4000000000015,
				1669.6766091177942,
				2391.071968235594,
				1761.1000000000004,
				2389.300000000001,
				1813.9000000000015,
				2392.800000000001,
				1782.2021484375,
				2269.7548828125,
				1782.2023292824033,
				2166.0205279063757,
				1782.2023292824033,
				2122.0651684670756,
				1782.2000000000007,
				2034.2000000000007,
				1780.4441149048325,
				1974.3751607510258,
				1771.6530430169714,
				1900.5301568930008,
				1776.9000000000015,
				1858.300000000001,
				1775.169921875,
				1830.201171875,
				1775.1694717721166,
				1805.5865805041121,
				1785.7187580375485,
				1780.9715792181032,
				1817.3662109375,
				1770.421875,
				1849.0144756301415,
				1773.9387217078165,
				1870.1130481610053,
				1766.905864197528,
				1922.8594794881647,
				1751.0819347993802,
				1905.277335712446,
				1701.8519322273623,
				1892.9698350694416,
				1640.3144290123419,
				1878.9041200488646,
				1622.7322852366215,
				1863.0801906507168,
				1592.8426408178984,
				1850.7726900077123,
				1573.5022826646054,
				1841.981618119853,
				1557.6783532664576,
				1827.915903099276,
				1531.305137602878,
				1803.3009018132689,
				1496.1408500514372,
				1785.7187580375485,
				1480.3169206532893,
				1771.6533203125,
				1475.0419921875,
				1771.6533203125,
				1475.0419921875,
				1755.8291136188236,
				1468.0094200102849,
				1743.5216129758192,
				1468.0094200102849,
				1720.6650390625,
				1460.9765625,
				1694.2916104038031,
				1453.9437049897078,
				1664.4019659850783,
				1431.0869180812733,
				1643.3033934542145,
				1424.0540605709848,
				1620.4000000000015,
				1420.5,
				1594.0732421875,
				1417.021484375,
				1583.5244140625,
				1402.955078125,
				1574.7330327289055,
				1371.3076292438236,
				1553.6344601980418,
				1357.2419142232484,
				1527.300000000001,
				1350.300000000001,
				1474.514813207301,
				1348.4508423353873,
				1434.0758825231442,
				1344.934413580244,
				1390.120523083844,
				1357.2419142232484,
				1353.1980211548325,
				1381.8569155092555,
				1335.6162109375,
				1409.98828125
			]
		}
	],
	"metadata.model": {
		"metadata.model.gender": "MALE",
		"metadata.model.age": "40대",
		"metadata.model.job": "public official",
		"metadata.model.type": "wear",
		"metadata.model.usually_size": "L",
		"metadata.model.body_height": "170",
		"metadata.model.waist_height": "95",
		"metadata.model.chest_size_male": "105.0",
		"metadata.model.breast_size_female": "null",
		"metadata.model.waist_size": "90",
		"metadata.model.hip_seize": "110",
		"metadata.model.back_length": "42",
		"metadata.model.shoulders_width": "45",
		"metadata.model.arm_length": "55",
		"metadata.model.weight": "85"
	},
	"metadata.clothes": {
		"metadata.clothes.type": "02top_02t-shirt",
		"metadata.clothes.season": "summer",
		"metadata.clothes.fiber_composition": "Cotton",
		"metadata.clothes.elasticity": "contain",
		"metadata.clothes.transparency": "none at all",
		"metadata.clothes.isfleece": "fleece_none",
		"metadata.clothes.color": "White,Green",
		"metadata.clothes.washing_method": "Hand Washing30",
		"metadata.clothes.bleach": "Do not chlorine bleach",
		"metadata.clothes.ironing": "Ironing 80~120℃ : Place a cloth between the iron and textile",
		"metadata.clothes.drycleaning": "DO NOT DRYCLEAN",
		"metadata.clothes.wringing": "none",
		"metadata.clothes.drying": "Do not tumble dry",
		"metadata.clothes.top_length_type": "normal",
		"metadata.clothes.sleeve_length_type": "short sleeves",
		"metadata.clothes.topneck_color_design": "polo collar",
		"metadata.clothes.topsleeve_design": "ribbed sleeve",
		"metadata.clothes.pants_silhouette": "null",
		"metadata.clothes.skirt_design": "null",
		"metadata.top.front_length": "60.0",
		"metadata.top.chest_size": "88.0",
		"metadata.top.waist_size": "104.0",
		"metadata.top.hem_size": "102.0",
		"metadata.top.shoulder_width": "43.0",
		"metadata.top.sleeve_length": "18.0",
		"metadata.top.sleeve_cuff_size": "28.0",
		"metadata.pants.pants_length": "null",
		"metadata.pants.waist_size": "null",
		"metadata.pants.hip_size": "null",
		"metadata.pants.front_rise_length": "null",
		"metadata.pants.back_rise_length": "null",
		"metadata.pants.inner_seam_length": "null",
		"metadata.pants.pants_waist_size": "null",
		"metadata.skirt.length": "null",
		"metadata.skirt.waist_size": "null",
		"metadata.skirt.hip_size": "null",
		"metadata.skirt.hem_size": "null",
		"metadata.dress.front_length": "null",
		"metadata.dress.chest_size": "null",
		"metadata.dress.waist_size": "null",
		"metadata.dress.hip_size": "null",
		"metadata.dress.hem_size": "null",
		"metadata.dress.shoulder_width": "null",
		"metadata.dress.sleeve_length": "null",
		"metadata.dress.cuff_size": "null",
		"metadata.jumpsuit.front_length": "null",
		"metadata.jumpsuit.inner_seam_length": "null",
		"metadata.jumpsuit.chest_size": "null",
		"metadata.jumpsuit.waist_size": "null",
		"metadata.jumpsuit.hip_size": "null",
		"metadata.jumpsuit.shoulder_width": "null",
		"metadata.jumpsuit.sleeve_length": "null",
		"metadata.jumpsuit.cuffs_size": "null",
		"metadata.jumpsuit.front_rise_length": "null",
		"metadata.jumpsuit.back_rise_length": "null",
		"metadata.jumpsuit.pants_waist_size": "null"
	}
}