{
	"dataset": {
		"dataset.id": 536210,
		"dataset.name": "01_sou_107242_536210_wear_02top_02t-shirt_woman",
		"dataset.image_path": "./008.의류 통합 데이터(3-1)/원천데이터/상품/상의/t-shirt/01_sou_107242_536210_wear_02top_02t-shirt_woman.jpg",
		"dataset.label_path": "./008.의류 통합 데이터(3-1)/라벨링데이터/상품/상의/t-shirt/01_sou_107242_536210_wear_02top_02t-shirt_woman.json",
		"dataset.category": 6,
		"dataset.type": 1,
		"dataset.width": 2252,
		"dataset.height": 4000,
		"dataset.file_size": 620403
	},
	"annotation": [
		{
			"annotation_type": "Polygon",
			"annotation_id": 105,
			"annotation_point_count": 226.0,
			"annotation_point": [
				941.6993635959316,
				983.2161579144176,
				936.4009577576544,
				983.9730730341707,
				931.4810094792574,
				985.4869032736788,
				925.0472309613506,
				986.6222759533084,
				918.9919100033221,
				987.0007335131868,
				911.0443012459091,
				987.0007335131868,
				904.2320651681257,
				987.0007335131868,
				898.5552017699738,
				986.6222759533084,
				892.121423252067,
				985.4869032736788,
				886.0661022940385,
				983.5946154742942,
				880.01078133601,
				982.8377003545411,
				873.9554603779798,
				982.8377003545411,
				867.9001394199513,
				982.8377003545411,
				862.9801911415525,
				985.4869032736788,
				859.9525306625383,
				988.1361061928164,
				853.1402945847549,
				990.7853091119541,
				847.463431186603,
				993.8129695909684,
				841.0296526686961,
				995.3267998304764,
				834.5958741507911,
				995.3267998304764,
				828.5405531927609,
				995.3267998304764,
				822.1067746748558,
				995.3267998304764,
				815.4080758650362,
				995.8566404143039,
				809.8825954908352,
				995.8566404143039,
				805.1518759923747,
				996.3864809981314,
				801.4808376615692,
				996.3864809981314,
				797.0150384550234,
				997.9381569936268,
				791.2246377889078,
				998.4679975774543,
				787.2886791661876,
				998.7329178693672,
				782.2930393758143,
				998.9978381612818,
				778.3570807530959,
				999.5276787451094,
				773.0965206708079,
				999.5276787451094,
				768.630721464262,
				999.5276787451094,
				763.370161381974,
				999.5276787451094,
				759.169282467341,
				1000.8522802046773,
				756.028084720363,
				1003.4636373678277,
				752.8490412173978,
				1006.3777605788782,
				749.1780028865924,
				1009.2540380339433,
				745.5069645557869,
				1012.1303154890065,
				741.8359262249833,
				1014.2496778243167,
				738.3919624301034,
				1017.1259552793799,
				734.9858443912126,
				1020.0400784904323,
				731.0498857684925,
				1022.386515361668,
				727.6437677296017,
				1025.0357182808057,
				724.4647242266365,
				1027.9119957358707,
				720.793685895831,
				1030.0313580711809,
				718.560786292559,
				1031.7344170906254,
				714.7762106937898,
				1034.8756148376033,
				710.0454911953293,
				1039.0008022402617,
				706.260915596562,
				1041.4986221354484,
				702.4763399977928,
				1045.623809538105,
				699.3351422508149,
				1050.0139172326762,
				696.7994765996409,
				1054.1391046353328,
				694.3016567044542,
				1057.923680234102,
				691.122613201489,
				1063.2599318283646,
				688.284181502413,
				1067.9906513268252,
				684.8402177075332,
				1070.8290830259011,
				679.7688864051834,
				1075.2570364764597,
				675.0381669067247,
				1078.0954681755356,
				672.5403470115361,
				1081.8800437743048,
				670.3074474082641,
				1087.8596732203587,
				669.0585374606708,
				1092.2876266709172,
				665.9173397136929,
				1096.3749683175865,
				662.4355301628257,
				1101.105687816047,
				659.2943324158477,
				1104.8902634148144,
				655.8125228649824,
				1109.318216865373,
				652.6713251180045,
				1113.7461703159333,
				649.1895155671373,
				1118.779655862294,
				645.7077060162701,
				1122.8669975089633,
				641.9231304175028,
				1126.6515731077325,
				638.1385548187336,
				1131.382292606193,
				634.3539792199663,
				1135.8102460567516,
				631.2127814729884,
				1139.2920556076187,
				627.7309719221212,
				1144.0227751060775,
				623.5679387634773,
				1149.661792748242,
				620.7295070643995,
				1154.0519004428133,
				618.5344532171148,
				1158.479853893372,
				614.7498776183475,
				1162.567195540043,
				612.2142119671717,
				1166.9951489906016,
				609.716392071985,
				1171.082490637271,
				606.5373485690197,
				1176.4565879875208,
				603.6989168699438,
				1180.8845414380812,
				600.2549530750639,
				1184.0257391850573,
				596.7731435241985,
				1189.0592247314198,
				494.0,
				1400.0,
				439.0,
				1572.0,
				336.0,
				1794.0,
				302.0,
				1902.0,
				274.0,
				1941.0,
				267.0,
				1991.0,
				247.0,
				2015.0,
				247.0,
				2059.0,
				131.8000000000011,
				2238.5,
				120.1435546875,
				2259.84765625,
				158.6202112028077,
				2280.978668862019,
				227.18410580049203,
				2306.429939763735,
				319.52775041043606,
				2328.758935796468,
				331.2283966366267,
				2327.9389444167355,
				352.23279120978987,
				2332.3858207452868,
				369.07415262430914,
				2338.1888366633993,
				390.6146954072974,
				2300.8476907555523,
				417.2959533786143,
				2239.789871095425,
				486.5,
				2131.1000000000004,
				529.5,
				2027.300000000001,
				582.05078125,
				1947.71484375,
				656.796512520661,
				1837.243487532447,
				674.1677145190079,
				1797.2783692094563,
				680.4501100129619,
				1787.8169302125352,
				654.7149959413382,
				1873.7646420605615,
				656.6829752526974,
				1974.3208157198314,
				673.0323418393764,
				2008.3819961087447,
				669.8532983364112,
				2054.7052014376677,
				648.0541428875076,
				2125.5524566466083,
				644.5723333366404,
				2175.5088545503495,
				625.6494553427983,
				2217.7447182326014,
				608.6188651483426,
				2230.6879667803896,
				596.3189944523456,
				2246.772413075154,
				596.3189944523456,
				2250.8597547218233,
				598.5140482996303,
				2254.98494212448,
				600.7091021469168,
				2260.0184276708424,
				604.190911697784,
				2264.446381121401,
				620.3132037485357,
				2275.4594961138173,
				635.0352028277448,
				2281.28774253592,
				636.5868788232383,
				2269.8961699836273,
				651.9144099982495,
				2266.8306637486257,
				731.2012687924434,
				2263.121779661833,
				840.3484290609176,
				2261.8728697142396,
				948.0952963578493,
				2255.3633996843582,
				965.8449559160708,
				2251.427441061638,
				995.1754168065254,
				2262.819013613931,
				1084.1886348895532,
				2276.784097573385,
				1200.3751057717363,
				2272.6210644147395,
				1276.331538039014,
				2267.284812820477,
				1340.6693232180733,
				2279.773912296412,
				1384.873166211686,
				2289.9165749011117,
				1382.2239632925484,
				2307.779771727297,
				1407.9969231201594,
				2299.378013898031,
				1410.0784396994823,
				2290.711335776852,
				1405.800000000001,
				2242.300000000001,
				1401.0,
				2104.0,
				1400.7000000000007,
				1954.300000000001,
				1444.8583984375,
				2040.248046875,
				1463.7815674460035,
				2070.1462698806426,
				1510.7103048707286,
				2181.412792484427,
				1539.0567761055026,
				2227.5467690334117,
				1582.853515625,
				2321.0859375,
				1595.9941390824733,
				2325.0286758660186,
				1660.1654730199189,
				2314.7349806610364,
				1686.4472480113654,
				2302.908181914885,
				1708.6334463999774,
				2274.1734412575715,
				1713.364165898438,
				2265.2376377604796,
				1704.6911801512597,
				2221.872709024594,
				1692.513957738558,
				2176.4490412477116,
				1670.2000000000007,
				2050.5,
				1602.0,
				1725.5,
				1560.7897014814298,
				1548.2795765855008,
				1503.5742773250513,
				1386.9620416880061,
				1493.2192579784223,
				1362.3097367460305,
				1489.4346823796532,
				1355.8969836481174,
				1487.1744497303898,
				1349.825893625095,
				1484.5199904562542,
				1344.5432568518136,
				1481.497586332238,
				1338.1042219789088,
				1478.0809555833494,
				1332.0331319558845,
				1475.820722934086,
				1326.3562685577326,
				1472.7983188100698,
				1321.073631784453,
				1469.0137432113006,
				1316.1589398610522,
