{
	"dataset": {
		"dataset.id": 447659,
		"dataset.name": "01_sou_089532_447659_wear_02top_02t-shirt_woman",
		"dataset.image_path": "./008.의류 통합 데이터(3-1)/원천데이터/상품/상의/t-shirt/01_sou_089532_447659_wear_02top_02t-shirt_woman.jpg",
		"dataset.label_path": "./008.의류 통합 데이터(3-1)/라벨링데이터/상품/상의/t-shirt/01_sou_089532_447659_wear_02top_02t-shirt_woman.json",
		"dataset.category": 6,
		"dataset.type": 1,
		"dataset.width": 3024,
		"dataset.height": 4032,
		"dataset.file_size": 1071495
	},
	"annotation": [
		{
			"annotation_type": "Polygon",
			"annotation_id": 139,
			"annotation_point_count": 65.0,
			"annotation_point": [
				1207.0,
				1680.0,
				1232.193359375,
				1702.9638671875,
				1264.9993701184176,
				1725.92834047199,
				1310.9000000000015,
				1762.0,
				1360.137734105987,
				1793.1813219114792,
				1399.5053329973962,
				1794.8216385319556,
				1432.3116654069036,
				1743.971823297219,
				1460.0,
				1880.0,
				1460.0,
				1949.0,
				1438.0,
				2056.0,
				1420.0,
				2275.0,
				1403.2421875,
				2350.8046875,
				1459.9319727891125,
				2401.825396825394,
				1536.4625850340108,
				2421.6666666666642,
				1629.9999999999982,
				2438.6734693877515,
				1732.0408163265274,
				2450.011337868478,
				1851.0884353741476,
				2447.176870748297,
				1944.6258503401332,
				2441.5079365079346,
				2018.3219954648503,
				2418.832199546483,
				2063.7000000000007,
				2387.7000000000007,
				2038.0,
				2126.0,
				2016.0,
				2028.0,
				2038.0,
				1884.6000000000004,
				2045.7900390625,
				1789.900390625,
				2062.1932476694365,
				1821.0667044595612,
				2139.2881288317785,
				1817.7860712186102,
				2227.865226337448,
				1781.699105568152,
				2253.2048374905517,
				1749.3783068783068,
				2239.0325018896438,
				1718.671579743008,
				2229.5842781557058,
				1685.602796674224,
				2217.773998488283,
				1647.809901738472,
				2205.9637188208617,
				1614.74111866969,
				2191.791383219954,
				1581.672335600906,
				2182.343159486016,
				1546.241496598639,
				2165.8087679516248,
				1513.1727135298552,
				2151.636432350717,
				1475.3798185941032,
				2130.3779289493577,
				1442.3110355253211,
				2097.309145880574,
				1421.0525321239602,
				2068.96447467876,
				1402.1560846560842,
				2035.895691609976,
				1392.7078609221462,
				2007.551020408162,
				1380.8975812547233,
				1976.844293272865,
				1362.0011337868473,
				1946.137566137566,
				1343.1046863189713,
				1924.87890625,
				1314.759765625,
				1868.6358864533468,
				1310.9282354917268,
				1809.5844881162338,
				1309.2879188712523,
				1737.4105568153172,
				1299.4460191483995,
				1671.7978919963043,
				1301.086335768874,
				1627.259765625,
				1300.587890625,
				1596.5532879818584,
				1314.7600151171573,
				1568.2086167800444,
				1338.3805744520032,
				1535.1398337112623,
				1350.1908541194243,
				1497.3469387755104,
				1354.9149659863942,
				1459.5540438397584,
				1354.9149659863942,
				1428.800000000001,
				1369.1000000000004,
				1393.4164777021906,
				1380.8975812547233,
				1367.4338624338616,
				1404.5181405895692,
				1348.5374149659856,
				1437.5869236583512,
				1324.9168556311415,
				1465.9315948601652,
				1303.6583522297806,
				1496.6383219954641,
				1284.7619047619046,
				1527.345049130763,
				1265.8654572940286,
				1558.051776266062,
				1251.6931216931207,
				1591.120559334844,
				1228.0725623582766,
				1619.465230536658,
				1202.0899470899458,
				1661.98223733938
			]
		}
	],
	"metadata.model": {
		"metadata.model.gender": "FEMALE",
		"metadata.model.age": "30대",
		"metadata.model.job": "not employed",
		"metadata.model.type": "wear",
		"metadata.model.usually_size": "M",
		"metadata.model.body_height": "167",
		"metadata.model.waist_height": "98",
		"metadata.model.chest_size_male": "null",
		"metadata.model.breast_size_female": "89.0",
		"metadata.model.waist_size": "76",
		"metadata.model.hip_seize": "95",
		"metadata.model.back_length": "45",
		"metadata.model.shoulders_width": "41",
		"metadata.model.arm_length": "52",
		"metadata.model.weight": "59"
	},
	"metadata.clothes": {
		"metadata.clothes.type": "02top_02t-shirt",
		"metadata.clothes.season": "summer",
		"metadata.clothes.fiber_composition": "Cotton",
		"metadata.clothes.elasticity": "none",
		"metadata.clothes.transparency": "none",
		"metadata.clothes.isfleece": "fleece_none",
		"metadata.clothes.color": "Blue",
		"metadata.clothes.washing_method": "none",
		"metadata.clothes.bleach": "none",
		"metadata.clothes.ironing": "none",
		"metadata.clothes.drycleaning": "none",
		"metadata.clothes.wringing": "none",
		"metadata.clothes.drying": "none",
		"metadata.clothes.top_length_type": "normal",
		"metadata.clothes.sleeve_length_type": "short sleeves",
		"metadata.clothes.topneck_color_design": "round neck",
		"metadata.clothes.topsleeve_design": "basic sleeve",
		"metadata.clothes.pants_silhouette": "null",
		"metadata.clothes.skirt_design": "null",
		"metadata.top.front_length": "58.0",
		"metadata.top.chest_size": "94.0",
		"metadata.top.waist_size": "94.0",
		"metadata.top.hem_size": "94.0",
		"metadata.top.shoulder_width": "40.0",
		"metadata.top.sleeve_length": "17.0",
		"metadata.top.sleeve_cuff_size": "28.0",
		"metadata.pants.pants_length": "null",
		"metadata.pants.waist_size": "null",
		"metadata.pants.hip_size": "null",
		"metadata.pants.front_rise_length": "null",
		"metadata.pants.back_rise_length": "null",
		"metadata.pants.inner_seam_length": "null",
		"metadata.pants.pants_waist_size": "null",
		"metadata.skirt.length": "null",
		"metadata.skirt.waist_size": "null",
		"metadata.skirt.hip_size": "null",
		"metadata.skirt.hem_size": "null",
		"metadata.dress.front_length": "null",
		"metadata.dress.chest_size": "null",
		"metadata.dress.waist_size": "null",
		"metadata.dress.hip_size": "null",
		"metadata.dress.hem_size": "null",
		"metadata.dress.shoulder_width": "null",
		"metadata.dress.sleeve_length": "null",
		"metadata.dress.cuff_size": "null",
		"metadata.jumpsuit.front_length": "null",
		"metadata.jumpsuit.inner_seam_length": "null",
		"metadata.jumpsuit.chest_size": "null",
		"metadata.jumpsuit.waist_size": "null",
		"metadata.jumpsuit.hip_size": "null",
		"metadata.jumpsuit.shoulder_width": "null",
		"metadata.jumpsuit.sleeve_length": "null",
		"metadata.jumpsuit.cuffs_size": "null",
		"metadata.jumpsuit.front_rise_length": "null",
		"metadata.jumpsuit.back_rise_length": "null",
		"metadata.jumpsuit.pants_waist_size": "null"
	}
}