{
	"dataset": {
		"dataset.id": 416531,
		"dataset.name": "01_sou_083307_416531_front_02top_02t-shirt_woman",
		"dataset.image_path": "./008.의류 통합 데이터(3-1)/원천데이터/상품/상의/t-shirt/01_sou_083307_416531_front_02top_02t-shirt_woman.jpg",
		"dataset.label_path": "./008.의류 통합 데이터(3-1)/라벨링데이터/상품/상의/t-shirt/01_sou_083307_416531_front_02top_02t-shirt_woman.json",
		"dataset.category": 6,
		"dataset.type": 1,
		"dataset.width": 3264,
		"dataset.height": 1836,
		"dataset.file_size": 764971
	},
	"annotation": [
		{
			"annotation_type": "Polygon",
			"annotation_id": 176,
			"annotation_point_count": 78.0,
			"annotation_point": [
				1416.3070175438588,
				408.53508771929774,
				1395.429824561401,
				427.9210526315783,
				1367.0964912280688,
				445.81578947368325,
				1338.7631578947367,
				460.7280701754371,
				1319.3771929824543,
				463.71052631578823,
				1297.0087719298244,
				475.64035087719276,
				1291.0438596491222,
				484.58771929824434,
				1274.640350877191,
				493.53508771929774,
				1231.3947368421032,
				512.9210526315765,
				1206.0438596491222,
				518.8859649122787,
				1167.271929824561,
				529.3245614035077,
				1137.4473684210534,
				548.71052631579,
				1115.07894736842,
				568.0964912280688,
				1071.833984375,
				588.974609375,
				1016.0,
				614.0,
				995.0,
				631.0,
				995.0,
				641.0,
				1021.0,
				662.0,
				1062.0,
				723.0,
				1144.5,
				802.5,
				1186.0,
				788.0,
				1207.0,
				809.0,
				1222.0,
				843.0,
				1222.0,
				921.0,
				1202.0,
				1078.0,
				1195.5,
				1271.7000000000007,
				1197.0,
				1307.0,
				1233.0,
				1321.0,
				1304.5,
				1334.0,
				1362.0,
				1297.0,
				1424.0,
				1294.0,
				1434.0,
				1300.0,
				1453.0,
				1335.5,
				1532.0,
				1328.0,
				1644.46484375,
				1310.728515625,
				1668.3245614035077,
				1301.7807017543855,
				1701.1315789473665,
				1310.728070175439,
				1735.429824561401,
				1315.2017543859656,
				1760.7807017543855,
				1312.2192982456145,
				1822.0,
				1328.0,
				1832.0,
				1314.0,
				1853.0,
				1307.0,
				1863.0,
				1318.0,
				1863.0,
				1346.5,
				1899.0,
				1338.0,
				1915.0,
				1341.0,
				1955.0,
				1330.0,
				1992.0,
				1324.0,
				2044.0,
				1311.0,
				2070.0,
				1311.0,
				2085.0,
				1304.0,
				2077.5,
				1228.6000000000022,
				2039.0,
				833.0,
				2054.0,
				792.0,
				2075.0,
				764.0,
				2090.0,
				754.0,
				2132.0,
				757.0,
				2147.0,
				747.0,
				2198.5,
				697.5,
				2250.0,
				658.0,
				2272.0,
				628.5,
				2219.0,
				590.0,
				2075.0,
				515.0,
				2049.0,
				511.0,
				1946.0,
				474.0,
				1894.0,
				464.0,
				1863.0,
				464.0,
				1837.0,
				453.0,
				1781.6578947368398,
				415.99122807017375,
				1759.28947368421,
				417.4824561403493,
				1732.4473684210534,
				426.4298245614027,
				1717.5350877192977,
				432.394736842105,
				1690.6929824561412,
				438.3596491228054,
				1671.306640625,
				432.39453125,
				1566.6000000000022,
				434.5,
				1507.0,
				436.0,
				1460.0,
				419.0,
				1439.0,
				406.0
			]
		}
	],
	"metadata.model": {
		"metadata.model.gender": "FEMALE",
		"metadata.model.age": "20대",
		"metadata.model.job": "Others",
		"metadata.model.type": "front",
		"metadata.model.usually_size": "L",
		"metadata.model.body_height": "172",
		"metadata.model.waist_height": "100",
		"metadata.model.chest_size_male": "null",
		"metadata.model.breast_size_female": "88.0",
		"metadata.model.waist_size": "75",
		"metadata.model.hip_seize": "97",
		"metadata.model.back_length": "43",
		"metadata.model.shoulders_width": "44",
		"metadata.model.arm_length": "56",
		"metadata.model.weight": "60"
	},
	"metadata.clothes": {
		"metadata.clothes.type": "02top_02t-shirt",
		"metadata.clothes.season": "summer",
		"metadata.clothes.fiber_composition": "Cotton",
		"metadata.clothes.elasticity": "contain",
		"metadata.clothes.transparency": "contain little",
		"metadata.clothes.isfleece": "fleece_none",
		"metadata.clothes.color": "Black,White,Green",
		"metadata.clothes.washing_method": "none",
		"metadata.clothes.bleach": "none",
		"metadata.clothes.ironing": "none",
		"metadata.clothes.drycleaning": "none",
		"metadata.clothes.wringing": "none",
		"metadata.clothes.drying": "none",
		"metadata.clothes.top_length_type": "normal",
		"metadata.clothes.sleeve_length_type": "short sleeves",
		"metadata.clothes.topneck_color_design": "round neck",
		"metadata.clothes.topsleeve_design": "basic sleeve",
		"metadata.clothes.pants_silhouette": "null",
		"metadata.clothes.skirt_design": "null",
		"metadata.top.front_length": "53.0",
		"metadata.top.chest_size": "104.0",
		"metadata.top.waist_size": "106.0",
		"metadata.top.hem_size": "108.0",
		"metadata.top.shoulder_width": "49.0",
		"metadata.top.sleeve_length": "8.0",
		"metadata.top.sleeve_cuff_size": "28.0",
		"metadata.pants.pants_length": "null",
		"metadata.pants.waist_size": "null",
		"metadata.pants.hip_size": "null",
		"metadata.pants.front_rise_length": "null",
		"metadata.pants.back_rise_length": "null",
		"metadata.pants.inner_seam_length": "null",
		"metadata.pants.pants_waist_size": "null",
		"metadata.skirt.length": "null",
		"metadata.skirt.waist_size": "null",
		"metadata.skirt.hip_size": "null",
		"metadata.skirt.hem_size": "null",
		"metadata.dress.front_length": "null",
		"metadata.dress.chest_size": "null",
		"metadata.dress.waist_size": "null",
		"metadata.dress.hip_size": "null",
		"metadata.dress.hem_size": "null",
		"metadata.dress.shoulder_width": "null",
		"metadata.dress.sleeve_length": "null",
		"metadata.dress.cuff_size": "null",
		"metadata.jumpsuit.front_length": "null",
		"metadata.jumpsuit.inner_seam_length": "null",
		"metadata.jumpsuit.chest_size": "null",
		"metadata.jumpsuit.waist_size": "null",
		"metadata.jumpsuit.hip_size": "null",
		"metadata.jumpsuit.shoulder_width": "null",
		"metadata.jumpsuit.sleeve_length": "null",
		"metadata.jumpsuit.cuffs_size": "null",
		"metadata.jumpsuit.front_rise_length": "null",
		"metadata.jumpsuit.back_rise_length": "null",
		"metadata.jumpsuit.pants_waist_size": "null"
	}
}