{
	"dataset": {
		"dataset.id": 416628,
		"dataset.name": "01_sou_083326_416628_wear_02top_02t-shirt_woman",
		"dataset.image_path": "./008.의류 통합 데이터(3-1)/원천데이터/상품/상의/t-shirt/01_sou_083326_416628_wear_02top_02t-shirt_woman.jpg",
		"dataset.label_path": "./008.의류 통합 데이터(3-1)/라벨링데이터/상품/상의/t-shirt/01_sou_083326_416628_wear_02top_02t-shirt_woman.json",
		"dataset.category": 6,
		"dataset.type": 1,
		"dataset.width": 1756,
		"dataset.height": 4000,
		"dataset.file_size": 499827
	},
	"annotation": [
		{
			"annotation_type": "Polygon",
			"annotation_id": 73,
			"annotation_point_count": 140.0,
			"annotation_point": [
				646.0,
				1765.0,
				622.0,
				1818.0,
				594.0,
				1953.0,
				566.0,
				2009.0,
				556.0,
				2109.0,
				530.5009765625,
				2163.005859375,
				543.5191229882112,
				2171.1428172336928,
				624.8840347181394,
				2213.452571333255,
				670.448385286898,
				2130.4603613687286,
				680.2121746944904,
				2125.5784666649324,
				693.6000000000004,
				2096.300000000001,
				706.2489464480677,
				2066.995730219385,
				769.7135775974111,
				1930.302678513106,
				753.4405952514262,
				2068.6230284539834,
				748.55870054763,
				2182.5339048758833,
				748.55870054763,
				2280.1717989517965,
				808.7687352277771,
				2307.835868939972,
				1031.708593367779,
				2335.4999389281475,
				1233.4935744580016,
				2301.3266760015777,
				1347.4044508798997,
				2268.780711309606,
				1425.5147661406318,
				2252.507728963621,
				1419.0055732022374,
				2273.662606013402,
				1441.7877484866167,
				2270.408009544204,
				1425.5147661406318,
				2138.596852541721,
				1409.241783794645,
				1904.2659067595287,
				1396.2233979178582,
				1814.764503856608,
				1410.869140625,
				1661.798828125,
				1428.769362609828,
				1682.953346854123,
				1432.023959079026,
				1708.9901186077004,
				1443.4150467212148,
				1741.536083299672,
				1435.2785555482224,
				1767.5728550532494,
				1454.8061343634054,
				1798.4915215106212,
				1500.3704849321657,
				1907.520503228725,
				1542.7000000000007,
				2032.800000000001,
				1555.7000000000007,
				2076.800000000001,
				1583.6000000000004,
				2092.6000000000004,
				1602.890625,
				2149.98828125,
				1598.008379008079,
				2169.5155189990946,
				1607.7721684156695,
				2171.1428172336928,
				1609.3994666502695,
				2171.1428172336928,
				1619.16325605786,
				2158.124431356904,
				1684.2551854418034,
				2145.1060454801154,
				1703.7827642569864,
				2145.1060454801154,
				1703.7827642569864,
				2138.596852541721,
				1703.7827642569864,
				2130.4603613687286,
				1688.300000000001,
				2062.9000000000015,
				1693.1000000000004,
				2021.7000000000007,
				1667.5,
				1949.7000000000007,
				1667.4000000000015,
				1884.5,
				1632.9000000000015,
				1797.1000000000004,
				1615.104051017106,
				1664.8270526298402,
				1615.104051017106,
				1649.006097571244,
				1606.0635052693378,
				1628.664869638762,
				1600.4131641769818,
				1611.7138463616939,
				1592.502686647682,
				1593.6327548661538,
				1586.8523455553259,
				1575.5516633706138,
				1578.9418680260278,
				1552.9502990011897,
				1575.5516633706138,
				1539.3894803795356,
				1572.1614587151998,
				1521.3083888839956,
				1567.6411858413157,
				1502.0972291699854,
				1565.3810494043737,
				1484.0161376744454,
				1564.2509811859018,
				1467.0651143973773,
				1560.8607765304878,
				1447.8539546833654,
				1558.6006400935457,
				1428.6427949693552,
				1555.2104354381318,
				1408.3015670368732,
				1551.8202307827178,
				1389.090407322863,
				1545.0398214718916,
				1372.1393840457931,
				1539.3894803795356,
				1356.318428987197,
				1533.7391392871796,
				1339.3674057101289,
				1525.8286617578797,
				1321.2863142145889,
				1517.9181842285816,
				1302.0751545005787,
				1511.1377749177536,
				1285.1241312235106,
				1503.2272973884556,
				1269.3031761649127,
				1493.0566834222154,
				1253.4822211063147,
				1486.2762741113875,
				1235.4011296107765,
				1478.3657965820894,
				1220.7102427706504,
				1465.9350461789054,
				1208.2794923674664,
				1452.3742275572513,
				1195.8487419642825,
				1436.5532724986533,
				1185.6781279980423,
				1420.7323174400572,
				1175.5075140318004,
				1402.6512259445171,
				1169.8571729394444,
				1384.5701344489771,
				1169.8571729394444,
				1366.489042953437,
				1167.5970365025023,
				1346.147815020955,
				1166.4669682840322,
				1330.3268599623589,
				1165.3369000655603,
				1311.1157002483487,
				1165.3369000655603,
				1294.1646769712788,
				1160.8166271916743,
				1279.4737901311528,
				1149.5159450069623,
				1262.5,
				1146.1000000000004,
				1246.7018117954885,
				1142.7355356961361,
				1243.3115234375,
				1144.99609375,
				1253.0211532731846,
				1152.454122374993,
				1259.530346211579,
				1165.4725082517816,
				1225.3570832850091,
				1206.1549641167458,
				1170.0289433086564,
				1245.21012174711,
				1096.8005227517224,
				1266.364998796893,
				1052.8634704175602,
				1269.6195952660892,
				986.1442427990205,
				1258.2285076238986,
				947.0890851686545,
				1250.0920164509062,
				929.1888045880696,
				1222.4279464627307,
				927.5615063534715,
				1207.782262351344,
				940.5798922302602,
				1196.3911747091533,
				982.5,
				1174.4000000000015,
				940.453125,
				1177.767578125,
				940.4533245897874,
				1177.7676504687443,
				926.9000000000015,
				1186.800000000001,
				912.2016191280054,
				1199.2389466196964,
				896.3806640694092,
				1204.8892877120525,
				879.4296407923412,
				1207.1494241489945,
				860.2184810783292,
				1211.6696970228804,
				839.8772531458471,
				1212.7997652413524,
				822.926229868779,
				1216.1899698967645,
				808.235343028653,
				1220.7102427706504,
				790.1542515331148,
				1230.8808567368906,
				776.5934329114589,
				1239.9214024846606,
				760.7724778528627,
				1253.4822211063147,
				749.4717956681507,
				1269.3031761649127,
				740.4312499203807,
				1285.1241312235106,
				731.3907041726106,
				1304.3352909375208,
				724.6102948617827,
				1322.4163824330608,
				718.9599537694266,
				1339.3674057101289,
				714.4396808955426,
				1356.318428987197,
				708.7893398031865,
				1374.399520482737,
				704.2690669293006,
				1394.740748415219,
				698.6187258369446,
				1412.8218399107573,
				695.2285211815306,
				1432.0329996247692,
				690.7082483076465,
				1448.9840229018373,
				686.1879754337606,
				1463.6749097419633,
				681.6677025598765,
				1482.8860694559735,
				679.4075661229344,
				1502.0972291699854,
				674.8872932490485,
				1521.3083888839956,
				670.3670203751644,
				1541.6496168164776,
				668.1068839382224,
				1559.7307083120177,
				664.7166792828084,
				1576.6817315890858,
				662.4565428458664,
				1595.892891303096,
				659.0663381904524,
				1612.843914580164,
				656.8062017535103,
				1628.664869638762,
				654.5460653165665,
				1651.266234008186,
				652.2859288796244,
				1668.2172572852542,
				645.5055195687983,
				1690.8186216546783
			]
		}
	],
	"metadata.model": {
		"metadata.model.gender": "FEMALE",
		"metadata.model.age": "20대",
		"metadata.model.job": "Others",
		"metadata.model.type": "wear",
		"metadata.model.usually_size": "L",
		"metadata.model.body_height": "170",
		"metadata.model.waist_height": "109",
		"metadata.model.chest_size_male": "null",
		"metadata.model.breast_size_female": "94.0",
		"metadata.model.waist_size": "83",
		"metadata.model.hip_seize": "98",
		"metadata.model.back_length": "45",
		"metadata.model.shoulders_width": "46",
		"metadata.model.arm_length": "57",
		"metadata.model.weight": "65"
	},
	"metadata.clothes": {
		"metadata.clothes.type": "02top_02t-shirt",
		"metadata.clothes.season": "spring&fall",
		"metadata.clothes.fiber_composition": "Cotton",
		"metadata.clothes.elasticity": "none",
		"metadata.clothes.transparency": "none at all",
		"metadata.clothes.isfleece": "fleece_contain",
		"metadata.clothes.color": "White",
		"metadata.clothes.washing_method": "none",