{
	"dataset": {
		"dataset.id": 81153,
		"dataset.name": "01_sou_016231_081153_wear_02top_02t-shirt_woman",
		"dataset.image_path": "./008.의류 통합 데이터(3-1)/원천데이터/상품/상의/t-shirt/01_sou_016231_081153_wear_02top_02t-shirt_woman.jpg",
		"dataset.label_path": "./008.의류 통합 데이터(3-1)/라벨링데이터/상품/상의/t-shirt/01_sou_016231_081153_wear_02top_02t-shirt_woman.json",
		"dataset.category": 6,
		"dataset.type": 1,
		"dataset.width": 607,
		"dataset.height": 1080,
		"dataset.file_size": 42781
	},
	"annotation": [
		{
			"annotation_type": "Polygon",
			"annotation_id": 147,
			"annotation_point_count": 112.0,
			"annotation_point": [
				182.5,
				555.0,
				218.60000000000218,
				534.7000000000007,
				230.40000000000146,
				525.2000000000007,
				235.82477258541257,
				522.4706187966513,
				231.52149883078164,
				557.2315079035034,
				232.15902086850474,
				562.1563656449143,
				238.2154802268742,
				577.632213110639,
				237.25919717028955,
				580.501062280393,
				237.09981666085878,
				583.0352123803423,
				235.984375,
				584.947265625,
				235.0,
				590.2999999999993,
				260.6000000000022,
				586.6000000000022,
				304.7000000000007,
				582.2999999999993,
				358.1000000000022,
				582.6000000000022,
				375.2827183373374,
				584.4855750161623,
				387.7143980729379,
				584.8043360350239,
				400.6000000000022,
				586.9000000000015,
				406.2025371669042,
				583.2105309407161,
				405.24625411031957,
				578.9072571860852,
				405.1000000000022,
				570.6000000000022,
				406.83984375,
				565.201171875,
				408.2999999999993,
				540.7999999999993,
				404.0,
				471.5,
				409.0,
				500.7999999999993,
				418.40000000000146,
				519.7000000000007,
				470.0,
				562.0,
				478.7000000000007,
				568.2999999999993,
				485.2000000000007,
				568.6000000000022,
				497.5,
				583.1000000000022,
				506.1000000000022,
				578.4000000000015,
				515.4000000000015,
				573.7999999999993,
				506.2999999999993,
				556.0,
				510.2999999999993,
				549.0,
				509.6000000000022,
				536.6000000000022,
				482.2999999999993,
				496.2999999999993,
				444.0,
				403.0,
				410.30116634742444,
				347.2782877862737,
				408.9241187459447,
				344.52419258331065,
				405.7339584691763,
				342.6881291146674,
				402.5208473990533,
				340.3930497788642,
				399.3077363289267,
				338.55698631022096,
				396.0946252588037,
				337.43239743567756,
				392.65200625509897,
				335.5733831736761,
				388.9798793178161,
				334.9078101662926,
				385.30775238052956,
				334.6553514393563,
				372.43235730667584,
				333.5307625648129,
				367.6356414948459,
				332.15371496332955,
				365.546875,
				331.236328125,
				362.27726876778615,
				328.83923788920947,
				358.133375522586,
				328.99861839864025,
				359.4084195980322,
				331.3893260401019,
				356.8583314471398,
				334.5769362287174,
				353.0331992208012,
				339.836493039933,
				348.4111644473087,
				343.6616252662716,
				341.7171830512161,
				347.64613800204097,
				336.45762624000054,
				351.15250920951803,
				331.83559146650805,
				353.3838363415489,
				323.38842446667695,
				355.1370219452874,
				320.9977168252153,
				354.97764143585664,
				311.75364727823035,
				354.18073888870276,
				309.04417861790716,
				354.34011939813354,
				306.9722319953071,
				354.81826092642586,
				299.3219675426335,
				353.70259736041044,
				297.4094014294642,
				353.54321685097966,
				295.01869378800257,
				352.90569481325656,
				292.7873666559717,
				352.42755328496423,
				283.2245360901252,
				345.73357188887167,
				281.1525894675251,
				344.1397667945639,
				280.515067429802,
				341.7490591531023,
				278.6025013166327,
				339.99587354936375,
				276.0524131657403,
				340.63339558708685,
				260.431640625,
				345.6953125,
				257.4718333762976,
				346.1536989117303,
				254.2587223061746,
				347.7373036534336,
				251.96364297037144,
				350.2848417161731,
				250.12757950172818,
				353.47500199294154,
				247.832500165925,
				355.7700813287447,
				245.76692876370362,
				359.23565112580764,
				243.2193907009605,
				361.73728760183076,
				241.6357859592572,
				364.97334946531555,
				241.38332723231724,
				365.89138119963536,
				237.10000000000218,
				372.2000000000007,
				235.82477258541257,
				376.82870927881595,
				233.51375519866633,
				380.1438238749761,
				229.86394153270157,
				384.43115957866394,
				214.90000000000146,
				409.2999999999993,
				208.39538691237976,
				417.1519781647985,
				202.79999999999927,
				429.7000000000007,
				196.48966285790084,
				445.2507619774442,
				183.20000000000073,
				461.40000000000146,
				162.6691187566903,
				491.4073575085931,
				155.17823481344385,
				502.7074356272351,
				152.78752717198222,
				505.43284233850136,
				151.6718636059668,
				507.34540845167066,
				149.7592974927975,
				508.9392135459784,
				147.0498288324743,
				518.6614246212557,
				142.26841354955104,
				519.123628098605,
				138.76204234207398,
				522.1677958287328,
				129.19921177622746,
				532.2087679228716,
				124.25841598387706,
				548.1308808150061,
				126.96788464420024,
				550.2187654885493,
				126.33036260647714,
				553.8845172054571,
				116.28939051233829,
				567.2724799976422,
				120.1145227386769,
				572.1973377390495,
				129.517972795089,
				576.9787530219728,
				141.3121304929664,
				576.6759300540543,
				145.137262719305,
				570.6035326447418,
				148.00611188905896,
				565.997435922196,
				151.83124411539757,
				568.2128250032838,
				158.36584500205936,
				567.9100020353653,
				161.87221620953642,
				563.9254892995959,
				164.263671875,
				564.244140625
			]
		}
	],
	"metadata.model": {
		"metadata.model.gender": "FEMALE",
		"metadata.model.age": "20대",
		"metadata.model.job": "university student/graduate student",
		"metadata.model.type": "wear",
		"metadata.model.usually_size": "M",
		"metadata.model.body_height": "162",
		"metadata.model.waist_height": "100",
		"metadata.model.chest_size_male": "null",
		"metadata.model.breast_size_female": "85.0",
		"metadata.model.waist_size": "70",
		"metadata.model.hip_seize": "83",
		"metadata.model.back_length": "34",
		"metadata.model.shoulders_width": "37",
		"metadata.model.arm_length": "51",
		"metadata.model.weight": "50"
	},
	"metadata.clothes": {
		"metadata.clothes.type": "02top_02t-shirt",
		"metadata.clothes.season": "spring&fall",
		"metadata.clothes.fiber_composition": "Cotton",
		"metadata.clothes.elasticity": "none",
		"metadata.clothes.transparency": "none at all",
		"metadata.clothes.isfleece": "fleece_contain",
		"metadata.clothes.color": "Blue",
		"metadata.clothes.washing_method": "none",
		"metadata.clothes.bleach": "none",
		"metadata.clothes.ironing": "none",
		"metadata.clothes.drycleaning": "none",
		"metadata.clothes.wringing": "none",
		"metadata.clothes.drying": "none",
		"metadata.clothes.top_length_type": "long",
		"metadata.clothes.sleeve_length_type": "long sleeves",
		"metadata.clothes.topneck_color_design": "round neck",
		"metadata.clothes.topsleeve_design": "ribbed sleeve",
		"metadata.clothes.pants_silhouette": "null",
		"metadata.clothes.skirt_design": "null",
		"metadata.top.front_length": "68.0",
		"metadata.top.chest_size": "110.0",
		"metadata.top.waist_size": "108.0",
		"metadata.top.hem_size": "102.0",
		"metadata.top.shoulder_width": "55.0",
		"metadata.top.sleeve_length": "63.0",
		"metadata.top.sleeve_cuff_size": "30.0",
		"metadata.pants.pants_length": "null",
		"metadata.pants.waist_size": "null",
		"metadata.pants.hip_size": "null",
		"metadata.pants.front_rise_length": "null",
		"metadata.pants.back_rise_length": "null",
		"metadata.pants.inner_seam_length": "null",
		"metadata.pants.pants_waist_size": "null",
		"metadata.skirt.length": "null",
		"metadata.skirt.waist_size": "null",
		"metadata.skirt.hip_size": "null",
		"metadata.skirt.hem_size": "null",
		"metadata.dress.front_length": "null",
		"metadata.dress.chest_size": "null",
		"metadata.dress.waist_size": "null",